tau_cal_0,tau_cal_1,tau_cal_2,tau_cal_3,tau_cal_4,tau_cal_5,tau_cal_6,tau_cal_7,tau_cal_8,tau_cal_9,tau_cal_10,tau_cal_11,tau_est_0,tau_est_1,tau_est_2,tau_est_3,tau_est_4,tau_est_5,tau_est_6,tau_est_7,tau_est_8,tau_est_9,tau_est_10,tau_est_11,joint_pos_0,joint_pos_1,joint_pos_2,joint_pos_3,joint_pos_4,joint_pos_5,joint_pos_6,joint_pos_7,joint_pos_8,joint_pos_9,joint_pos_10,joint_pos_11,joint_pos_target_0,joint_pos_target_1,joint_pos_target_2,joint_pos_target_3,joint_pos_target_4,joint_pos_target_5,joint_pos_target_6,joint_pos_target_7,joint_pos_target_8,joint_pos_target_9,joint_pos_target_10,joint_pos_target_11,joint_vel_0,joint_vel_1,joint_vel_2,joint_vel_3,joint_vel_4,joint_vel_5,joint_vel_6,joint_vel_7,joint_vel_8,joint_vel_9,joint_vel_10,joint_vel_11,
1.12579,-0.661693,0.189221,-0.51871,-2.93345,-1.10058,0.440993,1.5287,4.03993,6.64424,4.49994,4.70436,0,0,0,0,0,0,0,0,0,0,0,0,0.0432097,-0.0491617,0.07866,-0.0729818,0.862865,0.826671,0.972059,0.971347,-1.55445,-1.55929,-1.56678,-1.57931,0.0880717,-0.0758024,0.0862801,-0.0937073,0.744998,0.781923,0.989421,1.03219,-1.39316,-1.29323,-1.38752,-1.39157,-0.00847869,-0.00864786,0.00256448,0.00114671,-0.0264335,-0.0362769,-0.0139099,-0.0152188,-0.0157361,0.0146241,-0.0366525,-0.0218015,
1.38383,-0.79942,-0.367044,-0.669681,-2.4358,-1.14647,0.875288,1.10857,3.23144,4.9626,4.13514,3.854,0,0,0,0,0,0,0,0,0,0,0,0,0.0430509,-0.0493232,0.0787088,-0.0729697,0.862143,0.825747,0.971694,0.970947,-1.55476,-1.55901,-1.56769,-1.57994,0.0983623,-0.0813421,0.0640414,-0.0997618,0.764309,0.779417,1.00651,1.01508,-1.4256,-1.36044,-1.40273,-1.42614,-0.00208994,-0.00210709,0.000717499,-0.000242274,-0.020093,-0.0235696,-0.00972032,-0.0105694,-0.00475598,0.00368806,-0.0222783,-0.018435,
1.77431,-0.357378,-0.721678,-1.42696,-2.51353,-1.44576,0.961069,0.652504,3.78842,4.93661,4.62458,4.38923,0,0,0,0,0,0,0,0,0,0,0,0,0.0411519,-0.0514233,0.091791,-0.0609416,0.864418,0.829132,0.976591,0.989063,-1.56156,-1.54911,-1.57923,-1.59428,0.109069,-0.068874,0.0653895,-0.115664,0.763673,0.772126,1.01345,1.01915,-1.4129,-1.34925,-1.39509,-1.42147,-0.152771,-0.15778,0.12328,0.117791,-0.0101812,0.0412059,-0.0790375,0.199392,-0.14362,0.119716,-0.0424453,-0.13791,
1.71675,-0.232542,-0.703055,-1.09595,-2.55557,-1.39415,1.0136,0.508966,4.06454,5.03828,4.68146,4.57955,0,0,0,0,0,0,0,0,0,0,0,0,0.0357927,-0.0569852,0.0928208,-0.0600406,0.864667,0.830826,0.974173,0.993351,-1.56723,-1.54911,-1.58064,-1.59826,0.0995197,-0.0714732,0.0639344,-0.104795,0.763452,0.777016,1.01319,1.01659,-1.4111,-1.35036,-1.39556,-1.41895,-0.24715,-0.259318,-0.0382105,-0.0458122,0.0503931,0.097792,-0.0764908,0.143894,-0.322527,-0.139376,-0.10868,-0.19366,
1.68942,-0.107972,-0.614673,-1.00378,-2.54111,-1.41837,1.0367,0.561704,4.48933,5.31561,4.82452,4.73577,0,0,0,0,0,0,0,0,0,0,0,0,0.0312391,-0.0618556,0.0916595,-0.0614021,0.86655,0.83313,0.973107,0.995465,-1.57581,-1.55414,-1.58404,-1.6024,0.0952149,-0.0701282,0.0658832,-0.102962,0.767334,0.778682,1.01392,1.01906,-1.40587,-1.34789,-1.39512,-1.41678,-0.180056,-0.197685,-0.0594699,-0.0704102,0.121441,0.114337,-0.0329779,0.0562816,-0.48183,-0.318583,-0.202848,-0.190777,
1.51605,-0.211637,-0.438991,-0.92705,-2.69305,-1.38292,0.988644,0.575035,4.8833,5.68192,4.92381,4.86997,0,0,0,0,0,0,0,0,0,0,0,0,0.0287436,-0.0647333,0.0907638,-0.0625406,0.869533,0.83533,0.972917,0.995698,-1.58652,-1.56153,-1.58888,-1.60586,0.0878978,-0.0750865,0.0726124,-0.100479,0.765238,0.78209,1.01276,1.01823,-1.40261,-1.34228,-1.39742,-1.41418,-0.0743822,-0.0943882,-0.0295867,-0.0427975,0.171347,0.103812,0.0148658,-0.023525,-0.571138,-0.401112,-0.274527,-0.155865,
1.40172,-0.0823864,-0.620301,-0.590645,-2.82859,-1.27894,0.908108,0.665797,5.35454,5.96234,5.27212,5.02905,0,0,0,0,0,0,0,0,0,0,0,0,0.0279917,-0.0658852,0.0902703,-0.0633065,0.873187,0.837167,0.973607,0.994584,-1.59814,-1.56976,-1.59475,-1.60853,0.0837543,-0.069878,0.0649224,-0.0877381,0.763781,0.787605,1.01089,1.01962,-1.39548,-1.33946,-1.38992,-1.40963,-0.0153172,-0.0348667,-0.026789,-0.040292,0.186866,0.0797736,0.0477932,-0.079811,-0.576195,-0.409776,-0.302324,-0.113077,
1.22608,-0.0710001,-0.52773,-0.588746,-2.89515,-1.27514,0.917163,0.7542,5.76137,6.15483,5.39171,5.05047,0,0,0,0,0,0,0,0,0,0,0,0,0.0281008,-0.0661534,0.0896675,-0.0641567,0.876921,0.838382,0.974655,0.992275,-1.60958,-1.57782,-1.60084,-1.61014,0.0776003,-0.0688608,0.0679974,-0.0884609,0.764382,0.788051,1.01224,1.01966,-1.38923,-1.33859,-1.39051,-1.40886,0.022817,0.00663126,-0.0280446,-0.037719,0.163332,0.0337499,0.044686,-0.138996,-0.505176,-0.347908,-0.266958,-0.0369678,
1.21976,-0.118651,-0.449745,-0.542826,-3.01555,-1.19037,0.898371,0.765719,5.83425,6.26159,5.52024,5.08681,0,0,0,0,0,0,0,0,0,0,0,0,0.0285138,-0.066009,0.0887981,-0.0651735,0.879734,0.838592,0.975478,0.989189,-1.61834,-1.58373,-1.60554,-1.6102,0.0775192,-0.0707546,0.0695377,-0.0882666,0.761492,0.790802,1.01224,1.01663,-1.39232,-1.3381,-1.38885,-1.40627,0.0107483,2.11506e-05,-0.0635278,-0.0690016,0.118991,-0.00876376,0.04154,-0.159151,-0.367757,-0.241516,-0.206021,0.0226849,
1.21372,-0.143208,-0.461385,-0.456965,-2.89247,-1.08757,0.866672,0.860111,5.89231,6.22718,5.61357,5.06425,0,0,0,0,0,0,0,0,0,0,0,0,0.0286109,-0.0660657,0.0871728,-0.0668616,0.881658,0.837903,0.976283,0.985721,-1.62431,-1.58736,-1.60908,-1.60903,0.0772092,-0.071829,0.0670242,-0.0868406,0.767268,0.793279,1.01157,1.01666,-1.39283,-1.34045,-1.38715,-1.40469,0.00247474,-0.00174945,-0.0846562,-0.0850183,0.0654629,-0.0560616,0.0308068,-0.173485,-0.210883,-0.109066,-0.130761,0.0885202,
1.2553,-0.176874,-0.404583,-0.41538,-2.87498,-0.931111,0.825336,0.938324,5.89558,6.31791,5.65972,5.03032,0,0,0,0,0,0,0,0,0,0,0,0,0.0285523,-0.0661449,0.0852375,-0.0687522,0.88249,0.836306,0.976809,0.982051,-1.6271,-1.58825,-1.61101,-1.60655,0.0785805,-0.0733684,0.0670689,-0.0872716,0.767845,0.797233,1.01026,1.01615,-1.39256,-1.33523,-1.38581,-1.40254,-0.00919329,-0.00742744,-0.0992636,-0.0952116,0.0177355,-0.0914283,0.0217841,-0.171613,-0.064186,0.0151078,-0.0592214,0.140114,
1.27317,-0.13353,-0.341123,-0.389361,-2.98182,-0.968748,0.802604,0.983663,5.79603,6.09493,5.59816,4.81832,0,0,0,0,0,0,0,0,0,0,0,0,0.0283828,-0.0662229,0.0833271,-0.0705522,0.882467,0.834219,0.977287,0.978835,-1.62701,-1.58669,-1.61162,-1.60338,0.0791939,-0.0715363,0.067919,-0.0877564,0.762855,0.793178,1.00994,1.01522,-1.39387,-1.34018,-1.38783,-1.40719,-0.00578261,0.00138987,-0.0881628,-0.0814872,-0.016998,-0.114517,0.0274231,-0.147878,0.0652209,0.135698,-0.00688605,0.173064,
1.21083,-0.157747,-0.390234,-0.301244,-2.88433,-0.866743,0.774007,0.996023,5.58406,5.94581,5.64725,4.82691,0,0,0,0,0,0,0,0,0,0,0,0,0.0284088,-0.0659961,0.0817775,-0.07195,0.881819,0.831677,0.97802,0.976165,-1.62441,-1.58266,-1.61137,-1.59961,0.0770058,-0.0719154,0.0649756,-0.0850439,0.765621,0.794515,1.00982,1.01386,-1.39763,-1.34012,-1.38497,-1.40292,0.00817914,0.019527,-0.0596236,-0.0522095,-0.0412836,-0.124614,0.0419158,-0.107117,0.170437,0.235399,0.025593,0.180634,
1.20417,-0.144097,-0.306119,-0.304588,-3.00002,-0.896727,0.754808,1.09259,5.51129,5.7293,5.55443,4.67098,0,0,0,0,0,0,0,0,0,0,0,0,0.0285544,-0.0655999,0.0807503,-0.0728213,0.880804,0.829197,0.978839,0.97437,-1.6203,-1.57737,-1.61051,-1.59602,0.0767841,-0.0710385,0.0675711,-0.0857734,0.759606,0.790882,1.00972,1.01652,-1.39525,-1.34255,-1.38711,-1.40558,0.00314331,0.0162624,-0.0467212,-0.0384278,-0.0598536,-0.122308,0.0343796,-0.0778015,0.230208,0.282647,0.0614392,0.179825,
1.34493,-0.164148,-0.421807,-0.328714,-2.87258,-0.810078,0.765314,1.03939,5.29852,5.52845,5.55001,4.60458,0,0,0,0,0,0,0,0,0,0,0,0,0.0285357,-0.0653514,0.0799632,-0.0734464,0.879496,0.826897,0.979467,0.973214,-1.61532,-1.5715,-1.60903,-1.59263,0.082255,-0.0717266,0.0624713,-0.0870647,0.763235,0.792379,1.01072,1.01409,-1.39813,-1.34435,-1.38542,-1.40535,-0.00389487,0.0095388,-0.0309795,-0.0234867,-0.0678799,-0.105774,0.0319643,-0.0352106,0.262568,0.300782,0.0806333,0.154728,
1.35609,-0.122324,-0.347028,-0.323839,-3.03175,-0.917633,0.72999,1.11327,5.1452,5.28429,5.43153,4.4645,0,0,0,0,0,0,0,0,0,0,0,0,0.0283817,-0.0652367,0.0794571,-0.0738132,0.878098,0.82498,0.980127,0.972945,-1.60977,-1.56537,-1.60726,-1.5898,0.0824217,-0.0700942,0.0651712,-0.0870532,0.755557,0.786731,1.00991,1.01753,-1.3988,-1.34851,-1.38825,-1.40889,-0.0101745,0.00177338,-0.0202363,-0.0143255,-0.0635583,-0.0772027,0.0291112,0.00258012,0.258315,0.274392,0.0873643,0.116839,
1.36882,-0.135296,-0.40817,-0.324977,-2.97448,-0.860006,0.706026,1.07447,4.99305,5.24039,5.40853,4.44834,0,0,0,0,0,0,0,0,0,0,0,0,0.0282773,-0.0651298,0.0792948,-0.0738795,0.876967,0.823779,0.980684,0.973317,-1.60497,-1.56045,-1.60559,-1.58792,0.0830778,-0.070311,0.0631022,-0.0866721,0.757017,0.788504,1.00946,1.01696,-1.4009,-1.34648,-1.3877,-1.40856,0.00238763,0.0115325,0.00671243,0.0103289,-0.0485637,-0.0437343,0.0269198,0.0332839,0.217688,0.217531,0.0771801,0.0712772,
1.33455,-0.120367,-0.40307,-0.393904,-2.91266,-0.907664,0.754615,0.992836,4.95715,5.13644,5.36112,4.44883,0,0,0,0,0,0,0,0,0,0,0,0,0.0283893,-0.064867,0.079661,-0.0734626,0.876146,0.82329,0.981138,0.97431,-1.60107,-1.55677,-1.60408,-1.587,0.0818801,-0.0694673,0.0640211,-0.0887069,0.759022,0.786897,1.01161,1.01518,-1.39969,-1.34865,-1.38829,-1.40863,0.00543702,0.0107183,0.0241445,0.0255944,-0.0308716,-0.00435612,0.0145918,0.0576169,0.154947,0.13287,0.0675515,0.0205551,
1.40799,-0.154949,-0.441913,-0.343618,-3.01861,-0.963895,0.748165,1.04847,4.91789,5.09756,5.31047,4.45477,0,0,0,0,0,0,0,0,0,0,0,0,0.0284366,-0.0647553,0.0801585,-0.0729536,0.875716,0.823601,0.981269,0.975602,-1.59867,-1.5551,-1.60282,-1.58705,0.0847411,-0.0709423,0.0629431,-0.0862399,0.754722,0.785706,1.01119,1.01893,-1.4002,-1.35046,-1.38921,-1.40932,-0.000759895,0.000548076,0.0230553,0.0229195,-0.0124826,0.0330547,-0.000181884,0.0692726,0.0879875,0.0371544,0.059509,-0.0231134,
1.38744,-0.092979,-0.462781,-0.42574,-2.9401,-1.02546,0.749432,0.940195,4.93753,5.24804,5.30738,4.49065,0,0,0,0,0,0,0,0,0,0,0,0,0.028476,-0.0647312,0.0806935,-0.0724367,0.875672,0.824621,0.981144,0.977063,-1.59763,-1.55534,-1.60176,-1.58793,0.0841126,-0.0683608,0.0628432,-0.0888391,0.758214,0.784935,1.0109,1.0162,-1.39974,-1.34651,-1.38853,-1.40956,0.00694986,0.0044756,0.0330494,0.0313614,0.00732468,0.0665851,-0.0112045,0.0765107,0.0194029,-0.0544186,0.0464068,-0.0625055,
1.29729,-0.0363045,-0.488889,-0.411632,-2.99746,-1.08828,0.760717,0.883987,5.1207,5.535,5.24366,4.49251,0,0,0,0,0,0,0,0,0,0,0,0,0.0288601,-0.0644663,0.0817262,-0.0714622,0.876135,0.826788,0.980623,0.979012,-1.59816,-1.55814,-1.60068,-1.59003,0.0812263,-0.0655689,0.0630665,-0.0870785,0.756747,0.785153,1.01049,1.01574,-1.39437,-1.33975,-1.39016,-1.41213,0.0237356,0.0174776,0.0447947,0.0424451,0.0255099,0.0948178,-0.0282849,0.0684214,-0.0515884,-0.15075,0.0386833,-0.0902784,
1.31688,-0.13469,-0.481437,-0.507109,-2.98819,-1.11958,0.776206,0.832511,4.95129,5.56126,5.19825,4.59637,0,0,0,0,0,0,0,0,0,0,0,0,0.0294958,-0.0639678,0.082703,-0.0705368,0.876716,0.828784,0.980059,0.980361,-1.59939,-1.56151,-1.59998,-1.59197,0.0829573,-0.0687101,0.0645089,-0.0898177,0.757821,0.78607,1.01064,1.01508,-1.40259,-1.34259,-1.39142,-1.41018,0.0393242,0.032268,0.0531696,0.050173,0.031644,0.103498,-0.0234305,0.0709761,-0.0625745,-0.176205,0.0312493,-0.10341,
1.21077,-0.092996,-0.464903,-0.457816,-3.07427,-1.21718,0.772608,0.872474,5.15638,5.77429,5.19246,4.63659,0,0,0,0,0,0,0,0,0,0,0,0,0.0303354,-0.063282,0.0837304,-0.0695725,0.877395,0.831004,0.979551,0.981797,-1.60076,-1.56545,-1.59931,-1.59419,0.0795248,-0.0663977,0.065966,-0.0871057,0.755059,0.784453,1.00986,1.01791,-1.39592,-1.33854,-1.39091,-1.41084,0.0379358,0.0302044,0.0415884,0.0389701,0.0317941,0.106842,-0.0296984,0.0607474,-0.0707151,-0.202742,0.0348722,-0.105679,
1.2514,-0.140963,-0.50302,-0.517409,-3.06448,-1.21458,0.765723,0.799244,4.95293,5.87141,5.12421,4.70992,0,0,0,0,0,0,0,0,0,0,0,0,0.0310902,-0.0626789,0.084474,-0.068875,0.877971,0.833101,0.978919,0.982933,-1.60206,-1.56954,-1.59854,-1.59627,0.0819255,-0.0676803,0.0650719,-0.0888958,0.755899,0.786557,1.00895,1.01604,-1.40501,-1.33861,-1.39275,-1.40991,0.0389632,0.0318555,0.0359369,0.0337785,0.0253691,0.101955,-0.0299398,0.0570646,-0.0532441,-0.196197,0.041313,-0.102044,
1.23567,-0.16945,-0.52514,-0.537227,-2.97744,-1.19018,0.764304,0.77191,5.06781,6.12883,5.13589,4.78133,0,0,0,0,0,0,0,0,0,0,0,0,0.0319228,-0.0619787,0.0851724,-0.0682093,0.878398,0.835023,0.978283,0.983947,-1.60295,-1.57331,-1.59762,-1.59816,0.0822507,-0.0679823,0.0648522,-0.0890318,0.759646,0.789213,1.00813,1.01563,-1.40105,-1.33185,-1.39116,-1.4086,0.0450536,0.0387191,0.0342731,0.0333279,0.0172946,0.0898778,-0.0363546,0.0403919,-0.0402533,-0.18488,0.0511169,-0.0848567,
1.22033,-0.199404,-0.560244,-0.512802,-3.02248,-1.27942,0.757274,0.794974,5.02829,6.13284,5.10763,4.81076,0,0,0,0,0,0,0,0,0,0,0,0,0.0328856,-0.0611342,0.0858076,-0.0675789,0.878653,0.836728,0.977488,0.984606,-1.60353,-1.57691,-1.59642,-1.59968,0.0826117,-0.0682899,0.0639171,-0.0875647,0.757892,0.787009,1.00707,1.01693,-1.40258,-1.33465,-1.39087,-1.40847,0.0456529,0.0410226,0.0259626,0.0263105,0.00693282,0.0729051,-0.0356882,0.0264131,-0.00919661,-0.152625,0.0623463,-0.061121,
1.20376,-0.183789,-0.54273,-0.548553,-3.03031,-1.29683,0.782229,0.767742,5.1102,6.2405,5.05119,4.74518,0,0,0,0,0,0,0,0,0,0,0,0,0.0337368,-0.0603549,0.0861845,-0.0671805,0.878659,0.837999,0.976779,0.985012,-1.60331,-1.57956,-1.59502,-1.60065,0.0826692,-0.0669791,0.0647155,-0.0888469,0.757324,0.787224,1.00733,1.01599,-1.39836,-1.33225,-1.39143,-1.41157,0.0390926,0.0363652,0.0120145,0.0137886,-0.00614052,0.0548943,-0.0370837,0.0132703,0.0273035,-0.115773,0.0772531,-0.0363275,
1.22153,-0.2627,-0.562635,-0.555606,-2.92657,-1.26268,0.750688,0.764274,4.87648,6.22669,4.98619,4.79356,0,0,0,0,0,0,0,0,0,0,0,0,0.0344958,-0.0596273,0.0862895,-0.0670332,0.878401,0.838962,0.97614,0.985282,-1.60222,-1.58146,-1.59335,-1.60124,0.0840413,-0.069455,0.0637698,-0.0892337,0.761007,0.789222,1.00578,1.01619,-1.40561,-1.33369,-1.39233,-1.40995,0.0342204,0.0340127,-0.000720102,0.00119105,-0.0165391,0.0383777,-0.0194202,0.0167415,0.0773738,-0.0648834,0.0783863,-0.023049,
1.10945,-0.242002,-0.517615,-0.446422,-3.07018,-1.37261,0.720591,0.787861,4.90752,6.34709,4.97632,4.84843,0,0,0,0,0,0,0,0,0,0,0,0,0.0351436,-0.0589646,0.0861676,-0.0671181,0.878032,0.839601,0.975929,0.985632,-1.60035,-1.58237,-1.59183,-1.60158,0.0801347,-0.0680052,0.0652494,-0.0851507,0.754831,0.785233,1.00464,1.01746,-1.40201,-1.32916,-1.3913,-1.40788,0.0306536,0.0319725,-0.0106771,-0.0087889,-0.019701,0.0268346,-0.00538896,0.0154322,0.102124,-0.0335689,0.0736628,-0.0117683,
1.07518,-0.208592,-0.518674,-0.526015,-2.95476,-1.3588,0.708202,0.725848,4.8103,6.26022,4.88579,4.71664,0,0,0,0,0,0,0,0,0,0,0,0,0.0358042,-0.0582652,0.0859661,-0.0672776,0.877615,0.839994,0.9759,0.985852,-1.59817,-1.58274,-1.5904,-1.60164,0.0796209,-0.0657458,0.0651775,-0.0883086,0.758947,0.785848,1.00421,1.01497,-1.40344,-1.33231,-1.39351,-1.41277,0.040482,0.0431505,-0.00208145,0.000479912,-0.0238783,0.0102763,-0.00107736,0.00445728,0.116077,0.00107159,0.0728197,0.0101395,
1.06512,-0.270048,-0.527714,-0.505474,-2.93163,-1.35954,0.680237,0.793369,4.70861,6.21228,4.85821,4.75896,0,0,0,0,0,0,0,0,0,0,0,0,0.0367027,-0.0572931,0.0860133,-0.0671678,0.877018,0.840005,0.975872,0.985845,-1.59554,-1.58227,-1.58883,-1.60119,0.0800672,-0.0672571,0.0648659,-0.0873666,0.759147,0.785535,1.00312,1.01757,-1.40456,-1.33307,-1.39307,-1.41034,0.0379854,0.0418943,-0.00193855,0.00100643,-0.030314,-0.00444502,0.00190582,-0.000521256,0.131528,0.0350312,0.0716328,0.0246414,
1.1231,-0.289579,-0.501091,-0.502105,-3.03009,-1.38119,0.692219,0.796679,4.64727,6.20167,4.81249,4.71442,0,0,0,0,0,0,0,0,0,0,0,0,0.0374019,-0.0564934,0.085735,-0.0673834,0.876294,0.839851,0.976061,0.985892,-1.59228,-1.58126,-1.58725,-1.60063,0.082711,-0.0676118,0.0653358,-0.0877793,0.754541,0.784456,1.00395,1.01781,-1.40389,-1.33236,-1.39361,-1.41163,0.0192536,0.023235,-0.017779,-0.0155801,-0.0274739,-0.0073196,0.0100451,0.00267926,0.124894,0.0420102,0.056811,0.0210803,
1.05667,-0.278397,-0.506513,-0.48957,-2.95212,-1.38006,0.656178,0.767578,4.56527,6.18839,4.80458,4.70432,0,0,0,0,0,0,0,0,0,0,0,0,0.0378026,-0.0560128,0.0854097,-0.0676709,0.875778,0.839665,0.976348,0.985957,-1.58984,-1.58034,-1.58625,-1.60021,0.0805186,-0.0666248,0.0649539,-0.0874218,0.757272,0.784253,1.00296,1.01673,-1.40508,-1.33186,-1.39332,-1.41166,0.0224516,0.0261985,-0.00976545,-0.00840278,-0.0210793,-0.0104969,0.0182489,0.00367174,0.107411,0.0471448,0.0373493,0.0187832,
1.13741,-0.361612,-0.537477,-0.52132,-2.89689,-1.3019,0.69252,0.76409,4.5814,6.09861,4.79586,4.69073,0,0,0,0,0,0,0,0,0,0,0,0,0.0382376,-0.0555079,0.0852589,-0.0678003,0.875419,0.839431,0.976734,0.986006,-1.58794,-1.57942,-1.58567,-1.59985,0.084115,-0.0695298,0.0636117,-0.0887832,0.759228,0.787106,1.00479,1.01657,-1.40304,-1.33464,-1.39338,-1.41188,0.0190452,0.0221283,-0.0074094,-0.00650503,-0.0157772,-0.0124568,0.0179169,-0.000158538,0.0822464,0.0420027,0.0228621,0.017297,
1.11256,-0.308913,-0.486125,-0.485088,-2.9623,-1.35556,0.646296,0.784849,4.49604,6.13608,4.77237,4.68473,0,0,0,0,0,0,0,0,0,0,0,0,0.0384212,-0.0552724,0.0849345,-0.0681149,0.875168,0.839225,0.977122,0.986015,-1.58652,-1.57874,-1.58537,-1.5996,0.0828455,-0.067667,0.0649484,-0.0880625,0.756534,0.784887,1.00341,1.01749,-1.40559,-1.33286,-1.39437,-1.41214,-0.00390136,-0.00190366,-0.0270569,-0.0272049,-0.00711256,-0.00576322,0.0216407,0.00381998,0.0547723,0.0217781,0.0053044,0.00357712,
1.18,-0.308171,-0.494376,-0.546052,-2.94042,-1.35003,0.637967,0.754392,4.5062,6.15292,4.78532,4.64919,0,0,0,0,0,0,0,0,0,0,0,0,0.038395,-0.0552697,0.084488,-0.0685745,0.875153,0.839133,0.977609,0.986071,-1.58581,-1.57846,-1.5855,-1.5996,0.0857454,-0.0674283,0.0645026,-0.0906464,0.757632,0.785028,1.00363,1.01623,-1.40524,-1.33216,-1.39443,-1.41362,0.00752655,0.00841106,-0.0105204,-0.0114931,0.0047693,-0.00515239,0.0251908,-0.0007687,0.0160526,0.00900563,-0.0171846,0.000560785,
1.14349,-0.286462,-0.509951,-0.521773,-2.96596,-1.36535,0.648064,0.754553,4.57343,6.12552,4.82632,4.62442,0,0,0,0,0,0,0,0,0,0,0,0,0.0386711,-0.054988,0.0844433,-0.0686463,0.875365,0.83901,0.978139,0.98597,-1.58591,-1.5784,-1.58608,-1.59959,0.0847264,-0.0661347,0.0640871,-0.0895066,0.757017,0.784271,1.00458,1.01599,-1.4034,-1.33346,-1.39377,-1.41463,0.0157866,0.0155886,0.00209277,0.000531213,0.0145191,-0.00625177,0.025763,-0.00830349,-0.0213076,-0.00394416,-0.0371438,-0.000683173,
1.08407,-0.322872,-0.467469,-0.506617,-3.03509,-1.37226,0.645801,0.838182,4.64226,6.12134,4.84597,4.68731,0,0,0,0,0,0,0,0,0,0,0,0,0.0389367,-0.0547347,0.0844652,-0.0686601,0.875708,0.838883,0.978639,0.985749,-1.5866,-1.57862,-1.58696,-1.59965,0.0824916,-0.0674769,0.0657418,-0.0889891,0.754684,0.78386,1.00495,1.01902,-1.40182,-1.33409,-1.39411,-1.41225,0.00961373,0.00863324,-0.00123127,-0.00321733,0.0189949,-0.00660751,0.0239887,-0.0130124,-0.0455167,-0.0161774,-0.0494093,-0.00475331,
1.09368,-0.306707,-0.485825,-0.494138,-2.95434,-1.34294,0.63871,0.771798,4.63897,6.11458,4.88401,4.67857,0,0,0,0,0,0,0,0,0,0,0,0,0.0389163,-0.0547816,0.0842867,-0.0688834,0.876092,0.83875,0.979079,0.985483,-1.5877,-1.57904,-1.58806,-1.59983,0.082395,-0.0673477,0.0645207,-0.0890267,0.758253,0.784915,1.00498,1.01615,-1.40325,-1.3349,-1.39375,-1.41294,-0.0134347,-0.0148931,-0.0166472,-0.0188891,0.0167216,-0.00586618,0.0175902,-0.0102358,-0.0557154,-0.0216979,-0.052819,-0.012853,
1.08615,-0.247976,-0.487069,-0.489038,-2.9157,-1.34136,0.661745,0.800253,4.74625,6.18097,4.95317,4.7499,0,0,0,0,0,0,0,0,0,0,0,0,0.0384992,-0.0552318,0.0838826,-0.0693301,0.876399,0.83861,0.979325,0.985244,-1.58894,-1.57951,-1.58911,-1.60009,0.081446,-0.0656882,0.063967,-0.0893631,0.760054,0.784781,1.00593,1.01693,-1.40047,-1.33279,-1.39203,-1.41033,-0.0249563,-0.0268705,-0.0216413,-0.0235732,0.0141594,-0.00874031,0.00663854,-0.0161721,-0.0691659,-0.0256564,-0.0521528,-0.0115415,
1.06846,-0.264529,-0.438201,-0.494474,-2.93717,-1.31508,0.664216,0.835559,4.74144,6.10707,4.93578,4.72157,0,0,0,0,0,0,0,0,0,0,0,0,0.0380034,-0.0557677,0.0835063,-0.0697404,0.876667,0.838339,0.979373,0.984789,-1.59048,-1.57997,-1.59019,-1.60021,0.0803295,-0.0667958,0.0657131,-0.0898108,0.759406,0.785385,1.00594,1.01769,-1.4023,-1.33596,-1.39377,-1.41134,-0.0206063,-0.0223458,-0.01326,-0.0145718,0.0112802,-0.0175621,0.000101373,-0.0259527,-0.0736839,-0.0139462,-0.0506327,0.000665481,
1.11924,-0.27123,-0.465999,-0.457863,-2.9385,-1.2759,0.67964,0.818994,4.75816,6.15088,5.00603,4.78069,0,0,0,0,0,0,0,0,0,0,0,0,0.0375754,-0.0562276,0.0832791,-0.0699925,0.876871,0.837939,0.979358,0.984259,-1.59195,-1.58012,-1.59121,-1.60015,0.0818549,-0.0675988,0.0644118,-0.0885607,0.759526,0.786487,1.00652,1.01653,-1.40311,-1.33417,-1.39202,-1.40888,-0.0245035,-0.0260995,-0.0113697,-0.0126868,0.00975023,-0.0207852,-0.00105315,-0.0246454,-0.0743629,-0.00409637,-0.0523046,0.00227971,
1.10632,-0.192076,-0.458594,-0.503662,-2.9418,-1.29996,0.686914,0.836269,4.93176,6.14553,5.01376,4.67892,0,0,0,0,0,0,0,0,0,0,0,0,0.0371377,-0.0566962,0.0831666,-0.0701268,0.877049,0.837462,0.979288,0.983719,-1.59348,-1.58008,-1.59225,-1.60002,0.0810512,-0.0647464,0.0648595,-0.0902506,0.759525,0.784902,1.00662,1.01653,-1.39777,-1.33408,-1.39269,-1.41258,-0.0169679,-0.0183602,0.00183284,0.00113669,0.00739654,-0.0281015,-0.00742397,-0.0319433,-0.0779646,0.00888433,-0.0494846,0.0139582,
1.19253,-0.257469,-0.515566,-0.479464,-2.9479,-1.23854,0.689163,0.840203,4.85949,6.02786,5.06966,4.70935,0,0,0,0,0,0,0,0,0,0,0,0,0.0367793,-0.0570754,0.0832523,-0.0700555,0.877154,0.836811,0.979159,0.983094,-1.59497,-1.57966,-1.59328,-1.59969,0.0840812,-0.0677834,0.0626848,-0.0891989,0.759307,0.786624,1.00672,1.01625,-1.40179,-1.3379,-1.39152,-1.41105,-0.0199635,-0.0204587,0.00275705,0.00175718,0.00347328,-0.0322824,-3.40255e-05,-0.022423,-0.059902,0.0324749,-0.0513743,0.0131721,
1.22634,-0.218877,-0.497714,-0.489358,-2.94994,-1.26188,0.717737,0.843329,4.93827,6.01965,5.12104,4.69067,0,0,0,0,0,0,0,0,0,0,0,0,0.0362644,-0.0575953,0.0832116,-0.0701162,0.877175,0.836154,0.979172,0.982709,-1.59602,-1.5789,-1.59427,-1.59945,0.0846838,-0.0669878,0.0631552,-0.089854,0.759143,0.785003,1.00782,1.01603,-1.39949,-1.33735,-1.39035,-1.41156,-0.0317204,-0.031875,-0.00739139,-0.00817552,-0.00171348,-0.0337519,-0.00318385,-0.0204525,-0.0500033,0.0382911,-0.0457044,0.0127674,
1.1746,-0.211849,-0.467879,-0.480287,-2.92719,-1.21129,0.700758,0.887994,4.86388,5.97349,5.11416,4.73796,0,0,0,0,0,0,0,0,0,0,0,0,0.0356045,-0.0582555,0.0830601,-0.0702795,0.877093,0.835407,0.979059,0.982241,-1.59701,-1.57804,-1.59517,-1.59913,0.0820286,-0.0672845,0.064256,-0.0895882,0.759898,0.786202,1.00698,1.01729,-1.4033,-1.33819,-1.39143,-1.40925,-0.0279961,-0.0277497,-0.0044476,-0.00486504,-0.00536116,-0.0376632,-0.00524364,-0.0234066,-0.0423281,0.0456912,-0.0412332,0.0177626,
0.591666,-3.20451,-2.00188,3.40953,0.00412163,2.02309,3.39727,3.27725,3.74176,6.79357,10.7056,11.5434,0,0,0,0,0,0,0,0,0,0,0,0,0.0351007,-0.0587494,0.0830231,-0.0703227,0.876965,0.834626,0.978954,0.981763,-1.59778,-1.57706,-1.59597,-1.59874,0.0582761,-0.187412,0.0029399,0.0660471,0.87698,0.914761,1.1147,1.11236,-1.44888,-1.30432,-1.1685,-1.13659,-0.0245624,-0.0240951,-0.000401657,-0.000569825,-0.00749224,-0.0394131,-0.0072933,-0.0244837,-0.0384699,0.0498047,-0.0377943,0.0203789,
-0.219844,-2.96299,-2.84389,4.58767,0.276699,2.2419,4.00046,3.93484,3.98505,7.39155,12.7408,11.9703,0,0,0,0,0,0,0,0,0,0,0,0,0.0331735,-0.0606646,0.0833874,-0.0699759,0.876471,0.832024,0.97809,0.980313,-1.60116,-1.57369,-1.59866,-1.59758,0.0238796,-0.179686,-0.0301903,0.113696,0.887456,0.921175,1.13791,1.13753,-1.44267,-1.27728,-1.08974,-1.11866,-0.0250047,-0.0250752,0.00890187,0.00825888,-0.00412419,-0.0262433,-0.0101015,-0.00859213,-0.0455967,0.0376366,-0.035127,0.00536067,
-0.15802,-2.47472,-3.08258,4.72667,0.620709,2.54428,4.63982,4.14511,4.31154,7.35728,13.3413,11.3054,0,0,0,0,0,0,0,0,0,0,0,0,0.0307795,-0.0630579,0.0827027,-0.0703095,0.87564,0.831341,0.974074,0.978011,-1.60213,-1.57249,-1.59449,-1.59383,0.0186331,-0.167861,-0.0428116,0.117381,0.897839,0.932204,1.1499,1.13889,-1.42955,-1.27578,-1.04937,-1.1328,-0.291276,-0.29072,-0.110563,-0.0688115,-0.131427,-0.0453924,-0.488321,-0.246242,0.00583889,0.120803,0.573919,0.4406,
0.525957,-1.64693,-3.30277,4.40877,1.1909,2.22074,5.37077,3.89594,5.00364,7.26886,12.786,10.3082,0,0,0,0,0,0,0,0,0,0,0,0,0.0218916,-0.071877,0.0798303,-0.0718345,0.871757,0.830691,0.959001,0.971412,-1.60034,-1.56755,-1.575,-1.57955,0.0319248,-0.148627,-0.0551645,0.103357,0.914879,0.919416,1.15529,1.12009,-1.39668,-1.26918,-1.03796,-1.14872,-0.550255,-0.543613,-0.144197,-0.057971,-0.225719,-0.00520151,-0.927019,-0.357785,0.175793,0.380999,1.28016,0.925236,
1.08661,-0.997409,-3.70763,3.86901,1.51739,1.60693,5.66587,3.25328,5.47536,6.75677,12.0437,9.28489,0,0,0,0,0,0,0,0,0,0,0,0,0.0105696,-0.0829084,0.078941,-0.0706459,0.867586,0.831563,0.938681,0.964985,-1.5942,-1.55516,-1.54367,-1.55638,0.0442877,-0.132106,-0.0679607,0.0876497,0.925342,0.897636,1.14669,1.09059,-1.36692,-1.26891,-1.02947,-1.16023,-0.48731,-0.46504,0.0701684,0.176755,-0.146985,0.0897655,-0.931309,-0.226484,0.413441,0.798725,1.6226,1.23794,
0.594882,-0.359818,-2.71421,2.17562,-0.256096,-1.18836,3.65068,1.53335,4.7,5.7569,7.75642,5.86872,0,0,0,0,0,0,0,0,0,0,0,0,0.000526252,-0.0921119,0.0838491,-0.0630035,0.866501,0.835819,0.919084,0.96324,-1.57967,-1.52881,-1.50132,-1.52284,0.0176287,-0.112326,-0.0193072,0.0316447,0.857359,0.793088,1.05246,1.0258,-1.37685,-1.27327,-1.15618,-1.25947,-0.334643,-0.291056,0.270609,0.381172,0.0550991,0.240174,-0.632655,0.0615453,0.741163,1.26361,1.74433,1.43095,
0.228963,0.798317,-1.92522,1.6736,-4.46552,-7.3735,0.196914,-1.09327,7.19529,2.91637,3.24872,2.63396,0,0,0,0,0,0,0,0,0,0,0,0,-0.0274829,-0.115868,0.10774,-0.0314146,0.955308,0.930213,0.952462,1.04917,-1.47422,-1.37134,-1.32637,-1.36228,-0.0210974,-0.0868745,0.0316463,0.036788,0.805641,0.662581,0.976352,1.02312,-1.178,-1.24114,-1.17064,-1.22877,-0.138651,-0.146962,0.0457643,0.0629258,1.44772,1.36541,0.800683,0.883889,0.420512,0.677095,1.28906,1.40724,
-1.27613,-0.191167,-0.239172,2.87381,-4.17567,-8.6169,-0.914186,0.064235,10.3104,-0.337823,0.0420859,4.33019,0,0,0,0,0,0,0,0,0,0,0,0,-0.0292812,-0.117915,0.108472,-0.0303228,0.983748,0.956645,0.966715,1.06343,-1.46529,-1.358,-1.29818,-1.3307,-0.0811067,-0.126568,0.0995947,0.0858214,0.843748,0.636425,0.941315,1.07576,-1.04246,-1.35687,-1.26432,-1.12115,-0.0390108,-0.0503228,0.0344972,0.0595808,1.3513,1.22282,0.558343,0.488075,0.520615,0.732384,1.60899,1.81684,
-3.13794,-0.434867,0.822545,4.50556,-3.93427,-8.36286,-1.1831,1.10101,12.4851,-6.30205,-1.91221,6.43675,0,0,0,0,0,0,0,0,0,0,0,0,-0.0293747,-0.118237,0.107449,-0.0295442,1.00981,0.980158,0.976913,1.07013,-1.45053,-1.34032,-1.26333,-1.28852,-0.154608,-0.135548,0.134772,0.150738,0.875778,0.666242,0.93926,1.11882,-0.934027,-1.57315,-1.31136,-0.988768,0.0142076,0.00419374,-0.278944,0.00298025,1.16707,1.02992,0.483575,0.232152,0.855057,0.962446,1.4229,2.114,
-2.80099,-0.231185,1.21849,4.11267,-5.45215,-5.87109,-1.8227,-0.254378,12.201,-4.62624,-0.517245,5.80247,0,0,0,0,0,0,0,0,0,0,0,0,-0.0294606,-0.118398,0.0962563,-0.0311807,1.03239,0.974997,0.984521,1.07263,-1.42964,-1.39041,-1.26553,-1.24199,-0.141822,-0.132552,0.134631,0.130665,0.834454,0.681545,0.909579,1.06361,-0.91938,-1.68043,-1.3091,-0.964421,-0.0161028,-0.245291,-0.518258,-0.13305,1.00731,-2.93037,-0.101703,0.0575966,1.11079,-5.24833,-1.14356,2.27376,
-0.866385,0.726998,1.16815,2.85047,-10.9156,-3.17012,-1.29986,-2.7913,8.72839,1.39158,-1.22554,1.58316,0,0,0,0,0,0,0,0,0,0,0,0,-0.0300633,-0.121859,0.0907125,-0.0344801,1.05086,0.870365,0.964821,1.07357,-1.40352,-1.52131,-1.28061,-1.19516,-0.0660601,-0.0921273,0.134928,0.0752022,0.631167,0.607215,0.879083,0.963061,-1.02442,-1.61009,-1.33963,-1.08401,-0.0670722,0.0326135,-0.125502,-0.216828,0.8463,-6.81725,-1.68722,0.0571736,1.49822,-7.22211,-0.499871,2.39118,
2.06988,0.596388,0.923854,1.38288,-14.3522,1.68753,-1.25301,-4.7003,5.58939,5.24958,-1.41364,-1.75526,0,0,0,0,0,0,0,0,0,0,0,0,-0.0305742,-0.113741,0.093288,-0.0381364,1.06733,0.697273,0.92778,1.07736,-1.36718,-1.60111,-1.30009,-1.14557,0.0523677,-0.0721824,0.135983,0.0143809,0.507776,0.588788,0.840134,0.894132,-1.1063,-1.4104,-1.38277,-1.16899,0.00734035,0.885157,0.287047,-0.139882,0.726639,-8.7993,-1.87628,0.239119,1.86547,-0.96358,-1.30688,2.33967,
3.73358,-0.467475,-0.0942384,0.302476,-13.2911,3.4036,-1.08206,-5.62222,3.59161,6.72657,-0.562661,-2.47476,0,0,0,0,0,0,0,0,0,0,0,0,-0.0296031,-0.0888097,0.100111,-0.0380418,1.08108,0.534809,0.885264,1.08554,-1.32803,-1.54219,-1.33606,-1.10591,0.122045,-0.0761053,0.104008,-0.0204397,0.562694,0.533631,0.793358,0.872051,-1.14491,-1.15603,-1.40019,-1.17759,0.11522,1.57017,0.383306,0.275157,0.662826,-6.86608,-2.4312,0.569958,1.97264,5.85465,-2.08095,1.36517,
3.47138,-1.45981,-1.33877,-2.1522,-9.71086,-1.97055,1.0836,-5.39797,-4.4423,13.8501,2.46567,-3.18566,0,0,0,0,0,0,0,0,0,0,0,0,-0.0250376,-0.0650512,0.105295,-0.02874,1.09425,0.518812,0.828329,1.09875,-1.28638,-1.52938,-1.37325,-1.08215,0.126719,-0.109034,0.0579461,-0.0964947,0.717259,0.495253,0.814594,0.894325,-1.42302,-1.01286,-1.30603,-1.18885,0.645072,0.720474,0.310083,0.916669,0.572168,2.76316,-2.85396,0.574676,2.05268,-1.87435,-1.57044,1.03616,
1.93055,-0.921848,-1.94911,-2.00775,-7.16528,-3.83961,1.1748,-2.89619,-5.26923,14.6067,6.83979,-3.87289,0,0,0,0,0,0,0,0,0,0,0,0,0.00975652,-0.0447854,0.117219,-0.0123842,1.09321,0.570191,0.807915,1.10642,-1.2632,-1.56047,-1.37878,-1.07433,0.151668,-0.0622498,0.0560931,-0.0913165,0.780015,0.46489,0.884061,0.99071,-1.48238,-1.00627,-1.09749,-1.23237,3.23447,0.970479,0.841952,0.0688737,-1.32908,2.41418,1.4577,0.00670932,-0.420761,-1.50302,0.384932,-0.156524,
0.168995,2.27339,-3.16082,-0.503419,-2.95714,-4.31574,2.28326,-1.32836,-2.43156,16.2988,10.1604,-2.40118,0,0,0,0,0,0,0,0,0,0,0,0,0.104853,-0.0336359,0.129307,-0.0364494,1.01137,0.627875,0.835084,1.09948,-1.33571,-1.59718,-1.36278,-1.12413,0.175892,0.0573065,0.00711074,-0.0834427,0.78587,0.49602,0.940354,1.03723,-1.53584,-0.969204,-0.939653,-1.28391,3.21397,0.000343008,0.211846,-1.34283,-5.36054,2.03872,0.696987,-0.455483,-5.14352,-1.19865,0.835756,-3.18657,
-0.721329,2.95,-4.20348,-0.775075,-0.531587,-4.69542,2.44843,-1.10907,-1.09886,15.6027,9.60618,-1.69855,0,0,0,0,0,0,0,0,0,0,0,0,0.153542,-0.0339606,0.135225,-0.0564813,0.880283,0.665525,0.846248,1.0882,-1.44129,-1.61341,-1.34359,-1.19954,0.160144,0.0866702,-0.0228193,-0.0987741,0.7178,0.512299,0.954623,1.02184,-1.58811,-0.997086,-0.939278,-1.3485,1.77274,0.13154,0.504759,-0.564486,-7.06096,1.72953,0.521896,-1.10026,-5.14322,-0.388994,1.00319,-4.05086,
-0.217734,2.67304,-5.19752,-0.969105,0.745702,-5.4183,1.85429,-1.54217,0.600643,13.3728,8.60351,-1.48527,0,0,0,0,0,0,0,0,0,0,0,0,0.167526,-0.0302602,0.147181,-0.0630597,0.738423,0.699347,0.858416,1.07202,-1.53427,-1.6122,-1.32209,-1.27212,0.151474,0.0800142,-0.0497394,-0.109598,0.643136,0.512899,0.946133,0.985004,-1.58765,-1.06877,-0.957844,-1.40298,-0.367167,0.167648,0.549005,-0.388687,-6.25578,1.51418,0.677262,-1.2664,-3.86989,0.426246,1.00548,-3.57238,
0.574184,2.34331,-5.40893,-0.924046,1.53048,-5.93366,1.1062,-2.04141,1.37704,10.8809,7.84759,-1.49086,0,0,0,0,0,0,0,0,0,0,0,0,0.145848,-0.027566,0.156634,-0.0725785,0.627414,0.727953,0.873996,1.04513,-1.58188,-1.59812,-1.30242,-1.33461,0.137013,0.0676553,-0.0525496,-0.12184,0.591376,0.517564,0.934862,0.930446,-1.55145,-1.14521,-0.968809,-1.4527,-1.5901,0.0744511,0.358668,-0.614995,-4.86289,1.34786,0.830925,-1.65153,-1.23253,0.883641,0.985574,-2.92284,
1.25602,1.67061,-4.99113,-0.782977,1.76408,-6.28034,0.603852,-1.6728,1.36076,9.35658,7.09354,-1.06298,0,0,0,0,0,0,0,0,0,0,0,0,0.109625,-0.0261856,0.16226,-0.0859428,0.546477,0.754331,0.891753,1.00671,-1.58098,-1.57779,-1.28145,-1.38868,0.124934,0.0410259,-0.0346518,-0.132152,0.557238,0.52656,0.932095,0.886749,-1.50589,-1.18425,-0.976989,-1.48298,-1.74657,0.0193657,0.136689,-0.744499,-2.99006,1.17217,0.809368,-2.6524,1.03331,0.963891,1.0362,-2.58913,
2.26124,0.316295,-3.42389,-0.182086,2.28302,-6.05106,0.271919,0.0945393,1.38704,7.3165,6.12209,0.376563,0,0,0,0,0,0,0,0,0,0,0,0,0.0791664,-0.0259451,0.16336,-0.0992398,0.504637,0.776602,0.907173,0.945034,-1.54696,-1.55988,-1.26042,-1.43572,0.143544,-0.0137381,0.0256409,-0.118683,0.568489,0.556004,0.932492,0.877923,-1.44841,-1.25116,-0.994143,-1.46413,-1.3036,-0.0222421,-0.0381754,-0.607978,-1.37342,1.07225,0.722101,-3.5446,2.15345,0.803086,1.06953,-2.17383,
1.64313,-0.242097,-2.71964,-0.434112,1.6521,-6.76506,-0.306433,0.739363,0.0998323,7.34252,4.93043,1.15979,0,0,0,0,0,0,0,0,0,0,0,0,0.0636586,-0.0247794,0.163646,-0.104199,0.493666,0.799109,0.922468,0.871697,-1.49665,-1.54572,-1.23942,-1.46543,0.126533,-0.0319304,0.056627,-0.117261,0.56394,0.55038,0.924861,0.8519,-1.4393,-1.24125,-1.02369,-1.43958,-0.142538,0.126646,0.0883537,0.215103,0.209486,1.09366,0.73254,-2.46861,2.66774,0.538067,0.925619,-1.02711,
1.67507,-0.909787,-2.44066,-0.086043,0.851588,-6.06945,0.107533,-0.444767,0.209846,8.49477,4.42357,0.996024,0,0,0,0,0,0,0,0,0,0,0,0,0.0673003,-0.022298,0.165474,-0.0976558,0.512614,0.82244,0.936127,0.861771,-1.456,-1.53874,-1.22033,-1.47022,0.141567,-0.0566754,0.0691054,-0.0996633,0.572872,0.601766,0.951115,0.860776,-1.42064,-1.19636,-1.02498,-1.41984,0.363178,0.100702,0.0628842,0.0717126,1.30976,1.10521,0.534305,0.839779,1.34828,0.129563,0.920408,0.526845,
1.3629,-0.972515,-2.46952,-0.0338784,-0.0304004,-6.05632,0.0911736,-0.384531,1.39361,9.98384,3.9961,0.535278,0,0,0,0,0,0,0,0,0,0,0,0,0.0791847,-0.019453,0.167635,-0.0952081,0.54084,0.844036,0.945205,0.875145,-1.4363,-1.539,-1.20266,-1.45752,0.143654,-0.0549156,0.0718621,-0.0933365,0.574193,0.623155,0.957692,0.871562,-1.40479,-1.14132,-1.02653,-1.42259,0.497674,0.171904,0.15038,0.161334,1.72847,1.0686,0.442009,0.589947,-1.21206,-0.0834009,0.814074,0.676117,
1.49852,-2.13685,-1.79623,0.192441,0.0418206,-5.79158,-0.190666,-1.09339,2.69101,9.09401,2.48954,0.371309,0,0,0,0,0,0,0,0,0,0,0,0,0.0845286,-0.0163005,0.170761,-0.0921084,0.574314,0.865956,0.955955,0.887841,-1.46047,-1.53942,-1.18777,-1.44362,0.148219,-0.0986572,0.102569,-0.0811085,0.607659,0.654691,0.960655,0.857229,-1.37576,-1.1738,-1.07642,-1.41605,0.187462,0.155864,0.182903,0.165111,1.58365,1.01993,0.616288,0.656175,-1.14646,0.0926272,0.588324,0.63593,
1.94905,-2.81912,-1.70407,0.459466,-0.16905,-5.00187,-0.385717,-1.62709,3.54272,7.3151,2.68881,0.50053,0,0,0,0,0,0,0,0,0,0,0,0,0.0873222,-0.0140383,0.174161,-0.0894836,0.606186,0.886041,0.970993,0.902648,-1.4819,-1.53538,-1.17904,-1.43221,0.166979,-0.125549,0.108849,-0.0694374,0.631609,0.705789,0.973247,0.854273,-1.36036,-1.23679,-1.06565,-1.40252,0.0847365,0.062699,0.142526,0.0833797,1.60926,0.991177,0.884155,0.835379,-1.00835,0.29933,0.292241,0.483405,
2.12215,-2.98758,-1.59712,0.943363,-0.600253,-4.83688,-0.560065,-1.72712,4.57829,5.93651,2.88819,0.914045,0,0,0,0,0,0,0,0,0,0,0,0,0.0867282,-0.0150566,0.175046,-0.0900835,0.639703,0.906694,0.990811,0.920973,-1.50204,-1.52872,-1.17464,-1.42323,0.168791,-0.1378,0.109704,-0.0552932,0.647231,0.732598,0.987384,0.869286,-1.33781,-1.28525,-1.05554,-1.3788,-0.14117,-0.162017,-0.0728888,-0.147212,1.57686,0.968939,0.948745,0.869856,-0.945012,0.300615,0.178405,0.393674,
2.00488,-3.09559,-1.32693,1.61972,-0.862298,-4.84777,-0.665619,-1.43941,5.73264,5.06209,2.53812,1.58476,0,0,0,0,0,0,0,0,0,0,0,0,0.0821622,-0.0201,0.171493,-0.0949995,0.67051,0.925744,1.00866,0.93706,-1.521,-1.52399,-1.1706,-1.41499,0.156528,-0.150307,0.113148,-0.0366689,0.666153,0.750377,0.998529,0.894081,-1.31091,-1.31784,-1.06426,-1.34282,-0.291469,-0.319178,-0.263393,-0.322901,1.50672,0.927218,0.824544,0.729897,-0.961129,0.182849,0.240778,0.438785,
1.51346,-3.35329,-1.02062,2.42211,-1.02668,-4.92989,-0.912874,-0.965916,7.14102,4.3321,1.52811,2.475,0,0,0,0,0,0,0,0,0,0,0,0,0.0758739,-0.0270578,0.165216,-0.10228,0.701323,0.944489,1.02442,0.950225,-1.54138,-1.5212,-1.1647,-1.40454,0.130606,-0.167706,0.118107,-0.0124504,0.689018,0.764423,1.00179,0.922564,-1.27524,-1.34571,-1.09734,-1.29475,-0.29033,-0.325838,-0.314235,-0.352743,1.43814,0.856492,0.694595,0.548769,-0.975013,0.109952,0.311921,0.539574,
-1.66873,-4.36013,-0.281253,4.72485,-1.34631,-4.58793,-1.13007,0.30913,6.52769,6.38932,0.493139,3.95117,0,0,0,0,0,0,0,0,0,0,0,0,0.0705939,-0.0330806,0.159101,-0.109049,0.729517,0.960944,1.03787,0.960023,-1.56041,-1.51901,-1.15843,-1.39304,-0.00104476,-0.213134,0.141876,0.0733591,0.703475,0.793244,1.00603,0.981716,-1.31769,-1.26077,-1.13252,-1.22336,-0.244462,-0.282404,-0.29874,-0.329281,1.39054,0.790837,0.668078,0.466387,-0.919454,0.133141,0.309348,0.581753,
-3.42907,-4.39155,-0.472047,6.71602,-1.11184,-3.52129,-1.58574,0.353114,8.53664,6.14201,-0.403077,5.60919,0,0,0,0,0,0,0,0,0,0,0,0,0.0647308,-0.0393692,0.154002,-0.115116,0.758229,0.97686,1.05215,0.971073,-1.57855,-1.51362,-1.15242,-1.3813,-0.0797117,-0.222176,0.131935,0.148789,0.740548,0.850946,1.00257,0.998587,-1.25279,-1.25936,-1.16314,-1.14709,-0.363986,-0.357247,-0.159297,-0.236835,1.33965,0.746908,0.692106,0.669446,-0.785706,0.42885,0.269785,0.49253,
-3.58484,-3.57934,-0.953272,7.03412,-0.52528,-2.97019,-1.62634,-0.34302,9.78981,1.92915,-1.21791,6.50974,0,0,0,0,0,0,0,0,0,0,0,0,0.054611,-0.0484991,0.152836,-0.118638,0.785382,0.991773,1.06621,0.988121,-1.59276,-1.49939,-1.1462,-1.37143,-0.10074,-0.201927,0.115419,0.16058,0.789296,0.886177,1.0136,0.993281,-1.21252,-1.4035,-1.18775,-1.10192,-0.597888,-0.512735,0.0356959,-0.10738,1.24625,0.660621,0.622417,0.944021,-0.56742,0.936277,0.358248,0.456029,
-4.01658,-2.24689,-0.680835,6.48196,0.331247,-3.71024,-1.51474,-0.792863,10.7422,-1.45269,-1.3853,6.62471,0,0,0,0,0,0,0,0,0,0,0,0,0.0401558,-0.0610899,0.149135,-0.120578,0.809007,1.00389,1.07882,1.0068,-1.60332,-1.47852,-1.14525,-1.3609,-0.137015,-0.167208,0.112749,0.136434,0.844745,0.864958,1.0302,0.992084,-1.18487,-1.51463,-1.20563,-1.08367,-0.8254,-0.812148,-0.457646,-0.113299,1.1244,0.473854,0.598644,0.85002,-0.561808,1.09945,-0.248219,0.611883,
-4.96902,-0.784058,0.16466,5.71245,0.955198,-4.31404,-1.2051,-0.686313,12.6004,-2.85003,-1.46723,7.0304,0,0,0,0,0,0,0,0,0,0,0,0,0.0225936,-0.0891325,0.13441,-0.123052,0.830565,0.995492,1.08899,1.01997,-1.61725,-1.46436,-1.15646,-1.34609,-0.193413,-0.1595,0.122394,0.103401,0.889927,0.787529,1.04935,1.00181,-1.13046,-1.58076,-1.22912,-1.04788,-0.862299,-1.95025,-0.930145,-0.102268,1.0577,-1.77008,0.428234,0.464882,-0.861078,-0.119733,-0.698704,0.849937,
-5.12572,0.134655,0.425274,5.19122,0.0737906,-2.92475,-1.31536,-1.00436,13.472,-1.00563,-1.48925,6.71533,0,0,0,0,0,0,0,0,0,0,0,0,0.00676917,-0.128002,0.116495,-0.123022,0.85308,0.932902,1.09558,1.0271,-1.63763,-1.49838,-1.17838,-1.32647,-0.212498,-0.155075,0.117971,0.0852001,0.877785,0.733962,1.04745,0.992811,-1.11858,-1.59354,-1.25997,-1.03848,-0.71195,-1.62297,-0.776749,0.0286589,1.08767,-4.09751,0.224095,0.294248,-0.991392,-2.74664,-1.10098,0.968959,
-3.30421,0.50773,0.397184,4.07309,-1.81593,-1.15329,-1.41036,-1.3431,13.9051,-0.470956,-0.8395,5.10339,0,0,0,0,0,0,0,0,0,0,0,0,-0.0076558,-0.151748,0.103368,-0.121923,0.876434,0.828382,1.0987,1.03428,-1.657,-1.54893,-1.20539,-1.30627,-0.154327,-0.144363,0.109055,0.0412997,0.826266,0.672173,1.04333,0.988696,-1.11735,-1.60853,-1.26462,-1.08335,-0.725156,-0.646209,-0.51,0.0149489,1.12348,-5.50389,0.052277,0.406912,-0.827514,-2.03836,-1.28284,0.938778,
-3.92014,0.346703,0.696971,5.27413,-3.05848,0.19868,-1.80842,-1.05888,12.0139,1.30066,-0.820612,4.32158,0,0,0,0,0,0,0,0,0,0,0,0,-0.0235586,-0.153095,0.0972239,-0.122857,0.899276,0.723946,1.09843,1.04547,-1.67066,-1.58304,-1.22164,-1.28924,-0.19776,-0.130924,0.120772,0.0854932,0.800039,0.632849,1.02551,1.01707,-1.20091,-1.5598,-1.26562,-1.10115,-0.869794,0.415166,-0.216528,-0.130757,1.1551,-4.95226,-0.0293583,0.697429,-0.540493,-1.4392,-0.55792,0.761574,
-2.92155,-0.336491,0.5041,5.6116,-3.81034,1.62846,-2.1183,-1.8329,10.8856,1.68552,-1.23667,4.06419,0,0,0,0,0,0,0,0,0,0,0,0,-0.042835,-0.136156,0.0989508,-0.125852,0.924055,0.628598,1.09617,1.06437,-1.67975,-1.58635,-1.22577,-1.27635,-0.178802,-0.127629,0.127382,0.09657,0.795611,0.613716,1.0066,1.01279,-1.25202,-1.49971,-1.27602,-1.1043,-0.955262,1.09934,0.413339,-0.102096,1.19848,-4.00101,-0.24175,1.08682,-0.384579,0.960909,-0.0393697,0.474051,
-2.03705,-0.439559,0.0643713,5.29814,-4.56301,1.22618,-2.00866,-2.67551,10.8191,4.60796,-1.27959,4.29365,0,0,0,0,0,0,0,0,0,0,0,0,-0.0649912,-0.114112,0.109867,-0.127915,0.949456,0.571966,1.08752,1.09019,-1.68804,-1.57057,-1.22943,-1.26883,-0.167516,-0.127511,0.125931,0.0839413,0.791331,0.607461,0.994628,1.00811,-1.26506,-1.40803,-1.28748,-1.09042,-1.05216,0.209156,0.674444,-0.00344974,1.21976,-0.677623,-0.627042,1.24697,-0.489014,-1.08883,-0.343428,0.333214,
-0.727768,-1.19463,-0.879489,3.89421,-5.08672,2.08341,-2.12097,-3.73567,10.4005,8.00048,-1.0338,3.08002,0,0,0,0,0,0,0,0,0,0,0,0,-0.0805158,-0.123854,0.128165,-0.120956,0.97401,0.590891,1.07326,1.11258,-1.69968,-1.58724,-1.23938,-1.2592,-0.118327,-0.184536,0.115272,0.0497373,0.794822,0.70947,0.974379,0.982175,-1.29594,-1.27945,-1.29392,-1.12222,-0.435034,-0.644823,1.11431,0.74625,1.21403,1.76217,-0.702311,0.950965,-0.614286,-0.611585,-0.659332,0.68908,
0.249372,-1.383,-1.16034,2.0603,-6.81166,2.60449,-2.55658,-4.38151,10.2854,9.32777,-1.01411,0.705121,0,0,0,0,0,0,0,0,0,0,0,0,-0.0851484,-0.132692,0.149447,-0.0995965,0.997897,0.625377,1.06306,1.129,-1.71046,-1.59419,-1.24815,-1.23993,-0.0793635,-0.196099,0.117449,0.00471096,0.746172,0.760936,0.95638,0.968063,-1.30564,-1.22258,-1.29221,-1.19066,-0.209497,-0.404372,0.72077,1.09477,1.03702,1.56896,-0.220694,0.716383,-0.329911,-0.075267,-0.174696,1.0535,
0.75081,-1.64308,-0.817629,1.91529,-7.88257,3.14467,-2.87113,-4.87126,8.96735,11.0943,0.0178076,-0.993001,0,0,0,0,0,0,0,0,0,0,0,0,-0.0918009,-0.143218,0.156945,-0.0786187,1.01605,0.655398,1.06327,1.14373,-1.71196,-1.5899,-1.24712,-1.21779,-0.0717683,-0.222778,0.127747,0.0170627,0.716484,0.810263,0.950604,0.965225,-1.3496,-1.13661,-1.2416,-1.23564,-0.499991,-0.691819,0.175343,0.953496,0.786876,1.45391,0.109098,0.817369,0.183773,0.475957,0.240205,1.09342,
1.96776,-1.02673,-1.45353,1.29517,-8.0536,2.78467,-2.91045,-6.20462,7.67564,10.9994,-0.339451,-1.87896,0,0,0,0,0,0,0,0,0,0,0,0,-0.105522,-0.160939,0.167462,-0.0594241,1.02986,0.684665,1.06121,1.16467,-1.70193,-1.57253,-1.22906,-1.19687,-0.042603,-0.221597,0.124647,0.0105138,0.718393,0.822876,0.93958,0.939911,-1.38,-1.10957,-1.21613,-1.25392,-0.789574,-0.97943,0.766302,0.90656,0.534069,1.34119,-0.260653,1.17115,0.745053,1.14963,1.32524,0.905489,
3.25187,-0.242026,-2.22462,0.149382,-7.49192,2.06429,-2.7711,-7.50886,6.26659,9.55718,-0.887207,-2.37283,0,0,0,0,0,0,0,0,0,0,0,0,-0.126454,-0.186326,0.187467,-0.0347082,1.03962,0.714755,1.05377,1.19576,-1.67748,-1.53453,-1.19574,-1.1747,-0.0121518,-0.215004,0.1166,-0.00604473,0.745263,0.818139,0.935428,0.919347,-1.40446,-1.11594,-1.204,-1.25068,-0.788613,-0.949852,0.905925,1.13441,0.266084,1.04065,-0.37479,1.19706,1.11768,1.81533,1.36167,0.946479,
3.80765,0.356114,-2.54001,-1.14003,-7.32505,1.5476,-2.74069,-7.62179,5.52178,8.14711,-0.624979,-3.35404,0,0,0,0,0,0,0,0,0,0,0,0,-0.141344,-0.204164,0.202956,-0.00868429,1.04317,0.732831,1.04675,1.21682,-1.65374,-1.49334,-1.17421,-1.15206,-0.00132168,-0.204602,0.112837,-0.0278396,0.751921,0.808504,0.930971,0.92713,-1.41106,-1.12687,-1.18491,-1.26168,-0.614175,-0.734103,0.574045,1.3223,0.0875181,0.688479,-0.307489,0.758861,1.09059,2.02902,0.715204,1.2274,
4.38374,0.383106,-2.29511,-2.1412,-4.85668,1.48322,-2.39382,-7.60081,4.96092,8.39893,-0.948432,-3.20283,0,0,0,0,0,0,0,0,0,0,0,0,-0.15395,-0.218906,0.212203,0.0177739,1.04353,0.744124,1.0387,1.22766,-1.63267,-1.45183,-1.16064,-1.12551,0.00881667,-0.217914,0.126229,-0.0462016,0.84854,0.81191,0.934021,0.930258,-1.41595,-1.07837,-1.18643,-1.23455,-0.629145,-0.716582,0.291546,1.08362,-0.0363918,0.422878,-0.44623,0.331466,0.91413,1.87497,0.6074,0.95398,
4.46711,0.310327,-2.15283,-2.16425,-4.683,1.33285,-2.42982,-6.82631,5.06845,9.63349,-0.546478,-3.96475,0,0,0,0,0,0,0,0,0,0,0,0,-0.165202,-0.231485,0.215244,0.0324346,1.04307,0.750577,1.03208,1.22906,-1.61728,-1.41623,-1.15438,-1.10351,0.00459386,-0.228851,0.132479,-0.0471441,0.8562,0.809,0.93102,0.953282,-1.40173,-0.99671,-1.17451,-1.23959,-0.444431,-0.48897,0.167409,0.349565,0.0223779,0.25544,-0.193276,-0.136204,0.640583,1.70903,0.086054,1.1255,
4.2691,-0.139674,-2.58448,-1.57574,-5.07035,1.68288,-2.35731,-6.03204,5.3723,10.5936,-0.330055,-4.01977,0,0,0,0,0,0,0,0,0,0,0,0,-0.171494,-0.238152,0.224998,0.0326643,1.0451,0.75442,1.02875,1.22588,-1.60639,-1.38032,-1.15075,-1.09941,-0.00437956,-0.247265,0.137012,-0.0356141,0.845465,0.824239,0.93188,0.981496,-1.38237,-0.921431,-1.15808,-1.2669,-0.182501,-0.176324,0.769666,-0.262432,0.158829,0.1252,-0.129027,-0.155273,0.456294,1.75743,0.293851,-0.334874,
4.15604,-0.449413,-2.94464,-1.07442,-5.46508,2.14057,-2.49062,-5.93566,5.55913,10.3969,-0.0193314,-3.70098,0,0,0,0,0,0,0,0,0,0,0,0,-0.174512,-0.240643,0.243171,0.0243794,1.04894,0.755614,1.02812,1.22503,-1.59704,-1.34272,-1.14544,-1.12382,-0.0114593,-0.26096,0.144527,-0.0277844,0.834402,0.84132,0.930093,0.988431,-1.36432,-0.886412,-1.14268,-1.30306,-0.15944,-0.117008,0.957089,-0.459347,0.203307,0.0041632,0.0796253,0.041217,0.517783,2.02143,0.176844,-1.5603,
4.29382,-0.409833,-3.08948,-0.914458,-5.50852,2.37903,-2.61099,-6.14877,5.47257,9.05341,0.148467,-3.23141,0,0,0,0,0,0,0,0,0,0,0,0,-0.179658,-0.244647,0.261713,0.0160856,1.05266,0.754177,1.03137,1.22779,-1.58461,-1.29706,-1.14379,-1.16156,-0.014936,-0.266814,0.153986,-0.0257352,0.835075,0.846654,0.930404,0.986077,-1.3524,-0.88879,-1.13704,-1.32718,-0.351543,-0.288669,0.79262,-0.262125,0.137638,-0.134251,0.173677,0.211701,0.665166,2.3069,0.0400948,-1.81808,
4.41788,0.360511,-3.65349,-0.722371,-3.63922,2.81333,-2.71855,-6.32606,5.40303,7.73694,0.633541,-1.16715,0,0,0,0,0,0,0,0,0,0,0,0,-0.189187,-0.252808,0.275046,0.0144138,1.05441,0.750164,1.03391,1.23322,-1.57058,-1.24949,-1.14268,-1.19311,-0.02422,-0.248678,0.13984,-0.0127025,0.909721,0.857543,0.926454,0.986491,-1.34028,-0.891776,-1.11566,-1.26604,-0.587401,-0.514552,0.54667,0.0889254,0.0441632,-0.257738,0.0641648,0.315814,0.708691,2.41165,0.0838327,-1.31196,
4.52171,0.93261,-3.53084,-1.22331,-3.21526,2.52171,-2.64954,-6.67482,5.77373,7.21972,0.0776332,-1.6439,0,0,0,0,0,0,0,0,0,0,0,0,-0.202777,-0.264715,0.284387,0.0227169,1.05475,0.74341,1.03261,1.23967,-1.55739,-1.19983,-1.13926,-1.19043,-0.0356638,-0.239457,0.150216,-0.0159603,0.926246,0.837013,0.923296,0.977029,-1.31584,-0.865518,-1.13168,-1.23853,-0.687762,-0.602344,0.353167,0.512762,0.00510522,-0.363287,-0.166569,0.21746,0.53026,2.27603,0.223992,0.882606,
4.58043,1.17136,-3.48587,-1.37819,-3.18099,2.34141,-2.60586,-6.39405,6.18285,7.28261,-0.334841,-1.94333,0,0,0,0,0,0,0,0,0,0,0,0,-0.216758,-0.276652,0.290919,0.0326606,1.05538,0.734882,1.02838,1.24043,-1.54903,-1.15394,-1.13476,-1.16959,-0.0456979,-0.239736,0.157624,-0.0131784,0.929436,0.819575,0.920116,0.982278,-1.29616,-0.820316,-1.14456,-1.22552,-0.607836,-0.496911,0.307006,0.464426,0.0645556,-0.44819,-0.201677,-0.119676,0.277739,2.11621,0.179922,1.08985,
4.51723,1.28646,-3.44791,-1.50422,-3.50168,2.3933,-2.68718,-6.06539,6.59376,7.29767,-0.359477,-2.40048,0,0,0,0,0,0,0,0,0,0,0,0,-0.227885,-0.285237,0.296981,0.0414969,1.05759,0.725033,1.02579,1.23616,-1.54531,-1.11209,-1.13315,-1.14672,-0.0574378,-0.24119,0.165189,-0.0102011,0.920604,0.810245,0.917632,0.988385,-1.27899,-0.778272,-1.14817,-1.21937,-0.512096,-0.370551,0.306201,0.42354,0.15432,-0.526039,-0.033349,-0.257834,0.128439,2.09559,-0.0317312,1.16846,
4.50223,1.50807,-3.34318,-1.56933,-3.97139,2.42419,-2.87809,-5.85299,6.92707,6.72696,-0.119299,-2.80264,0,0,0,0,0,0,0,0,0,0,0,0,-0.238824,-0.292915,0.302444,0.0488841,1.06166,0.713281,1.02778,1.23094,-1.54317,-1.06751,-1.13674,-1.12267,-0.0696356,-0.240169,0.172982,-0.00823116,0.907315,0.798567,0.916999,0.992601,-1.26404,-0.755131,-1.14742,-1.21261,-0.545014,-0.378842,0.213253,0.28289,0.225454,-0.584097,0.217037,-0.210857,0.102523,2.16518,-0.295381,1.10808,
4.41856,2.016,-2.96371,-1.60368,-5.05779,2.2018,-3.15205,-5.64916,7.1128,6.26053,0.758554,-2.45356,0,0,0,0,0,0,0,0,0,0,0,0,-0.250659,-0.301249,0.305283,0.0539378,1.06642,0.700936,1.03374,1.2281,-1.54098,-1.02334,-1.14433,-1.1092,-0.086625,-0.229676,0.188296,-0.00611016,0.868979,0.77608,0.914608,0.999939,-1.25415,-0.728036,-1.1226,-1.19878,-0.635411,-0.453347,0.0780803,0.204966,0.243528,-0.646385,0.347502,-0.109675,0.115818,2.24417,-0.430474,0.428339,
4.49707,2.32166,-2.72818,-1.53516,-5.37168,2.18485,-3.05018,-5.18459,7.4551,4.37892,1.03131,-2.36761,0,0,0,0,0,0,0,0,0,0,0,0,-0.264546,-0.311152,0.305885,0.0574359,1.07112,0.686177,1.04024,1.22431,-1.53866,-0.975231,-1.15272,-1.09997,-0.0980468,-0.22775,0.196883,-0.000458114,0.860099,0.758339,0.922816,1.01153,-1.23835,-0.753219,-1.11805,-1.18671,-0.669197,-0.473252,0.00625305,0.175623,0.192533,-0.761634,0.229373,-0.270074,0.105399,2.34273,-0.329277,0.398203,
4.33218,2.80303,-2.34928,-1.18672,-5.63637,2.27714,-2.53511,-4.4861,8.45687,0.621223,0.975145,-1.80889,0,0,0,0,0,0,0,0,0,0,0,0,-0.278353,-0.321003,0.304998,0.0606562,1.07437,0.670342,1.04261,1.21685,-1.53732,-0.929169,-1.1574,-1.09413,-0.119339,-0.219179,0.209026,0.015904,0.851863,0.745406,0.94161,1.02814,-1.19889,-0.859904,-1.12141,-1.16298,-0.713669,-0.514856,-0.100036,0.135835,0.1473,-0.801059,0.0201232,-0.46301,0.00774742,2.22083,-0.150785,0.174959,
3.8013,2.78213,-1.90413,-0.142911,-4.72719,1.56662,-2.04789,-3.15116,9.86133,-3.11662,0.903518,-0.150034,0,0,0,0,0,0,0,0,0,0,0,0,-0.29376,-0.325828,0.301349,0.061728,1.07765,0.665355,1.04128,1.20469,-1.53946,-0.903807,-1.15919,-1.08809,-0.156949,-0.211326,0.220069,0.0551769,0.892223,0.738525,0.957115,1.06578,-1.14929,-1.03048,-1.12394,-1.0878,-0.762051,0.16084,-0.255712,-0.0417336,0.1829,0.525238,-0.112464,-0.643199,-0.214166,-0.100253,-0.044931,0.314708,
1.98623,3.31021,-2.1792,-0.119195,-4.38201,-1.53471,-2.49366,-1.40937,9.69684,-7.04439,0.0410576,1.60401,0,0,0,0,0,0,0,0,0,0,0,0,-0.308512,-0.306052,0.295998,0.0588458,1.08227,0.697977,1.03955,1.19017,-1.54533,-0.965487,-1.16041,-1.06913,-0.243397,-0.133471,0.203598,0.0501191,0.912538,0.678992,0.939516,1.11975,-1.16366,-1.33134,-1.16089,-0.979392,-0.71669,2.00863,-0.261573,-0.197947,0.277296,2.12017,-0.0142127,-0.702079,-0.309911,-4.2039,-0.10579,1.27899,
1.78993,2.34424,-2.04561,0.0703621,-5.4597,-3.43478,-2.89397,-0.517682,8.00887,-3.0946,-1.16413,2.61295,0,0,0,0,0,0,0,0,0,0,0,0,-0.326697,-0.26073,0.2863,0.0503982,1.08878,0.761244,1.03921,1.1758,-1.55351,-1.12946,-1.16243,-1.04404,-0.273836,-0.105735,0.192641,0.0424209,0.876801,0.675917,0.923297,1.14113,-1.24173,-1.45468,-1.21086,-0.916356,-0.936769,3.06127,-0.591708,-0.539593,0.320262,2.60324,-0.00786019,-0.698379,-0.428624,-10.0718,-0.0932319,1.15832,
3.42737,0.165414,-1.88462,1.12666,-5.20407,-1.48879,-3.31054,-0.716376,6.70366,-0.879804,-2.0051,1.76308,0,0,0,0,0,0,0,0,0,0,0,0,-0.349004,-0.189604,0.270283,0.0353962,1.0953,0.775556,1.03906,1.16204,-1.56287,-1.3053,-1.16448,-1.0221,-0.238059,-0.106978,0.174685,0.0613481,0.893716,0.697254,0.905848,1.11993,-1.30533,-1.49418,-1.24657,-0.931316,-1.30749,3.80043,-1.01067,-0.955735,0.329079,-0.937522,-0.0397267,-0.672669,-0.530293,-7.68469,-0.0945389,1.01296,
5.16919,-1.02392,-1.65137,1.5189,-5.65977,1.21296,-3.25308,-1.48309,6.58914,4.48352,-1.49009,0.555582,0,0,0,0,0,0,0,0,0,0,0,0,-0.379993,-0.115644,0.247083,0.0132169,1.1039,0.727549,1.03638,1.14998,-1.57752,-1.42491,-1.17645,-1.00431,-0.205617,-0.112744,0.159929,0.0518222,0.887915,0.729965,0.899694,1.0808,-1.33302,-1.35118,-1.25461,-0.968773,-1.61963,2.19285,-1.05492,-1.10754,0.520103,-2.30511,-0.328217,-0.49283,-0.953272,-5.28081,-0.927909,0.665877,
6.71337,-1.26162,-1.38776,0.238585,-7.1507,3.13222,-2.98635,-1.98037,7.3573,13.6884,0.682514,-1.45614,0,0,0,0,0,0,0,0,0,0,0,0,-0.408474,-0.114279,0.232138,-0.00233714,1.11804,0.703726,1.03295,1.14122,-1.60261,-1.47577,-1.19577,-0.992623,-0.159314,-0.181227,0.172251,0.00323278,0.84991,0.842301,0.916783,1.05363,-1.33804,-0.952033,-1.18528,-1.03863,-0.968728,-0.824193,-0.2188,-0.198675,0.894909,0.66432,0.164519,-0.418561,-1.4863,-1.1898,-0.840578,0.611748,
7.80593,-1.82676,-2.6662,-1.37205,-8.39214,5.79534,-3.01851,-2.4368,6.82534,16.2287,4.28587,-2.67373,0,0,0,0,0,0,0,0,0,0,0,0,-0.418402,-0.121187,0.241149,0.00780941,1.13857,0.715614,1.04401,1.13886,-1.63033,-1.48752,-1.21701,-0.988903,-0.109624,-0.19576,0.152358,-0.027905,0.821778,0.95766,0.939852,1.04688,-1.37481,-0.835194,-1.06978,-1.09893,-0.172994,-0.0751218,0.892866,0.958378,0.944492,0.511608,0.828921,0.274508,-0.874856,0.158673,-1.21026,-0.153866,
10.0168,-0.247144,-5.28158,-2.48536,-6.51619,8.82849,-3.14835,-2.75399,4.36101,15.1305,6.57166,-2.01583,0,0,0,0,0,0,0,0,0,0,0,0,-0.423013,-0.125914,0.261542,0.0288899,1.15413,0.724652,1.06245,1.15336,-1.63456,-1.46775,-1.23978,-1.01304,-0.029468,-0.1452,0.0687486,-0.0528413,0.903347,1.08478,0.952397,1.06017,-1.45112,-0.83033,-0.993572,-1.12141,-0.356337,-0.470037,0.923506,0.88415,0.493298,0.349457,0.793962,0.848252,0.450191,1.6099,-0.83288,-1.38678,
12.5819,0.770673,-7.85917,-3.33334,-4.29282,9.93563,-2.18735,-2.71154,1.09638,13.2907,8.00311,-1.91301,0,0,0,0,0,0,0,0,0,0,0,0,-0.432478,-0.139322,0.278708,0.0389443,1.15971,0.73007,1.07461,1.16777,-1.61489,-1.42491,-1.24939,-1.03856,0.0605147,-0.123924,-0.0187477,-0.0928255,0.990343,1.1316,0.995962,1.06904,-1.54333,-0.842501,-0.932826,-1.13822,-0.514126,-0.771415,0.845566,0.0781847,0.117371,0.205082,0.442122,0.486313,1.38547,2.53903,-0.178003,-1.15679,
15.5089,0.655262,-10.7275,-3.56456,-3.9637,10.4087,-0.676951,-1.57943,-3.23531,12.3081,8.63015,-2.16159,0,0,0,0,0,0,0,0,0,0,0,0,-0.442264,-0.155345,0.297165,0.0275056,1.16069,0.733385,1.08001,1.16872,-1.58095,-1.36634,-1.24649,-1.06267,0.173463,-0.142557,-0.112982,-0.139351,1.00367,1.1525,1.05553,1.09596,-1.67683,-0.816298,-0.893943,-1.17374,-0.2315,-0.671124,0.947636,-1.21371,0.0763785,0.138184,0.129902,-0.479408,1.67691,2.88615,0.367018,-1.23031,
13.3906,1.11174,-12.0924,-1.3913,-5.23401,7.75601,0.883443,-0.355769,-4.87372,15.0064,10.3632,-1.76768,0,0,0,0,0,0,0,0,0,0,0,0,-0.41043,-0.166548,0.31741,-0.0114197,1.17178,0.743262,1.08036,1.14718,-1.5668,-1.30944,-1.23577,-1.10407,0.20232,-0.133869,-0.147743,-0.124003,0.984344,1.07425,1.11417,1.09658,-1.77147,-0.654502,-0.807813,-1.22754,3.85642,-0.589493,0.927195,-2.84658,1.09625,1.03728,-0.0763369,-1.81846,-0.486126,2.73391,0.671811,-2.63833,
6.29657,2.58411,-10.1314,1.31927,-4.65789,4.92753,0.96367,-0.66664,-1.26415,16.886,9.69776,-0.757788,0,0,0,0,0,0,0,0,0,0,0,0,-0.266201,-0.18098,0.333129,-0.0730082,1.1773,0.760354,1.07413,1.10389,-1.60902,-1.25793,-1.21627,-1.17081,0.188926,-0.0955862,-0.0622231,-0.0752554,0.952751,0.964879,1.10206,1.03597,-1.7278,-0.541419,-0.804381,-1.2701,10.1632,-0.898521,0.495228,-2.75089,-1.91163,0.371167,-0.531012,-2.06234,-3.4106,2.05371,1.19887,-3.44927,
-2.05117,5.67714,-4.84798,2.11948,-2.79524,-1.8052,-0.190045,-4.09856,2.66586,14.1689,5.40685,-1.37815,0,0,0,0,0,0,0,0,0,0,0,0,-0.032744,-0.21403,0.330673,-0.123856,1.07656,0.770701,1.059,1.06834,-1.66137,-1.21662,-1.18573,-1.2265,0.116668,-0.0286186,0.129388,-0.0722469,0.825817,0.70957,1.03403,0.876042,-1.58494,-0.601381,-0.934314,-1.33361,11.5729,-2.08373,-0.368303,-1.65848,-6.94646,0.553838,-0.868354,-1.41771,-1.51037,2.42404,1.75734,-2.59908,
-5.7591,6.70229,-3.29786,1.88864,-0.574801,-7.93582,-0.0797296,-4.13764,3.6884,8.18871,1.82162,0.925731,0,0,0,0,0,0,0,0,0,0,0,0,0.155627,-0.264618,0.320239,-0.137215,0.928816,0.780071,1.04275,1.03799,-1.66789,-1.148,-1.14647,-1.26593,0.0582743,-0.0407309,0.184705,-0.0506231,0.757335,0.466488,1.02733,0.827706,-1.46116,-0.736511,-1.03659,-1.25997,6.65058,-2.21022,-0.180976,0.552323,-7.42446,0.192463,-0.611145,-2.23895,2.95954,4.19711,1.85052,-1.55367,
-5.43176,4.47385,-5.55852,2.65905,2.12509,-7.73925,-0.935296,-7.08047,4.36728,-0.588267,2.56796,0.844563,0,0,0,0,0,0,0,0,0,0,0,0,0.236389,-0.303455,0.333731,-0.128417,0.77427,0.771275,1.03418,1.07293,-1.57192,-1.0084,-1.10397,-1.24837,0.0249214,-0.138787,0.133496,-0.00268663,0.765484,0.443117,0.993249,0.814572,-1.3016,-0.907947,-0.97237,-1.16818,0.290151,-0.714297,1.10531,0.968399,-4.68947,-0.929373,-0.176124,1.24287,4.78127,6.19935,1.44419,2.32001,
-5.57097,4.45172,-4.63909,4.35976,2.71671,-4.75623,0.0789417,-3.75734,9.81154,-7.57091,1.18374,0.842813,0,0,0,0,0,0,0,0,0,0,0,0,0.202949,-0.317094,0.350706,-0.111286,0.704475,0.74748,1.02584,1.08211,-1.45819,-0.889589,-1.07248,-1.1904,-0.05386,-0.155967,0.173181,0.0751154,0.825705,0.528367,1.01122,0.922585,-1.06921,-1.09637,-0.988284,-1.08777,-1.69849,-0.847084,0.401943,0.600546,0.628057,-1.4432,-0.888618,-0.461445,-0.174238,4.80278,1.84257,3.4459,
-7.81035,3.89651,-3.39447,8.56005,3.61617,-2.31734,-0.0812087,-0.568302,13.7306,-6.74036,-2.65114,3.08676,0,0,0,0,0,0,0,0,0,0,0,0,0.164532,-0.323906,0.338819,-0.112397,0.741173,0.729745,1.00855,1.06384,-1.51131,-0.93602,-1.03736,-1.11603,-0.190384,-0.151549,0.174543,0.218869,0.9197,0.611592,0.999641,1.02486,-1.00586,-1.33326,-1.12141,-0.925288,-2.12514,0.824839,-1.42484,-0.556835,1.69401,-1.27298,-0.282966,-0.812438,-2.18884,-6.3814,1.09967,3.36348,
-8.95502,3.55125,-2.2724,9.10273,1.40459,-1.24386,-1.93342,-2.54954,12.9043,-3.95997,-2.62477,4.61285,0,0,0,0,0,0,0,0,0,0,0,0,0.12258,-0.310736,0.2936,-0.123719,0.776543,0.726425,1.02362,1.05352,-1.55121,-1.11989,-1.06244,-1.05558,-0.272729,-0.118857,0.156543,0.234017,0.870072,0.66456,0.975539,0.948797,-1.06995,-1.49999,-1.20967,-0.815643,-1.85543,2.49144,-2.30806,-0.31864,1.8673,-0.605516,1.46304,-0.136924,-1.74544,-11.0853,-2.11189,2.7712,
-7.22935,0.866444,-1.10906,8.76596,-0.000332057,0.6589,-2.31323,-4.75201,11.6529,-0.308237,-2.18218,3.60793,0,0,0,0,0,0,0,0,0,0,0,0,0.0830425,-0.230931,0.245293,-0.128763,0.816097,0.692276,1.05657,1.05614,-1.58286,-1.33818,-1.11642,-0.999618,-0.246773,-0.103103,0.156212,0.21639,0.852537,0.673213,0.988494,0.869199,-1.14402,-1.54748,-1.25791,-0.800268,-2.03209,4.65849,-2.23596,-0.274277,1.82266,-2.27091,1.22254,0.157031,-1.36399,-9.84893,-2.70987,2.75162,
-3.75412,-1.07529,-0.454055,7.57417,-0.198847,2.56373,-1.90977,-6.13329,10.4038,1.79238,-1.71571,0.753247,0,0,0,0,0,0,0,0,0,0,0,0,0.0385181,-0.136624,0.204438,-0.133326,0.851156,0.63465,1.06882,1.05843,-1.60928,-1.48096,-1.1728,-0.941878,-0.158671,-0.0878649,0.151101,0.16707,0.877033,0.677189,0.991578,0.813198,-1.22012,-1.51214,-1.29587,-0.85058,-2.35121,4.58853,-1.75872,-0.128543,1.69153,-3.00048,-0.0424664,0.00524155,-1.34949,-5.14401,-2.72223,3.0584,
-0.0793667,-1.61089,-0.522378,4.61079,-0.924214,2.21605,-1.72527,-7.21823,9.51888,7.94726,-0.907313,-3.16813,0,0,0,0,0,0,0,0,0,0,0,0,-0.0131259,-0.0610321,0.174669,-0.132987,0.88676,0.589069,1.05493,1.05804,-1.63983,-1.54411,-1.22933,-0.875944,-0.0652135,-0.0941357,0.133,0.0557053,0.884711,0.683126,0.962855,0.767989,-1.29195,-1.29348,-1.3181,-0.938831,-2.44565,1.5666,-1.03869,0.213026,1.74593,0.270748,-1.15341,-0.065852,-1.64368,-3.36335,-2.62375,3.19192,
1.79897,0.920368,-2.05373,1.1379,-1.00348,1.60544,-2.43465,-6.57119,9.47668,12.6006,0.583151,-5.43367,0,0,0,0,0,0,0,0,0,0,0,0,-0.0550399,-0.0850389,0.167409,-0.114727,0.926184,0.634414,1.03134,1.06489,-1.67768,-1.58046,-1.27544,-0.837733,-0.0095583,-0.0804607,0.0939801,-0.0364161,0.926072,0.750295,0.920164,0.81907,-1.33468,-1.09151,-1.28602,-1.05539,-1.32386,-1.61183,0.436033,1.63973,2.00134,2.58313,-0.689686,0.851548,-1.80324,-0.753512,-1.69576,-0.0155055,
2.54285,1.72709,-3.94356,-0.813961,-1.89219,1.08519,-2.34063,-4.51244,8.00755,14.0537,2.92168,-6.24195,0,0,0,0,0,0,0,0,0,0,0,0,-0.0724293,-0.107078,0.191406,-0.0853959,0.967853,0.68436,1.03255,1.0889,-1.70865,-1.58457,-1.2796,-0.873293,0.0177085,-0.0531387,0.0665676,-0.093074,0.934306,0.775912,0.950587,0.936333,-1.41259,-1.01644,-1.15286,-1.17669,-0.578802,-0.757241,1.64518,1.24402,2.107,2.40726,0.583327,1.39628,-1.21184,0.298931,0.493868,-2.68612,
3.45055,1.85993,-5.334,-0.860448,-3.82831,0.914541,-1.42555,-4.16756,6.32643,12.8345,6.08263,-4.7378,0,0,0,0,0,0,0,0,0,0,0,0,-0.0846238,-0.121934,0.224957,-0.069159,1.01064,0.732059,1.04929,1.1274,-1.72434,-1.56752,-1.27096,-0.982256,0.0409432,-0.0617214,0.0416941,-0.0991236,0.895996,0.81122,1.01032,0.994715,-1.47736,-1.02928,-1.01908,-1.29085,-0.622757,-0.709246,1.50484,0.222661,1.92456,2.12895,0.90239,1.70111,-0.304101,1.24264,0.428836,-5.9542,
4.40276,1.45442,-5.819,-0.15759,-5.27719,0.696975,-0.448889,-4.08547,4.96976,10.6603,7.45637,-3.93298,0,0,0,0,0,0,0,0,0,0,0,0,-0.0997529,-0.138194,0.250822,-0.0733407,1.04556,0.771021,1.06478,1.15353,-1.72242,-1.53597,-1.25737,-1.10952,0.0584409,-0.0986648,0.0398145,-0.0969617,0.865852,0.834739,1.05905,1.00265,-1.51491,-1.07294,-0.940345,-1.39388,-0.895835,-0.932413,1.08762,-0.865869,1.56898,1.79193,0.611276,0.627307,0.435497,1.83047,0.938695,-6.35191,
5.01546,0.91571,-5.45423,0.585131,-5.75839,0.0984278,0.390496,-3.75124,4.15506,8.59425,6.58744,-3.14863,0,0,0,0,0,0,0,0,0,0,0,0,-0.119487,-0.158353,0.270644,-0.0929399,1.07425,0.804358,1.07098,1.15094,-1.70768,-1.49317,-1.22931,-1.2373,0.0610062,-0.142046,0.0682483,-0.0976945,0.867854,0.83692,1.08706,0.978633,-1.5233,-1.10605,-0.932353,-1.47506,-1.00624,-1.01609,0.788657,-1.40799,1.19703,1.43126,0.0227586,-1.11295,0.909242,2.16751,1.67276,-5.59037,
4.96968,0.176953,-5.13738,1.18269,-6.09697,-0.985821,0.583259,-2.525,3.88278,6.53564,4.90641,-1.60646,0,0,0,0,0,0,0,0,0,0,0,0,-0.137994,-0.176799,0.287896,-0.116929,1.09703,0.830987,1.06677,1.10708,-1.68632,-1.44519,-1.18858,-1.35454,0.0452367,-0.184988,0.0992086,-0.0898314,0.873437,0.814444,1.08321,0.947837,-1.50916,-1.13647,-0.949837,-1.51774,-0.777828,-0.763348,0.840378,-1.01049,1.01418,1.1445,-0.34482,-2.91202,1.09241,2.36493,2.12447,-4.94715,
3.98941,-1.00511,-4.57293,2.44642,-6.41213,-1.92661,-0.159567,-0.411787,4.95746,4.63342,2.95878,1.30595,0,0,0,0,0,0,0,0,0,0,0,0,-0.151511,-0.189837,0.305225,-0.126807,1.11669,0.852062,1.05853,1.03768,-1.66374,-1.3971,-1.1441,-1.44201,-0.00504947,-0.242557,0.138769,-0.032002,0.879587,0.795051,1.04343,0.946113,-1.44229,-1.16366,-0.980204,-1.46544,-0.655741,-0.625773,0.823084,-0.152607,0.968969,1.00266,-0.435789,-3.75457,1.15755,2.40513,2.27732,-3.78381,
2.02275,-1.55613,-4.27307,5.07394,-7.75027,-3.09418,-0.848035,0.557276,7.63298,3.39282,-0.784407,3.50955,0,0,0,0,0,0,0,0,0,0,0,0,-0.165963,-0.203626,0.32114,-0.135819,1.13733,0.873044,1.05047,0.986653,-1.63869,-1.34698,-1.09667,-1.47536,-0.0990034,-0.279135,0.164956,0.0540068,0.847367,0.769064,1.00914,1.00005,-1.3097,-1.16388,-1.08292,-1.32893,-0.697511,-0.663187,0.7369,-0.656569,1.00221,0.989323,-0.370257,-0.444795,1.18321,2.36942,2.25598,0.3021,
-0.211531,-0.596845,-3.88476,6.68286,-7.32444,-3.54383,-0.941874,1.98178,10.9683,-1.13778,-2.75633,7.31238,0,0,0,0,0,0,0,0,0,0,0,0,-0.178959,-0.215829,0.32514,-0.132947,1.15611,0.890565,1.05087,1.01188,-1.61523,-1.29932,-1.06923,-1.46234,-0.200401,-0.251752,0.158892,0.142791,0.880277,0.763648,1.02388,1.12546,-1.15303,-1.29633,-1.17043,-1.15132,-0.649022,-0.602472,-0.542894,0.421155,0.857371,0.741846,0.534179,1.71543,1.17361,2.42546,0.452615,0.926573,
-2.94984,1.80511,-2.6304,6.99889,-7.23122,-3.61968,-1.50532,3.92983,12.7344,-6.64043,-2.53927,9.39801,0,0,0,0,0,0,0,0,0,0,0,0,-0.191441,-0.228135,0.294548,-0.123321,1.17182,0.892924,1.07431,1.04071,-1.59068,-1.25952,-1.10008,-1.43643,-0.319252,-0.164899,0.151442,0.167711,0.896121,0.728979,1.03945,1.21967,-1.05835,-1.50992,-1.25159,-1.03051,-0.490865,-0.448396,-1.89451,0.553795,0.677527,-0.95789,1.26773,1.08805,1.14744,0.760805,-2.49686,1.49997,
-4.6735,1.32761,-0.766677,6.51203,-8.93935,-3.65137,-2.33569,3.98589,12.6342,-2.98725,-2.84363,10.0586,0,0,0,0,0,0,0,0,0,0,0,0,-0.19906,-0.218266,0.252466,-0.109965,1.18372,0.872478,1.09767,1.05822,-1.56623,-1.34329,-1.16575,-1.40139,-0.391944,-0.136542,0.180946,0.165867,0.83651,0.694309,1.02212,1.23316,-1.03337,-1.60919,-1.34952,-0.960139,-0.297218,1.43096,-2.04267,0.767541,0.518211,-1.6057,0.893512,0.775102,1.37448,-7.32042,-3.50166,1.94547,
-3.42568,0.53286,0.136936,5.40071,-10.094,-2.05894,-2.47133,1.87594,9.88876,0.251768,-4.60219,6.26507,0,0,0,0,0,0,0,0,0,0,0,0,-0.207063,-0.179346,0.211611,-0.0943957,1.19161,0.806479,1.10439,1.07411,-1.53123,-1.48564,-1.24777,-1.35688,-0.354395,-0.114695,0.182813,0.135292,0.792547,0.63775,0.99635,1.1644,-1.09685,-1.6017,-1.51609,-1.06105,-0.515227,2.16684,-1.71377,0.682952,0.234833,-4.31856,-0.459119,0.762755,1.94146,-6.30651,-4.2116,2.26105,
-0.904864,0.387038,1.28407,3.16454,-9.58945,1.14021,-2.34901,-0.958436,6.77432,1.93109,-2.27005,2.548,0,0,0,0,0,0,0,0,0,0,0,0,-0.220318,-0.136545,0.175017,-0.0815759,1.19412,0.700476,1.09082,1.09089,-1.48784,-1.56485,-1.36613,-1.31052,-0.271675,-0.0785207,0.189105,0.0582492,0.811564,0.630522,0.965632,1.07036,-1.17099,-1.53217,-1.5983,-1.16144,-0.758165,2.12715,-1.86373,0.662179,0.0511625,-5.77811,-1.56162,0.889956,2.29376,-2.22862,-7.06843,2.35792,
2.45105,-0.402394,1.16936,0.695952,-9.34011,2.97597,-0.890938,-2.86415,4.34808,4.2309,0.819683,0.206768,0,0,0,0,0,0,0,0,0,0,0,0,-0.236122,-0.0912874,0.1466,-0.0645667,1.19588,0.590381,1.0306,1.11281,-1.43913,-1.57148,-1.49592,-1.26231,-0.151642,-0.0623145,0.1769,-0.0167886,0.825554,0.622724,0.919893,1.02183,-1.21981,-1.37867,-1.5748,-1.2098,-0.6781,2.25343,-0.823682,0.997001,0.163946,-4.33479,-3.75329,1.17927,2.26963,1.17838,-5.58342,2.21202,
6.159,-1.36406,-0.392689,-2.15214,-6.4868,3.39686,1.78543,-4.25772,0.774001,4.43694,4.19002,-1.43897,0,0,0,0,0,0,0,0,0,0,0,0,-0.248647,-0.0511576,0.139206,-0.0418115,1.2017,0.524054,0.942446,1.13906,-1.39603,-1.49737,-1.56104,-1.22038,-0.0133545,-0.0697043,0.120784,-0.102658,0.950779,0.61495,0.922134,0.996647,-1.3249,-1.20786,-1.42388,-1.23789,-0.553366,1.80078,-0.135691,1.26196,0.427406,-2.24893,-4.58646,1.39499,2.00848,5.60163,-1.52173,2.00212,
10.041,-3.7885,-3.18041,-3.19713,-7.09211,2.593,5.6834,-4.11624,-2.97789,10.5086,6.79165,0.109575,0,0,0,0,0,0,0,0,0,0,0,0,-0.257336,-0.0500945,0.136454,-0.018066,1.21582,0.553835,0.855983,1.16493,-1.36102,-1.47609,-1.5294,-1.18714,0.148015,-0.213511,0.0114869,-0.123047,0.950863,0.719596,1.02144,1.01836,-1.45243,-1.07452,-1.17858,-1.16435,0.185503,-0.593814,0.112456,1.14519,0.936515,3.10208,-3.09417,0.903646,1.38491,-0.938383,3.95767,0.920365,
7.98634,-2.49856,-4.25304,-4.70755,-7.22635,0.717983,5.07801,-3.74644,-3.41067,11.8467,10.2695,-2.8072,0,0,0,0,0,0,0,0,0,0,0,0,-0.226958,-0.0531233,0.161951,0.0128443,1.23301,0.613511,0.865343,1.18141,-1.34999,-1.49271,-1.51261,-1.16359,0.150614,-0.161157,0.0172884,-0.143814,0.950943,0.699727,1.08685,1.04429,-1.49753,-1.03858,-1.0921,-1.23906,2.90589,-0.404539,1.27296,1.58219,0.349079,2.87483,0.919227,0.636693,-0.555766,-0.987105,0.486855,1.84099,
5.42636,-0.303092,-3.11144,-2.48856,-6.93002,-2.3381,6.18091,-2.79342,-2.99144,15.2159,11.1277,-2.9592,0,0,0,0,0,0,0,0,0,0,0,0,-0.150823,-0.0771926,0.171866,0.0160401,1.22376,0.673228,0.87727,1.18627,-1.37437,-1.51693,-1.49444,-1.1437,0.158783,-0.123007,0.0452956,-0.119159,0.919503,0.636752,1.13332,1.06972,-1.52627,-0.93269,-1.02925,-1.28259,4.62761,-1.68454,-0.105646,-1.78284,-1.35279,2.85242,0.440546,-0.240548,-1.61234,-1.22,1.00433,-1.026,
1.25203,0.338303,-2.04094,-0.0537736,-5.24744,-5.66603,5.75199,-2.70924,-2.06927,16.9528,10.4145,-2.68357,0,0,0,0,0,0,0,0,0,0,0,0,-0.0271033,-0.110609,0.170533,-0.0348336,1.16501,0.728376,0.885795,1.17442,-1.40724,-1.53533,-1.47443,-1.18892,0.170272,-0.127233,0.0920174,-0.0951529,0.858047,0.554822,1.12529,1.04733,-1.53193,-0.867542,-1.0391,-1.34577,7.36471,-1.50778,0.15609,-2.90842,-4.85346,2.65437,0.470869,-0.936059,-2.09567,-0.516128,0.93732,-2.47549,
-0.936799,0.628975,-2.37174,0.652875,-2.88876,-7.60258,4.26367,-3.21851,-1.83089,15.7256,10.9073,-3.25011,0,0,0,0,0,0,0,0,0,0,0,0,0.115875,-0.137689,0.180532,-0.0863145,1.02287,0.7804,0.897922,1.15435,-1.45957,-1.53091,-1.45631,-1.25239,0.191877,-0.132822,0.102411,-0.0966542,0.74993,0.522029,1.08247,1.00816,-1.5853,-0.882845,-1.00424,-1.43887,5.67366,-1.01461,0.837484,-1.82273,-7.8693,2.28658,0.700019,-0.872535,-2.6246,0.952139,0.788832,-2.82377,
-0.783427,0.732033,-3.58218,0.016669,-0.630888,-8.45702,3.52138,-3.96905,0.393465,12.4011,11.4476,-2.27308,0,0,0,0,0,0,0,0,0,0,0,0,0.190553,-0.154561,0.201902,-0.110071,0.869191,0.821804,0.914172,1.14193,-1.51629,-1.49685,-1.44102,-1.30857,0.202688,-0.139361,0.0836569,-0.11713,0.691916,0.519995,1.07013,0.963661,-1.56497,-0.954863,-0.965915,-1.48826,2.17361,-0.7041,1.25212,-0.38632,-7.60198,1.82356,0.755268,-0.975475,-3.22106,2.29694,0.859828,-4.4388,
0.489415,1.03361,-5.05991,-0.215337,2.97921,-6.76552,3.65484,-4.52712,2.83958,7.6757,11.212,-1.37882,0,0,0,0,0,0,0,0,0,0,0,0,0.200985,-0.171591,0.235537,-0.11759,0.6882,0.860376,0.929064,1.11226,-1.57108,-1.42035,-1.41203,-1.38991,0.202464,-0.144562,0.0567128,-0.133644,0.685838,0.613375,1.08171,0.896217,-1.47216,-1.04609,-0.935329,-1.49952,-0.904844,-0.715793,1.17861,-0.372023,-6.07655,1.181,0.322541,-1.74788,-0.733496,3.36147,1.41134,-2.72274,
0.873725,1.15228,-5.05097,0.248496,3.14673,-6.91015,3.80248,-4.43108,1.73764,5.58713,10.0499,-1.52686,0,0,0,0,0,0,0,0,0,0,0,0,0.173411,-0.188003,0.254937,-0.132274,0.591968,0.88072,0.931686,1.06878,-1.54739,-1.35129,-1.37924,-1.42612,0.17619,-0.160873,0.0674232,-0.143592,0.649249,0.62223,1.08285,0.838192,-1.42444,-1.05928,-0.940485,-1.51331,-1.6085,-0.948043,0.726252,-1.0629,-3.42939,0.89579,-0.0469625,-2.66712,2.67255,3.42609,1.83782,-1.30582,
0.860662,0.93166,-4.14132,0.540606,2.24733,-7.89928,4.14959,-2.48614,1.36457,4.762,8.07716,-0.888134,0,0,0,0,0,0,0,0,0,0,0,0,0.141566,-0.20803,0.267325,-0.152305,0.55586,0.897551,0.927522,0.998158,-1.48776,-1.28206,-1.33776,-1.45321,0.148249,-0.190189,0.110826,-0.146876,0.636402,0.596307,1.08695,0.816913,-1.37391,-1.02881,-0.97307,-1.51559,-1.38713,-0.971244,0.457685,-0.809768,-0.467572,0.736357,-0.32772,-4.08998,2.96316,3.13843,2.07997,-1.34301,
0.270102,0.596298,-3.26386,0.816474,1.53937,-9.21543,4.00971,0.557982,1.20145,4.17081,6.09499,0.716615,0,0,0,0,0,0,0,0,0,0,0,0,0.119038,-0.226059,0.276353,-0.15996,0.564753,0.911569,0.921439,0.906219,-1.42712,-1.22121,-1.29734,-1.48093,0.110903,-0.218943,0.155249,-0.127155,0.64816,0.556813,1.07765,0.831083,-1.31731,-0.994577,-1.01556,-1.47931,-0.946954,-0.83681,0.472502,0.00732811,1.0916,0.693067,-0.208946,-4.87274,3.08779,2.98999,1.89884,-1.35256,
-1.01907,-0.547389,-2.88737,3.20337,2.66315,-8.47162,3.42053,3.25908,5.08996,1.0628,3.67125,4.48315,0,0,0,0,0,0,0,0,0,0,0,0,0.0905505,-0.243296,0.286143,-0.155332,0.608955,0.925523,0.923284,0.834207,-1.4536,-1.15478,-1.26272,-1.50276,0.0225888,-0.280647,0.180537,-0.0217685,0.761852,0.598908,1.06789,0.944641,-1.28176,-1.04437,-1.08762,-1.33783,-1.35995,-0.77275,0.494432,0.27146,2.31858,0.612504,0.389406,-0.996457,-1.58806,3.39485,1.41248,-0.71989,
-3.91151,0.550166,-2.93494,7.04686,2.35414,-6.29217,1.11465,3.52469,9.22552,-7.0967,1.78324,8.87279,0,0,0,0,0,0,0,0,0,0,0,0,0.065684,-0.257116,0.296364,-0.151249,0.657921,0.936182,0.936728,0.87449,-1.4842,-1.08404,-1.23913,-1.51034,-0.113072,-0.247337,0.188438,0.13435,0.803237,0.693303,1.00003,1.0756,-1.14572,-1.29556,-1.14808,-1.15919,-1.1148,-0.611415,0.473574,0.186263,2.55754,0.44036,0.93591,3.00627,-1.52665,3.61758,0.986497,-0.188075,
-6.20966,2.01037,-4.15828,8.94232,1.3267,-5.23336,-0.634504,4.06053,10.3789,-5.79428,-0.776299,11.259,0,0,0,0,0,0,0,0,0,0,0,0,0.0458678,-0.260626,0.3047,-0.148251,0.70971,0.94543,0.955807,0.929642,-1.51531,-1.11483,-1.21996,-1.51036,-0.219829,-0.178099,0.146906,0.212443,0.814736,0.71906,0.947783,1.1428,-1.13148,-1.45913,-1.23084,-1.0567,-0.865508,0.105604,0.426884,0.150071,2.5979,-0.851765,0.867804,2.53705,-1.56636,-5.62637,1.00844,0.164857,
-7.20294,1.53528,-3.71047,9.36941,0.829576,-2.0192,-1.39222,3.32884,10.853,-2.99809,-2.23849,12.0484,0,0,0,0,0,0,0,0,0,0,0,0,0.0294078,-0.246561,0.302996,-0.144744,0.763277,0.888758,0.977887,0.977478,-1.54669,-1.27563,-1.21775,-1.50159,-0.273667,-0.156483,0.143003,0.234101,0.84598,0.724181,0.945793,1.15177,-1.14062,-1.57147,-1.32195,-1.00644,-0.747854,1.43334,-0.578752,0.203423,2.47596,-4.19047,1.17976,2.05705,-1.40258,-8.79559,-0.732893,0.660506,
-6.45861,0.484879,-2.08681,8.90674,-0.312791,0.31601,-1.53237,1.91875,10.6161,0.616539,-2.20972,10.471,0,0,0,0,0,0,0,0,0,0,0,0,0.0122277,-0.206225,0.274733,-0.141335,0.810714,0.784237,1.00496,1.01491,-1.57239,-1.4424,-1.25639,-1.48366,-0.265378,-0.136606,0.150804,0.21842,0.843707,0.68182,0.971243,1.12619,-1.17155,-1.57374,-1.39775,-1.04284,-0.963083,2.51116,-2.02281,0.174242,2.27522,-5.75287,1.37912,1.72683,-1.19009,-7.80015,-2.64855,1.09885,
-4.70308,-0.550882,-0.39669,7.51657,-1.40857,2.0208,-1.65817,0.367878,10.101,2.19982,-1.92875,8.36716,0,0,0,0,0,0,0,0,0,0,0,0,-0.00999758,-0.15043,0.225969,-0.135874,0.85689,0.660785,1.02885,1.04975,-1.59542,-1.54763,-1.31835,-1.45697,-0.219677,-0.11695,0.159939,0.173115,0.843597,0.631688,0.98502,1.09672,-1.21223,-1.51782,-1.45435,-1.09392,-1.07782,2.77579,-2.50812,0.416336,2.15251,-5.49646,1.12479,1.61271,-1.04298,-2.9088,-2.94251,1.41813,
-3.35768,-1.68767,0.857096,5.26519,-2.77403,2.13237,-0.990324,-0.863395,9.10152,3.43766,-1.93955,6.22812,0,0,0,0,0,0,0,0,0,0,0,0,-0.0310323,-0.0984266,0.178956,-0.122978,0.899661,0.568427,1.04056,1.08188,-1.61607,-1.5587,-1.37954,-1.42646,-0.18519,-0.117791,0.167266,0.105279,0.83138,0.580241,0.995571,1.07896,-1.2729,-1.3986,-1.51938,-1.14469,-0.992509,2.40714,-2.29869,0.882477,2.13401,-3.67402,-0.269013,1.58042,-1.04465,1.1298,-3.11279,1.63213,
-1.22655,-1.73005,0.493782,2.93515,-3.86931,2.09697,-1.16981,-2.2947,9.23602,7.29694,-0.209368,4.44294,0,0,0,0,0,0,0,0,0,0,0,0,-0.052603,-0.0658071,0.142914,-0.101362,0.944992,0.525249,1.03981,1.11574,-1.63855,-1.52168,-1.44215,-1.39158,-0.123332,-0.137919,0.132468,0.0383983,0.833473,0.636763,0.97941,1.05542,-1.2914,-1.26926,-1.51812,-1.17965,-1.08335,-0.145524,-1.5099,1.11773,2.16269,1.38179,-0.680373,1.57324,-1.11481,-1.97302,-3.38005,1.71078,
-0.155829,-0.854667,0.259344,0.359801,-5.01974,-0.24226,-0.684876,-3.4418,8.68235,9.51443,1.24745,1.3841,0,0,0,0,0,0,0,0,0,0,0,0,-0.069075,-0.0871525,0.122541,-0.0697251,0.990215,0.59002,1.00876,1.14697,-1.65899,-1.55254,-1.49104,-1.35179,-0.0855397,-0.140347,0.118967,-0.0187688,0.831854,0.647569,0.943302,1.0383,-1.32594,-1.19117,-1.47084,-1.25523,-0.511579,-0.950394,-0.697404,1.82822,2.12142,3.36202,-1.90336,1.45006,-0.712057,-0.960239,-1.48472,2.05989,
1.79289,0.174236,-1.42008,-1.19105,-5.87792,-1.3885,-1.25604,-5.03315,6.68671,10.3179,3.0986,-1.67478,0,0,0,0,0,0,0,0,0,0,0,0,-0.0779675,-0.104193,0.13456,-0.0314587,1.03133,0.655481,1.00869,1.17769,-1.66587,-1.56119,-1.4864,-1.30993,-0.0186232,-0.117246,0.103229,-0.0440196,0.834485,0.663502,0.969154,1.00786,-1.39768,-1.14943,-1.33288,-1.3346,-0.618577,-1.0011,1.27363,1.75405,1.91344,3.17804,0.535055,1.57458,0.0362969,-0.047733,1.47886,2.11594,
3.50237,1.01845,-1.75138,-2.29547,-6.77243,-2.51529,0.097372,-5.40134,4.38749,10.5543,4.62188,-4.65468,0,0,0,0,0,0,0,0,0,0,0,0,-0.0949414,-0.128558,0.156669,-0.00183088,1.06706,0.71817,1.01714,1.20693,-1.65745,-1.55452,-1.45091,-1.26364,0.0275364,-0.111895,0.105313,-0.0757307,0.826385,0.673355,1.02687,1.0113,-1.46822,-1.12004,-1.22942,-1.40784,-0.880854,-1.20371,0.934959,0.89595,1.51101,2.78984,0.29188,1.02118,0.686687,0.615661,1.83083,2.0994,
5.09391,0.39541,-3.29198,-2.27785,-7.26275,-3.63852,1.99206,-4.22907,1.78225,11.2422,6.35426,-4.52739,0,0,0,0,0,0,0,0,0,0,0,0,-0.110308,-0.149661,0.175883,0.00396302,1.09445,0.769304,1.02167,1.21728,-1.63993,-1.5362,-1.41326,-1.2727,0.0824023,-0.149923,0.0660752,-0.0916629,0.829018,0.670277,1.10474,1.04817,-1.54856,-1.0629,-1.12086,-1.49204,-0.552321,-0.803931,1.09359,-0.225599,1.25375,2.32567,0.169196,0.00267924,1.00394,1.18067,1.91164,-1.9126,
6.54903,-1.06421,-5.44615,-1.74413,-8.50002,-4.31121,3.14703,-2.07789,-2.28245,11.0119,7.53077,-3.21502,0,0,0,0,0,0,0,0,0,0,0,0,-0.117107,-0.160926,0.201718,-0.0131762,1.1187,0.812712,1.0244,1.19947,-1.61655,-1.50533,-1.37278,-1.35065,0.141969,-0.209952,0.0105795,-0.114014,0.800072,0.677424,1.1532,1.06755,-1.68311,-1.03044,-1.0336,-1.58399,-0.144281,-0.32288,1.33536,-1.55361,1.06888,1.85801,0.145759,-2.4401,1.23669,1.7209,1.89747,-5.23703,
5.9447,-1.53609,-5.86205,-0.95472,-5.23785,-5.10846,3.48817,-1.85088,-2.4384,9.99806,8.00982,-1.94765,0,0,0,0,0,0,0,0,0,0,0,0,-0.101711,-0.165573,0.22888,-0.045723,1.11074,0.846175,1.02552,1.14904,-1.60794,-1.46804,-1.33398,-1.46145,0.176543,-0.233561,0.018846,-0.125289,0.84447,0.673237,1.16453,1.00655,-1.72243,-1.03053,-0.974378,-1.65985,2.02331,-0.327209,1.2224,-2.06887,-2.83801,1.57003,-0.0257864,-3.42239,-0.847664,1.87917,1.9607,-6.02458,
2.50618,-0.371917,-4.54444,0.420499,-0.625524,-8.06446,2.03409,-2.21452,2.0002,9.34294,8.5717,-0.0110228,0,0,0,0,0,0,0,0,0,0,0,0,-0.0285938,-0.176101,0.250744,-0.0916774,0.99846,0.878291,1.02468,1.06255,-1.63868,-1.42871,-1.29351,-1.5747,0.164503,-0.205584,0.0854953,-0.118766,0.833002,0.586478,1.10556,0.883558,-1.59873,-1.01846,-0.913244,-1.67486,4.64246,-0.730317,0.826468,-2.19542,-7.02185,1.5383,-0.0244132,-4.52081,-2.00301,1.82662,1.86969,-4.9862,
-0.204418,0.835695,-3.44121,0.339625,2.2264,-10.8947,1.18832,-1.55396,3.33789,9.01493,7.20099,1.54467,0,0,0,0,0,0,0,0,0,0,0,0,0.0639292,-0.195013,0.26336,-0.128843,0.84832,0.908378,1.02382,0.962688,-1.63857,-1.38985,-1.25522,-1.64053,0.138237,-0.182529,0.136706,-0.140414,0.794998,0.501247,1.06914,0.791825,-1.46972,-0.987173,-0.927138,-1.61935,4.12423,-1.04718,0.549709,-1.25782,-7.1189,1.43286,-0.110704,-5.43522,1.76649,2.10403,2.00224,-2.03031,
-2.06816,2.1963,-2.95323,0.623697,2.04283,-13.0405,0.928799,0.546878,2.45886,8.34215,5.82872,2.90013,0,0,0,0,0,0,0,0,0,0,0,0,0.125823,-0.218706,0.273674,-0.143604,0.730726,0.936131,1.02221,0.846835,-1.57207,-1.3386,-1.21225,-1.64332,0.0795601,-0.153392,0.165844,-0.123275,0.730373,0.438485,1.05919,0.758946,-1.38421,-0.948907,-0.938027,-1.49969,1.82316,-1.12693,0.514943,-0.230929,-4.10334,1.1986,-0.00820309,-5.48821,4.4749,2.80025,2.05346,1.38124,
-2.40144,2.45389,-3.92873,1.40987,0.564843,-14.5522,0.527286,3.84953,1.37857,5.82817,4.38245,4.89159,0,0,0,0,0,0,0,0,0,0,0,0,0.138893,-0.240149,0.286111,-0.137305,0.686007,0.957312,1.02503,0.754565,-1.49411,-1.27383,-1.17266,-1.60299,0.0379177,-0.160736,0.144873,-0.0663795,0.681355,0.392785,1.05099,0.824511,-1.34171,-0.96684,-0.95857,-1.32079,-0.245893,-0.937147,0.795536,0.726537,-1.3623,0.878074,0.243624,-4.20177,4.86241,3.69326,1.93945,4.32698,
-3.39557,0.141232,-4.29863,5.18045,0.408755,-8.87453,0.20432,4.64896,6.08998,-1.86538,0.920512,9.34066,0,0,0,0,0,0,0,0,0,0,0,0,0.114692,-0.255043,0.305864,-0.123785,0.72112,0.967819,1.02885,0.781276,-1.4937,-1.18478,-1.12938,-1.59961,-0.0406676,-0.25638,0.155371,0.0925545,0.780522,0.612718,1.03444,1.03143,-1.26608,-1.16627,-1.04521,-1.22788,-0.976821,-0.349283,1.07262,0.4561,2.15262,-0.00598946,-0.129506,3.20959,-0.79918,4.65598,2.36755,-0.0947848,
-5.9812,1.79933,-3.99667,7.62626,0.810632,-5.64045,-0.665157,6.89323,10.3588,-8.91611,-1.49444,11.5424,0,0,0,0,0,0,0,0,0,0,0,0,0.0957,-0.262257,0.315485,-0.116586,0.761899,0.960633,1.02695,0.833448,-1.50969,-1.09719,-1.08896,-1.58984,-0.165656,-0.201616,0.146368,0.189951,0.8339,0.719482,1.00563,1.15378,-1.11209,-1.39115,-1.12532,-1.11318,-1.1054,-0.566595,-0.46254,0.0743712,1.97879,-0.776678,0.264326,2.23036,-0.837518,3.13398,1.17069,0.748,
-8.05732,1.72378,-2.85872,8.85926,0.515266,-3.71536,-1.66188,7.09306,11.1822,-5.16007,-2.42448,13.6585,0,0,0,0,0,0,0,0,0,0,0,0,0.0717691,-0.260321,0.285094,-0.118091,0.802307,0.951073,1.04552,0.873805,-1.52687,-1.1779,-1.08995,-1.56992,-0.272486,-0.174442,0.129278,0.234604,0.860755,0.77269,1.00672,1.19337,-1.0937,-1.55255,-1.20521,-1.00231,-1.09813,0.846353,-2.07336,-0.0837857,1.89184,-1.48841,1.38398,1.79226,-0.705834,-8.41216,-0.913724,1.06356,
-7.08762,0.576418,-0.937225,7.91638,-1.09466,-1.5521,-2.80518,4.59152,9.9897,-0.671086,-2.11598,11.3917,0,0,0,0,0,0,0,0,0,0,0,0,0.0449272,-0.222239,0.228907,-0.118585,0.848344,0.859347,1.0815,0.918731,-1.53879,-1.38664,-1.12516,-1.54135,-0.261977,-0.154669,0.139304,0.197434,0.839857,0.705087,0.999377,1.13913,-1.14421,-1.59651,-1.24429,-1.06177,-1.16994,2.22565,-2.60573,-0.0317687,1.76498,-4.60883,1.50412,1.83697,-0.250371,-9.1513,-1.72494,1.19529,
-5.27185,-0.387134,0.180734,7.13406,-2.2478,-0.0786886,-2.26455,2.9418,9.17769,1.36327,-1.74149,9.51444,0,0,0,0,0,0,0,0,0,0,0,0,0.0191268,-0.171932,0.179974,-0.117544,0.884238,0.744232,1.1044,0.958791,-1.54122,-1.52507,-1.15992,-1.5155,-0.217298,-0.138141,0.149935,0.17055,0.827522,0.623205,1.02435,1.11529,-1.17519,-1.56498,-1.26108,-1.10958,-1.27753,2.46383,-1.86344,0.136584,1.65977,-5.894,0.526807,1.94112,-0.0540243,-4.72217,-1.57492,1.26721,
-3.5957,-0.86153,0.481265,5.93615,-2.92714,1.50514,-1.49655,1.12831,8.46046,2.00417,-1.6227,7.94175,0,0,0,0,0,0,0,0,0,0,0,0,-0.00630224,-0.126155,0.154501,-0.111741,0.917158,0.627572,1.10406,0.998775,-1.54206,-1.56911,-1.1939,-1.48993,-0.174608,-0.118073,0.159633,0.134989,0.833082,0.577221,1.03484,1.08469,-1.20478,-1.4973,-1.29176,-1.14636,-1.22388,2.12716,-0.705893,0.46423,1.65049,-5.5278,-0.467731,2.03901,-0.0570894,-0.417709,-1.64755,1.29499,
-2.44547,-1.08308,0.577847,4.58161,-3.52944,2.428,-0.885657,-0.431732,8.21375,2.13624,-1.51218,6.62821,0,0,0,0,0,0,0,0,0,0,0,0,-0.0298552,-0.0894759,0.146709,-0.0989582,0.950614,0.534236,1.0877,1.04011,-1.54398,-1.54703,-1.23441,-1.46358,-0.149482,-0.10039,0.169614,0.100938,0.843561,0.55607,1.03029,1.06418,-1.21838,-1.41832,-1.33447,-1.17126,-1.09038,1.62047,-0.0104551,0.831576,1.70622,-3.76427,-1.09919,2.06688,-0.147628,2.16283,-1.97875,1.35934,
-1.68748,-1.24899,0.567687,3.39845,-3.81551,1.39293,-0.53471,-1.47726,8.712,2.81015,-0.949939,5.47239,0,0,0,0,0,0,0,0,0,0,0,0,-0.0523593,-0.0630111,0.1466,-0.0789565,0.987052,0.481086,1.06104,1.08282,-1.548,-1.48805,-1.28317,-1.43373,-0.14061,-0.0934509,0.166816,0.0783322,0.869573,0.506891,1.0084,1.06301,-1.20415,-1.30756,-1.3722,-1.18464,-1.03759,0.975993,-0.124595,1.06754,1.75707,-1.49563,-1.56253,1.96395,-0.231567,3.40402,-2.55172,1.50939,
-0.114687,-1.43485,-0.05294,1.05919,-4.95172,0.953791,-0.344934,-3.31159,7.04423,8.2822,-1.35788,2.93374,0,0,0,0,0,0,0,0,0,0,0,0,-0.0710142,-0.0742811,0.142698,-0.0549331,1.02274,0.502149,1.02597,1.11909,-1.55347,-1.48026,-1.3318,-1.40066,-0.0862907,-0.155721,0.146107,0.0194247,0.861153,0.610927,0.979419,1.02003,-1.27622,-1.17764,-1.43067,-1.24606,-0.534447,-1.20229,0.276319,1.59952,1.8239,3.53134,-1.63773,1.67021,-0.225983,-1.43328,-2.22798,1.86254,
0.537933,-1.09867,-0.147755,-0.973139,-6.70417,-0.249798,-0.886507,-4.30411,6.30036,8.94648,-0.23192,0.0595382,0,0,0,0,0,0,0,0,0,0,0,0,-0.077173,-0.0935815,0.146944,-0.0166983,1.05993,0.574023,0.998847,1.15176,-1.55302,-1.50014,-1.38362,-1.3573,-0.0612751,-0.154985,0.134907,-0.0190678,0.825029,0.630471,0.93859,1.00931,-1.29473,-1.15337,-1.44653,-1.31088,-0.280969,-0.872849,-0.306344,1.8278,1.66337,3.32201,-1.23983,1.48568,0.314154,-0.554615,-2.68144,2.20216,
2.46047,-0.0124608,-0.711105,-2.62014,-8.10696,-1.15467,-0.321329,-5.75451,3.5463,9.21998,2.49235,-3.40162,0,0,0,0,0,0,0,0,0,0,0,0,-0.0849714,-0.113043,0.144664,0.0194941,1.09232,0.641422,0.977419,1.18327,-1.53961,-1.50346,-1.42021,-1.31032,0.00251541,-0.134911,0.118386,-0.0547542,0.796327,0.657354,0.949543,0.983593,-1.37907,-1.1317,-1.34173,-1.40172,-0.546606,-1.06845,0.108277,1.52787,1.41451,3.10592,-0.751135,1.52507,0.934229,0.147943,-1.06053,2.23335,
5.29401,0.343574,-2.41748,-3.94383,-8.60564,-2.81134,0.154635,-5.00169,-0.555901,10.2677,3.58274,-4.37441,0,0,0,0,0,0,0,0,0,0,0,0,-0.0981679,-0.135896,0.15635,0.0421316,1.1182,0.700511,0.978319,1.20803,-1.51708,-1.49596,-1.40769,-1.29417,0.0996564,-0.145071,0.0749731,-0.0990557,0.797278,0.643489,0.994977,1.02523,-1.51484,-1.0749,-1.23143,-1.48262,-0.696798,-1.14586,0.766132,0.828296,1.16501,2.77158,0.523646,0.863407,1.22374,0.517806,1.64756,-0.673682,
7.17134,-0.798797,-3.9202,-3.79706,-9.54077,-4.04822,1.62888,-2.54196,-3.78962,11.0643,4.15594,-3.50172,0,0,0,0,0,0,0,0,0,0,0,0,-0.110712,-0.156985,0.172569,0.0439423,1.14083,0.753492,0.986114,1.2098,-1.49228,-1.48238,-1.37186,-1.34724,0.168649,-0.203769,0.0341454,-0.121517,0.779569,0.637364,1.05655,1.09069,-1.62196,-1.02468,-1.17171,-1.56262,-0.37463,-0.741619,0.919246,-0.67885,1.0185,2.29002,0.264223,-0.871372,1.0953,0.756543,1.69538,-3.76531,
5.78826,-1.76596,-5.45835,-1.50508,-6.49664,-4.12741,2.47341,-0.58899,-3.72138,12.7115,6.69362,-1.67575,0,0,0,0,0,0,0,0,0,0,0,0,-0.094519,-0.166782,0.194493,0.0138009,1.14383,0.795346,0.99072,1.17468,-1.48792,-1.46552,-1.34019,-1.44097,0.187841,-0.24492,-0.000166222,-0.100401,0.857339,0.670056,1.09548,1.09248,-1.65734,-0.93964,-1.04474,-1.61468,2.54151,-0.374946,1.18373,-2.69994,-1.33128,1.99034,0.291001,-2.93191,-1.02841,0.871032,1.3852,-5.334,
2.1452,-0.740985,-5.38545,0.408841,-2.39284,-5.83598,2.54967,-1.4957,-0.805812,12.6805,9.17452,-0.795038,0,0,0,0,0,0,0,0,0,0,0,0,-0.0113821,-0.176354,0.217452,-0.0480023,1.0727,0.834086,0.997283,1.10659,-1.53327,-1.4456,-1.31497,-1.54234,0.180682,-0.220907,0.0218261,-0.0938236,0.858682,0.639383,1.10623,0.979671,-1.63021,-0.915805,-0.924102,-1.66875,5.31279,-0.745674,0.989596,-3.10875,-5.91543,1.93679,0.348159,-3.35478,-3.23559,1.12856,1.19436,-4.7308,
-0.289928,1.25071,-4.33972,0.887063,0.968779,-9.8444,2.20734,-2.88869,3.22228,11.3258,9.03582,0.305346,0,0,0,0,0,0,0,0,0,0,0,0,0.0900266,-0.200208,0.232561,-0.104283,0.92289,0.874049,1.00375,1.03741,-1.59083,-1.41532,-1.28803,-1.61958,0.156116,-0.178262,0.0697513,-0.108872,0.814531,0.516746,1.09636,0.85212,-1.50433,-0.926736,-0.897962,-1.66673,3.88431,-1.40413,0.538925,-2.00362,-7.35552,1.8236,0.215661,-3.48712,-2.11944,1.77746,1.43188,-2.96832,
-1.56033,2.67211,-3.8661,0.0042619,2.41883,-13.9088,2.00874,-2.06036,2.72172,9.23057,6.73332,1.1761,0,0,0,0,0,0,0,0,0,0,0,0,0.147022,-0.230565,0.24331,-0.129004,0.780423,0.90826,1.00701,0.949968,-1.57718,-1.36731,-1.25443,-1.64875,0.116165,-0.150731,0.100462,-0.136225,0.763056,0.380159,1.08977,0.770165,-1.41518,-0.942722,-0.950589,-1.60881,1.57778,-1.35248,0.589818,-0.369546,-5.70598,1.41267,0.120142,-4.86947,2.65654,2.76817,1.72558,-0.355601,
-1.59778,2.97629,-4.32046,-0.255159,2.39333,-16.0332,0.945476,0.282401,2.34055,6.41528,4.88592,2.41802,0,0,0,0,0,0,0,0,0,0,0,0,0.155225,-0.254464,0.257468,-0.126764,0.69892,0.931487,1.0118,0.844201,-1.50719,-1.30101,-1.22038,-1.62883,0.0800934,-0.155698,0.101532,-0.128649,0.740712,0.308716,1.05766,0.7453,-1.33136,-0.968371,-0.992568,-1.49308,-0.561009,-1.01425,0.844097,0.416043,-2.69707,0.927873,0.402266,-5.50983,4.11029,3.80154,1.61884,1.95159,
-2.30502,1.31367,-4.3582,3.98289,1.39856,-10.7187,0.426164,4.69753,3.76899,-1.60678,2.07477,7.03018,0,0,0,0,0,0,0,0,0,0,0,0,0.129274,-0.272416,0.277371,-0.128279,0.697503,0.945194,1.02469,0.770444,-1.46489,-1.21058,-1.18941,-1.60088,0.0113079,-0.232917,0.123693,0.0205612,0.801468,0.522698,1.05444,0.94087,-1.33498,-1.18022,-1.0766,-1.30993,-1.28829,-0.652392,1.0325,-0.523758,2.40116,0.312664,0.635423,-0.873737,-1.04289,4.73135,1.4913,0.48736,
-5.21983,2.43371,-4.65623,6.56433,0.928045,-5.97832,-0.778137,5.74445,7.3956,-9.16692,-1.0045,10.7035,0,0,0,0,0,0,0,0,0,0,0,0,0.107064,-0.283057,0.296932,-0.129635,0.74426,0.942586,1.03362,0.794864,-1.48547,-1.11519,-1.15622,-1.59431,-0.12239,-0.200433,0.123995,0.137377,0.827491,0.684212,1.00938,1.08295,-1.21311,-1.40361,-1.1627,-1.1636,-1.03304,-0.736236,0.665603,0.221907,2.3055,-0.962063,0.344274,2.91526,-1.17313,3.91249,1.68497,0.128236,
-7.61592,2.3078,-3.83052,8.46165,0.862926,-2.9159,-2.3902,6.89856,9.9523,-4.84961,-2.67569,13.3934,0,0,0,0,0,0,0,0,0,0,0,0,0.0863834,-0.287947,0.289672,-0.12783,0.792067,0.917731,1.05212,0.844631,-1.514,-1.19127,-1.13943,-1.58416,-0.236504,-0.180707,0.114758,0.211786,0.871753,0.758206,0.984605,1.16161,-1.14416,-1.55869,-1.242,-1.03417,-0.912537,0.746388,-1.08461,0.0574825,2.25847,-2.1444,1.40447,2.0519,-1.41286,-8.67185,0.222503,0.712694,
-7.19938,0.955458,-2.54799,8.87894,-0.4428,-0.789475,-2.73616,6.68506,9.79949,-0.648066,-3.11497,12.7684,0,0,0,0,0,0,0,0,0,0,0,0,0.0670201,-0.25572,0.254578,-0.127619,0.836067,0.847574,1.08452,0.882601,-1.54029,-1.38509,-1.16189,-1.5667,-0.242645,-0.170947,0.113345,0.226568,0.861093,0.728331,1.00318,1.18717,-1.17179,-1.60837,-1.32239,-1.03678,-1.08449,2.32777,-1.96565,-0.0485715,2.13695,-4.38322,1.40571,1.85851,-1.17379,-9.8681,-1.79498,0.959113,
-5.63284,-0.445673,-1.37569,8.84013,-1.83599,0.593335,-2.16737,5.59171,9.49169,1.17857,-2.98494,11.7118,0,0,0,0,0,0,0,0,0,0,0,0,0.0408924,-0.200584,0.211773,-0.129291,0.879713,0.739155,1.10599,0.923218,-1.56114,-1.53631,-1.22161,-1.54602,-0.21138,-0.161689,0.12015,0.223425,0.84716,0.656705,1.02967,1.1878,-1.19859,-1.5943,-1.40925,-1.05799,-1.34794,2.8361,-1.82978,-0.0444718,2.04435,-5.30921,0.518744,2.04577,-0.855509,-5.25678,-3.41233,0.977789,
-4.63905,-1.06556,-0.14685,7.38257,-3.9601,0.159261,-1.82506,3.80446,9.86395,2.29309,-1.91317,11.0023,0,0,0,0,0,0,0,0,0,0,0,0,0.0116852,-0.14426,0.175011,-0.127537,0.922321,0.634388,1.10625,0.968901,-1.57687,-1.59251,-1.31161,-1.52557,-0.199929,-0.135445,0.144514,0.174402,0.804859,0.551766,1.02227,1.16685,-1.19624,-1.51892,-1.47551,-1.06575,-1.3026,2.57188,-1.23118,0.331815,2.04711,-4.44963,-0.548669,2.28866,-0.696611,-0.906376,-4.36891,0.986238,
-3.51844,-1.15784,0.523481,5.70633,-4.7997,0.278911,-1.18882,2.48025,9.93099,1.6539,-1.80164,9.85533,0,0,0,0,0,0,0,0,0,0,0,0,-0.0151856,-0.102912,0.156675,-0.118335,0.962852,0.562778,1.08688,1.01612,-1.58901,-1.58318,-1.38329,-1.50495,-0.182459,-0.118154,0.155593,0.122238,0.810482,0.503821,1.0121,1.16163,-1.20243,-1.46003,-1.53453,-1.0874,-1.32679,1.55359,-1.10104,0.615994,1.98089,-3.50568,-1.36179,2.31484,-0.532691,2.84959,-3.95883,1.16684,
-2.98119,-1.33131,1.14359,4.35702,-5.13738,0.0517255,-0.41897,1.40499,10.4295,1.00407,-1.10657,8.7802,0,0,0,0,0,0,0,0,0,0,0,0,-0.0402403,-0.0776129,0.132506,-0.102026,1.00168,0.50022,1.04755,1.06062,-1.5981,-1.51142,-1.46347,-1.47815,-0.183205,-0.109207,0.154859,0.0918722,0.834567,0.449286,0.982246,1.16001,-1.18842,-1.39957,-1.58422,-1.09736,-1.18583,1.08289,-1.16957,0.980876,1.91905,-2.65014,-2.42726,2.15929,-0.374918,3.58437,-3.82418,1.47912,
-2.32023,0.0692516,1.08511,2.21608,-6.51103,-0.863032,-0.293522,-0.380975,10.4299,4.1663,0.483855,6.8635,0,0,0,0,0,0,0,0,0,0,0,0,-0.0641128,-0.0744427,0.1106,-0.0787037,1.04174,0.485484,0.992759,1.10447,-1.60373,-1.49038,-1.52593,-1.444,-0.176619,-0.104332,0.136385,0.0357153,0.819391,0.476943,0.931771,1.12852,-1.1899,-1.32834,-1.56703,-1.13332,-0.984827,-1.63294,-0.880973,1.2888,1.90483,1.29899,-2.46238,1.96453,-0.168486,-0.230537,-3.02253,1.80715,
-1.87456,0.786914,0.698257,0.109506,-8.17772,-2.08364,-0.172109,-1.37304,9.15773,5.25902,2.26351,3.94474,0,0,0,0,0,0,0,0,0,0,0,0,-0.075805,-0.109149,0.102843,-0.0452896,1.07933,0.525078,0.945169,1.14009,-1.60283,-1.48821,-1.56517,-1.40196,-0.158683,-0.104667,0.126398,-0.00424279,0.787979,0.494019,0.888552,1.11773,-1.22954,-1.27726,-1.48564,-1.197,-0.394768,-1.34974,-0.218781,1.83333,1.78808,2.61431,-2.48661,1.62784,0.349034,0.0295346,-0.550343,2.35864,
1.66002,0.883932,-0.441788,-1.64133,-8.83183,-1.79522,-0.721406,-3.61426,5.98518,7.19017,2.91962,-1.91759,0,0,0,0,0,0,0,0,0,0,0,0,-0.0851912,-0.132913,0.108061,-0.00889203,1.11292,0.591849,0.929018,1.17141,-1.58653,-1.48815,-1.55774,-1.348,-0.0325539,-0.122953,0.108075,-0.045219,0.786698,0.585181,0.916729,1.05308,-1.3239,-1.19737,-1.40921,-1.36949,-0.68818,-1.26984,0.884286,1.46632,1.35279,3.25707,0.828366,1.31212,1.16116,0.158597,1.58722,2.7607,
4.14053,1.43962,-1.30677,-2.35015,-9.03661,-2.455,0.574022,-4.04287,2.94796,8.38307,4.23873,-4.42885,0,0,0,0,0,0,0,0,0,0,0,0,-0.103336,-0.162089,0.11972,0.0112784,1.1349,0.653118,0.94037,1.1895,-1.55714,-1.47999,-1.51944,-1.30159,0.0436199,-0.133528,0.0772955,-0.0772401,0.792273,0.613067,0.973277,1.03334,-1.40542,-1.13189,-1.31005,-1.46455,-0.933288,-1.45115,0.492292,0.274381,0.941656,2.90746,0.497328,0.277991,1.68996,0.638724,1.99178,0.710006,
5.64714,0.27715,-3.79283,-2.08558,-9.45092,-3.2545,2.34736,-2.02824,-1.99374,8.78664,6.67167,-2.84588,0,0,0,0,0,0,0,0,0,0,0,0,-0.116351,-0.184969,0.13543,0.0011664,1.15335,0.709539,0.950944,1.17808,-1.52014,-1.46011,-1.47881,-1.34266,0.104983,-0.186895,0.00549924,-0.102443,0.791887,0.628575,1.05482,1.05741,-1.56422,-1.08425,-1.17455,-1.53552,-0.227604,-0.650612,1.08912,-1.00929,0.828657,2.46084,0.498987,-1.97721,1.78345,1.21993,1.86973,-3.95095,
6.08749,-0.637495,-6.25017,-1.42189,-8.68277,-3.7321,3.78865,-0.398062,-5.88864,8.74495,8.00924,-1.70462,0,0,0,0,0,0,0,0,0,0,0,0,-0.105493,-0.192452,0.161839,-0.0293366,1.16414,0.754976,0.959131,1.12903,-1.48743,-1.43254,-1.44156,-1.43078,0.173418,-0.223357,-0.0599597,-0.122405,0.814798,0.648415,1.1156,1.05017,-1.69542,-1.05502,-1.08323,-1.59822,1.77053,-0.270263,1.4104,-1.80963,-0.101537,2.13613,0.246119,-3.14719,1.37778,1.38633,1.89779,-4.96298,
2.89495,0.991663,-6.50746,0.457726,-5.68668,-5.93488,3.67698,-0.821667,-4.03381,9.38791,9.11162,0.0406466,0,0,0,0,0,0,0,0,0,0,0,0,-0.0387006,-0.200926,0.189263,-0.0695286,1.1353,0.798322,0.960176,1.0546,-1.49185,-1.40487,-1.40047,-1.51999,0.170224,-0.176167,-0.0506351,-0.0918041,0.83268,0.602425,1.10483,0.956158,-1.732,-1.00622,-0.99614,-1.60931,4.65635,-0.745374,1.01999,-2.02922,-3.75764,2.0749,-0.121213,-3.27896,-3.93987,1.1568,1.99348,-4.54742,
-0.832514,2.80137,-3.86752,0.792991,0.43132,-10.9834,3.05643,-2.55141,3.35991,9.65936,7.93322,-0.00424308,0,0,0,0,0,0,0,0,0,0,0,0,0.0860485,-0.234675,0.20288,-0.120233,0.954019,0.853149,0.955591,0.979307,-1.62502,-1.37397,-1.34788,-1.59682,0.133768,-0.152408,0.0552803,-0.111374,0.803438,0.45469,1.07413,0.821055,-1.59779,-0.959265,-0.989792,-1.62544,4.051,-1.48943,0.355066,-1.14305,-8.39166,2.04386,-0.185878,-2.80975,-5.35824,1.41627,2.03816,-1.42225,
-2.27809,2.90736,-2.81319,-0.608029,3.04854,-15.116,2.22876,-2.36425,4.0433,9.17304,6.3128,0.340316,0,0,0,0,0,0,0,0,0,0,0,0,0.145751,-0.261835,0.211668,-0.127782,0.788193,0.890459,0.955039,0.916102,-1.65937,-1.33616,-1.30862,-1.60732,0.0916072,-0.167171,0.112266,-0.146387,0.76278,0.318955,1.04735,0.74541,-1.47115,-0.921549,-1.01908,-1.59415,1.849,-1.08151,0.656282,0.28581,-7.36775,1.6567,0.158094,-3.80609,1.32427,2.38427,1.85156,-0.0219648,
-1.79086,2.15462,-3.0503,-0.7584,2.87637,-16.4322,0.86585,-0.109357,2.85181,6.37821,5.40718,1.1896,0,0,0,0,0,0,0,0,0,0,0,0,0.153211,-0.27961,0.228995,-0.117215,0.677046,0.919488,0.964935,0.825641,-1.58998,-1.27239,-1.27399,-1.59374,0.0629651,-0.2064,0.126438,-0.137559,0.723303,0.284607,1.01479,0.727266,-1.37679,-0.944441,-1.02854,-1.52287,-0.930563,-0.648756,0.972744,0.499588,-3.43991,1.12044,0.760859,-4.70004,4.95598,3.64106,1.45786,1.16408,
-4.47315,1.6489,-3.30802,2.8505,0.496927,-15.5987,0.780312,2.81581,8.91716,3.90547,5.22045,5.95937,0,0,0,0,0,0,0,0,0,0,0,0,0.116888,-0.289659,0.252391,-0.117422,0.649067,0.936676,0.984751,0.77314,-1.49312,-1.18422,-1.2462,-1.58168,-0.0774185,-0.227641,0.147033,-0.0181172,0.737726,0.322806,1.03388,0.893027,-1.19566,-0.937167,-1.01112,-1.33042,-0.769004,-0.196896,1.34815,-0.73576,3.43912,0.503841,0.895881,0.362716,-2.96125,4.54181,1.31305,0.644239,
-4.90397,1.61415,-3.01828,5.71012,2.87536,-7.45396,0.447843,5.26648,10.6912,-8.70168,1.53257,10.0348,0,0,0,0,0,0,0,0,0,0,0,0,0.0963146,-0.295374,0.274894,-0.119431,0.700467,0.937472,0.994755,0.819174,-1.51833,-1.08304,-1.21063,-1.5733,-0.125185,-0.240334,0.169808,0.115998,0.862245,0.631056,1.01467,1.09246,-1.10778,-1.31942,-1.10361,-1.16536,-1.26706,-0.476283,0.782303,0.351223,2.33817,-0.412853,0.100093,3.13115,-0.85483,5.58428,2.28574,0.327301,
-5.97188,2.7789,-4.12061,8.16662,0.122371,-5.16871,-1.45722,4.6188,9.82705,-5.90448,-2.0645,10.9075,0,0,0,0,0,0,0,0,0,0,0,0,0.0667535,-0.29485,0.281315,-0.118021,0.746747,0.933758,0.995445,0.877057,-1.52999,-1.10026,-1.15776,-1.55846,-0.19998,-0.170997,0.11303,0.206819,0.795298,0.701856,0.945099,1.11338,-1.14407,-1.47641,-1.1922,-1.10531,-1.39293,0.634876,-0.173066,-0.0912345,2.18279,-1.25764,0.39717,2.57863,-0.358041,-6.99822,2.40731,0.842664,
-6.26465,1.41039,-3.0789,8.28138,-0.602215,-1.59966,-1.91241,3.99903,8.56128,-2.48167,-1.99411,11.2426,0,0,0,0,0,0,0,0,0,0,0,0,0.041948,-0.265084,0.261642,-0.118544,0.789605,0.869991,1.01386,0.924516,-1.53474,-1.2805,-1.15242,-1.53754,-0.230333,-0.159838,0.113567,0.21512,0.807015,0.711204,0.954454,1.12781,-1.1958,-1.57375,-1.25693,-1.0626,-1.08474,2.44151,-1.24592,0.120421,2.07493,-4.74004,0.854716,2.16645,-0.175392,-9.69915,-1.23761,1.26158,
-5.09085,-0.0107496,-1.61013,7.72591,-2.00795,0.832934,-1.56011,3.05172,7.78959,1.3654,-1.66869,9.77799,0,0,0,0,0,0,0,0,0,0,0,0,0.0181486,-0.203608,0.227355,-0.115594,0.831307,0.746509,1.03151,0.966617,-1.53751,-1.45652,-1.19032,-1.50745,-0.209731,-0.13952,0.123365,0.196639,0.789168,0.654906,0.984129,1.12637,-1.22855,-1.55116,-1.30133,-1.08513,-1.21229,3.2259,-1.97923,0.159859,1.90894,-6.246,0.751116,1.884,-0.131173,-7.46305,-2.21341,1.55975,
-3.61802,-0.822034,-0.221447,6.56449,-2.91464,2.03365,-1.11054,1.79621,7.5152,2.08768,-1.32272,8.2028,0,0,0,0,0,0,0,0,0,0,0,0,-0.00683599,-0.141996,0.185736,-0.110062,0.868888,0.622356,1.04368,1.00374,-1.54082,-1.54317,-1.23662,-1.47484,-0.176028,-0.116161,0.135897,0.161592,0.789842,0.58933,1.00908,1.11263,-1.24472,-1.49948,-1.33499,-1.1131,-1.22358,2.93584,-2.04907,0.453712,1.87697,-5.71861,0.491175,1.85182,-0.225322,-1.99084,-2.27293,1.68162,
-2.44109,-1.24594,0.686028,4.61311,-3.50505,2.28092,-0.752123,0.461427,7.62942,1.82437,-1.26281,7.04392,0,0,0,0,0,0,0,0,0,0,0,0,-0.0314062,-0.0881942,0.148704,-0.0954497,0.908953,0.526837,1.0489,1.04335,-1.54743,-1.54316,-1.28045,-1.43901,-0.150447,-0.0933593,0.145633,0.108225,0.807759,0.548429,1.02384,1.09973,-1.25041,-1.44103,-1.36539,-1.12233,-1.0699,2.23362,-1.52557,0.957517,1.95039,-3.48228,0.251429,1.89646,-0.407827,1.45781,-1.72124,1.74652,
-0.879101,-1.82981,1.49615,1.91329,-4.18737,1.62708,-1.19535,-0.801251,8.27218,3.11971,-2.69431,4.93814,0,0,0,0,0,0,0,0,0,0,0,0,-0.0517185,-0.0524706,0.12371,-0.0721307,0.948867,0.480162,1.04921,1.08118,-1.55729,-1.4978,-1.31776,-1.40327,-0.106462,-0.0976242,0.16237,0.0308732,0.821998,0.51691,0.992579,1.08635,-1.23752,-1.31723,-1.46459,-1.16897,-0.978987,1.40195,-1.05927,1.32362,2.0313,-1.41677,-0.440979,1.86128,-0.555732,2.78947,-1.95301,1.8389,
0.791055,-0.85693,0.802043,-0.518799,-5.24796,0.0487949,-1.26468,-2.62698,7.5423,8.16092,-0.475106,2.32963,0,0,0,0,0,0,0,0,0,0,0,0,-0.0719938,-0.0518169,0.107159,-0.0421679,0.992242,0.506185,1.03754,1.11957,-1.56931,-1.493,-1.37961,-1.36387,-0.0555914,-0.114811,0.134362,-0.0295089,0.824059,0.5849,0.969341,1.0495,-1.27806,-1.20012,-1.47625,-1.23107,-0.761987,-1.43584,-0.243914,1.67055,2.08677,3.83817,-0.880654,1.75023,-0.522103,-1.67797,-3.88195,1.98052,
1.49323,-0.333007,0.169749,-2.65027,-6.9502,-1.70345,-0.92375,-3.82289,6.69286,9.21323,0.574933,-0.58031,0,0,0,0,0,0,0,0,0,0,0,0,-0.0827554,-0.0758568,0.110351,-0.00194011,1.0348,0.584128,1.00401,1.15497,-1.57413,-1.51669,-1.44027,-1.3191,-0.0315056,-0.109433,0.119485,-0.068491,0.795491,0.588105,0.926251,1.03539,-1.30405,-1.16143,-1.45813,-1.29777,-0.42396,-1.01277,0.117165,1.97299,1.93493,3.60573,-2.04052,1.66668,0.118566,-0.66343,-2.04277,2.22732,
3.23392,0.83249,-1.11596,-3.29881,-8.57908,-3.01295,-1.13834,-4.3014,4.42755,9.85723,3.43826,-3.63117,0,0,0,0,0,0,0,0,0,0,0,0,-0.0917985,-0.0956226,0.113759,0.030213,1.07128,0.653667,0.977555,1.1869,-1.56389,-1.52093,-1.45496,-1.27611,0.0269915,-0.08264,0.0855973,-0.0847265,0.762681,0.60055,0.957037,1.04335,-1.36956,-1.12359,-1.30554,-1.38336,-0.528337,-1.01585,0.823854,0.85065,1.72829,3.37002,1.25079,1.42525,0.861309,0.152582,0.59418,1.89993,
5.16146,0.678854,-3.18793,-2.5046,-9.39995,-4.00388,0.389008,-3.43398,0.2308,9.8688,5.57814,-3.83091,0,0,0,0,0,0,0,0,0,0,0,0,-0.104349,-0.117524,0.133781,0.0227514,1.10377,0.719921,1.0009,1.20507,-1.5399,-1.51082,-1.43145,-1.27285,0.0917316,-0.108968,0.0278744,-0.105216,0.75516,0.618045,1.03592,1.07157,-1.50402,-1.10065,-1.18103,-1.45174,-0.518921,-0.929906,1.08053,-1.38918,1.3692,2.91398,0.973175,0.193241,1.33253,0.770718,1.36459,-1.28258,
6.91829,-0.427522,-6.30421,-1.71637,-9.16905,-4.11202,2.36478,-1.20737,-3.93131,10.8276,6.93974,-2.10901,0,0,0,0,0,0,0,0,0,0,0,0,-0.110404,-0.131176,0.158648,-0.0152797,1.12821,0.772455,1.01567,1.1915,-1.51257,-1.49053,-1.40096,-1.3334,0.164445,-0.157254,-0.0653889,-0.130298,0.783175,0.655464,1.12044,1.10174,-1.64249,-1.03382,-1.09015,-1.50357,-0.0941662,-0.448856,1.40655,-2.31818,1.08648,2.3745,0.509188,-2.07356,1.36636,1.18044,1.66094,-4.29036,
5.3917,-0.547951,-7.55573,-0.524315,-7.38676,-4.41061,3.45104,-0.598118,-4.15224,11.2683,7.92591,-1.17756,0,0,0,0,0,0,0,0,0,0,0,0,-0.0950654,-0.134926,0.191017,-0.0573737,1.1347,0.814961,1.0208,1.14075,-1.4983,-1.46405,-1.36501,-1.40896,0.175719,-0.159665,-0.0784341,-0.119073,0.800131,0.678311,1.16007,1.06291,-1.68592,-0.987421,-1.01079,-1.54456,2.75579,-0.141041,1.63893,-2.03633,-1.95469,1.98872,0.0618588,-2.6955,-1.07675,1.29496,1.85913,-4.42512,
1.48275,1.24667,-5.86576,1.1655,-2.5722,-7.12726,2.21866,-2.08182,-0.262487,11.2311,8.18055,-0.4864,0,0,0,0,0,0,0,0,0,0,0,0,-0.00316969,-0.1455,0.217786,-0.103069,1.02622,0.856035,1.01949,1.08025,-1.5566,-1.43787,-1.3247,-1.49363,0.156282,-0.114043,0.000554569,-0.0997244,0.771208,0.610148,1.10625,0.93947,-1.64237,-0.963401,-0.958515,-1.58347,5.00706,-0.920479,0.869945,-2.16378,-7.6063,1.96019,-0.099742,-2.8755,-3.76359,1.26142,1.9483,-3.51936,
-0.786481,2.07722,-3.84925,0.300545,1.27053,-11.1435,1.66673,-2.66334,3.62579,10.2391,7.35366,-0.16003,0,0,0,0,0,0,0,0,0,0,0,0,0.0863232,-0.167407,0.231772,-0.133235,0.852832,0.893538,1.01739,1.01758,-1.61058,-1.40776,-1.28479,-1.54484,0.128396,-0.105511,0.0924347,-0.133183,0.727935,0.482554,1.08141,0.838412,-1.49999,-0.962256,-0.949652,-1.58954,3.67658,-1.05964,0.731654,-0.598498,-8.78589,1.73786,-0.13246,-3.63163,-1.72216,1.79698,2.04954,-1.915,
-1.61533,2.43509,-3.27041,-0.872188,2.8318,-14.8887,1.08259,-1.75486,3.27503,8.9525,5.78738,0.550799,0,0,0,0,0,0,0,0,0,0,0,0,0.136552,-0.188878,0.247252,-0.133786,0.689166,0.926345,1.01703,0.93025,-1.59064,-1.36048,-1.24197,-1.56623,0.0957958,-0.109808,0.132573,-0.162222,0.673607,0.358432,1.06279,0.765579,-1.39222,-0.94853,-0.97057,-1.5524,1.19285,-0.916727,0.806836,0.322574,-6.44154,1.3817,0.122628,-4.72382,3.37085,2.6924,1.99545,-0.409969,
-1.67683,-0.4518,-3.26037,1.02627,4.57377,-12.419,-0.276155,1.0971,2.66475,4.88708,4.13507,6.22274,0,0,0,0,0,0,0,0,0,0,0,0,0.137576,-0.204369,0.265289,-0.12208,0.597913,0.949117,1.02274,0.859046,-1.5024,-1.29651,-1.20345,-1.578,0.054425,-0.234153,0.154952,-0.0648455,0.720355,0.469439,1.01815,0.879841,-1.29433,-1.02867,-0.999189,-1.34855,-0.803911,-0.5856,1.00389,0.809174,-3.02547,0.854116,0.323053,-1.15448,5.07367,3.61778,1.94305,-0.972889,
-5.07395,-0.334658,-2.86949,4.13893,2.66296,-11.9525,-0.816979,2.55983,9.59681,2.69194,1.58989,9.08662,0,0,0,0,0,0,0,0,0,0,0,0,0.109684,-0.211883,0.287597,-0.106397,0.579767,0.959756,1.02754,0.880259,-1.42956,-1.21479,-1.16076,-1.58115,-0.108449,-0.230113,0.192813,0.0713765,0.741694,0.485613,0.993872,1.03324,-1.09315,-1.02763,-1.05212,-1.20444,-0.758754,-0.24216,0.999806,0.61081,2.7704,0.197782,-0.0494262,2.52932,-2.37281,3.97399,2.25243,0.662391,
-6.30575,1.35584,-3.63264,7.88482,5.21083,-6.93172,-1.04271,4.33655,10.5408,-8.49917,-1.96339,10.6476,0,0,0,0,0,0,0,0,0,0,0,0,0.0878894,-0.222154,0.298782,-0.100865,0.625095,0.957737,1.02106,0.922618,-1.45655,-1.13075,-1.10898,-1.55904,-0.190429,-0.182109,0.158469,0.215012,0.87658,0.672804,0.970411,1.13433,-1.05515,-1.37908,-1.13132,-1.10543,-1.30439,-0.709443,0.24965,0.0241766,2.15259,-0.383246,-0.446965,1.91228,-1.01127,4.58174,2.80982,1.38518,
-8.05287,1.54605,-2.12755,8.16507,5.7124,-4.53725,-2.29425,3.09496,11.5089,-5.62856,-2.18039,11.5731,0,0,0,0,0,0,0,0,0,0,0,0,0.0595639,-0.224336,0.279188,-0.103358,0.668593,0.954082,1.02829,0.956785,-1.47409,-1.16322,-1.08974,-1.52452,-0.286967,-0.150445,0.159515,0.221851,0.938032,0.746556,0.958122,1.10894,-1.02951,-1.53282,-1.1857,-1.02536,-1.22083,0.602439,-1.72858,-0.0697132,2.04715,-1.30184,1.08017,1.41768,-0.788779,-7.22274,-0.437351,1.81159,
-7.60104,0.681328,-1.12365,7.73024,3.74572,-1.9137,-2.74149,1.98112,10.5586,-0.799109,-2.1174,10.062,0,0,0,0,0,0,0,0,0,0,0,0,0.0368812,-0.200569,0.240672,-0.10283,0.709297,0.891817,1.05245,0.982977,-1.4887,-1.34298,-1.11099,-1.48569,-0.290062,-0.139424,0.155269,0.207553,0.899298,0.725741,0.966207,1.08733,-1.07932,-1.56717,-1.21755,-1.04262,-1.14506,1.69459,-2.02285,0.0586736,2.00859,-4.47638,1.1709,1.2556,-0.647985,-9.61168,-1.09294,2.02955,
-5.01879,-0.363869,-0.307006,6.9083,1.39628,-0.226933,-2.64843,-0.0927578,9.08979,1.21037,-1.91317,7.35917,0,0,0,0,0,0,0,0,0,0,0,0,0.0111209,-0.161132,0.200925,-0.100792,0.751196,0.770332,1.0714,1.01036,-1.50043,-1.49036,-1.1383,-1.44249,-0.216328,-0.135785,0.15546,0.17794,0.84673,0.635857,0.976442,1.03401,-1.14695,-1.54428,-1.24138,-1.10704,-1.33486,1.99509,-1.65922,0.120009,1.98411,-6.26992,0.54889,1.36814,-0.505536,-5.11656,-1.32771,2.05373,
-2.91269,-0.667196,-0.198497,5.59784,-0.151651,1.63126,-2.10548,-1.54171,8.08383,2.14632,-1.69281,5.35174,0,0,0,0,0,0,0,0,0,0,0,0,-0.015953,-0.123181,0.176129,-0.0957907,0.791267,0.645847,1.07413,1.03872,-1.51131,-1.54254,-1.16872,-1.40147,-0.158624,-0.114269,0.152634,0.136588,0.825784,0.591941,0.984905,1.00517,-1.20076,-1.47381,-1.26643,-1.1458,-1.30818,1.77997,-0.777749,0.423244,2.02916,-5.95783,-0.250315,1.40599,-0.639979,-0.855931,-1.49995,2.08007,
-1.34602,-0.793452,-0.221876,4.02421,-1.74258,2.90653,-1.75687,-2.48088,7.72492,2.53976,-1.588,3.80121,0,0,0,0,0,0,0,0,0,0,0,0,-0.0426306,-0.0908172,0.166767,-0.0831598,0.834992,0.541294,1.06248,1.06832,-1.52742,-1.52689,-1.20435,-1.35767,-0.120381,-0.0951279,0.154967,0.0935828,0.808096,0.57832,0.976846,0.996804,-1.23639,-1.38526,-1.30171,-1.16345,-1.19548,1.37137,-0.146231,0.788718,2.14037,-3.96178,-0.767812,1.38592,-0.898484,2.00236,-1.69183,2.10827,
-0.0990015,-1.17587,-0.262409,2.69377,-2.99534,2.75284,-1.36838,-3.09785,7.82516,2.60381,-1.33551,2.30299,0,0,0,0,0,0,0,0,0,0,0,0,-0.0663143,-0.0685263,0.164834,-0.0651331,0.878982,0.487187,1.04431,1.0957,-1.54763,-1.46713,-1.24324,-1.31546,-0.0936334,-0.0968667,0.154464,0.0625549,0.804239,0.566081,0.968916,0.998628,-1.25672,-1.289,-1.335,-1.18101,-1.16795,0.934716,0.00628751,0.996857,2.25352,-1.56095,-1.03298,1.34232,-1.10497,3.6986,-1.91656,2.11647,
1.53806,-0.741842,-0.774266,0.773551,-4.79213,1.63219,-1.48738,-4.60847,7.54667,7.70553,0.0432827,0.189282,0,0,0,0,0,0,0,0,0,0,0,0,-0.0927124,-0.0681024,0.161696,-0.044843,0.927256,0.496626,1.02099,1.12305,-1.57265,-1.42313,-1.28473,-1.27145,-0.0548874,-0.129857,0.12904,0.00725367,0.782643,0.633527,0.938788,0.963211,-1.2962,-1.1566,-1.32206,-1.22145,-1.18486,-1.60405,-0.08425,1.05773,2.35365,3.58068,-1.13555,1.2252,-1.27092,-2.0844,-1.95315,2.12106,
2.23321,0.173456,-1.83887,-0.937661,-6.54311,0.415969,-1.64078,-4.73522,6.9554,10.1617,0.684915,-2.27461,0,0,0,0,0,0,0,0,0,0,0,0,-0.111397,-0.0947957,0.174123,-0.0167803,0.976728,0.56882,1.00528,1.14826,-1.59523,-1.45574,-1.29936,-1.22522,-0.0385098,-0.111357,0.116109,-0.0267399,0.760792,0.652241,0.933203,0.982805,-1.33289,-1.07261,-1.2702,-1.27131,-0.822071,-1.17497,0.777058,1.37734,2.28941,3.3391,-0.322495,1.19782,-0.793426,-1.16691,0.0882719,2.24459,
3.69058,2.61187,-3.45608,-2.55749,-7.39755,-1.19454,-1.81726,-4.86041,6.75963,9.62894,1.68741,-3.54819,0,0,0,0,0,0,0,0,0,0,0,0,-0.1279,-0.117772,0.189626,0.0100505,1.0203,0.632703,1.00723,1.17231,-1.60449,-1.4707,-1.28538,-1.18821,0.00269871,-0.0362633,0.070066,-0.0661402,0.7656,0.646114,0.94287,1.00296,-1.33656,-1.09273,-1.18654,-1.31595,-0.851205,-1.1483,0.934175,1.30544,2.0602,3.05966,0.416567,1.25357,-0.123017,-0.359372,1.56686,0.709449,
4.49534,3.48252,-4.28666,-2.81146,-8.12053,-2.27264,-1.42005,-4.61559,4.97299,9.21205,2.64244,-3.27172,0,0,0,0,0,0,0,0,0,0,0,0,-0.14576,-0.141051,0.206474,0.0300764,1.05988,0.692223,1.01688,1.197,-1.5993,-1.46973,-1.25217,-1.19892,0.0185683,-0.0216067,0.0493464,-0.0727414,0.769441,0.65315,0.969605,1.03087,-1.38945,-1.09364,-1.11423,-1.35449,-0.774256,-0.992835,0.716931,0.482025,1.719,2.59163,0.476209,0.924599,0.546178,0.380203,1.61209,-1.23541,
4.91307,2.80143,-4.67032,-2.34529,-9.22648,-2.47965,-1.04227,-3.6981,2.80272,9.23182,3.20479,-2.9863,0,0,0,0,0,0,0,0,0,0,0,0,-0.157869,-0.156664,0.220432,0.0314622,1.09103,0.738428,1.02551,1.20779,-1.5841,-1.45652,-1.21834,-1.2355,0.0303096,-0.0557202,0.0479304,-0.067177,0.750179,0.68025,0.991264,1.06227,-1.45366,-1.06967,-1.05483,-1.39839,-0.417218,-0.555654,0.715538,-0.241383,1.41054,2.0504,0.372051,0.119947,0.916945,0.879017,1.76593,-2.17167,
5.06689,1.55584,-4.88506,-1.71427,-10.423,-2.27905,-0.894272,-2.25845,1.0168,9.33755,3.16614,-2.39352,0,0,0,0,0,0,0,0,0,0,0,0,-0.16287,-0.163828,0.235611,0.0201962,1.11752,0.775639,1.03117,1.19843,-1.56245,-1.43396,-1.17901,-1.29157,0.0377979,-0.105146,0.0548167,-0.0634617,0.72313,0.71529,0.99868,1.08771,-1.4994,-1.03598,-1.01301,-1.44925,-0.100413,-0.17757,0.730386,-0.754364,1.1263,1.54062,0.164184,-1.01933,1.11912,1.22392,1.96734,-3.09676,
5.66311,0.356395,-5.58838,-1.50279,-8.72823,0.0544942,-0.150658,-0.273458,-1.13191,10.6377,4.34817,-0.866396,0,0,0,0,0,0,0,0,0,0,0,0,-0.162841,-0.1649,0.25,0.00428642,1.13773,0.802146,1.0324,1.16991,-1.53891,-1.40681,-1.13787,-1.35,0.0632139,-0.151988,0.0390334,-0.0780204,0.806725,0.82802,1.02639,1.11893,-1.55909,-0.952369,-0.921901,-1.4597,-0.0234585,-0.0671633,0.628425,-1.10976,0.906191,1.18472,0.00115884,-2.00186,1.25449,1.44658,2.10207,-3.75248,
6.93832,-0.0732493,-7.08226,-1.62859,-9.09625,0.384265,0.192832,0.568199,-4.72157,12.5273,5.17709,-0.638801,0,0,0,0,0,0,0,0,0,0,0,0,-0.163514,-0.166278,0.26271,-0.0228733,1.1556,0.824575,1.03216,1.11298,-1.51153,-1.37368,-1.0937,-1.41782,0.111949,-0.171952,-0.00916904,-0.114556,0.808,0.860492,1.04049,1.0813,-1.67256,-0.838736,-0.845351,-1.50052,-0.103503,-0.137158,0.570582,-1.32696,0.812332,1.02735,0.0309842,-2.72043,1.39172,1.69262,2.06342,-2.85724,
6.81731,0.173377,-7.88202,-1.17925,-7.17356,-0.147662,-0.0927458,0.136397,-5.22556,13.5185,6.46726,-0.588775,0,0,0,0,0,0,0,0,0,0,0,0,-0.155857,-0.1701,0.27468,-0.0463305,1.15964,0.844742,1.03322,1.0671,-1.50022,-1.33782,-1.05313,-1.46364,0.157063,-0.168726,-0.0287077,-0.116728,0.838076,0.859132,1.02962,1.03323,-1.74586,-0.761648,-0.754043,-1.53121,2.01139,-0.278069,0.594639,-1.16136,-1.73125,1.01483,0.00557489,-1.96598,-1.83066,1.7713,2.0197,-2.20086,
3.14542,1.76835,-6.52748,0.511467,-1.48808,-2.45264,-1.15772,-1.25299,2.02468,13.6348,7.41695,0.500977,0,0,0,0,0,0,0,0,0,0,0,0,-0.0826789,-0.183034,0.282275,-0.0753158,1.07081,0.866851,1.03209,1.03408,-1.57338,-1.30002,-1.00925,-1.50129,0.143244,-0.129887,0.0253367,-0.0822059,0.878527,0.790313,0.98253,0.957044,-1.59225,-0.717978,-0.668621,-1.51382,5.00533,-0.879305,0.208075,-1.36744,-6.63787,1.07837,-0.162506,-1.34581,-4.99286,1.8322,2.1978,-1.62825,
-1.09216,6.12237,-7.05094,1.17181,2.23257,-7.43655,-1.06861,-2.48611,5.7915,9.5708,5.31719,2.05087,0,0,0,0,0,0,0,0,0,0,0,0,0.0473847,-0.213978,0.282208,-0.102888,0.86609,0.892997,1.02479,0.999474,-1.63314,-1.24541,-0.9472,-1.51595,0.0935054,0.00399624,0.000669815,-0.0626746,0.798948,0.613963,0.973273,0.866081,-1.3806,-0.808243,-0.678057,-1.42445,4.49035,-1.34601,0.0249626,-0.33297,-7.82221,0.921402,-0.438563,-1.69744,1.0441,2.71683,2.82276,0.47345,
-2.92459,5.06598,-6.18549,2.54228,3.47304,-9.1109,0.0901757,-4.15896,4.10487,2.32223,0.393778,3.87789,0,0,0,0,0,0,0,0,0,0,0,0,0.116363,-0.240407,0.284608,-0.103719,0.733636,0.90768,1.01433,0.988887,-1.54087,-1.17655,-0.882046,-1.49338,0.0450323,-0.0561839,0.0435179,-0.0035162,0.774,0.550802,1.0053,0.865368,-1.2321,-1.00907,-0.798383,-1.31539,2.28263,-0.920806,0.316487,-0.0744301,-4.92786,0.377919,-0.631958,2.14197,7.22878,3.72975,3.39557,1.14349,
-3.72039,1.66703,-3.00782,4.90425,1.11618,-6.18981,-1.07488,-0.333369,11.9895,-7.58651,-4.86454,5.93241,0,0,0,0,0,0,0,0,0,0,0,0,0.130302,-0.250993,0.277587,-0.101229,0.711391,0.90827,1.0161,1.01633,-1.46977,-1.09944,-0.837664,-1.45473,-0.0290005,-0.189019,0.119178,0.0988233,0.805107,0.654626,1.00468,1.01603,-1.01812,-1.32521,-1.03332,-1.16638,-0.524344,-0.235367,-1.90482,0.194108,2.45344,-0.30259,1.57879,0.652148,-1.39654,3.88431,-0.053887,2.55256,
-6.24316,0.884946,-1.00328,5.54032,-0.797689,-5.32887,-2.26064,2.13162,14.3432,-5.5986,-4.55286,6.85801,0,0,0,0,0,0,0,0,0,0,0,0,0.12338,-0.241619,0.21497,-0.0982976,0.761205,0.904377,1.06833,1.01779,-1.49883,-1.13487,-0.905078,-1.39289,-0.133887,-0.187265,0.105171,0.122272,0.775301,0.666704,1.02946,1.10001,-0.950308,-1.48977,-1.17465,-1.05799,-0.377023,0.947802,-3.48339,-0.0521911,2.3002,-1.22591,2.57822,-0.152231,-1.26018,-6.54775,-4.37262,3.0291,
-6.10148,0.306141,0.706367,5.8113,-3.28543,-2.749,-2.83429,1.64226,13.5514,-2.39415,-4.21399,6.71685,0,0,0,0,0,0,0,0,0,0,0,0,0.110232,-0.219332,0.143873,-0.105464,0.80516,0.845422,1.1159,1.01736,-1.51715,-1.30032,-1.01983,-1.33564,-0.154175,-0.183669,0.108348,0.113271,0.715697,0.646693,1.03772,1.08797,-0.985851,-1.57518,-1.3025,-1.01478,-1.01744,1.17086,-3.18901,-0.685826,2.09773,-4.43842,1.75955,0.246218,-0.537698,-8.9548,-5.70536,2.60934,
-4.43848,0.275159,1.23935,6.49622,-5.56664,-0.404472,-2.67157,-0.175839,11.7351,0.155868,-3.06943,6.60343,0,0,0,0,0,0,0,0,0,0,0,0,0.0901867,-0.199238,0.103806,-0.119118,0.837566,0.756649,1.13592,1.02621,-1.52055,-1.42439,-1.11575,-1.29781,-0.116545,-0.160234,0.106707,0.120983,0.653622,0.619099,1.04415,1.03438,-1.05057,-1.56998,-1.3924,-0.989886,-1.45961,1.39989,-2.33364,-0.987359,1.93612,-6.06857,0.754726,0.760106,0.0286916,-7.59083,-7.69341,2.18937,
-1.9162,-0.332332,0.769025,5.96033,-4.76905,2.51679,-1.60817,-2.38633,10.3237,2.32763,-1.15155,5.88075,0,0,0,0,0,0,0,0,0,0,0,0,0.0521566,-0.156849,0.0779826,-0.141265,0.883173,0.60031,1.12437,1.05182,-1.51226,-1.54627,-1.27078,-1.24642,-0.0518744,-0.127771,0.102304,0.0856564,0.726823,0.586301,1.02427,0.977935,-1.08962,-1.5052,-1.4343,-0.968993,-1.36914,2.11856,-0.321986,-0.57456,1.72061,-5.73405,-1.78875,1.07826,0.484694,-2.60165,-5.87268,2.11001,
1.33405,-1.4223,1.15793,2.60654,-5.6217,3.48233,-1.35287,-4.80111,11.5892,1.81663,-2.07834,3.22198,0,0,0,0,0,0,0,0,0,0,0,0,0.0288301,-0.108548,0.0715726,-0.145215,0.917974,0.504246,1.08409,1.07175,-1.50129,-1.55395,-1.36651,-1.19712,0.0671598,-0.115233,0.117124,-0.0357884,0.725749,0.576,0.987971,0.894937,-1.02788,-1.45335,-1.5206,-1.01585,-0.751623,2.51035,-0.0382854,0.258246,1.63213,-3.37698,-2.10036,0.761632,0.492406,1.39675,-3.54786,2.61935,
2.50351,-1.41694,0.498103,0.890288,-5.24414,2.87402,-0.953304,-5.13951,11.1656,2.00902,-0.497846,0.69257,0,0,0,0,0,0,0,0,0,0,0,0,0.0170359,-0.0630087,0.0726585,-0.136722,0.949954,0.46678,1.04052,1.08419,-1.4904,-1.51143,-1.4411,-1.14102,0.106989,-0.0807613,0.094336,-0.0920993,0.771498,0.569691,0.950202,0.888447,-1.03124,-1.3795,-1.53997,-1.05436,-0.509372,1.94625,0.087668,0.450552,1.56551,-0.602481,-2.60931,0.492056,0.626842,2.57869,-3.94761,2.94803,
2.49103,0.845959,-0.309406,0.231049,-6.73257,0.0224571,-0.432143,-5.30559,9.51569,4.93827,3.23545,-2.15791,0,0,0,0,0,0,0,0,0,0,0,0,0.00531812,-0.0358458,0.0706168,-0.130997,0.982016,0.479979,0.977033,1.09378,-1.4738,-1.4551,-1.50421,-1.07864,0.0906612,-0.0202275,0.0476177,-0.123057,0.742944,0.555844,0.895195,0.890112,-1.07555,-1.31846,-1.41976,-1.10664,-0.714903,-0.911004,-0.531142,-0.0650754,1.51153,3.74834,-3.22766,0.427773,0.881147,-3.04459,-2.24856,2.91576,
3.98157,1.07543,-2.02146,0.0551796,-6.69395,1.54627,0.057781,-4.91643,5.66602,6.38181,6.47623,-4.57986,0,0,0,0,0,0,0,0,0,0,0,0,-0.00183096,-0.0462,0.0661871,-0.12979,1.01218,0.541482,0.923606,1.10358,-1.45123,-1.4813,-1.50258,-1.03203,0.154935,-0.00749009,-0.0146462,-0.126456,0.773543,0.66312,0.945274,0.917902,-1.19684,-1.24709,-1.24548,-1.18818,-0.124827,-0.215367,0.00124644,0.056329,1.45609,2.98939,0.967842,0.549089,1.38734,-1.05303,-0.0975251,1.35245,
3.46373,1.44597,-3.45972,-0.571784,-7.11423,1.64277,2.12726,-3.01916,-2.01581,10.3868,9.29694,-4.32598,0,0,0,0,0,0,0,0,0,0,0,0,-0.00199733,-0.0475617,0.068766,-0.130021,1.03796,0.598068,0.95788,1.11343,-1.42073,-1.50036,-1.48732,-1.05545,0.139364,0.0122593,-0.0649829,-0.15314,0.775492,0.71702,1.07276,0.997166,-1.46904,-1.1028,-1.09353,-1.28029,0.140617,0.0991162,0.232001,-0.0123837,1.10504,2.66201,1.48969,0.225279,1.61567,-0.895436,1.09552,-2.58981,
3.02719,1.41133,-4.57101,-0.393904,-6.67108,1.07928,3.72203,-1.07305,-4.66036,12.1685,11.1096,-2.85362,0,0,0,0,0,0,0,0,0,0,0,0,0.00862627,-0.0422384,0.0762274,-0.125497,1.05045,0.650022,0.981359,1.11004,-1.39406,-1.51825,-1.45779,-1.14703,0.152794,0.0207828,-0.0977469,-0.13995,0.77418,0.740327,1.14698,1.05039,-1.57036,-1.04899,-0.981602,-1.36317,1.15402,0.328405,0.443308,0.0651679,-0.471277,2.35668,0.836917,-0.836596,0.505643,-0.874116,1.59044,-5.09964,
1.3563,2.65714,-4.59981,0.0226644,-3.6318,-0.429085,3.6404,-0.649209,-3.28363,13.8125,12.2782,-1.75603,0,0,0,0,0,0,0,0,0,0,0,0,0.0459973,-0.0366936,0.0852077,-0.120095,1.0074,0.695615,0.993318,1.08982,-1.43215,-1.53516,-1.42254,-1.26001,0.149786,0.072039,-0.0917451,-0.114744,0.777212,0.723693,1.14847,1.03331,-1.63965,-0.998539,-0.894146,-1.44423,2.47685,0.122359,0.351977,0.222226,-4.24575,2.26208,0.476966,-1.5273,-3.80777,-0.794074,1.86325,-5.69863,
0.135419,3.50743,-4.20744,-0.344258,-1.21974,-3.27248,2.36088,-1.00764,-0.14794,13.383,11.0658,-1.34277,0,0,0,0,0,0,0,0,0,0,0,0,0.0944691,-0.0369911,0.0910013,-0.113109,0.888681,0.743048,1.00356,1.05061,-1.53098,-1.54665,-1.38201,-1.3679,0.138347,0.102754,-0.0710902,-0.113662,0.713068,0.656825,1.10879,0.969486,-1.64159,-1.01612,-0.899953,-1.51643,1.92305,-0.0275869,0.310298,0.660845,-6.34121,2.23382,0.539872,-2.04115,-5.23485,-0.239144,1.97109,-4.74099,
-0.127016,3.60822,-4.09542,-1.18824,0.65932,-5.67792,0.780987,-1.13835,1.98559,11.614,9.45261,-0.767938,0,0,0,0,0,0,0,0,0,0,0,0,0.12066,-0.037469,0.0974515,-0.0969587,0.756944,0.786726,1.01618,1.00488,-1.6061,-1.54393,-1.34155,-1.45001,0.129828,0.10745,-0.0590455,-0.126204,0.653793,0.601784,1.06123,0.906767,-1.57734,-1.07007,-0.921863,-1.55416,0.712396,0.0294975,0.365994,0.914205,-6.47622,2.10876,0.690294,-2.62893,-2.53362,0.464945,2.07927,-3.67169,
0.319908,2.81212,-3.84709,-1.77555,2.24746,-7.76552,-0.187865,-0.147257,1.79894,9.73136,7.85733,0.347284,0,0,0,0,0,0,0,0,0,0,0,0,0.122314,-0.036638,0.104386,-0.0820025,0.634806,0.829182,1.03197,0.941064,-1.61345,-1.52756,-1.29626,-1.50963,0.126178,0.0769162,-0.0436543,-0.143221,0.625848,0.557158,1.03985,0.867377,-1.51811,-1.11803,-0.937125,-1.54126,-0.446628,0.0534791,0.29214,0.490177,-4.94281,1.92985,0.76949,-3.3898,1.16923,1.0136,2.24213,-2.27614,
1.13029,1.42666,-3.68702,-1.642,2.43555,-8.5674,-1.01368,0.714565,1.60618,8.01108,6.60273,0.536679,0,0,0,0,0,0,0,0,0,0,0,0,0.106256,-0.0341974,0.110481,-0.0763106,0.566854,0.866243,1.049,0.874829,-1.58518,-1.50285,-1.25091,-1.53759,0.131983,0.0251078,-0.0322432,-0.143319,0.617138,0.559193,1.02581,0.837489,-1.47048,-1.15487,-0.940137,-1.52384,-0.974227,0.111935,0.237824,-0.0664425,-2.35692,1.78229,0.867741,-3.29609,2.5226,1.37697,2.3332,-0.385698,
1.67143,0.317626,-3.05305,-1.09831,2.17975,-9.1006,-1.63234,1.33751,1.5732,6.87628,4.92547,0.755256,0,0,0,0,0,0,0,0,0,0,0,0,0.086688,-0.0328611,0.113405,-0.0826964,0.541933,0.900775,1.06528,0.81576,-1.52593,-1.47446,-1.2022,-1.53403,0.135452,-0.019909,-0.00754447,-0.135845,0.623161,0.57039,1.01456,0.818457,-1.40274,-1.17111,-0.954305,-1.49476,-0.904675,0.0123531,0.0586141,-0.46078,-0.298098,1.68193,0.728451,-2.54021,3.0127,1.41529,2.54366,0.453169,
1.3743,-0.532817,-2.23949,-0.573985,1.55091,-9.67932,-2.29308,1.66559,1.4965,6.13358,2.68546,1.23411,0,0,0,0,0,0,0,0,0,0,0,0,0.0747161,-0.0322255,0.114588,-0.0910424,0.551555,0.935141,1.07863,0.775427,-1.45955,-1.44534,-1.14695,-1.51837,0.124971,-0.0527069,0.0261959,-0.119955,0.633458,0.579989,0.997767,0.814536,-1.33154,-1.17314,-0.985485,-1.44816,-0.23583,0.0415599,0.0593534,-0.297636,0.993343,1.60103,0.543153,-1.37573,3.40716,1.34327,2.70255,1.04228,
0.902815,-3.49623,-1.17099,1.78099,1.66173,-7.23215,-2.13049,3.01944,5.5016,2.13942,-1.67909,5.4095,0,0,0,0,0,0,0,0,0,0,0,0,0.0761032,-0.0302018,0.116959,-0.092959,0.585521,0.967707,1.08778,0.776866,-1.40934,-1.41835,-1.0891,-1.50824,0.115602,-0.167219,0.072852,-0.0200585,0.707957,0.707721,1.00833,0.931262,-1.21338,-1.30764,-1.09924,-1.28741,0.169295,0.141598,0.136602,0.0830424,2.79834,1.46497,0.288471,1.68093,-1.20536,1.25675,2.85122,0.222762,
-0.444571,-3.77342,-0.686821,4.33034,1.0252,-5.96238,-2.29389,3.90097,9.20308,-2.0393,-2.6347,7.65904,0,0,0,0,0,0,0,0,0,0,0,0,0.0787843,-0.0284525,0.114693,-0.0923486,0.640465,0.995901,1.09573,0.817142,-1.43193,-1.39398,-1.05745,-1.50227,0.0628593,-0.178807,0.0826444,0.0795755,0.736576,0.784607,1.01432,1.01305,-1.08621,-1.45102,-1.15721,-1.18982,0.0928927,0.0290824,-0.228787,-0.0644786,2.75517,1.36002,0.516915,1.99341,-1.12033,1.2266,0.28148,0.304381,
-1.8497,-2.95182,-0.447894,5.12885,0.501344,-5.34618,-2.43704,3.89652,10.6868,-3.68789,-3.09809,9.19433,0,0,0,0,0,0,0,0,0,0,0,0,0.0789976,-0.0332427,0.105091,-0.0967906,0.697319,1.01785,1.10858,0.855924,-1.45481,-1.37454,-1.06916,-1.49418,0.00303926,-0.172202,0.0728613,0.100695,0.770615,0.80095,1.02445,1.04604,-1.0493,-1.51905,-1.23413,-1.11806,-0.0985225,-1.0443,-0.715682,-0.383451,2.6621,-0.15271,0.667711,1.71265,-1.09852,0.150324,-2.0526,0.417426,
-3.80504,-1.22553,0.275779,5.57121,-0.577273,-3.25605,-2.28184,3.6517,11.2441,-2.67089,-1.79239,9.71353,0,0,0,0,0,0,0,0,0,0,0,0,0.0769469,-0.0748158,0.0863443,-0.106105,0.752031,0.976433,1.1219,0.888136,-1.47783,-1.41356,-1.13526,-1.48357,-0.0755253,-0.175029,0.0806192,0.108621,0.780236,0.771279,1.04063,1.06201,-1.0495,-1.58342,-1.27171,-1.08303,-0.0135342,-2.55958,-0.837815,-0.406129,2.56477,-3.74559,0.500486,1.39021,-1.0718,-3.15105,-3.23811,0.600074,
-4.65673,0.0224704,0.542384,5.49232,-3.05856,-1.57851,-2.69732,3.30191,11.5062,-0.18377,-2.16809,9.3007,0,0,0,0,0,0,0,0,0,0,0,0,0.0790026,-0.122432,0.0723197,-0.112141,0.802593,0.880028,1.13055,0.914404,-1.49733,-1.49148,-1.19155,-1.46976,-0.104453,-0.163072,0.0816429,0.102418,0.729903,0.707052,1.03016,1.07231,-1.05398,-1.58516,-1.32627,-1.08294,0.140675,-2.07697,-0.618607,-0.256666,2.48257,-5.49177,0.375192,1.2915,-0.844567,-4.31655,-2.40006,0.73982,
-4.21652,0.327457,0.879006,5.11202,-5.23791,-0.631329,-2.94155,2.70952,11.4718,0.554787,-2.92301,8.5142,0,0,0,0,0,0,0,0,0,0,0,0,0.0829291,-0.152781,0.0624695,-0.115592,0.853485,0.761935,1.13852,0.942466,-1.51066,-1.55803,-1.23173,-1.45338,-0.0837733,-0.151193,0.0887841,0.0857513,0.689672,0.630665,1.02533,1.07903,-1.05787,-1.56932,-1.39171,-1.09642,0.097924,-0.575514,-0.442283,-0.156896,2.28519,-5.30087,0.223354,1.40914,-0.303873,-1.6738,-2.15317,0.81981,
-3.4013,0.14454,1.67535,4.49582,-7.40497,0.713036,-2.09296,2.12517,11.5207,1.12596,-3.80243,8.79429,0,0,0,0,0,0,0,0,0,0,0,0,0.0840399,-0.156222,0.0521054,-0.119249,0.908198,0.639919,1.13889,0.978555,-1.51367,-1.57997,-1.29767,-1.43221,-0.0529118,-0.140919,0.110048,0.0578232,0.652615,0.583372,1.04918,1.09288,-1.04988,-1.53314,-1.51091,-1.06222,-0.0449889,0.476051,-0.453589,-0.138038,2.03079,-4.25344,-0.299607,1.46574,0.147713,0.0894333,-3.05687,0.91096,
-2.50472,-0.403189,1.72904,4.18009,-8.70155,1.47195,-1.35201,1.22479,10.9499,1.04239,-3.01178,8.41292,0,0,0,0,0,0,0,0,0,0,0,0,0.0827701,-0.136775,0.0476382,-0.120772,0.947953,0.566744,1.1285,1.0099,-1.50547,-1.56295,-1.38801,-1.41177,-0.0184754,-0.127632,0.12226,0.0463962,0.635389,0.568928,1.04703,1.08926,-1.05529,-1.49297,-1.61713,-1.05471,-0.0528267,1.26351,0.272995,-0.00179124,1.77492,-2.83472,-1.36954,1.51861,0.609005,1.41405,-5.43209,1.02734,
-1.5814,-0.921796,0.880851,3.95352,-8.8005,1.04896,-0.454115,0.445328,9.66972,2.13017,-1.42459,7.86634,0,0,0,0,0,0,0,0,0,0,0,0,0.0809493,-0.108821,0.0584345,-0.120798,0.980821,0.526314,1.08563,1.04051,-1.48821,-1.5287,-1.5057,-1.38983,0.0156344,-0.116119,0.108117,0.0375377,0.65936,0.542086,1.01331,1.08868,-1.07974,-1.405,-1.68404,-1.05156,-0.102946,1.47867,0.722438,0.00973493,1.52792,-1.30936,-2.70738,1.51779,1.08411,1.92449,-6.06812,1.18086,
-0.691433,-0.462586,0.112157,2.73697,-8.83385,0.626892,0.247331,-1.16153,6.93677,6.55523,0.822474,6.26219,0,0,0,0,0,0,0,0,0,0,0,0,0.0778097,-0.0926938,0.0707209,-0.121724,1.01006,0.528488,1.02083,1.07034,-1.46074,-1.50859,-1.61421,-1.36186,0.0505499,-0.112893,0.0858162,-0.0102879,0.682535,0.601307,0.967302,1.04902,-1.1536,-1.27597,-1.67307,-1.08025,0.0198746,-0.0848061,0.530448,0.0978594,1.29123,2.38718,-3.17094,1.25702,1.48365,-1.47943,-4.58778,1.55652,
-0.0276878,-0.778613,-0.412942,0.696811,-9.73985,-0.206391,0.764041,-2.23115,4.02827,8.73267,2.69017,2.51258,0,0,0,0,0,0,0,0,0,0,0,0,0.0850905,-0.0860187,0.0810354,-0.113282,1.03436,0.590044,0.956177,1.09241,-1.42365,-1.53698,-1.67046,-1.32204,0.0953772,-0.10564,0.0687605,-0.0732931,0.664985,0.639381,0.92986,1.02048,-1.22154,-1.20771,-1.58633,-1.17765,0.56971,0.576144,0.212139,0.6058,1.0109,2.87962,-2.84393,0.865869,2.04913,-1.00206,-1.17385,2.19425,
0.0881794,-0.508579,-1.03995,-1.51956,-7.79837,-2.31275,1.52762,-3.69297,-3.36134,10.7065,3.82611,-2.36161,0,0,0,0,0,0,0,0,0,0,0,0,0.097074,-0.0735368,0.0772722,-0.100809,1.05157,0.645552,0.904431,1.10836,-1.37695,-1.55002,-1.64842,-1.2751,0.111939,-0.0817846,0.0236008,-0.149949,0.754297,0.60717,0.920972,0.976783,-1.45956,-1.12919,-1.43951,-1.32148,0.566907,0.604769,-0.603673,0.582147,0.732874,2.70638,-2.22822,0.807133,2.59199,-0.371771,2.79302,2.4041,
1.38873,2.0399,-3.78279,-1.11548,-7.11647,-3.41477,1.30519,-2.6776,-4.4544,13.2825,10.7672,-3.30863,0,0,0,0,0,0,0,0,0,0,0,0,0.105983,-0.0615223,0.0614571,-0.0928806,1.05475,0.700871,0.878529,1.12101,-1.35479,-1.55339,-1.56644,-1.25592,0.168986,0.0332495,-0.0745062,-0.131385,0.759564,0.616377,0.995,1.02451,-1.55499,-1.02206,-1.15729,-1.40399,0.372705,0.658796,0.767421,0.305714,-0.526128,2.60489,3.21318,0.530214,-1.10134,0.00165431,-1.07649,-0.785942,
0.969196,2.69318,-4.59814,-0.840246,-3.96134,-4.442,2.68069,-0.858636,-3.8113,13.0402,12.5233,-2.05486,0,0,0,0,0,0,0,0,0,0,0,0,0.114351,-0.0534234,0.0722079,-0.08609,1.0134,0.748451,0.920761,1.12286,-1.41256,-1.55312,-1.55952,-1.30354,0.170283,0.0601905,-0.101776,-0.115741,0.763836,0.613882,1.06088,1.06672,-1.64865,-1.02975,-1.04418,-1.45719,0.858199,0.294336,0.497078,0.197933,-4.55534,2.15557,1.64475,-1.08968,-4.18197,0.087907,0.720384,-3.57314,
0.468102,2.92839,-4.92568,-0.7879,-1.21239,-6.05659,3.00294,-0.42428,-0.388256,12.031,11.726,-1.1319,0,0,0,0,0,0,0,0,0,0,0,0,0.127913,-0.0502455,0.0810827,-0.0830257,0.884002,0.789681,0.947659,1.0889,-1.52683,-1.54747,-1.53744,-1.38715,0.152294,0.0676071,-0.108874,-0.110996,0.693904,0.583727,1.08874,1.03199,-1.66238,-1.05673,-1.04259,-1.51089,0.282847,0.0358518,0.353531,0.177273,-7.08013,1.81547,1.04837,-1.99651,-6.00076,0.475171,1.29034,-3.92311,
0.290185,3.05845,-4.47395,-1.37748,1.13291,-7.73665,2.57413,-0.577688,1.87971,10.2455,10.5868,-0.683231,0,0,0,0,0,0,0,0,0,0,0,0,0.125055,-0.0512833,0.0864638,-0.0796013,0.735682,0.823718,0.967267,1.04438,-1.61542,-1.53276,-1.50897,-1.45735,0.125497,0.0690596,-0.0883937,-0.131128,0.635067,0.546323,1.08959,0.973681,-1.60339,-1.10354,-1.05544,-1.54859,-0.55828,-0.0997585,0.205019,0.178611,-7.29654,1.60356,0.9677,-2.3794,-3.15786,0.970237,1.50277,-3.19539,
1.01492,2.83767,-4.19358,-1.29935,3.69264,-5.79255,1.0065,-0.777579,2.7078,7.68169,10.8795,-0.0299679,0,0,0,0,0,0,0,0,0,0,0,0,0.106648,-0.0535849,0.0893714,-0.0791612,0.60189,0.855398,0.989299,0.991322,-1.63656,-1.50711,-1.47714,-1.50986,0.124578,0.0577058,-0.0769518,-0.135005,0.643703,0.65208,1.0519,0.906084,-1.51321,-1.1716,-1.01147,-1.55264,-1.13333,-0.110807,0.0710091,-0.193492,-5.29463,1.41921,1.11688,-2.70672,0.752142,1.41232,1.52445,-2.07895,
1.69272,2.05471,-3.47736,-1.03775,3.45875,-5.68268,0.455512,0.017015,2.71327,6.48139,9.79114,0.00120988,0,0,0,0,0,0,0,0,0,0,0,0,0.0841134,-0.0557455,0.0894198,-0.0862783,0.529058,0.882568,1.01105,0.931966,-1.5933,-1.47788,-1.44487,-1.53518,0.130844,0.0233641,-0.0516669,-0.136997,0.626553,0.681439,1.04875,0.868353,-1.42038,-1.19002,-1.01811,-1.54973,-1.04891,-0.153934,-0.0996177,-0.460442,-2.04277,1.30895,0.974176,-3.21467,3.21946,1.43013,1.7553,-0.730175,
2.06924,1.4219,-2.80111,-0.980771,1.87292,-6.07741,0.659924,0.864163,1.54156,6.17382,8.17344,0.535522,0,0,0,0,0,0,0,0,0,0,0,0,0.0694743,-0.0587419,0.0867586,-0.093315,0.517759,0.909608,1.02839,0.867731,-1.50953,-1.44987,-1.40477,-1.54514,0.145624,-0.00472709,-0.0282666,-0.136876,0.603295,0.692091,1.06827,0.845195,-1.35409,-1.17846,-1.03683,-1.52952,-0.330984,-0.143063,-0.149037,-0.216523,0.530949,1.27898,0.674392,-2.85513,4.68883,1.22284,2.04987,-0.289973,
3.21022,0.190841,-1.86178,-1.01748,0.220954,-6.11333,1.01174,0.863003,4.07632,6.00067,7.19258,0.351333,0,0,0,0,0,0,0,0,0,0,0,0,0.0692241,-0.0605888,0.0847359,-0.0946801,0.547421,0.935286,1.03978,0.818564,-1.44579,-1.4274,-1.36226,-1.54269,0.195818,-0.0548258,0.00816265,-0.135992,0.605657,0.716596,1.09084,0.812949,-1.30496,-1.16551,-1.03112,-1.5198,-0.0907558,-0.0935287,-0.105106,-0.0306385,2.46991,1.29213,0.529438,-2.00677,-1.11119,1.09307,2.1717,0.441981,
3.18142,-0.828241,-1.01253,-0.760588,-0.86275,-6.86385,0.476198,0.526549,5.10185,5.40289,5.91002,0.611909,0,0,0,0,0,0,0,0,0,0,0,0,0.0679354,-0.062079,0.0825668,-0.0949876,0.599297,0.961928,1.05243,0.788487,-1.4648,-1.40183,-1.31669,-1.53058,0.195579,-0.0951181,0.0409675,-0.124803,0.614886,0.712015,1.08567,0.789632,-1.27579,-1.15822,-1.03752,-1.49332,0.0193367,0.00452556,-0.05491,0.0303835,2.50494,1.23207,0.709792,-0.995839,-0.75343,1.37472,2.1386,0.639125,
1.73877,-1.76807,0.362444,0.0775183,-1.8083,-8.23699,-0.620606,1.25657,5.76516,2.49868,2.78882,1.21279,0,0,0,0,0,0,0,0,0,0,0,0,0.0693569,-0.061077,0.0818921,-0.0939363,0.649429,0.985485,1.0682,0.773564,-1.47605,-1.37099,-1.27395,-1.51101,0.14079,-0.130392,0.0958043,-0.0889184,0.626987,0.678518,1.06019,0.812243,-1.2531,-1.23719,-1.11932,-1.43791,0.0941272,0.0704,-0.0292818,0.0958588,2.49451,1.12562,0.84049,-0.579184,-0.382937,1.6926,2.15396,1.22926,
0.807514,-2.56103,1.09481,2.22955,-1.80975,-7.88638,-1.46128,2.56749,7.74967,-2.99962,0.649217,3.47153,0,0,0,0,0,0,0,0,0,0,0,0,0.0706767,-0.0602561,0.0808212,-0.0890813,0.698718,1.00749,1.08594,0.767685,-1.48065,-1.33545,-1.23112,-1.47764,0.103157,-0.163021,0.122806,0.00929201,0.675049,0.713889,1.04583,0.872059,-1.17333,-1.41911,-1.16277,-1.2983,0.009001,-0.01618,-0.0903907,0.459574,2.43602,1.09292,0.917028,0.0837699,-0.133042,1.81606,2.1192,2.02423,
-1.25068,-3.19984,-0.0422989,4.92821,-1.49084,-6.27875,-1.69201,4.16882,9.25893,-4.26853,-2.14854,8.1479,0,0,0,0,0,0,0,0,0,0,0,0,0.0725287,-0.0632974,0.0790518,-0.0902811,0.748723,1.01651,1.10316,0.811201,-1.48464,-1.32044,-1.18642,-1.47733,0.0283247,-0.196401,0.0775356,0.108152,0.735573,0.750654,1.04777,1.01511,-1.1215,-1.51224,-1.22833,-1.14761,0.291158,-0.255491,0.00878562,0.0652313,2.32419,-0.735455,0.614649,1.85761,-0.360649,-1.0531,2.20159,0.190177,
-3.23554,-1.90882,0.0222812,4.95539,-2.4579,-3.17932,-1.93267,4.35477,9.69533,-2.54551,-2.7377,9.67958,0,0,0,0,0,0,0,0,0,0,0,0,0.0792115,-0.0807992,0.0734048,-0.0893508,0.79414,0.973209,1.11378,0.844079,-1.49378,-1.37769,-1.17728,-1.4717,-0.0440216,-0.19647,0.0628728,0.108425,0.740467,0.760004,1.03798,1.04875,-1.1164,-1.55978,-1.30963,-1.07869,0.309425,-1.96593,-0.571166,-0.0219743,2.23216,-4.30159,0.0751356,1.52391,-0.521863,-4.0138,-1.14197,0.291591,
-4.02795,-0.160663,0.294564,5.08147,-4.97168,-1.35212,-2.43103,4.02921,10.3627,-0.115168,-2.79381,9.68762,0,0,0,0,0,0,0,0,0,0,0,0,0.085852,-0.128724,0.062939,-0.0900825,0.840595,0.853851,1.11962,0.875408,-1.50444,-1.46986,-1.22366,-1.46577,-0.0704127,-0.180481,0.0650553,0.111133,0.685152,0.674353,1.02538,1.06652,-1.09877,-1.56583,-1.39261,-1.07303,0.242668,-2.26652,-0.483314,-0.102156,2.17122,-6.2707,0.150174,1.49715,-0.441827,-4.56808,-2.85967,0.261551,
-4.76509,0.924507,1.32993,4.48056,-6.96659,-0.0774698,-1.89542,3.79126,11.4715,1.10801,-2.57029,10.2078,0,0,0,0,0,0,0,0,0,0,0,0,0.0904311,-0.164396,0.0531089,-0.091632,0.882636,0.724739,1.117,0.905757,-1.51037,-1.53508,-1.29484,-1.45998,-0.0960195,-0.151351,0.0969391,0.0865362,0.64446,0.593727,1.03346,1.0881,-1.05434,-1.53535,-1.47509,-1.04508,0.207645,-1.19676,-0.468349,-0.0527014,2.02439,-6.39562,-0.386473,1.53484,-0.141555,-2.22943,-3.87216,0.329786,
-4.07604,0.780848,1.83492,4.15113,-8.42437,1.13419,-1.751,3.01396,11.2169,1.26388,-2.84645,9.91292,0,0,0,0,0,0,0,0,0,0,0,0,0.0936649,-0.17359,0.0462038,-0.0923289,0.922675,0.609594,1.10761,0.939055,-1.50814,-1.56099,-1.36327,-1.45196,-0.0667353,-0.136774,0.117858,0.0738912,0.621712,0.557223,1.0212,1.09291,-1.05207,-1.50435,-1.56141,-1.0471,0.13206,0.279115,-0.0871485,0.00874824,1.8006,-4.88695,-0.818645,1.66461,0.36951,0.304049,-4.21419,0.416795,
-3.14584,-0.17672,1.43284,4.25026,-9.21755,1.45725,-0.690281,1.99487,9.9492,1.9074,-1.69923,9.59892,0,0,0,0,0,0,0,0,0,0,0,0,0.0954127,-0.152773,0.0522924,-0.0919316,0.957482,0.527044,1.07247,0.975804,-1.4933,-1.53765,-1.46536,-1.44225,-0.0301777,-0.129634,0.121695,0.0779918,0.619178,0.526192,0.995318,1.09176,-1.07516,-1.43309,-1.63075,-1.04797,0.0121658,1.51039,0.604477,-0.00434371,1.51991,-2.9571,-2.47715,1.8081,1.00854,1.4131,-4.87102,0.516125,
-1.99045,-1.0431,0.879755,4.01541,-9.24283,1.10578,-0.0385135,0.971263,7.96843,3.06878,-0.305403,8.96328,0,0,0,0,0,0,0,0,0,0,0,0,0.0939115,-0.119819,0.0649192,-0.0931384,0.984943,0.483295,1.01446,1.01207,-1.46741,-1.4905,-1.55645,-1.42999,0.0122179,-0.127414,0.11238,0.0661226,0.640161,0.496245,0.950188,1.08628,-1.11846,-1.30586,-1.65488,-1.0567,-0.103776,1.70645,0.613529,-0.0677739,1.24656,-1.56409,-3.13678,1.76834,1.51094,3.09463,-4.31073,0.737913,
-1.03569,-1.04277,-0.0106557,2.44978,-8.95331,-0.00504231,0.492695,-0.523459,5.05664,8.1957,1.63497,7.08133,0,0,0,0,0,0,0,0,0,0,0,0,0.0936332,-0.106383,0.076593,-0.0926975,1.0085,0.50572,0.946589,1.04516,-1.43249,-1.48842,-1.62399,-1.4091,0.059822,-0.140694,0.0909843,0.0135325,0.670692,0.564756,0.904355,1.05099,-1.19358,-1.19344,-1.60686,-1.09884,0.380829,0.370021,0.740881,0.411937,1.01606,2.96184,-3.09711,1.33876,1.83197,-1.64233,-2.41355,1.3502,
-1.16837,-0.801812,-0.394038,-0.724142,-6.71154,-0.99443,1.18256,-2.50677,1.27353,10.1447,2.07857,2.40534,0,0,0,0,0,0,0,0,0,0,0,0,0.106063,-0.0937226,0.0882229,-0.0793978,1.02579,0.561774,0.88818,1.06741,-1.39105,-1.51233,-1.63538,-1.37507,0.073985,-0.110579,0.0766516,-0.0924347,0.771507,0.575537,0.882522,0.985987,-1.29388,-1.12311,-1.53551,-1.23933,0.732844,0.760811,0.209509,0.796442,0.709106,2.67702,-2.64805,0.942343,2.31149,-0.828627,0.836315,1.97635,
0.0185328,0.143107,-1.36156,-2.49387,-5.90679,-1.56774,2.92111,-3.16726,-4.52464,10.9596,5.62293,-1.04447,0,0,0,0,0,0,0,0,0,0,0,0,0.120048,-0.0790189,0.0806037,-0.0639343,1.03843,0.615741,0.844985,1.08613,-1.33878,-1.52294,-1.59415,-1.33126,0.131445,-0.0619099,0.00897967,-0.151731,0.812744,0.603135,0.93191,0.977722,-1.46749,-1.09057,-1.31203,-1.33142,0.532769,0.569239,-0.858088,0.597877,0.529457,2.50514,-1.49598,0.913942,2.61403,-0.300945,2.86015,2.08102,
1.25994,2.69613,-3.47996,-1.73756,-4.52171,-1.64176,3.5798,-1.9937,-4.43524,12.2258,12.3276,-2.97053,0,0,0,0,0,0,0,0,0,0,0,0,0.126034,-0.070049,0.0710229,-0.059034,1.03647,0.665045,0.848425,1.10242,-1.34211,-1.52645,-1.54249,-1.2975,0.176927,0.0415513,-0.0622818,-0.136611,0.821796,0.648157,1.03491,1.03222,-1.5793,-1.04059,-1.0448,-1.39603,0.0247813,0.187748,0.29468,-0.403702,-1.69012,2.43915,2.16445,0.477423,-2.98905,-0.158676,0.229018,1.01492,
0.728634,3.47869,-4.42641,-0.665873,-2.15786,-3.56964,3.78574,-1.56016,-1.87369,12.5534,12.8867,-1.70419,0,0,0,0,0,0,0,0,0,0,0,0,0.125317,-0.0704258,0.0742785,-0.0728945,0.962893,0.713552,0.887565,1.10367,-1.44293,-1.52911,-1.53284,-1.31852,0.158101,0.0684341,-0.0985731,-0.115065,0.779435,0.614112,1.07177,1.02696,-1.63796,-1.02717,-1.00485,-1.43748,0.181888,-0.0143773,0.210249,-0.776773,-4.85721,2.16731,1.63871,-0.715231,-6.00389,-0.00965138,0.626369,-2.53963,
0.420397,3.40403,-5.33516,-0.697362,-0.51835,-5.10231,3.51961,-0.910969,0.198746,11.3996,11.952,-1.33699,0,0,0,0,0,0,0,0,0,0,0,0,0.128656,-0.0692003,0.080469,-0.0855064,0.847613,0.753833,0.917061,1.07325,-1.5519,-1.52463,-1.51683,-1.37581,0.14478,0.0695981,-0.125136,-0.120599,0.7028,0.587304,1.0851,0.994903,-1.64195,-1.05938,-1.01988,-1.48804,-0.034596,0.131856,0.39009,-0.359893,-6.20396,1.87817,1.36288,-2.09514,-4.8999,0.463347,0.943581,-2.93762,
0.443807,3.40111,-4.66678,-0.943841,1.48285,-4.27385,2.59227,-1.46358,1.76186,8.6626,12.3605,-1.06084,0,0,0,0,0,0,0,0,0,0,0,0,0.119966,-0.0670772,0.0876236,-0.0899241,0.719466,0.79094,0.94505,1.02275,-1.61916,-1.50946,-1.4947,-1.43572,0.121612,0.0693739,-0.0944883,-0.131084,0.663302,0.653556,1.07506,0.911874,-1.58657,-1.1446,-0.977327,-1.53486,-0.805307,0.0203344,0.227978,-0.170288,-5.77393,1.6785,1.31571,-2.61664,-1.89408,0.918168,1.14785,-2.8354,
0.805931,2.8111,-3.91309,-1.1319,2.22996,-4.63518,1.9959,-1.08132,1.73601,7.26275,11.6834,-0.680629,0,0,0,0,0,0,0,0,0,0,0,0,0.0998045,-0.0672209,0.0906893,-0.0921379,0.625236,0.823168,0.971533,0.968086,-1.63319,-1.48807,-1.47022,-1.48101,0.108981,0.042701,-0.0660312,-0.141111,0.635997,0.668813,1.07589,0.864528,-1.54202,-1.17544,-0.97535,-1.55215,-1.15302,-0.126102,-0.00983273,-0.184832,-3.92184,1.55262,1.22599,-3.01522,1.08625,1.10636,1.37679,-2.19561,
1.26879,2.20035,-2.99294,-1.06008,2.26025,-5.42628,1.78454,0.252846,1.53232,6.94814,10.055,0.0834303,0,0,0,0,0,0,0,0,0,0,0,0,0.0748888,-0.0717562,0.0876835,-0.0970708,0.568519,0.855082,0.993494,0.897158,-1.59232,-1.4666,-1.43694,-1.52024,0.102685,0.0107715,-0.0366934,-0.144479,0.626674,0.667992,1.08248,0.835141,-1.48387,-1.17006,-0.99952,-1.54863,-1.14776,-0.274316,-0.232965,-0.250254,-1.61273,1.49809,0.880084,-3.60657,2.35782,0.930833,1.76118,-1.58614,
1.33702,1.43013,-2.30862,-1.02423,1.47243,-6.39213,1.35198,1.07573,1.28976,6.94813,8.06389,0.72446,0,0,0,0,0,0,0,0,0,0,0,0,0.0546664,-0.0766701,0.0834238,-0.0985807,0.559528,0.892337,1.01292,0.816377,-1.53377,-1.4448,-1.39023,-1.54637,0.0992103,-0.0218795,-0.0108369,-0.138332,0.627625,0.666578,1.08161,0.804929,-1.42603,-1.14997,-1.02925,-1.52803,-0.446834,-0.120721,-0.0957942,0.0608869,0.45999,1.4963,0.730914,-2.72383,2.80712,0.84526,1.92125,-0.5321,
1.12182,0.817845,-2.02894,-0.89567,0.59467,-7.2727,0.637188,1.07359,1.28377,7.0423,6.52213,0.821678,0,0,0,0,0,0,0,0,0,0,0,0,0.0515187,-0.0774336,0.0835687,-0.0956063,0.57878,0.923898,1.02835,0.771446,-1.47175,-1.42682,-1.35004,-1.54452,0.0979087,-0.0440149,0.00448333,-0.127334,0.626582,0.663231,1.0689,0.781792,-1.35812,-1.12754,-1.05131,-1.49965,0.0758588,0.0352434,0.103608,0.204954,1.20077,1.51204,0.753225,-1.62986,3.11414,0.879269,1.89219,0.599846,
2.01731,-0.744645,-0.615783,-0.384042,-0.840205,-8.13091,0.0842136,1.45004,5.5015,4.3959,4.74168,0.455876,0,0,0,0,0,0,0,0,0,0,0,0,0.0507409,-0.0781402,0.0846919,-0.0932159,0.630372,0.953716,1.04407,0.749375,-1.49139,-1.40644,-1.31174,-1.52395,0.128758,-0.110227,0.0599808,-0.107222,0.648684,0.657507,1.06388,0.793901,-1.28952,-1.20656,-1.08305,-1.47911,-0.133747,-0.11507,-0.00399389,0.0677951,2.59602,1.45133,0.822154,-0.67379,-0.909856,1.20215,1.95141,1.33018,
1.89523,-1.69712,0.471068,0.63602,-1.08939,-8.60458,-0.666902,1.77407,7.45603,0.854506,2.85114,1.89539,0,0,0,0,0,0,0,0,0,0,0,0,0.0469947,-0.08138,0.0841656,-0.0892746,0.684387,0.983145,1.06259,0.747748,-1.50574,-1.37713,-1.27057,-1.49924,0.118968,-0.152543,0.102477,-0.0566884,0.69191,0.66591,1.05471,0.827258,-1.21763,-1.31171,-1.11739,-1.40134,-0.191765,-0.163922,-0.0265768,0.357271,2.55489,1.34741,0.939734,0.427335,-0.506219,1.56225,1.9569,1.10398,
0.423237,-2.99424,0.376881,3.32044,-0.328362,-7.21644,-1.26522,3.32923,9.23685,-3.19306,-0.410839,6.33491,0,0,0,0,0,0,0,0,0,0,0,0,0.0444723,-0.0835993,0.0841105,-0.0876675,0.734685,1.00897,1.08161,0.784791,-1.51337,-1.34479,-1.23138,-1.49667,0.0622125,-0.202634,0.100856,0.0460638,0.770783,0.743829,1.04811,0.964326,-1.151,-1.43967,-1.20723,-1.24477,0.0405328,0.0367539,0.0835256,0.045681,2.46162,1.17586,0.855342,2.31827,-0.355503,1.64175,2.02914,-0.0745137,
-1.25856,-2.09328,-0.30962,4.26309,-1.48576,-5.2085,-2.21772,4.03732,10.5592,-3.57176,-2.96332,8.62348,0,0,0,0,0,0,0,0,0,0,0,0,0.0474834,-0.0911887,0.0847906,-0.0865216,0.785187,1.01123,1.09688,0.828615,-1.52139,-1.33492,-1.19445,-1.49513,0.0016089,-0.197556,0.071251,0.0847722,0.773672,0.769017,1.02148,1.02924,-1.1079,-1.50416,-1.29135,-1.14832,0.223385,-1.13179,-0.0577379,0.0385133,2.39577,-1.69348,0.66575,1.95653,-0.443806,-1.31871,1.08173,0.0935345,
-3.68375,-1.10076,0.422658,4.69396,-3.2598,-3.07893,-2.5305,4.13883,10.933,-2.40988,-2.77153,9.52222,0,0,0,0,0,0,0,0,0,0,0,0,0.0533176,-0.12193,0.0777094,-0.0858538,0.832535,0.947625,1.10973,0.865385,-1.53018,-1.39334,-1.21437,-1.49229,-0.0874651,-0.203739,0.0880401,0.102298,0.748807,0.729768,1.01738,1.06598,-1.10104,-1.56575,-1.36575,-1.10781,0.328358,-1.88893,-0.328782,0.0196622,2.33322,-4.73496,0.443662,1.75212,-0.409462,-3.80095,-2.02592,0.179506,
-4.4304,0.163291,0.623167,5.24842,-6.16723,-1.24259,-2.40741,4.0101,11.6733,-0.006464,-3.30206,10.5077,0,0,0,0,0,0,0,0,0,0,0,0,0.0591238,-0.159716,0.0688197,-0.0867464,0.879926,0.82785,1.11598,0.90112,-1.53627,-1.47989,-1.27237,-1.48762,-0.115294,-0.185608,0.0822204,0.12007,0.676466,0.653949,1.02092,1.09537,-1.07224,-1.56669,-1.46907,-1.06251,0.139899,-1.62117,-0.576302,-0.156006,2.16146,-6.20988,0.0618053,1.69237,-0.145161,-4.32717,-3.2309,0.23997,
-3.93845,0.469085,0.981821,5.1172,-7.94265,0.449446,-1.68599,2.99428,11.3537,1.07295,-3.35371,10.3738,0,0,0,0,0,0,0,0,0,0,0,0,0.0613002,-0.180852,0.0578194,-0.0893533,0.920788,0.700476,1.11111,0.935058,-1.53483,-1.54029,-1.35589,-1.48134,-0.094566,-0.17062,0.0889254,0.113456,0.641546,0.593156,1.01892,1.08886,-1.07489,-1.53681,-1.58741,-1.05848,0.0835964,-0.426605,-0.408343,-0.0939573,1.92319,-6.26487,-1.23748,1.70171,0.289371,-1.97184,-4.86895,0.39511,
-2.96204,0.0119095,1.33157,4.37515,-9.51716,1.80355,-0.865145,1.69695,10.0071,1.47119,-2.08843,9.54868,0,0,0,0,0,0,0,0,0,0,0,0,0.0633817,-0.174268,0.0517027,-0.0896915,0.9584,0.58452,1.06853,0.971609,-1.52258,-1.55533,-1.47229,-1.47109,-0.0523294,-0.154896,0.101114,0.0867637,0.611148,0.561774,0.982027,1.07454,-1.10547,-1.49076,-1.67765,-1.07723,0.138519,0.944785,-0.192573,0.0724668,1.67173,-4.74442,-2.59483,1.75281,0.840961,0.285967,-6.09089,0.595389,
-1.80264,-0.649913,1.20495,3.50969,-10.2659,2.14136,0.0286323,0.790332,8.25458,2.3549,-0.381495,8.5815,0,0,0,0,0,0,0,0,0,0,0,0,0.0662377,-0.146254,0.0496943,-0.0872674,0.990641,0.509612,1.00375,1.00831,-1.49929,-1.53314,-1.58865,-1.45599,-0.00272798,-0.140406,0.0980866,0.0565492,0.608299,0.544614,0.937044,1.07403,-1.1428,-1.40467,-1.70831,-1.09566,0.157002,1.59224,0.00971021,0.171454,1.41476,-2.53264,-3.39259,1.70519,1.31538,1.71355,-5.22023,0.853347,
-0.715731,-1.19105,0.926835,2.59364,-10.1137,1.56614,0.795842,0.196251,6.57825,3.13962,1.27953,7.11288,0,0,0,0,0,0,0,0,0,0,0,0,0.0688721,-0.115787,0.0505855,-0.0838706,1.01646,0.476287,0.933159,1.04081,-1.46943,-1.47617,-1.66709,-1.43596,0.042779,-0.134825,0.0882494,0.0234369,0.635636,0.520429,0.895183,1.07915,-1.17387,-1.27674,-1.67462,-1.12852,0.126804,1.43018,0.029521,0.178089,1.18642,-0.925155,-3.49048,1.52445,1.62156,3.69218,-2.93583,1.1463,
-0.47576,-0.849281,0.463125,0.197038,-9.70093,-0.504056,1.6335,-2.94679,3.62337,8.13381,2.87372,3.08733,0,0,0,0,0,0,0,0,0,0,0,0,0.0740225,-0.10507,0.0532897,-0.0778686,1.03936,0.5177,0.866753,1.06936,-1.43295,-1.48627,-1.69185,-1.40747,0.0664473,-0.127886,0.0796259,-0.0578616,0.671308,0.556344,0.878709,0.975897,-1.24948,-1.19028,-1.57343,-1.25186,0.572758,0.557734,0.390558,0.606273,0.999096,2.94034,-2.6692,1.22041,1.92681,-1.46838,0.17349,1.60573,
0.943106,-0.250587,-1.31024,-1.80535,-7.99152,-0.616251,3.39709,-3.89593,-2.37198,9.61116,5.63213,-0.866773,0,0,0,0,0,0,0,0,0,0,0,0,0.0869426,-0.0920231,0.0587521,-0.0645578,1.05671,0.574103,0.82403,1.09148,-1.39004,-1.50883,-1.64895,-1.37182,0.136682,-0.0894881,0.0059597,-0.124801,0.751739,0.603858,0.928767,0.955947,-1.43799,-1.14218,-1.35086,-1.36853,0.600768,0.627923,-0.0191489,0.598534,0.73444,2.72024,-1.55736,1.01499,2.34613,-0.889741,3.64029,1.89817,
1.8242,1.57348,-2.99571,-2.06102,-6.86823,-0.443907,4.37041,-3.0515,-4.38074,10.6993,10.4415,-2.82347,0,0,0,0,0,0,0,0,0,0,0,0,0.0971248,-0.080109,0.0566673,-0.0542442,1.06702,0.62929,0.821994,1.1111,-1.35274,-1.52411,-1.57094,-1.33565,0.175021,-0.00887482,-0.0551959,-0.130182,0.793339,0.66278,1.03989,1.00432,-1.51755,-1.11018,-1.14879,-1.42407,0.246422,0.414739,0.398265,0.325132,0.0526336,2.5623,2.15376,0.764129,0.521113,-0.702202,0.223966,1.22614,
1.3693,3.10219,-3.7435,-1.15437,-4.86638,-1.72674,5.08162,-1.52437,-2.92269,12.1912,12.1031,-1.80407,0,0,0,0,0,0,0,0,0,0,0,0,0.105385,-0.0774879,0.0600903,-0.05881,1.03639,0.680641,0.859452,1.10984,-1.3886,-1.54052,-1.5604,-1.34769,0.178423,0.0460579,-0.0884416,-0.122157,0.769832,0.658776,1.09413,1.02337,-1.57501,-1.0687,-1.06378,-1.45953,0.913289,-0.0270847,0.0604018,-0.858598,-3.59527,2.36022,1.57069,-1.27492,-3.47504,-0.791497,0.624568,-1.98372,
0.414356,3.44914,-3.99164,-0.893769,-2.75937,-3.3843,4.55843,-0.760368,-1.61957,12.5011,11.996,-1.13801,0,0,0,0,0,0,0,0,0,0,0,0,0.126415,-0.0774819,0.0626257,-0.0774425,0.938107,0.726162,0.889489,1.0695,-1.46898,-1.55257,-1.54687,-1.40025,0.167576,0.0624998,-0.0918018,-0.126884,0.701443,0.634761,1.1017,0.993204,-1.61678,-1.05998,-1.05335,-1.50522,1.22933,0.100796,0.2619,-0.684558,-6.31444,2.19853,1.49385,-2.29422,-4.15096,-0.372769,0.68405,-2.97254,
0.0590282,3.30688,-3.9035,-0.766582,0.0870163,-4.19792,3.39655,-0.413995,0.166669,11.7854,13.5995,-0.564386,0,0,0,0,0,0,0,0,0,0,0,0,0.143924,-0.0743604,0.0695777,-0.0863311,0.790556,0.770639,0.921844,1.02109,-1.54931,-1.55389,-1.53234,-1.45925,0.152752,0.0615076,-0.0791296,-0.124257,0.648084,0.643705,1.08999,0.95403,-1.61243,-1.07798,-0.974737,-1.53194,0.323368,0.179639,0.371645,-0.363112,-7.29762,2.04912,1.61408,-2.52507,-3.48971,0.224807,0.681383,-2.50567,
-0.340925,5.63694,-5.77633,-1.21599,2.2178,-5.83568,3.06607,-0.507794,1.2522,8.66062,13.5411,-0.28493,0,0,0,0,0,0,0,0,0,0,0,0,0.138509,-0.0710466,0.07698,-0.0910627,0.653557,0.810077,0.954183,0.968957,-1.59778,-1.54386,-1.51684,-1.50053,0.108822,0.156953,-0.147112,-0.141008,0.61841,0.614357,1.10755,0.895423,-1.57903,-1.18305,-0.956539,-1.54712,-0.802503,0.126096,0.348071,-0.0652844,-6.19293,1.88532,1.53618,-2.66113,-1.56719,0.719331,0.933009,-1.75968,
0.881854,5.4369,-6.28592,-1.22795,3.10232,-6.45008,2.69013,0.160224,1.93452,7.00935,12.5506,-0.0385907,0,0,0,0,0,0,0,0,0,0,0,0,0.110182,-0.0700096,0.081503,-0.093401,0.551821,0.847928,0.984001,0.910771,-1.6075,-1.52631,-1.49265,-1.52649,0.109712,0.147179,-0.168766,-0.146793,0.606458,0.624242,1.1175,0.858998,-1.52284,-1.2284,-0.963393,-1.54651,-1.78718,-0.0143635,0.0584122,-0.213726,-3.47276,1.71582,1.29483,-2.9091,0.363793,0.876817,1.36135,-0.923569,
2.38305,4.21334,-5.56701,-1.27572,2.73152,-6.69797,2.19577,0.862253,2.86893,6.21174,10.8494,0.245155,0,0,0,0,0,0,0,0,0,0,0,0,0.0758671,-0.0697805,0.0807028,-0.0975872,0.510386,0.880861,1.00787,0.854424,-1.5787,-1.50922,-1.462,-1.53881,0.140786,0.0992296,-0.144959,-0.153053,0.602127,0.644771,1.1176,0.835127,-1.41823,-1.24479,-0.994321,-1.53706,-1.52017,0.0238303,-0.149067,-0.221859,-0.876017,1.59148,1.0947,-2.68936,2.28541,0.797871,1.68501,-0.403102,
2.29031,3.01798,-4.1994,-1.24597,1.79125,-6.96609,1.78661,1.38206,1.81535,6.35885,8.80615,0.600358,0,0,0,0,0,0,0,0,0,0,0,0,0.0590054,-0.0673326,0.0771688,-0.100581,0.509775,0.911832,1.02838,0.807424,-1.5038,-1.49488,-1.42624,-1.5414,0.147423,0.0575827,-0.0947645,-0.152711,0.594247,0.663645,1.1193,0.822675,-1.33514,-1.22796,-1.03678,-1.51571,-0.15973,0.209799,-0.197861,-0.11452,0.641132,1.52282,0.972817,-2.00159,4.80233,0.628305,1.86075,0.0837035,
2.89031,1.21841,-2.19769,-0.653618,-0.893558,-6.20077,0.294055,0.769164,5.42623,5.6676,6.54148,-0.124596,0,0,0,0,0,0,0,0,0,0,0,0,0.0644474,-0.0625571,0.0713218,-0.104127,0.555892,0.943377,1.04847,0.777094,-1.4901,-1.48231,-1.3859,-1.53311,0.1866,-0.0105866,-0.0251519,-0.136732,0.574163,0.724806,1.08027,0.790213,-1.28954,-1.2417,-1.08476,-1.52437,0.32701,0.161709,-0.428302,-0.322999,2.70063,1.47301,1.00216,-0.882406,-0.824082,0.695205,1.9744,0.686541,
2.54716,-0.105903,-0.53313,-0.338996,-2.26358,-6.35643,-1.01854,0.408702,5.87241,5.28569,4.5116,0.239734,0,0,0,0,0,0,0,0,0,0,0,0,0.0719295,-0.0586245,0.0621339,-0.107692,0.609456,0.971534,1.06925,0.769203,-1.50175,-1.4654,-1.34551,-1.52404,0.183046,-0.0572671,0.0323125,-0.120157,0.571878,0.743829,1.04937,0.782589,-1.27486,-1.23416,-1.12368,-1.50956,0.461504,0.27968,-0.424812,0.0547655,2.64824,1.3276,1.04333,-0.148103,-0.4004,0.990632,2.06848,0.244907,
1.90255,-1.24328,0.735772,-0.117428,-3.39767,-6.81199,-2.19143,0.766175,6.62621,4.08382,2.62323,0.694153,0,0,0,0,0,0,0,0,0,0,0,0,0.0831181,-0.0512404,0.0542373,-0.10134,0.663567,0.997484,1.09026,0.767235,-1.50601,-1.44161,-1.30052,-1.51475,0.1706,-0.0930723,0.0770577,-0.0954414,0.577677,0.748168,1.02151,0.796749,-1.24171,-1.25314,-1.1513,-1.47519,0.569025,0.394954,-0.330527,0.529809,2.50087,1.15819,0.945203,-0.0566322,-0.0370633,1.25594,2.21455,0.589835,
3.95834,-3.33277,1.09154,0.662466,-3.07846,-6.91991,-2.16031,2.68768,10.1557,-2.70721,-0.633082,3.52967,0,0,0,0,0,0,0,0,0,0,0,0,0.0934416,-0.0441474,0.0474284,-0.0876687,0.711452,1.01953,1.10745,0.767412,-1.50327,-1.41479,-1.2545,-1.49567,0.260523,-0.171626,0.0839376,-0.044258,0.634155,0.763935,1.0365,0.877998,-1.09138,-1.49489,-1.23221,-1.32958,0.437387,0.291621,-0.357615,0.845603,2.29205,1.06026,0.773056,0.153913,0.282963,1.40959,2.38051,1.24487,
2.44948,-3.51559,0.599584,1.38069,-3.53931,-6.47353,-1.90926,2.56485,11.3637,-3.38289,-3.00491,6.23875,0,0,0,0,0,0,0,0,0,0,0,0,0.103405,-0.0467184,0.0398329,-0.0901946,0.755822,1.02194,1.12283,0.798801,-1.49607,-1.40329,-1.21244,-1.49003,0.215568,-0.204507,0.0570573,-0.0353859,0.657755,0.729203,1.05987,0.931577,-1.03548,-1.55294,-1.30285,-1.23305,0.709195,-0.858243,-0.337952,-0.0209494,2.17526,-1.68957,0.670797,1.50912,0.302241,-0.716624,1.48922,0.371606,
-0.120229,-1.72026,0.90154,1.23846,-3.30111,-2.28314,-1.79316,3.58868,11.47,-1.38412,-3.07773,9.57026,0,0,0,0,0,0,0,0,0,0,0,0,0.120744,-0.0839154,0.030274,-0.0910502,0.800177,0.942198,1.13577,0.827047,-1.48897,-1.44539,-1.22786,-1.48209,0.132469,-0.205877,0.0570755,-0.0447874,0.709081,0.733533,1.06387,0.995519,-1.02158,-1.55958,-1.39849,-1.09259,0.826704,-2.65757,-0.463007,-0.163778,2.04745,-5.86695,-0.00891671,1.24624,0.429884,-2.94139,-2.376,0.334309,
-1.48481,-0.352943,1.51186,1.79043,-6.47442,0.168267,-2.88436,3.4841,12.0284,0.483012,-3.39697,10.1646,0,0,0,0,0,0,0,0,0,0,0,0,0.138885,-0.135184,0.0185807,-0.0947284,0.84008,0.805944,1.14605,0.850737,-1.47717,-1.50408,-1.27823,-1.47529,0.0977945,-0.193849,0.0693248,-0.0280255,0.620077,0.673442,1.03689,1.01424,-0.980505,-1.54244,-1.49786,-1.06296,0.915128,-2.22737,-0.48651,-0.245708,1.94868,-6.96162,0.31093,1.20676,0.776392,-2.88377,-4.1875,0.287096,
-1.84175,0.239205,2.00274,2.53455,-9.50291,1.4851,-2.50068,2.99827,11.3605,1.17797,-3.16147,9.98943,0,0,0,0,0,0,0,0,0,0,0,0,0.159869,-0.172161,0.0102189,-0.103693,0.885601,0.654162,1.13522,0.881523,-1.44863,-1.55058,-1.38596,-1.46757,0.101817,-0.176424,0.0936924,-0.0107794,0.538954,0.612494,1.00238,1.02662,-0.963987,-1.51777,-1.6042,-1.06098,0.780911,-0.691582,0.168206,-0.423432,1.6735,-5.05356,-1.64059,1.25834,1.51137,-0.715401,-4.58938,0.351036,
-1.6239,-0.0459526,1.82227,3.13287,-11.1001,1.74571,-1.89381,2.61262,9.70903,1.01941,-1.95097,9.64076,0,0,0,0,0,0,0,0,0,0,0,0,0.175692,-0.171738,0.0126456,-0.112744,0.916539,0.572632,1.09914,0.90684,-1.409,-1.54793,-1.48844,-1.45735,0.126728,-0.159856,0.103549,0.00534547,0.49878,0.583919,0.964994,1.03532,-0.976536,-1.49044,-1.66697,-1.06026,0.799573,0.686002,0.900653,-0.361245,1.31222,-2.92706,-2.91949,1.19874,2.20532,0.835955,-5.02421,0.573285,
-1.2343,-0.556825,0.788341,3.56069,-11.3571,1.29564,-0.443341,2.39271,7.29522,1.21863,-0.211217,9.39945,0,0,0,0,0,0,0,0,0,0,0,0,0.190756,-0.150083,0.0379383,-0.120663,0.938993,0.533836,1.02261,0.93059,-1.35777,-1.52361,-1.58196,-1.44441,0.155864,-0.144966,0.0978092,0.013374,0.503773,0.562472,0.917052,1.04931,-1.00873,-1.44518,-1.6783,-1.05378,0.724019,1.36951,1.41686,-0.41956,0.953235,-1.15951,-4.39127,1.15075,2.86181,1.48433,-4.39443,0.732453,
0.567262,-0.83929,-0.158331,2.30802,-11.7514,-0.216392,1.71889,0.129566,5.93628,2.48391,1.05338,7.07446,0,0,0,0,0,0,0,0,0,0,0,0,0.203977,-0.122065,0.0623441,-0.130402,0.9545,0.521759,0.931392,0.951783,-1.295,-1.48412,-1.64615,-1.42738,0.239747,-0.127347,0.0750136,-0.0480959,0.497036,0.508721,0.910751,0.975816,-0.990771,-1.33822,-1.6499,-1.12475,0.653983,1.41444,0.950136,-0.50076,0.629533,-0.219121,-4.46982,0.942528,3.33898,2.32685,-2.2942,0.982694,
1.29724,-0.927138,-0.619598,1.22774,-10.9775,-1.67677,2.31598,-0.3994,4.20882,6.1053,2.76572,4.41873,0,0,0,0,0,0,0,0,0,0,0,0,0.217697,-0.0951595,0.0704919,-0.141821,0.964497,0.529048,0.854789,0.96773,-1.22027,-1.44271,-1.66971,-1.40316,0.285133,-0.102001,0.0441939,-0.102123,0.532251,0.510494,0.894728,0.962864,-0.97623,-1.24022,-1.5622,-1.19907,0.777304,1.5122,-0.0757079,-0.470602,0.342691,2.42585,-2.63503,0.55547,3.78417,-2.08596,-0.156021,1.36729,
1.65618,-0.754063,-1.27907,0.493955,-8.42169,-1.3214,3.4247,-1.21489,-0.499951,5.88489,5.37166,0.353477,0,0,0,0,0,0,0,0,0,0,0,0,0.236293,-0.0604176,0.0626789,-0.148837,0.967998,0.575373,0.821096,0.976394,-1.13765,-1.47758,-1.63639,-1.37234,0.323096,-0.0526919,-0.00328665,-0.134633,0.631558,0.567744,0.941981,0.935748,-1.06786,-1.27123,-1.35935,-1.32545,1.02776,1.89441,-0.74013,-0.277741,0.0213778,2.26135,-0.805122,0.397508,4.48902,-1.45205,3.10863,1.63742,
-2.3735,2.35994,-3.42009,1.11043,-4.61047,-0.70714,3.77696,-0.554971,-9.11939,10.191,11.979,-2.23285,0,0,0,0,0,0,0,0,0,0,0,0,0.259155,-0.0194,0.052253,-0.153456,0.967276,0.6231,0.84438,0.986692,-1.04093,-1.50506,-1.58272,-1.34024,0.183355,0.110569,-0.0834726,-0.114917,0.780496,0.640734,1.05641,0.974763,-1.31452,-1.12506,-1.10848,-1.40127,0.956989,1.77855,0.0539004,-0.293924,-0.118071,2.29598,3.04773,0.513482,4.55946,-1.38206,-0.246041,1.41418,
-1.96259,4.85849,-3.96187,-0.107924,-2.60848,-0.0117751,4.94094,-0.921818,-7.0279,11.5057,15.3815,-0.67188,0,0,0,0,0,0,0,0,0,0,0,0,0.254717,0.00723533,0.0475419,-0.150502,0.978504,0.667826,0.894506,1.00075,-1.1088,-1.53578,-1.57896,-1.34988,0.148116,0.220162,-0.121277,-0.138739,0.870155,0.71061,1.13338,0.976852,-1.55497,-1.10654,-0.951874,-1.41719,-1.40487,0.92934,-0.517224,0.803996,-0.200476,2.16275,2.06204,0.648667,-8.25234,-1.54976,0.591226,-2.02164,
-1.47179,8.09513,-5.01672,-0.363497,-1.78894,0.38324,5.53906,-1.05402,-2.97707,10.2814,14.7271,0.0841352,0,0,0,0,0,0,0,0,0,0,0,0,0.20695,0.0218068,0.0341721,-0.127501,0.953772,0.709099,0.928676,0.999551,-1.33022,-1.56434,-1.55959,-1.38291,0.0865945,0.358752,-0.181123,-0.115941,0.837636,0.764039,1.1804,0.944741,-1.69472,-1.1781,-0.946133,-1.40539,-3.07418,0.657027,-0.731296,1.305,-2.2289,1.98052,1.50825,-0.632468,-12.2712,-1.2508,1.21873,-1.29269,
-0.496835,7.14934,-5.70708,-0.158085,-0.879855,-0.949251,5.16157,-1.60148,0.579773,9.70439,12.9775,-0.362216,0,0,0,0,0,0,0,0,0,0,0,0,0.140634,0.0409367,0.0223335,-0.116197,0.878954,0.749624,0.96156,0.984009,-1.54829,-1.58514,-1.53329,-1.39374,0.0592021,0.354463,-0.210314,-0.116073,0.756936,0.748554,1.20149,0.901066,-1.70819,-1.21142,-0.989945,-1.40646,-3.07792,1.37762,-0.2182,0.322399,-4.34116,1.84499,1.67327,-0.944202,-9.15459,-0.722957,1.21229,0.0882785,
2.20467,3.35337,-6.00973,-1.14033,0.0276103,-1.39188,3.40982,-1.55879,3.43128,7.64909,12.2871,-1.52628,0,0,0,0,0,0,0,0,0,0,0,0,0.0854626,0.0759804,0.0218812,-0.104951,0.778459,0.785278,0.997576,0.960691,-1.66552,-1.5954,-1.50969,-1.39083,0.121858,0.249528,-0.218185,-0.13695,0.673505,0.764484,1.17187,0.871728,-1.59676,-1.29704,-0.994615,-1.44917,-2.58958,1.97065,0.0161569,0.680695,-5.30289,1.74406,1.89516,-1.3306,-3.42457,-0.380295,1.17954,0.13604,
4.21852,0.529834,-4.35783,-1.31017,1.943,-2.26326,0.963829,-0.512901,4.71565,7.07409,9.73538,-0.842252,0,0,0,0,0,0,0,0,0,0,0,0,0.0443427,0.11585,0.0161295,-0.0950063,0.666574,0.8226,1.03745,0.926381,-1.65823,-1.60453,-1.48288,-1.405,0.18825,0.16984,-0.172783,-0.14714,0.640854,0.768848,1.11165,0.864203,-1.40467,-1.33405,-1.06436,-1.46729,-1.24168,1.63983,-0.729936,0.0136353,-5.17199,1.83893,1.78255,-2.08311,3.24656,-0.624542,1.45523,-1.4298,
3.60851,-0.622665,-1.60448,-1.03805,1.75415,-2.95787,-0.383293,0.428795,5.1099,8.53624,7.03934,0.0920724,0,0,0,0,0,0,0,0,0,0,0,0,0.042949,0.145579,-0.00516591,-0.0997068,0.578609,0.861019,1.07078,0.879549,-1.54387,-1.62089,-1.45075,-1.43713,0.219055,0.148721,-0.0948846,-0.147946,0.615571,0.782597,1.08615,0.847776,-1.25705,-1.29953,-1.13452,-1.46615,1.58827,1.40243,-1.27697,-0.335844,-1.66021,1.99467,1.53526,-2.44623,4.12119,-1.00446,1.73312,-1.63505,
5.89747,-3.72984,1.82591,-0.787917,-3.933,-3.96495,-1.83289,-0.0232872,9.47815,6.66804,2.57797,0.0814633,0,0,0,0,0,0,0,0,0,0,0,0,0.0758292,0.167326,-0.0390474,-0.111523,0.629961,0.901822,1.10016,0.835363,-1.55201,-1.63833,-1.41207,-1.46086,0.33731,0.0369162,-0.00391272,-0.154523,0.53565,0.783455,1.05664,0.796961,-1.17431,-1.3821,-1.26754,-1.47281,1.27911,0.939214,-1.89509,-0.574209,3.15047,2.01155,1.48999,-1.8735,-0.0713367,-0.524861,2.07081,-0.760499,
6.25175,-7.04237,4.79709,-0.640402,-5.99764,-5.22688,-3.84329,-0.318228,9.94654,3.63185,-1.54616,0.919934,0,0,0,0,0,0,0,0,0,0,0,0,0.102401,0.187217,-0.079002,-0.117149,0.693414,0.942216,1.13205,0.805671,-1.54173,-1.64017,-1.36659,-1.46907,0.380734,-0.0721416,0.0781023,-0.141029,0.511632,0.769057,1.00961,0.767628,-1.12564,-1.48812,-1.38471,-1.43278,1.41315,1.11681,-1.73898,0.0868422,2.90616,1.79583,1.56489,-1.26568,0.911149,0.338318,2.18669,-0.0252469,
6.26287,-10.0069,5.85438,0.205402,-7.17695,-6.16785,-3.98395,0.329243,9.92523,0.369948,-2.83478,1.76579,0,0,0,0,0,0,0,0,0,0,0,0,0.133179,0.212632,-0.100892,-0.111013,0.748008,0.975826,1.15875,0.777398,-1.51631,-1.62704,-1.3387,-1.4526,0.414046,-0.161928,0.126578,-0.0947413,0.511901,0.761092,1.01857,0.760921,-1.08835,-1.59495,-1.44797,-1.35438,1.51763,1.28571,-0.335248,0.402788,2.54855,1.59896,0.958683,-1.48235,1.54752,0.864524,0.20575,1.37961,
5.70025,-10.8029,4.76525,2.00271,-7.252,-6.63584,-1.9772,0.0456291,10.1525,-1.3038,-3.16433,5.61036,0,0,0,0,0,0,0,0,0,0,0,0,0.158446,0.224648,-0.101399,-0.110175,0.795591,1.0037,1.17171,0.766854,-1.47789,-1.60837,-1.35421,-1.43726,0.406422,-0.232505,0.107594,-0.0457401,0.546255,0.746251,1.09005,0.793509,-1.03398,-1.64433,-1.52194,-1.20881,0.998308,-1.25192,0.919169,-0.783674,2.03718,0.399179,-0.128503,1.24153,1.89035,0.8095,-2.05744,0.201641,
3.48198,-5.15466,1.91962,0.972373,-9.87402,-5.48889,-0.82953,0.822323,10.4486,0.131366,-2.61216,5.67088,0,0,0,0,0,0,0,0,0,0,0,0,0.180346,0.148014,-0.0623096,-0.122953,0.832239,0.974795,1.15145,0.783777,-1.44307,-1.5918,-1.41105,-1.42842,0.34496,-0.190045,0.0789977,-0.093805,0.471823,0.68003,1.08124,0.827679,-0.993623,-1.56129,-1.59541,-1.19053,1.26678,-6.59363,3.22612,-0.487338,1.72722,-3.7605,-1.85166,0.55042,1.57492,1.26284,-3.99357,0.552632,
-0.753978,0.293268,-1.22758,2.06114,-9.44395,-0.29947,-0.183838,2.77645,10.1742,0.836628,-0.434726,7.49979,0,0,0,0,0,0,0,0,0,0,0,0,0.21125,-0.0207794,0.0159769,-0.131494,0.866769,0.836361,1.10327,0.789901,-1.40871,-1.55006,-1.50954,-1.41505,0.212267,-0.167427,0.037358,-0.0579406,0.519973,0.663593,1.04781,0.903792,-0.964176,-1.476,-1.62586,-1.10172,1.55879,-7.91891,3.52421,-0.444607,1.54813,-8.0395,-2.40526,0.141676,1.87808,2.02988,-4.94651,0.666808,
-2.31423,2.16951,-1.35991,3.29904,-12.0063,1.3284,-1.19665,3.69674,9.04873,0.970365,0.245907,7.65729,0,0,0,0,0,0,0,0,0,0,0,0,0.242883,-0.148071,0.0707127,-0.141976,0.895404,0.685623,1.05836,0.79242,-1.36223,-1.52919,-1.58383,-1.40226,0.178273,-0.16084,0.0455541,-0.0252912,0.440765,0.600125,0.972459,0.944265,-0.943301,-1.45574,-1.63455,-1.08463,1.39798,-4.97746,1.46189,-0.76382,1.28057,-6.93171,-1.90189,0.198775,2.8492,1.73176,-3.0279,0.566599,
-2.09507,1.29686,-0.157931,4.30621,-14.7001,1.14326,-1.53119,3.80419,5.99466,1.27986,-0.133419,7.03707,0,0,0,0,0,0,0,0,0,0,0,0,0.274676,-0.215155,0.0745196,-0.166047,0.922023,0.558762,1.01083,0.801492,-1.26867,-1.49644,-1.62376,-1.3894,0.213505,-0.173961,0.0554319,-0.0130587,0.349286,0.540408,0.907139,0.963076,-0.944129,-1.42431,-1.63779,-1.09878,1.13158,-0.534043,-0.638525,-0.962983,0.763429,-3.20421,-2.12205,0.470847,4.23757,1.04668,-0.434674,0.457105,
-1.62653,-0.0872998,0.389248,4.59954,-16.1085,0.964756,-1.02587,3.57318,2.97947,1.13709,-0.491491,6.36057,0,0,0,0,0,0,0,0,0,0,0,0,0.297332,-0.203128,0.0579654,-0.183822,0.932626,0.513246,0.961416,0.812613,-1.17508,-1.46617,-1.62476,-1.38103,0.25523,-0.179558,0.056473,-0.0158398,0.294759,0.518542,0.862766,0.967734,-0.955706,-1.38244,-1.64227,-1.11888,1.14795,1.35308,-0.853115,-0.799961,0.323732,-1.6647,-2.88072,0.609723,5.00954,1.91201,0.107456,0.38676,
-1.5025,-0.531215,0.680843,3.9655,-16.3805,1.07317,0.0389261,3.1001,0.449561,1.12072,-0.102769,5.15232,0,0,0,0,0,0,0,0,0,0,0,0,0.320528,-0.169602,0.0421325,-0.197944,0.934898,0.490842,0.899862,0.826016,-1.06966,-1.42213,-1.62603,-1.37491,0.284067,-0.155382,0.0557328,-0.051471,0.278507,0.519628,0.836673,0.964191,-0.943028,-1.33005,-1.63483,-1.16417,1.18198,1.77344,-0.681672,-0.607345,-0.0585457,-0.70706,-3.23731,0.708538,5.43253,2.36253,-0.234452,0.232359,
-0.720182,1.29397,-0.853764,2.49549,-12.9156,1.91915,-0.412458,2.12163,-2.24003,4.06275,1.54948,1.3041,0,0,0,0,0,0,0,0,0,0,0,0,0.343904,-0.137171,0.0363748,-0.20992,0.929495,0.48415,0.879679,0.841286,-0.954086,-1.37019,-1.64537,-1.37233,0.334879,-0.0606759,0.00382944,-0.121699,0.404051,0.561267,0.86848,0.940025,-0.934001,-1.1591,-1.59316,-1.31918,0.989123,1.2368,0.0802607,-0.579919,-0.440893,0.0175589,0.26498,0.693693,5.48432,2.42908,-0.488143,0.0491612,
-5.01836,4.64913,-3.58852,2.31056,-2.84136,1.59954,0.381077,1.3746,-13.4405,11.8848,9.86109,-2.29585,0,0,0,0,0,0,0,0,0,0,0,0,0.365568,-0.0970431,0.0413353,-0.214224,0.917462,0.532388,0.917621,0.860076,-0.8452,-1.44143,-1.6512,-1.37464,0.18908,0.131933,-0.100553,-0.117881,0.787861,0.648854,0.989713,0.940616,-1.27541,-1.03929,-1.26311,-1.47259,1.21229,2.15056,0.0826,0.196064,-0.797335,2.62425,2.84244,1.27779,5.37053,-3.66292,-0.317956,-0.305964,
-4.02478,8.41861,-5.9225,0.970419,-2.7597,1.39114,2.41349,-1.32982,-7.94717,14.0927,16.0097,-0.479752,0,0,0,0,0,0,0,0,0,0,0,0,0.360719,-0.0600522,0.0430337,-0.191467,0.944001,0.583328,0.964536,0.900041,-1.00888,-1.51225,-1.65134,-1.41825,0.1651,0.305524,-0.19746,-0.111675,0.870817,0.68864,1.1013,0.896037,-1.53203,-1.01507,-1.00445,-1.50212,-1.73139,1.44157,-0.179697,2.04876,1.86014,2.4833,2.01129,2.45946,-10.2633,-3.32635,0.325159,-3.23369,
-1.75239,8.95335,-6.42147,-0.290453,-2.62691,2.35004,3.8249,-0.929735,-4.68951,14.435,15.927,-0.462297,0,0,0,0,0,0,0,0,0,0,0,0,0.293474,-0.0345436,0.0352273,-0.143096,0.993709,0.631752,0.997346,0.932549,-1.26725,-1.5756,-1.63427,-1.46555,0.134756,0.347696,-0.230017,-0.120488,0.906768,0.767915,1.17524,0.905364,-1.72566,-1.05127,-0.973537,-1.52514,-4.4311,1.20527,-0.419288,1.71133,0.906787,2.10806,1.24514,0.500191,-13.5418,-2.65338,1.18283,-2.05495,
-0.0503662,6.91768,-7.38355,-1.09869,-1.4831,1.96351,4.15105,-0.941485,-1.32954,13.4874,14.7941,-0.218592,0,0,0,0,0,0,0,0,0,0,0,0,0.199056,-0.00405349,0.0309993,-0.108572,0.971239,0.670371,1.01981,0.931496,-1.51962,-1.61985,-1.60632,-1.4933,0.100586,0.309046,-0.265254,-0.115345,0.859256,0.785282,1.2087,0.889262,-1.80783,-1.11666,-0.984657,-1.52136,-4.82279,1.81961,-0.0455905,1.85876,-2.63298,1.81852,1.14256,-0.228736,-11.7513,-1.81525,1.495,-0.966071,
2.15087,4.60127,-6.93504,-1.14088,-1.03576,1.9824,3.29506,-0.00342321,1.58384,10.9148,13.709,-0.737348,0,0,0,0,0,0,0,0,0,0,0,0,0.104516,0.036803,0.0284165,-0.078338,0.885375,0.707881,1.04674,0.921567,-1.70127,-1.65095,-1.57408,-1.50221,0.104976,0.259186,-0.25596,-0.106278,0.74655,0.823072,1.20685,0.906038,-1.76888,-1.23945,-0.994262,-1.53339,-4.27873,1.91662,-0.348726,0.884741,-4.86977,1.79477,1.41518,-0.769629,-6.54825,-1.25493,1.57291,-0.0841913,
4.22742,2.46219,-5.39149,-1.40916,0.624234,0.773553,1.01635,-0.580276,3.73506,9.4991,11.5904,-0.0850505,0,0,0,0,0,0,0,0,0,0,0,0,0.0364654,0.0756342,0.0153284,-0.0671935,0.769913,0.747067,1.07914,0.903239,-1.7614,-1.67515,-1.54034,-1.5128,0.160415,0.208565,-0.218786,-0.118911,0.680256,0.816945,1.15174,0.863452,-1.61904,-1.31796,-1.04324,-1.53238,-2.25733,1.72214,-0.922735,0.232448,-5.73131,1.94683,1.59704,-0.828789,-0.352014,-1.13846,1.67389,-0.808876,
3.62891,0.547438,-2.73406,-1.33299,2.19618,-0.480614,-0.939905,-0.247165,3.10099,10.6175,8.83694,-0.200735,0,0,0,0,0,0,0,0,0,0,0,0,0.0214908,0.109617,-0.00744922,-0.0679061,0.660644,0.787443,1.1107,0.880876,-1.70604,-1.69895,-1.50485,-1.52036,0.178979,0.164912,-0.143492,-0.126641,0.649173,0.809688,1.10288,0.841928,-1.48028,-1.29982,-1.11332,-1.53034,0.61659,1.66985,-1.334,-0.270758,-4.96589,2.07345,1.4888,-1.45308,5.08605,-1.27888,1.90263,-0.097272,
5.89596,-2.41162,0.129556,-1.20421,-2.61184,-0.762923,-1.9459,-0.209828,9.80152,10.0534,5.02977,0.536539,0,0,0,0,0,0,0,0,0,0,0,0,0.0475898,0.143031,-0.0399321,-0.0766321,0.64736,0.832337,1.1401,0.849102,-1.66737,-1.72545,-1.46164,-1.52228,0.317037,0.0752368,-0.0701623,-0.136017,0.607342,0.844973,1.08788,0.810724,-1.27867,-1.34559,-1.2153,-1.50281,1.68045,1.43353,-1.77062,-0.560848,3.22282,2.15767,1.28083,-1.49923,-0.168149,-1.11399,2.25727,-0.0995495,
6.18011,-5.22785,2.76527,-0.856303,-4.00854,-1.47489,-3.56509,-0.15485,10.4099,8.5644,0.909607,1.01813,0,0,0,0,0,0,0,0,0,0,0,0,0.079622,0.170661,-0.0770075,-0.088054,0.709587,0.874543,1.16554,0.818728,-1.6599,-1.73976,-1.41401,-1.51307,0.360077,-0.00905062,-0.00218287,-0.131375,0.610005,0.856318,1.05026,0.782696,-1.22633,-1.40187,-1.3294,-1.45454,1.66252,1.47014,-1.78931,-0.453445,3.038,2.03851,1.36589,-1.49191,0.858825,-0.234516,2.41167,0.890676,
5.00975,-8.8174,5.51976,0.33552,-4.99059,-2.61696,-5.40267,-0.837219,10.7811,4.1292,-2.64695,3.0903,0,0,0,0,0,0,0,0,0,0,0,0,0.115633,0.203071,-0.112307,-0.0973443,0.769993,0.915661,1.19713,0.799857,-1.63015,-1.73395,-1.36412,-1.48848,0.351978,-0.11703,0.0778256,-0.0986775,0.624331,0.848413,1.01337,0.781579,-1.16201,-1.55453,-1.42352,-1.34697,1.79777,1.62978,-1.5329,-0.737697,2.69812,1.87149,1.61722,0.760566,1.84467,0.712577,2.32372,0.894824,
4.41829,-12.0364,5.4002,1.81232,-5.04275,-3.85231,-4.97856,-0.337299,10.8309,0.573251,-4.87272,6.34104,0,0,0,0,0,0,0,0,0,0,0,0,0.153382,0.237009,-0.130162,-0.105545,0.818082,0.950086,1.22496,0.819443,-1.58633,-1.71382,-1.31954,-1.47007,0.364996,-0.211312,0.0995092,-0.0388492,0.661285,0.827866,1.04323,0.826769,-1.10717,-1.66727,-1.48041,-1.19888,1.74413,1.65667,0.683175,-0.28987,2.24566,1.59365,0.870905,1.04087,2.29637,1.18139,1.70214,0.877436,
4.05832,-8.78521,1.9674,2.7478,-6.27768,-4.41335,-2.56444,0.40648,10.1491,0.677288,-3.65765,6.60531,0,0,0,0,0,0,0,0,0,0,0,0,0.182167,0.234439,-0.067774,-0.125241,0.865675,0.972723,1.21454,0.841748,-1.52273,-1.68573,-1.34323,-1.44769,0.353422,-0.190564,0.0808201,-0.0416539,0.643995,0.779717,1.0707,0.86802,-1.06873,-1.63883,-1.55468,-1.16455,0.446152,-3.67969,3.49491,-1.31623,1.47135,-0.823626,-2.06317,0.500644,2.40196,0.990259,-3.25715,0.946336,
2.67509,-3.14191,-0.113998,3.29859,-7.35289,-2.95277,-0.682175,1.657,10.0447,0.6077,-2.36649,6.67459,0,0,0,0,0,0,0,0,0,0,0,0,0.189641,0.115742,0.00734224,-0.153352,0.891905,0.920392,1.15421,0.844943,-1.47603,-1.65578,-1.43833,-1.4254,0.306311,-0.156573,0.078273,-0.0483966,0.622306,0.716502,1.05197,0.909051,-1.02802,-1.58532,-1.64473,-1.13321,0.483336,-7.33189,3.77453,-1.3494,1.22585,-4.28895,-3.7473,-0.10859,2.31079,2.30763,-5.58668,1.26011,
-0.585416,0.7839,-1.6752,3.53823,-10.0852,-1.424,-0.530605,2.36733,8.53202,0.639785,0.0588946,5.92034,0,0,0,0,0,0,0,0,0,0,0,0,0.207154,-0.0320145,0.0742909,-0.174731,0.916245,0.808005,1.07933,0.838816,-1.42844,-1.59738,-1.55503,-1.39781,0.209372,-0.128782,0.0645917,-0.0484973,0.537344,0.630304,0.988016,0.925414,-1.03661,-1.52263,-1.66955,-1.13198,1.28172,-6.40616,2.86545,-0.764774,1.22527,-6.03706,-3.50472,-0.40472,2.5274,2.45781,-5.84388,1.45092,
-1.39543,1.39945,-1.65096,3.73765,-12.185,0.808325,-0.944982,3.1921,7.97646,0.32844,0.870261,6.30096,0,0,0,0,0,0,0,0,0,0,0,0,0.237741,-0.132221,0.113522,-0.188381,0.940409,0.686798,1.00931,0.830492,-1.36803,-1.55521,-1.6412,-1.36757,0.210352,-0.142074,0.0616906,-0.0529313,0.473655,0.608917,0.907745,0.951324,-0.984068,-1.50259,-1.66093,-1.08789,1.42143,-3.29157,0.710359,-0.702821,1.03237,-5.51072,-3.18822,-0.342649,3.24515,1.97409,-2.72704,1.382,
-1.2386,0.925931,-0.650309,3.91201,-14.2154,1.40348,-0.845742,2.67026,6.02774,1.07046,1.16989,5.29522,0,0,0,0,0,0,0,0,0,0,0,0,0.264033,-0.168398,0.108653,-0.204036,0.957663,0.596671,0.945918,0.82637,-1.29426,-1.52986,-1.6641,-1.34233,0.238413,-0.144522,0.063022,-0.0648191,0.403053,0.582011,0.847195,0.931924,-0.971359,-1.47004,-1.61822,-1.10775,1.19622,-0.658079,-0.98094,-0.863182,0.700206,-3.53998,-3.24468,-0.0628425,4.08936,0.850022,-0.0458198,1.13865,
-1.02091,0.0879536,0.239655,3.79621,-15.1936,1.52618,-0.0112896,1.59813,3.4405,1.42101,1.36923,3.83085,0,0,0,0,0,0,0,0,0,0,0,0,0.287195,-0.162713,0.0829622,-0.220987,0.968011,0.545027,0.880011,0.828766,-1.20429,-1.50745,-1.64312,-1.32276,0.269205,-0.140032,0.0640752,-0.0854232,0.367437,0.570127,0.812889,0.898146,-0.970217,-1.42183,-1.55293,-1.15288,1.14233,0.958141,-1.42366,-0.814228,0.358524,-1.7974,-3.33349,0.272746,4.82266,1.43862,1.77073,0.832323,
-0.269791,1.02491,-0.565745,3.62398,-14.102,2.15044,0.295777,0.988062,1.98035,3.25888,5.12138,1.26819,0,0,0,0,0,0,0,0,0,0,0,0,0.311204,-0.13512,0.0561315,-0.236916,0.971952,0.523433,0.84048,0.83809,-1.09712,-1.46751,-1.62578,-1.30952,0.321638,-0.0672522,0.0156255,-0.107059,0.40769,0.600129,0.877948,0.887436,-0.912584,-1.29141,-1.44644,-1.24845,1.06131,1.34357,-0.893806,-0.75508,-0.00914102,-0.466079,1.28185,0.491214,5.26622,2.28721,-1.27578,0.517356,
-3.79397,2.43106,-2.75552,3.52956,-5.40603,3.70042,1.38146,1.72405,-9.87509,13.6312,10.6238,-1.17167,0,0,0,0,0,0,0,0,0,0,0,0,0.330089,-0.101888,0.0459619,-0.248467,0.965487,0.545657,0.8964,0.848182,-0.989083,-1.47337,-1.63547,-1.30252,0.196642,0.0382089,-0.0706847,-0.111408,0.736358,0.743396,1.01011,0.929111,-1.27197,-0.993349,-1.20983,-1.34724,0.915556,2.14272,-0.32129,-0.206173,-0.644405,2.48609,2.92274,0.598346,5.60577,-3.26122,0.0342473,0.107216,
-3.51627,5.44986,-4.02151,1.51469,-3.97164,3.12893,3.22858,0.148282,-6.6759,16.3583,14.9156,-0.997984,0,0,0,0,0,0,0,0,0,0,0,0,0.32329,-0.0613736,0.0408098,-0.228335,0.974662,0.596387,0.946084,0.876311,-1.0402,-1.53681,-1.62456,-1.3288,0.168771,0.189849,-0.124269,-0.126423,0.819152,0.769249,1.1149,0.925869,-1.45597,-0.936693,-1.01094,-1.42009,-0.693409,1.6614,-0.210911,2.06623,0.167814,2.38521,1.98351,2.18135,-7.43676,-2.71107,0.849988,-2.5682,
-2.57436,6.69037,-4.71248,0.375843,-2.36193,2.77574,4.32851,-1.40419,-3.52047,16.444,15.5845,-0.769266,0,0,0,0,0,0,0,0,0,0,0,0,0.295783,-0.0341258,0.0343276,-0.184712,0.964035,0.643022,0.979918,0.921525,-1.23977,-1.58253,-1.60054,-1.37772,0.13761,0.257623,-0.161744,-0.12484,0.831863,0.799188,1.18393,0.911311,-1.59926,-0.960414,-0.947781,-1.45098,-2.75994,1.20673,-0.378606,2.24195,-1.88473,2.25678,1.54357,2.29771,-10.9336,-1.78214,1.46913,-2.12449,
-0.563556,5.41394,-5.1735,-0.649795,-0.729826,2.86875,3.59858,-2.12508,-1.37789,14.3332,13.9324,-1.16474,0,0,0,0,0,0,0,0,0,0,0,0,0.222156,-0.00623284,0.0290415,-0.14183,0.895718,0.688177,1.01205,0.959703,-1.44891,-1.60745,-1.56608,-1.40707,0.118501,0.240711,-0.179896,-0.13046,0.781852,0.843929,1.18787,0.900677,-1.68131,-1.047,-0.974096,-1.47072,-4.05564,1.5193,-0.0998914,1.86805,-4.23366,2.05012,1.59407,1.29885,-8.8642,-0.644245,1.7343,-0.852971,
1.17176,3.8534,-5.48071,-1.23987,0.152148,1.87399,1.05467,-1.4301,0.655791,11.6468,12.2685,-1.32321,0,0,0,0,0,0,0,0,0,0,0,0,0.138099,0.0271111,0.0283629,-0.109611,0.799398,0.727932,1.04609,0.969401,-1.58887,-1.61207,-1.53042,-1.42348,0.100475,0.215447,-0.192345,-0.13448,0.704731,0.842009,1.12418,0.906414,-1.67662,-1.14508,-1.00318,-1.49501,-4.22472,1.71,-0.0739867,1.23629,-5.03768,1.95591,1.79509,-0.289119,-5.6995,0.055407,1.82494,-0.930327,
2.63423,0.324298,-3.24441,-1.45753,0.928183,0.500649,-1.69937,-0.507792,1.15865,10.7854,10.1236,-1.18449,0,0,0,0,0,0,0,0,0,0,0,0,0.060002,0.0615403,0.0231435,-0.0925249,0.69349,0.769005,1.08379,0.94892,-1.65646,-1.60826,-1.48955,-1.45099,0.101437,0.10428,-0.116426,-0.141584,0.634373,0.828191,1.04963,0.897665,-1.6402,-1.173,-1.04208,-1.52946,-3.19671,1.48838,-0.489636,0.462109,-4.81223,1.95798,1.69077,-1.54719,-1.50452,0.192289,2.12624,-1.55456,
2.99711,-2.05108,-0.0626488,-1.09309,1.99939,0.0159864,-3.21226,-0.14885,1.14791,9.27194,7.78734,-0.4946,0,0,0,0,0,0,0,0,0,0,0,0,0.0127284,0.0878604,0.00906428,-0.0878707,0.608674,0.808554,1.11367,0.912893,-1.65732,-1.60543,-1.44227,-1.48787,0.100415,0.0279554,-0.0115883,-0.131015,0.61416,0.849164,1.00985,0.868049,-1.59239,-1.23345,-1.0782,-1.54827,-1.6099,1.10691,-0.907332,0.0289483,-3.72446,1.99852,1.2332,-1.94449,0.951052,0.0554012,2.62897,-2.03117,
2.57461,-3.23891,2.02121,-1.08622,2.25563,-1.17133,-3.56422,0.149403,1.75947,9.25712,5.04824,0.174109,0,0,0,0,0,0,0,0,0,0,0,0,-0.00246492,0.108964,-0.0113766,-0.0880577,0.554979,0.85124,1.13441,0.872552,-1.6364,-1.60548,-1.38188,-1.52128,0.103459,-0.00179412,0.0504504,-0.129459,0.610346,0.845596,1.0065,0.841954,-1.53036,-1.23627,-1.11797,-1.54252,0.146984,0.939901,-0.951064,0.10237,-1.74289,2.06047,0.733152,-1.82869,1.78305,-0.053724,3.09929,-1.41037,
2.19356,-3.72771,2.60947,-1.16236,1.71658,-2.5511,-3.77157,0.214071,2.89148,9.18987,2.00334,0.789897,0,0,0,0,0,0,0,0,0,0,0,0,0.0147817,0.127518,-0.0275131,-0.083687,0.536492,0.893387,1.14525,0.837435,-1.58525,-1.60698,-1.31705,-1.5377,0.1295,-0.00287191,0.0641761,-0.124149,0.602068,0.834553,1.003,0.813371,-1.41002,-1.24065,-1.17065,-1.51294,1.34881,0.935932,-0.634474,0.301616,-0.154348,2.16055,0.430778,-1.63136,2.97853,-0.063364,3.31358,-0.342152,
3.95632,-5.17436,2.77473,-1.06841,-0.439279,-4.23806,-3.84133,-0.416231,6.78855,7.43288,-0.542325,1.03074,0,0,0,0,0,0,0,0,0,0,0,0,0.0466927,0.146074,-0.0376023,-0.0785138,0.549661,0.940518,1.15373,0.809854,-1.52489,-1.60756,-1.24758,-1.53503,0.228399,-0.0433374,0.0668703,-0.118678,0.594839,0.817139,1.00954,0.768985,-1.27476,-1.30869,-1.2045,-1.47326,1.17268,0.878169,-0.325832,0.128626,3.13747,2.3072,0.473397,-1.21096,-1.0706,0.077926,3.23886,1.02702,
4.83087,-7.1874,2.82962,-0.432835,-2.02491,-5.85233,-4.27615,-0.721162,9.59133,3.24377,-3.16945,1.41951,0,0,0,0,0,0,0,0,0,0,0,0,0.0712429,0.16627,-0.0421581,-0.0794246,0.633891,0.998185,1.17101,0.784313,-1.54819,-1.59752,-1.17182,-1.49752,0.283819,-0.104794,0.0726535,-0.099333,0.619004,0.809292,1.01835,0.734197,-1.17573,-1.45289,-1.2479,-1.40153,0.967087,0.821605,0.0813354,-0.12975,3.30543,2.25997,0.919105,-1.06346,-0.559776,0.744229,2.53466,1.96054,
4.68798,-8.92847,3.11973,-0.0724096,-1.10855,-5.78549,-2.93416,-1.34167,11.4449,0.435181,-2.62663,4.54159,0,0,0,0,0,0,0,0,0,0,0,0,0.0851382,0.178137,-0.0393903,-0.0798804,0.685069,1.03374,1.18796,0.784499,-1.55298,-1.58336,-1.1542,-1.48262,0.287897,-0.166098,0.0876689,-0.0797949,0.701803,0.844509,1.09133,0.781909,-1.09797,-1.54676,-1.26695,-1.31493,0.761962,0.6452,0.113499,0.149095,3.05379,2.10947,1.03702,2.55383,-0.139478,0.959781,-0.384332,-0.698478,
1.26862,-7.27492,3.35117,2.42789,-1.62989,-5.86781,-1.06058,0.198635,10.6674,-0.562594,-1.32653,5.94774,0,0,0,0,0,0,0,0,0,0,0,0,0.0981967,0.17401,-0.0399478,-0.084496,0.752498,1.07654,1.20192,0.840991,-1.55137,-1.55906,-1.18123,-1.48816,0.154388,-0.155899,0.0946111,0.00205446,0.735494,0.863414,1.15984,0.88462,-1.12092,-1.55806,-1.26972,-1.24828,0.272315,-1.94561,0.025615,-0.528261,2.40959,1.0793,0.0172644,1.78421,0.187898,1.17517,-1.77135,0.0980849,
-2.16191,-3.85614,2.14391,4.5703,-2.72745,-5.83731,0.118927,2.09398,11.2843,-2.18486,-0.712615,7.50411,0,0,0,0,0,0,0,0,0,0,0,0,0.10512,0.101901,-0.0254379,-0.0962049,0.800125,1.08381,1.19186,0.871239,-1.54733,-1.526,-1.21867,-1.48142,0.0274732,-0.14593,0.0909699,0.0762257,0.735021,0.841337,1.17877,0.980141,-1.09222,-1.57349,-1.28389,-1.17303,0.441457,-4.67924,1.53256,-0.519066,2.19969,-0.448941,-0.892361,1.25713,0.187271,1.9952,-1.83567,0.411283,
-5.10567,-0.103146,0.635247,5.81471,-5.17355,-4.12536,-0.0595107,3.13554,11.666,-1.57439,-1.0556,8.64672,0,0,0,0,0,0,0,0,0,0,0,0,0.117093,-0.0128318,0.0149373,-0.105297,0.843538,1.02998,1.17058,0.893778,-1.54328,-1.50554,-1.25485,-1.47235,-0.0718354,-0.136362,0.0873213,0.119967,0.679857,0.775243,1.14613,1.04131,-1.07087,-1.57556,-1.33194,-1.11765,0.764926,-5.97024,2.34871,-0.366238,2.16306,-4.48608,-1.10355,1.10562,0.288734,-0.352181,-1.7429,0.441263,
-6.85072,1.47171,0.0971975,6.12303,-7.09829,-2.22445,-0.679615,3.14534,10.5794,-0.67086,-1.92796,9.15533,0,0,0,0,0,0,0,0,0,0,0,0,0.13552,-0.117022,0.0595269,-0.111735,0.887771,0.91103,1.15109,0.917876,-1.53158,-1.52873,-1.29679,-1.46318,-0.121322,-0.133495,0.0972521,0.126379,0.644069,0.69456,1.10557,1.06787,-1.09116,-1.58559,-1.41474,-1.08836,0.859348,-3.76707,1.69187,-0.340325,2.01153,-6.37457,-0.916486,1.2092,0.861949,-1.50136,-2.04173,0.430502,
-6.39914,1.13047,0.237785,7.22269,-8.82252,-0.0197945,-0.892977,2.86273,10.0349,0.277472,-2.41431,10.2095,0,0,0,0,0,0,0,0,0,0,0,0,0.150258,-0.16414,0.0805414,-0.12045,0.925178,0.781821,1.13365,0.943486,-1.50766,-1.55925,-1.35139,-1.45452,-0.0944998,-0.142673,0.100588,0.157213,0.606551,0.652439,1.07578,1.08446,-1.0767,-1.57721,-1.51152,-1.03716,0.560404,-1.18762,0.526735,-0.562232,1.71371,-6.42952,-1.10789,1.32326,1.47848,-1.45284,-3.17819,0.449301,
-4.94232,0.279728,0.70566,6.90766,-10.4513,1.52492,-1.01369,1.7211,8.6784,1.78049,-2.1492,9.79046,0,0,0,0,0,0,0,0,0,0,0,0,0.159899,-0.164638,0.0832633,-0.131679,0.956016,0.664765,1.10708,0.970102,-1.47275,-1.57904,-1.42909,-1.44379,-0.0284516,-0.13583,0.10984,0.134777,0.565637,0.622077,1.03268,1.06478,-1.08667,-1.519,-1.60147,-1.03892,0.467126,0.880939,-0.0824719,-0.492537,1.38367,-5.18429,-1.69232,1.29175,1.94701,-0.5588,-4.32077,0.662659,
-3.46448,-0.681274,0.677117,5.76247,-11.2872,2.43734,-0.549214,0.533473,6.98551,4.01005,-1.38992,8.45225,0,0,0,0,0,0,0,0,0,0,0,0,0.169994,-0.134021,0.0794376,-0.139547,0.981264,0.576619,1.06217,0.995587,-1.42781,-1.5651,-1.51982,-1.42615,0.0422704,-0.124657,0.103012,0.0865673,0.550672,0.609043,0.988626,1.03879,-1.1031,-1.36967,-1.6639,-1.06735,0.542765,1.83075,-0.17553,-0.21923,1.04474,-3.25346,-2.57873,1.093,2.26459,1.75127,-4.42406,1.03526,
-4.08028,-1.75055,0.357611,4.75274,-10.9503,2.85635,0.439231,-0.115066,2.18073,12.523,1.02155,5.98817,0,0,0,0,0,0,0,0,0,0,0,0,0.180999,-0.102389,0.0743536,-0.142075,0.999004,0.54501,1.00433,1.01483,-1.3803,-1.52113,-1.60083,-1.40173,0.0304631,-0.152912,0.0834135,0.0485471,0.576115,0.709692,0.959875,1.02645,-1.24389,-1.06219,-1.63537,-1.13373,0.633754,0.974907,-0.262223,0.0256344,0.756152,2.52142,-3.10095,0.810712,2.4591,-2.09911,-3.77035,1.42373,
-2.814,-1.91451,-0.409355,2.1761,-10.7176,2.87465,1.01964,-1.80907,-1.99294,15.5113,2.94189,1.76975,0,0,0,0,0,0,0,0,0,0,0,0,0.19777,-0.0798655,0.0731275,-0.135023,1.01163,0.600647,0.939223,1.03213,-1.32394,-1.5534,-1.64193,-1.36812,0.101686,-0.135225,0.0553888,-0.0371931,0.591718,0.768147,0.924288,0.979455,-1.34449,-0.952583,-1.53562,-1.26416,0.823802,1.06103,-0.0682273,0.539314,0.439641,2.62571,-2.786,0.984324,2.95876,-0.981656,-0.568493,1.65886,
-1.75923,-0.815297,-1.20309,-0.149229,-6.79282,0.0307027,1.95731,-4.15934,-6.47686,13.1731,3.77888,-1.86563,0,0,0,0,0,0,0,0,0,0,0,0,0.212695,-0.061929,0.0688231,-0.122151,1.01754,0.652561,0.889714,1.05697,-1.26193,-1.56218,-1.60859,-1.33634,0.157287,-0.0798611,0.0118458,-0.113441,0.746333,0.705378,0.926522,0.920687,-1.46183,-1.03531,-1.39081,-1.38138,0.748043,0.733989,-0.442686,0.733957,0.0252571,2.57945,-2.07423,1.50432,2.9589,-0.00263939,3.33127,1.47953,
-0.362755,2.42682,-2.78047,-1.15356,-2.18022,-0.53908,0.989223,-4.24624,-4.48904,11.8597,10.4258,-3.60187,0,0,0,0,0,0,0,0,0,0,0,0,0.215309,-0.0527656,0.0734138,-0.106224,1.00238,0.703269,0.907391,1.09019,-1.29687,-1.55715,-1.58264,-1.3183,0.181895,0.0441096,-0.0294742,-0.139446,0.866553,0.730408,0.985564,0.951423,-1.58296,-1.07666,-1.15281,-1.45544,-0.945177,-0.00987719,0.416533,0.646023,-2.43116,2.43511,1.93016,1.55415,-5.32643,0.305307,0.639426,0.34698,
0.248505,3.12905,-3.17147,-1.09301,0.146438,-2.86482,1.39547,-3.05399,-0.335979,10.6024,9.90615,-2.48322,0,0,0,0,0,0,0,0,0,0,0,0,0.180982,-0.0573556,0.0795711,-0.0958942,0.922215,0.75094,0.939545,1.10487,-1.44348,-1.55051,-1.56328,-1.34635,0.152596,0.0638761,-0.0404198,-0.134989,0.84117,0.678412,1.02022,0.961993,-1.61595,-1.11949,-1.145,-1.50381,-1.9163,-0.196516,0.343401,0.231296,-4.34512,2.10326,1.24303,-1.03599,-7.95168,0.346308,1.10162,-2.9067,
0.973378,2.25731,-3.76224,-1.44328,0.504483,-3.93462,2.0537,-1.75,1.19378,9.69685,9.08246,-1.52398,0,0,0,0,0,0,0,0,0,0,0,0,0.144576,-0.0581619,0.0889905,-0.0881038,0.827921,0.789937,0.960529,1.0767,-1.56336,-1.54219,-1.53846,-1.41136,0.147142,0.0338072,-0.0504888,-0.143908,0.755879,0.669475,1.06231,0.952202,-1.60337,-1.14472,-1.1496,-1.5408,-1.81845,0.0838437,0.550526,0.0963703,-4.6111,1.84614,0.981496,-2.72484,-4.38801,0.479703,1.27803,-3.42415,
1.156,1.3785,-4.01972,-1.18112,0.879185,-5.49012,1.66132,-0.854242,1.15646,8.7494,8.02416,-0.660242,0,0,0,0,0,0,0,0,0,0,0,0,0.110447,-0.0550212,0.100885,-0.0896064,0.738303,0.827513,0.981844,1.01247,-1.60672,-1.5308,-1.5124,-1.47972,0.127292,0.00288319,-0.049586,-0.145948,0.696624,0.643466,1.07037,0.904797,-1.57042,-1.16924,-1.16822,-1.56535,-1.46974,0.138231,0.515884,-0.454819,-3.8423,1.77789,1.10356,-3.67541,-0.498063,0.579407,1.16081,-2.96076,
1.83546,2.23659,-4.6097,-0.734763,1.16789,-5.65338,0.822754,0.020471,1.71594,9.21063,10.024,-0.243613,0,0,0,0,0,0,0,0,0,0,0,0,0.0845862,-0.0530729,0.109968,-0.102254,0.674574,0.863279,1.0061,0.934893,-1.59549,-1.51875,-1.49121,-1.5292,0.134295,0.0367427,-0.0671711,-0.146172,0.668274,0.673184,1.06463,0.857255,-1.50155,-1.13832,-1.07038,-1.58146,-1.18548,0.017601,0.362432,-0.72639,-2.65078,1.80202,1.2808,-3.92283,1.2652,0.600207,0.993588,-2.12572,
1.6137,2.46313,-4.48947,-0.80822,1.26529,-6.51159,0.497765,0.359566,1.56877,9.5025,10.2676,0.273408,0,0,0,0,0,0,0,0,0,0,0,0,0.0662998,-0.0526264,0.117787,-0.112646,0.635602,0.90108,1.03379,0.861906,-1.56334,-1.50556,-1.47106,-1.56298,0.122452,0.046122,-0.0543568,-0.149372,0.65474,0.675898,1.07842,0.81361,-1.44265,-1.11246,-1.03954,-1.57653,-0.419804,0.0111648,0.371765,-0.219852,-1.57369,1.76405,1.23575,-3.13395,2.89696,0.649985,1.04132,-1.22445,
2.52314,1.37539,-3.65763,-0.345074,-1.24951,-7.04473,0.971228,0.832779,2.84887,9.15405,9.4269,0.720242,0,0,0,0,0,0,0,0,0,0,0,0,0.0633143,-0.0533978,0.124431,-0.112988,0.631036,0.935008,1.05451,0.804725,-1.52834,-1.49162,-1.44588,-1.5756,0.16049,-0.00166587,-0.0176585,-0.12601,0.619298,0.685791,1.11046,0.786602,-1.4277,-1.10963,-1.03895,-1.55093,-0.187478,-0.164186,0.210767,0.0390356,1.91208,1.62858,0.854974,-2.5717,-0.665715,0.791526,1.4929,-0.207239,
2.68788,0.662367,-2.97332,-0.27709,-2.26135,-7.71103,1.05969,1.60625,3.67208,8.35109,7.92198,1.32547,0,0,0,0,0,0,0,0,0,0,0,0,0.0574765,-0.0573972,0.128423,-0.10654,0.675763,0.96637,1.06893,0.760353,-1.53995,-1.46986,-1.40936,-1.56752,0.160331,-0.0335143,0.0145822,-0.104254,0.626688,0.685054,1.12268,0.791458,-1.40017,-1.11,-1.05396,-1.49869,-0.233042,-0.130586,0.254609,0.668485,2.06893,1.35629,0.567721,-1.65725,-0.355582,1.29101,1.92615,0.790503,
2.23321,0.311105,-2.4572,-0.145772,-2.68122,-8.73267,0.663731,2.32049,4.46576,7.13645,6.3683,2.10431,0,0,0,0,0,0,0,0,0,0,0,0,0.0526876,-0.0599495,0.133608,-0.0897363,0.715731,0.991051,1.0788,0.739312,-1.54235,-1.43904,-1.36777,-1.54671,0.137838,-0.0492832,0.0412537,-0.0761439,0.647443,0.664096,1.1146,0.819438,-1.3619,-1.11774,-1.06929,-1.42311,-0.208903,-0.0888963,0.296694,0.971164,1.94801,1.11757,0.462364,-0.634673,0.0910169,1.79193,2.18743,1.97146,
0.616728,-1.70109,-1.13249,1.83518,-1.68811,-7.71257,-0.05292,2.24659,6.65221,1.00372,2.47943,4.62377,0,0,0,0,0,0,0,0,0,0,0,0,0.0508637,-0.0587706,0.143365,-0.0783963,0.764138,1.01443,1.08913,0.781012,-1.53363,-1.38424,-1.3072,-1.53819,0.078964,-0.12131,0.108322,0.00436418,0.73144,0.718114,1.09096,0.908873,-1.25776,-1.29636,-1.15682,-1.34128,0.171559,0.275226,0.512788,0.467661,1.74135,0.60915,0.197715,1.89983,0.489099,2.38637,2.56026,0.597682,
-0.326007,-2.28455,-0.669774,3.64443,-0.931538,-5.03034,-0.411707,3.20007,9.2554,-4.63994,0.0358315,6.3447,0,0,0,0,0,0,0,0,0,0,0,0,0.0541361,-0.0538131,0.151512,-0.070492,0.797259,1.02451,1.09083,0.814989,-1.52198,-1.33625,-1.25364,-1.52229,0.0425533,-0.14246,0.129366,0.080049,0.792336,0.832429,1.07513,0.975206,-1.13942,-1.47464,-1.19772,-1.25207,0.0728762,0.136758,0.232218,0.238185,1.61693,0.456426,0.0385098,1.61072,0.617466,2.36025,2.72405,0.821599,
-2.01982,-2.14839,0.102618,4.5881,-0.71315,-4.135,-0.45211,2.26253,10.7034,-4.60994,-1.5799,7.37862,0,0,0,0,0,0,0,0,0,0,0,0,0.0532236,-0.0604316,0.147736,-0.0701315,0.829305,1.0224,1.0937,0.8459,-1.51017,-1.34677,-1.20663,-1.50737,-0.0291025,-0.16805,0.139561,0.111202,0.833376,0.826197,1.08247,0.966942,-1.07167,-1.5979,-1.23733,-1.19964,-0.0766625,-1.08413,-0.614006,-0.109546,1.62986,-1.54005,0.342918,1.52704,0.518339,-3.33666,1.62518,0.629443,
-5.56567,-0.0291067,0.567965,5.99739,-2.41091,-2.26557,-1.55701,1.86335,9.19361,-0.448219,-1.84108,7.14898,0,0,0,0,0,0,0,0,0,0,0,0,0.0540028,-0.0916877,0.131146,-0.0718546,0.864498,0.957959,1.10568,0.878252,-1.50017,-1.45598,-1.20385,-1.49617,-0.166274,-0.127379,0.13619,0.166741,0.80209,0.781918,1.05227,0.984002,-1.12297,-1.60268,-1.29593,-1.20099,0.117525,-1.72633,-0.883715,-0.0650017,1.70143,-4.27091,0.443443,1.56083,0.47268,-6.43863,-0.921937,0.461012,
-6.27533,1.01369,0.561187,6.51465,-4.50486,-0.445967,-2.21248,1.20085,8.73135,1.11179,-2.15624,6.86495,0,0,0,0,0,0,0,0,0,0,0,0,0.0585969,-0.12088,0.1231,-0.070916,0.899174,0.850794,1.11225,0.911385,-1.49046,-1.55083,-1.23283,-1.48865,-0.187759,-0.10029,0.147536,0.191345,0.753635,0.71599,1.02649,0.994544,-1.1312,-1.57337,-1.35216,-1.20833,0.232857,-0.997899,0.0994231,0.0837655,1.73276,-5.84826,0.13687,1.75626,0.500407,-3.35033,-1.65404,0.286157,
-5.39755,0.923259,0.516361,5.82193,-6.2551,0.873139,-2.10828,-0.446319,8.43911,2.28269,-3.48628,6.56492,0,0,0,0,0,0,0,0,0,0,0,0,0.0622278,-0.127333,0.131349,-0.0689197,0.934776,0.732579,1.10636,0.950061,-1.47949,-1.5846,-1.27783,-1.48404,-0.15116,-0.0825807,0.167678,0.166466,0.717565,0.663294,1.0074,0.970042,-1.13132,-1.49873,-1.46238,-1.21763,0.125698,0.391111,0.783697,0.125404,1.64964,-5.21052,-0.731305,1.89168,0.529918,-0.272249,-2.25534,0.190506,
-3.67512,0.230033,0.169644,5.23361,-7.37732,1.65157,-1.05385,-1.17298,7.57318,2.35642,-2.91428,6.28206,0,0,0,0,0,0,0,0,0,0,0,0,0.0625756,-0.10877,0.144178,-0.0669905,0.967494,0.637825,1.0842,0.98892,-1.46812,-1.5554,-1.35959,-1.47916,-0.0859219,-0.0738759,0.157544,0.143751,0.701498,0.628704,1.00397,0.976587,-1.15469,-1.41211,-1.57177,-1.22113,-0.0746266,1.28465,0.329015,0.0698636,1.45485,-3.75919,-1.90388,1.7293,0.525323,2.45191,-4.78054,0.337668,
-2.29219,-0.780083,0.316823,4.20152,-8.16818,1.12542,-0.271374,-1.58349,6.50643,3.52271,-1.40695,5.20741,0,0,0,0,0,0,0,0,0,0,0,0,0.060183,-0.0786836,0.14191,-0.0655834,0.994973,0.57967,1.03629,1.02073,-1.45819,-1.48876,-1.46959,-1.47003,-0.0334946,-0.0764851,0.14553,0.104884,0.694618,0.581217,0.970411,0.986258,-1.189,-1.26867,-1.64339,-1.25011,-0.0995011,1.67009,-0.452649,0.120333,1.31857,-2.17347,-2.75135,1.44357,0.447069,3.959,-5.87601,0.581446,
-2.09913,-1.02822,0.151566,2.29023,-8.97104,0.174642,0.459739,-2.07054,4.89226,9.87312,0.700626,3.62398,0,0,0,0,0,0,0,0,0,0,0,0,0.0606196,-0.0660026,0.129136,-0.0603679,1.02187,0.598668,0.973133,1.0471,-1.4501,-1.48949,-1.57662,-1.45435,-0.0144956,-0.10106,0.127353,0.0446505,0.688118,0.655271,0.931942,0.986025,-1.24594,-1.12783,-1.64066,-1.28973,0.442504,0.303586,-0.39229,0.670466,1.25458,2.4809,-2.97902,1.0874,0.423529,-1.6633,-4.60333,0.983044,
-0.807783,-1.1966,-0.173339,0.445852,-9.90192,0.82914,1.1432,-2.9941,2.79633,10.6017,3.40081,1.00033,0,0,0,0,0,0,0,0,0,0,0,0,0.0733951,-0.0559799,0.120144,-0.0422695,1.04603,0.648122,0.912882,1.06968,-1.43579,-1.51429,-1.6344,-1.43088,0.0527764,-0.0946452,0.0997181,-0.00689717,0.670491,0.726917,0.907023,0.973169,-1.30395,-1.10529,-1.52532,-1.36772,0.58463,0.459935,-0.674642,0.876914,1.02666,2.28146,-2.57935,1.1624,0.999418,-0.753482,-1.34802,1.15722,
1.21055,-1.19794,-1.90836,-1.10935,-6.88651,0.519972,3.50665,-4.50025,-1.72797,11.6316,5.05343,0.0361555,0,0,0,0,0,0,0,0,0,0,0,0,0.0829096,-0.0489557,0.103411,-0.0259986,1.06426,0.692518,0.864967,1.09582,-1.41004,-1.52171,-1.60445,-1.40855,0.138863,-0.0918305,0.00603509,-0.055397,0.805384,0.756898,0.964864,0.945116,-1.44873,-1.05775,-1.32956,-1.38627,0.376549,0.25215,-1.05207,0.748788,0.829067,2.17905,-2.01848,1.46554,1.52132,-0.0652438,3.63774,1.04159,
1.95403,0.737553,-2.85475,-2.55419,-4.51739,-1.48601,2.86661,-5.02068,-3.23834,12.829,8.99323,-1.16783,0,0,0,0,0,0,0,0,0,0,0,0,0.0907098,-0.0452258,0.100337,-0.0114587,1.07624,0.734943,0.873976,1.12704,-1.38546,-1.51893,-1.57305,-1.38906,0.173975,-0.0181067,-0.0061181,-0.103587,0.894651,0.71618,1.0208,0.95409,-1.50524,-1.00356,-1.20811,-1.41442,0.255175,-0.119152,0.386737,0.501941,-0.0444316,2.03389,1.60776,1.39363,0.487333,0.110656,0.260541,1.06766,
1.06184,2.21742,-2.37664,-2.93673,-2.15982,-2.66317,3.22421,-4.9008,-1.70457,13.572,9.56476,-2.80073,0,0,0,0,0,0,0,0,0,0,0,0,0.1003,-0.052586,0.104208,-0.00567786,1.05021,0.773969,0.898565,1.14691,-1.41079,-1.51743,-1.56033,-1.36056,0.162711,0.0278329,0.0116308,-0.123733,0.906759,0.701517,1.04545,0.958633,-1.5309,-0.972876,-1.16192,-1.44288,0.996895,-0.413891,0.124403,-0.0293164,-2.85285,1.70372,0.896062,0.387754,-2.59615,0.0837325,0.79083,1.48577,
0.294451,2.7827,-2.64019,-2.36164,-0.902314,-5.06879,1.92801,-3.147,-0.285253,14.0393,10.2939,-4.3167,0,0,0,0,0,0,0,0,0,0,0,0,0.122017,-0.0604484,0.10675,-0.0209026,0.97348,0.805546,0.915616,1.13311,-1.47006,-1.51257,-1.54429,-1.35888,0.154226,0.0457269,0.00603227,-0.141139,0.852033,0.632082,1.01092,0.97444,-1.54249,-0.941583,-1.11782,-1.55396,1.02155,-0.256637,0.244498,-1.28855,-4.26773,1.46439,0.909162,-1.63969,-3.05092,0.470677,0.735559,-1.12098,
0.182968,2.18978,-3.86989,-1.50619,0.0635896,-6.31912,1.8556,-2.10267,0.627159,12.291,10.3708,-2.22637,0,0,0,0,0,0,0,0,0,0,0,0,0.136364,-0.0628297,0.114961,-0.0520982,0.881681,0.833231,0.936125,1.08727,-1.51794,-1.49529,-1.52968,-1.42963,0.149324,0.0247572,-0.0293899,-0.147233,0.797472,0.603945,1.03031,0.941452,-1.52617,-0.980598,-1.10088,-1.61977,0.282059,-0.000226705,0.522239,-1.74433,-4.33765,1.17395,0.997957,-3.08577,-1.66566,1.15278,0.698679,-5.05382,
0.0704454,1.04434,-4.02714,-0.602975,0.757232,-7.88622,2.70065,-1.17727,1.22712,8.43158,10.7407,0.273266,0,0,0,0,0,0,0,0,0,0,0,0,0.132769,-0.0622488,0.126544,-0.0882612,0.800355,0.853953,0.955847,1.00781,-1.53207,-1.46578,-1.51453,-1.52918,0.123086,-0.0209579,-0.023502,-0.14784,0.755556,0.557042,1.08285,0.869884,-1.48297,-1.09406,-1.06812,-1.61367,-0.625019,-0.0241348,0.55197,-1.77297,-3.75441,0.92691,0.948775,-4.54189,0.000788077,1.72261,0.838885,-4.77129,
0.486098,-0.337264,-3.65168,-0.15119,1.05918,-8.36851,3.2772,-0.432515,2.25866,4.97894,11.2366,1.45878,0,0,0,0,0,0,0,0,0,0,0,0,0.115201,-0.0614904,0.139748,-0.114841,0.743486,0.870444,0.975156,0.918442,-1.53179,-1.42555,-1.49714,-1.59739,0.112845,-0.0752794,0.00652192,-0.141719,0.740747,0.550946,1.12503,0.815291,-1.42605,-1.18269,-1.02886,-1.57803,-1.09003,-0.0149237,0.642062,-1.04148,-2.25527,0.762114,0.939334,-4.29251,0.769686,2.18531,0.940634,-1.94933,
0.643517,-0.805422,-1.16379,0.613511,0.88496,-7.76044,3.93785,0.864317,3.31687,2.67121,10.7826,1.89716,0,0,0,0,0,0,0,0,0,0,0,0,0.0914193,-0.0684663,0.146689,-0.133546,0.716795,0.885848,0.990489,0.831946,-1.50846,-1.38099,-1.47283,-1.60767,0.100371,-0.114545,0.099468,-0.124626,0.768905,0.59026,1.15765,0.787321,-1.37416,-1.23495,-1.01353,-1.51375,-0.83944,-0.693105,-0.0334686,-0.781043,0.835559,0.741486,0.482447,-3.95989,0.0813297,1.95936,1.40018,0.901849,
0.409154,-0.349651,0.69442,0.969073,0.259473,-8.5554,3.61172,1.71354,4.87137,1.44816,8.24793,2.60286,0,0,0,0,0,0,0,0,0,0,0,0,0.0687248,-0.0872637,0.141142,-0.140691,0.743243,0.901191,0.996482,0.763721,-1.50826,-1.34417,-1.44081,-1.56873,0.0611288,-0.121281,0.16237,-0.0972657,0.780574,0.574626,1.14513,0.777437,-1.31369,-1.25043,-1.07687,-1.41339,-1.19811,-1.00155,-0.327461,0.233142,1.3476,0.782551,0.2089,-2.74126,-0.0141915,1.7904,1.70078,2.56149,
-0.405286,0.254129,1.51851,1.62001,0.661877,-8.25072,2.68375,2.84564,6.85474,-2.88761,5.37922,4.31295,0,0,0,0,0,0,0,0,0,0,0,0,0.0448302,-0.107136,0.135674,-0.122602,0.772522,0.918425,1.00133,0.726899,-1.50925,-1.30733,-1.40541,-1.5137,0.00971711,-0.112155,0.194902,-0.0305005,0.82836,0.604888,1.11495,0.814358,-1.23698,-1.38715,-1.15805,-1.25568,-0.945084,-0.759229,-0.0755987,1.36508,1.46815,0.824563,0.313076,-1.31835,-0.0963156,1.78434,1.60961,4.27521,
-2.20715,0.0296922,0.754935,2.94458,0.651645,-6.28894,0.724844,2.07615,9.40905,-4.18792,1.55564,7.29439,0,0,0,0,0,0,0,0,0,0,0,0,0.0262799,-0.119779,0.138335,-0.0982174,0.814172,0.927501,1.01614,0.74458,-1.51325,-1.28496,-1.37034,-1.46198,-0.0661604,-0.116315,0.177623,0.025501,0.874667,0.657183,1.05869,0.867184,-1.14436,-1.47453,-1.28463,-1.17255,-0.207712,0.113808,0.454536,0.296753,1.72147,-0.938058,0.677702,1.97788,-0.373607,-1.10246,1.17456,-0.117632,
-3.77094,-0.306644,0.304908,3.75472,-0.733317,-3.05851,-0.574565,1.73521,12.3305,-2.6627,-1.00075,8.13321,0,0,0,0,0,0,0,0,0,0,0,0,0.0272368,-0.112498,0.149393,-0.0894719,0.849134,0.882186,1.02909,0.778756,-1.52319,-1.3453,-1.34725,-1.46008,-0.121642,-0.118341,0.170906,0.0682936,0.855279,0.67693,1.01933,0.879785,-1.04071,-1.53582,-1.36455,-1.13174,0.0979227,0.321151,0.465831,0.378831,1.77391,-4.14578,0.661231,1.58102,-0.536636,-4.2003,1.13615,0.150469,
-1.43463,-0.269826,0.291288,2.91654,-2.16043,0.382385,-1.26232,-0.313951,14.0782,0.213956,-2.21274,7.13118,0,0,0,0,0,0,0,0,0,0,0,0,0.0261115,-0.105982,0.150487,-0.0867614,0.886026,0.768918,1.04313,0.811865,-1.53165,-1.44237,-1.33846,-1.45791,-0.0365995,-0.109515,0.153963,0.0268334,0.834075,0.665747,1.00148,0.831937,-0.972844,-1.53088,-1.43371,-1.17213,-0.266292,0.363,-0.408764,-0.153339,1.72329,-5.92331,0.442101,1.63153,-0.21605,-4.85331,-0.337115,0.0264299,
-0.293857,-0.749551,0.288273,3.0403,-3.56478,2.69187,-1.35165,-1.73435,13.2541,2.00641,-2.46882,6.73702,0,0,0,0,0,0,0,0,0,0,0,0,0.0194328,-0.0937264,0.136822,-0.0927633,0.919613,0.652368,1.0475,0.846052,-1.53041,-1.51082,-1.37062,-1.45816,0.000814788,-0.105198,0.131642,0.0210738,0.809845,0.653934,0.990043,0.811718,-0.993906,-1.47558,-1.51801,-1.18877,-0.343187,0.925525,-0.835565,-0.388743,1.6412,-5.30543,-0.169608,1.752,0.316661,-2.25075,-2.43159,-0.00494753,
-0.222652,-1.49449,0.684434,3.32418,-5.45735,3.20922,-1.11936,-2.37197,11.6777,1.98094,-1.89314,6.30916,0,0,0,0,0,0,0,0,0,0,0,0,0.013633,-0.0697586,0.117397,-0.101481,0.953008,0.56482,1.03474,0.882873,-1.51807,-1.51984,-1.43794,-1.45683,0.00114957,-0.103964,0.124638,0.0234399,0.765505,0.634237,0.968804,0.821878,-1.03516,-1.41993,-1.58971,-1.20093,-0.178869,1.2787,-1.00683,-0.402327,1.53953,-2.94758,-1.0583,1.69418,0.790573,1.03357,-3.80213,0.176825,
-0.940684,-2.10541,0.745246,3.63867,-7.76112,2.31354,-0.39324,-2.25173,9.4391,1.77109,-0.684467,6.08766,0,0,0,0,0,0,0,0,0,0,0,0,0.011848,-0.0446155,0.0965888,-0.109711,0.98407,0.532287,1.00119,0.915898,-1.49822,-1.47898,-1.51681,-1.44988,-0.0257524,-0.108214,0.107306,0.0283526,0.702055,0.616023,0.944636,0.854389,-1.09977,-1.35516,-1.61999,-1.19662,0.00134922,1.03086,-0.954631,-0.374166,1.42151,-0.440243,-2.04123,1.42801,1.04452,2.64897,-3.79006,0.488011,
-1.02867,-2.02402,1.13191,3.6823,-8.86216,1.28309,0.337852,-1.76908,7.78738,2.78761,0.55285,5.4398,0,0,0,0,0,0,0,0,0,0,0,0,0.0124705,-0.0332016,0.0777409,-0.117735,1.01103,0.551716,0.952804,0.940543,-1.4762,-1.45575,-1.57814,-1.43657,-0.0260094,-0.108246,0.105648,0.0228129,0.681956,0.645095,0.914482,0.890676,-1.14123,-1.36565,-1.60667,-1.20176,0.133346,0.295791,-0.868454,-0.337223,1.2708,2.10278,-2.59182,1.0448,1.17348,-1.07007,-2.53215,0.860684,
-1.11269,-2.59647,1.27728,3.41138,-9.98118,0.687516,0.76066,-1.54352,6.55807,3.18768,0.951347,4.3263,0,0,0,0,0,0,0,0,0,0,0,0,0.018721,-0.0231955,0.0653091,-0.121848,1.03605,0.59387,0.899007,0.959476,-1.44904,-1.47418,-1.60572,-1.41461,-0.0182467,-0.115786,0.10821,0.0121086,0.659261,0.660375,0.881381,0.914149,-1.15875,-1.36147,-1.57535,-1.21843,0.377001,0.563396,-0.409519,-0.124926,1.1227,1.95018,-2.4026,0.820678,1.39848,-0.739871,-0.384206,1.15648,
-0.591293,-3.07784,1.29886,3.33717,-10.5358,0.0655302,1.242,-1.58399,5.55948,3.72959,1.30742,3.21007,0,0,0,0,0,0,0,0,0,0,0,0,0.0259288,-0.0122602,0.0597856,-0.124551,1.05704,0.632356,0.856897,0.975636,-1.41881,-1.48687,-1.59568,-1.39085,0.00834658,-0.125665,0.10805,0.00540032,0.655245,0.673308,0.870367,0.92884,-1.16414,-1.34879,-1.52128,-1.23877,0.303474,0.485447,-0.184479,-0.176775,0.981865,1.91655,-1.81047,0.828199,1.61411,-0.55525,1.10507,1.18345,
1.03002,-3.1004,0.627881,2.62752,-9.70042,-0.4101,1.80469,-1.03169,2.5992,5.68274,4.87761,0.547098,0,0,0,0,0,0,0,0,0,0,0,0,0.0308023,-0.00395855,0.0580737,-0.128737,1.07518,0.670494,0.846168,0.992786,-1.38466,-1.4964,-1.58239,-1.36754,0.0747482,-0.122151,0.0809887,-0.0289221,0.703084,0.691722,0.945564,0.967835,-1.24518,-1.278,-1.38725,-1.32158,0.137246,0.291186,-0.110017,-0.264304,0.796225,1.88161,1.36045,0.815819,1.77563,-0.445669,0.00156137,1.20425,
2.97655,-4.49667,0.148407,2.08551,-7.9086,-1.06229,3.84399,-1.12367,-0.293787,8.62089,7.36254,-0.374862,0,0,0,0,0,0,0,0,0,0,0,0,0.0316439,-0.000806144,0.0543519,-0.133745,1.08903,0.708944,0.881862,1.00844,-1.34777,-1.5055,-1.57647,-1.34135,0.15073,-0.179437,0.0578072,-0.0523537,0.78364,0.702737,1.06623,0.979041,-1.32465,-1.16897,-1.27283,-1.33231,0.0012005,0.061808,-0.124048,-0.101439,0.547628,1.81423,1.53038,0.777326,1.74361,-0.415357,0.45686,1.20165,
4.20105,-3.70664,-1.36864,0.369246,-7.31439,-1.69986,5.3055,-1.02278,-4.26887,10.3182,9.58814,-1.24298,0,0,0,0,0,0,0,0,0,0,0,0,0.0328264,0.000354176,0.0553572,-0.127181,1.09942,0.746329,0.910141,1.0286,-1.3129,-1.51203,-1.56439,-1.32107,0.203265,-0.146618,0.00498932,-0.0992207,0.815711,0.713664,1.14708,1.00967,-1.4512,-1.10343,-1.16839,-1.3559,0.119807,0.0646915,0.218893,0.659496,0.443459,1.76649,1.23581,1.0993,1.62265,-0.206428,0.623471,0.74431,
2.84488,-0.929652,-2.26305,-0.843512,-4.91455,-2.66291,6.25655,-0.759397,-3.36433,10.9683,11.8164,0.536201,0,0,0,0,0,0,0,0,0,0,0,0,0.0511537,0.00123033,0.0625404,-0.106847,1.08635,0.781126,0.931668,1.04744,-1.3183,-1.51532,-1.55088,-1.32222,0.202413,-0.0380006,-0.0210746,-0.122249,0.843935,0.709796,1.20145,1.03095,-1.50346,-1.08023,-1.06446,-1.31266,1.87322,-0.102246,0.345353,0.916878,-2.29188,1.75934,0.97593,0.694337,-2.52962,-0.181907,0.688439,-0.594211,
0.208174,2.35689,-2.34565,-1.19439,-2.05405,-5.46935,5.39211,-2.39807,-0.900873,11.4274,12.8098,-1.82282,0,0,0,0,0,0,0,0,0,0,0,0,0.099309,-0.00487663,0.0678231,-0.0978875,1.00687,0.818485,0.951576,1.06595,-1.3926,-1.51737,-1.53599,-1.31655,0.161774,0.082122,-0.0212965,-0.139369,0.818401,0.635056,1.18616,0.992932,-1.50974,-1.0599,-1.00925,-1.36993,2.70691,-0.363855,0.235316,0.314708,-5.31534,1.76724,0.945092,1.14513,-4.05554,0.018515,0.717291,0.976596,
-0.792675,3.06167,-2.77183,-1.29931,-0.0736761,-7.32314,4.345,-2.54665,0.485166,10.9726,12.0962,-3.51645,0,0,0,0,0,0,0,0,0,0,0,0,0.143928,-0.0131245,0.0714851,-0.0945322,0.885422,0.852637,0.97083,1.0801,-1.46124,-1.51301,-1.52077,-1.31446,0.14309,0.102415,-0.0350345,-0.146975,0.757504,0.591911,1.1643,0.973355,-1.49916,-1.06534,-1.02096,-1.47118,1.54345,-0.346377,0.217672,-0.023512,-6.24857,1.60998,0.983283,-0.243728,-2.8664,0.438207,0.797886,-0.802746,
0.0912325,3.07901,-4.18191,-0.951592,1.2697,-7.75236,3.31855,-1.48572,1.46749,9.82681,11.5663,-1.53877,0,0,0,0,0,0,0,0,0,0,0,0,0.156831,-0.0186335,0.0764541,-0.0919074,0.763932,0.883459,0.991485,1.07353,-1.49875,-1.49816,-1.50216,-1.36804,0.15596,0.100547,-0.0862959,-0.133523,0.710797,0.600146,1.14406,0.987511,-1.45817,-1.08655,-1.02043,-1.5049,-0.225999,-0.199029,0.226322,-0.17759,-5.19613,1.33908,0.991475,-1.32949,-0.905714,0.926721,0.95429,-3.76539,
0.689947,2.38389,-4.46017,-0.84736,1.88693,-8.35714,2.70934,-0.345732,1.29363,8.56502,10.8819,-0.645263,0,0,0,0,0,0,0,0,0,0,0,0,0.143345,-0.0202284,0.0818947,-0.0971803,0.676708,0.907695,1.01174,1.02761,-1.49292,-1.47524,-1.4819,-1.44046,0.152041,0.0750036,-0.0907749,-0.134967,0.681084,0.595585,1.14038,0.957008,-1.41778,-1.10639,-1.02502,-1.53362,-0.945097,-0.00617557,0.286855,-0.194634,-3.55506,1.10875,1.01333,-2.83856,1.16962,1.31258,1.08026,-3.36741,
1.31343,1.52141,-3.95345,-0.936581,1.75263,-9.01013,2.22041,0.474227,0.919859,7.36088,10.1084,0.0107894,0,0,0,0,0,0,0,0,0,0,0,0,0.120359,-0.0196535,0.0873919,-0.0988935,0.625175,0.929239,1.03298,0.964025,-1.45946,-1.44488,-1.4576,-1.49763,0.149306,0.0411385,-0.0671194,-0.136669,0.663963,0.588169,1.14143,0.922202,-1.38367,-1.12003,-1.02834,-1.54284,-1.17951,-0.00321942,0.181348,-0.0155906,-1.56582,0.966749,0.982012,-3.03956,1.94974,1.52082,1.24642,-2.2822,
1.53749,-0.191685,-2.29288,-0.410043,1.45206,-8.61787,2.14735,0.926095,3.13636,6.1416,8.79672,0.495588,0,0,0,0,0,0,0,0,0,0,0,0,0.10386,-0.0200697,0.0899027,-0.0974577,0.618144,0.947657,1.05145,0.907127,-1.43233,-1.41395,-1.43079,-1.52986,0.16288,-0.0297535,-0.00142069,-0.11227,0.705384,0.620813,1.154,0.89217,-1.31156,-1.13764,-1.04979,-1.53274,-0.124014,-0.100816,0.0195829,0.0794875,1.45788,0.893533,0.832557,-2.60004,-0.234208,1.53262,1.45642,-1.13518,
1.51156,-1.82502,-0.0631188,0.299717,1.46802,-8.42955,1.33064,0.774947,5.10801,4.22443,6.1112,2.32089,0,0,0,0,0,0,0,0,0,0,0,0,0.0975635,-0.0254988,0.086593,-0.0952823,0.656927,0.965754,1.06815,0.863481,-1.43622,-1.37988,-1.39769,-1.54097,0.150824,-0.10483,0.0795166,-0.0775735,0.753126,0.645039,1.13768,0.862681,-1.23309,-1.17577,-1.12053,-1.44874,-0.360111,-0.316522,-0.227584,0.286006,1.87395,0.823341,0.81526,-1.58988,-0.0594264,1.75647,1.63577,-0.0302142,
0.913861,-2.87681,1.89241,1.74367,-0.27981,-8.91728,-0.567921,0.859421,7.42032,0.161634,1.3779,2.85523,0,0,0,0,0,0,0,0,0,0,0,0,0.0908635,-0.0313704,0.0823612,-0.0852912,0.694657,0.981515,1.08605,0.835136,-1.43491,-1.3419,-1.36521,-1.50724,0.121234,-0.151778,0.154473,8.62032e-06,0.72178,0.640142,1.08342,0.845954,-1.13479,-1.29459,-1.27853,-1.33379,-0.309172,-0.266763,-0.179249,0.777658,1.91577,0.765926,1.00427,-1.17794,0.16525,2.04218,1.57821,2.9621,
-2.40965,-2.80749,2.02205,3.16002,1.22913,-8.22903,-0.78142,-0.352172,8.8075,-4.72039,-2.61097,5.7201,0,0,0,0,0,0,0,0,0,0,0,0,0.0871735,-0.0343982,0.0809352,-0.0783464,0.735338,0.99734,1.10992,0.853167,-1.43064,-1.29816,-1.33486,-1.48101,-0.00538159,-0.142673,0.16628,0.0521116,0.823266,0.680541,1.10012,0.873165,-1.07714,-1.44509,-1.4108,-1.24086,0.191552,0.201264,0.22316,0.202864,1.93815,0.618111,1.07272,1.70425,0.0600458,2.0943,1.42522,0.567515,
-5.20966,-0.895429,1.13298,4.09748,-0.340848,-5.17764,-0.525033,-1.13062,10.7266,-3.10565,-2.30017,6.24179,0,0,0,0,0,0,0,0,0,0,0,0,0.0930085,-0.0418711,0.0871258,-0.0743024,0.773493,0.981064,1.1298,0.880635,-1.43386,-1.3012,-1.34442,-1.4665,-0.110266,-0.109317,0.143011,0.0907482,0.797817,0.70666,1.11997,0.858135,-1.01248,-1.47817,-1.48001,-1.20183,0.25561,-1.58142,0.528288,0.0575726,1.8979,-3.36493,0.558907,1.13626,-0.384183,-2.63695,-2.17944,0.749745,
-5.68117,0.728845,0.421271,4.7926,-3.3582,-1.1207,-0.681631,-2.24716,10.6064,0.838132,-1.48815,5.34483,0,0,0,0,0,0,0,0,0,0,0,0,0.0962838,-0.0842747,0.0989069,-0.0773682,0.812853,0.86547,1.13125,0.901625,-1.44296,-1.37911,-1.40951,-1.45111,-0.131241,-0.0930032,0.122697,0.106402,0.715154,0.686748,1.09861,0.830668,-1.02596,-1.43017,-1.54176,-1.22355,-0.0138927,-1.89411,0.346963,-0.396717,1.8315,-6.69468,-0.268754,0.946516,-0.36289,-4.2295,-3.63658,0.688461,
-4.63034,0.655387,0.608093,5.60268,-5.2182,1.33466,-1.10534,-3.16721,9.71813,0.804214,-1.70967,5.28685,0,0,0,0,0,0,0,0,0,0,0,0,0.093342,-0.110177,0.101081,-0.088917,0.848211,0.722032,1.11769,0.920638,-1.44688,-1.42832,-1.47994,-1.43811,-0.0973656,-0.0959903,0.121975,0.120562,0.673457,0.635742,1.05189,0.812969,-1.05908,-1.41743,-1.61582,-1.21411,-0.274698,-0.601449,-0.17146,-0.731397,1.6987,-6.98382,-1.07905,0.950959,-0.0459953,-1.06399,-3.37444,0.626412,
-3.71259,-0.174549,0.94374,5.00604,-4.89747,3.03172,-1.20818,-2.25595,10.423,2.49772,-1.00286,7.33635,0,0,0,0,0,0,0,0,0,0,0,0,0.0877907,-0.104073,0.0954497,-0.104332,0.882628,0.599677,1.08599,0.939605,-1.44588,-1.43872,-1.54926,-1.4242,-0.0642068,-0.0911336,0.127921,0.0829715,0.718395,0.626229,0.99782,0.865029,-1.02765,-1.34008,-1.65757,-1.1155,-0.174694,0.996068,-0.263908,-0.646887,1.58331,-4.73587,-1.99207,0.783095,0.0656915,-0.0632391,-3.40988,0.762062,
-3.05802,-1.29197,1.03538,5.00345,-5.42957,2.759,-0.880542,-1.77947,10.7276,2.56742,-0.277394,7.60398,0,0,0,0,0,0,0,0,0,0,0,0,0.0845312,-0.0763033,0.0899755,-0.117472,0.914623,0.530271,1.03594,0.954231,-1.44316,-1.42446,-1.60408,-1.40637,-0.039664,-0.0989038,0.127059,0.0712308,0.72696,0.594656,0.947796,0.895358,-1.00974,-1.26954,-1.66339,-1.08316,-0.0937201,1.45391,-0.216589,-0.571756,1.47599,-2.29879,-2.64626,0.615262,0.215691,2.61132,-2.41068,0.952579,
-2.46006,-2.30668,0.562331,4.91588,-5.89832,1.38338,0.04524,-1.82118,9.72852,7.66779,1.25154,6.06661,0,0,0,0,0,0,0,0,0,0,0,0,0.085433,-0.0640717,0.0887956,-0.127194,0.944395,0.544815,0.974077,0.963881,-1.43595,-1.43179,-1.64063,-1.38202,-0.00573219,-0.14645,0.116692,0.0660569,0.735574,0.637078,0.914391,0.897449,-1.03564,-1.15105,-1.61451,-1.11099,0.361865,0.494465,0.270173,-0.169231,1.35563,1.84643,-3.07476,0.320733,0.558593,-1.29903,-1.19712,1.41826,
-2.12907,-3.44238,0.540124,4.32815,-6.87166,1.36064,0.177294,-2.36498,8.08729,7.79659,1.69703,3.75526,0,0,0,0,0,0,0,0,0,0,0,0,0.0962811,-0.0498369,0.0957189,-0.127469,0.970404,0.58132,0.912002,0.970899,-1.41564,-1.44771,-1.63763,-1.34872,0.022324,-0.172628,0.121382,0.046652,0.717871,0.669286,0.866628,0.885137,-1.06406,-1.14087,-1.54802,-1.16523,0.560274,0.745202,0.202916,0.0497416,1.11663,1.677,-2.62331,0.441896,1.40403,-0.251286,1.08663,1.66426,
-1.30209,-3.60348,0.587227,4.22432,-7.01156,1.08977,0.375391,-3.47354,6.02819,5.53412,1.8049,2.75408,0,0,0,0,0,0,0,0,0,0,0,0,0.105402,-0.0368889,0.0961214,-0.127782,0.990024,0.614178,0.865295,0.983592,-1.37909,-1.44371,-1.59459,-1.3161,0.0596343,-0.170919,0.116823,0.0389755,0.726783,0.69037,0.838094,0.861371,-1.09443,-1.21129,-1.46441,-1.17479,0.315778,0.505427,-0.13937,-0.110769,0.86104,1.63002,-2.1108,0.835998,2.17691,0.552964,2.89914,1.55755,
0.941795,-1.66115,-0.419015,2.59026,-7.00019,-2.30723,-0.448269,-3.00079,5.33457,6.11576,3.64126,-1.78949,0,0,0,0,0,0,0,0,0,0,0,0,0.110567,-0.0280337,0.0932084,-0.130661,1.00615,0.647836,0.848654,1.00331,-1.32938,-1.42749,-1.54723,-1.28394,0.151092,-0.0885778,0.0750914,-0.0305937,0.739119,0.586425,0.877936,0.90043,-1.06772,-1.16644,-1.40427,-1.32315,0.142668,0.295092,-0.0678217,-0.177143,0.649038,1.54396,2.36066,0.857677,2.41423,0.82108,-0.13474,1.61843,
3.29959,-0.669366,-1.64451,1.40858,-7.38053,-2.68247,1.13414,-2.26376,3.00809,7.75758,7.09579,-3.38767,0,0,0,0,0,0,0,0,0,0,0,0,0.111633,-0.0245393,0.0911576,-0.126411,1.01544,0.676414,0.888481,1.01531,-1.28118,-1.41103,-1.54222,-1.27111,0.24445,-0.0484372,0.0239033,-0.0581709,0.726721,0.595921,0.969276,0.930983,-1.11185,-1.08344,-1.24941,-1.41725,0.0416909,0.14384,-0.0737042,0.594874,0.325105,1.34031,1.77149,0.31112,2.45049,0.864101,0.448974,-0.53183,
3.04318,1.0824,-3.38346,-0.553712,-7.51739,-2.22606,2.91832,-0.678769,-4.34978,9.2037,9.96682,-2.15738,0,0,0,0,0,0,0,0,0,0,0,0,0.114271,-0.0201579,0.0922065,-0.101656,1.01917,0.701627,0.920244,1.01658,-1.22915,-1.39074,-1.5281,-1.3231,0.240869,0.0294391,-0.0392353,-0.0829813,0.718939,0.633578,1.06214,0.976315,-1.35259,-1.00115,-1.11157,-1.4867,0.243538,0.315044,0.194823,2.04116,0.0229983,1.04966,1.25832,-0.655693,2.52737,1.07223,0.892618,-3.86515,
0.755224,3.81614,-3.10865,-2.53797,-4.8947,-3.72814,3.55435,-0.420932,-5.8027,9.41213,10.8041,0.487665,0,0,0,0,0,0,0,0,0,0,0,0,0.129783,-0.0150277,0.0965117,-0.0565344,0.99613,0.720841,0.939452,0.989698,-1.22113,-1.37022,-1.5062,-1.408,0.193286,0.139842,-0.0245273,-0.116263,0.734019,0.590547,1.09604,0.938221,-1.49584,-0.976074,-1.04984,-1.47584,1.66467,0.111209,0.165341,2.08951,-3.31616,0.941536,0.720759,-1.73203,-2.1302,0.883223,1.20969,-4.36699,
-0.764079,4.45533,-1.89339,-2.29972,-2.14651,-5.76593,2.3691,-0.310815,-0.907301,8.17084,9.26476,0.88442,0,0,0,0,0,0,0,0,0,0,0,0,0.162587,-0.0174152,0.0964928,-0.0322596,0.897688,0.740933,0.952858,0.939759,-1.33331,-1.35292,-1.48022,-1.45915,0.155078,0.156867,0.0195815,-0.117903,0.698991,0.529503,1.06152,0.872997,-1.51705,-1.00854,-1.08625,-1.44427,1.15271,-0.196542,-0.0587919,0.317249,-5.64181,0.960406,0.694673,-2.7165,-7.37252,0.877385,1.16872,-1.02522,
-0.7531,3.55096,-2.93536,-1.1531,1.37645,-8.28739,1.35075,1.1554,3.08329,8.63398,9.69968,-1.09563,0,0,0,0,0,0,0,0,0,0,0,0,0.17581,-0.019676,0.0969737,-0.0369424,0.766139,0.759644,0.970107,0.883299,-1.44904,-1.33197,-1.45979,-1.45529,0.148135,0.123549,-0.0166025,-0.0930904,0.683177,0.445991,1.04441,0.872035,-1.41466,-0.962401,-1.05431,-1.48017,0.122436,0.0593244,0.191911,-0.501187,-6.90099,0.892143,1.0137,-2.874,-4.44777,1.21053,0.874534,0.947364,
0.211501,2.27203,-3.95092,-0.621724,5.08092,-9.25925,0.415867,0.970375,5.80565,7.56546,8.92292,-0.348069,0,0,0,0,0,0,0,0,0,0,0,0,0.166264,-0.0156545,0.103799,-0.0446431,0.630107,0.777167,0.995436,0.841504,-1.47342,-1.30092,-1.4442,-1.46072,0.154606,0.0805552,-0.046302,-0.0724936,0.722882,0.422081,1.0382,0.855542,-1.21207,-0.96405,-1.07312,-1.49788,-1.00592,0.266421,0.396802,-0.149076,-5.52308,0.764212,1.30661,-1.23884,1.45651,1.71274,0.707845,-1.16176,
1.86535,1.43133,-4.38336,-0.324628,5.55367,-8.80799,0.115607,1.2074,4.92023,5.70536,7.53928,-0.00724909,0,0,0,0,0,0,0,0,0,0,0,0,0.141609,-0.00968837,0.111629,-0.0445792,0.550314,0.7906,1.02279,0.825338,-1.37778,-1.26232,-1.42959,-1.48334,0.188633,0.053303,-0.0570793,-0.054812,0.728186,0.450242,1.05533,0.863041,-1.03773,-0.992654,-1.1125,-1.50354,-1.37949,0.286918,0.331283,0.137614,-2.21375,0.598067,1.39606,-0.529643,7.16246,2.07246,0.776228,-0.995246,
1.16726,1.54681,-3.35139,-0.225595,3.47045,-9.21918,0.12571,2.41479,8.40947,3.50488,5.04779,1.07807,0,0,0,0,0,0,0,0,0,0,0,0,0.125766,-0.00321845,0.117724,-0.0371401,0.554259,0.801984,1.05192,0.820237,-1.27959,-1.21845,-1.41253,-1.49869,0.174557,0.0612502,-0.0154625,-0.0398683,0.725807,0.443573,1.08476,0.918956,-0.935768,-1.0361,-1.19302,-1.4671,0.105016,0.129808,0.043441,0.314779,1.63649,0.517804,1.39062,0.106403,0.371968,2.10787,0.879739,-0.577079,
-0.502177,1.60682,-0.977889,0.171695,3.18794,-10.8128,-1.39405,3.05614,7.88963,0.935143,1.89826,3.31559,0,0,0,0,0,0,0,0,0,0,0,0,0.122484,-0.00611613,0.110774,-0.033804,0.586848,0.812172,1.08529,0.834921,-1.26124,-1.16986,-1.39454,-1.49499,0.0971196,0.0530382,0.0606507,-0.0229455,0.744798,0.388447,1.06664,0.985347,-0.919939,-1.08107,-1.30344,-1.34589,-0.263871,-0.255929,-0.550398,0.199535,1.5216,0.439357,1.85561,1.40901,1.28575,2.56881,0.75872,0.823437,
-2.845,2.31021,1.05242,0.216068,3.51661,-9.2702,-3.52538,4.3888,8.38984,-5.81365,-2.43818,3.57829,0,0,0,0,0,0,0,0,0,0,0,0,0.117652,-0.0111066,0.0981213,-0.0269547,0.61673,0.81994,1.12716,0.869802,-1.23034,-1.11516,-1.38233,-1.4373,-0.000179358,0.0768407,0.127046,-0.00647173,0.787134,0.456423,1.03211,1.09054,-0.860883,-1.29093,-1.47068,-1.20548,-0.201546,-0.223055,-0.658621,0.59201,1.48699,0.364546,2.29818,2.25918,1.693,2.83891,0.458943,4.43426,
-3.15456,0.788953,1.09365,1.74359,2.87924,-3.34257,-5.66553,4.6894,6.01494,-3.97338,-2.11818,6.91769,0,0,0,0,0,0,0,0,0,0,0,0,0.114999,-0.0100557,0.0851614,-0.0361659,0.648052,0.822509,1.17323,0.917798,-1.19578,-1.09498,-1.3844,-1.43038,-0.0103562,0.037777,0.122027,0.0224097,0.793594,0.666826,0.974217,1.14685,-0.92717,-1.32766,-1.49707,-1.15631,0.0413794,0.81373,-0.344018,-0.558394,1.5186,-1.09904,1.38058,2.07363,1.40074,-3.68717,-1.3971,-0.13194,
-2.61157,0.209699,1.28212,2.44701,1.21887,0.0899998,-6.21843,3.67527,5.58281,0.753731,-2.1419,6.11449,0,0,0,0,0,0,0,0,0,0,0,0,0.114199,0.0137313,0.0778299,-0.0490989,0.679028,0.765602,1.19274,0.957594,-1.17442,-1.20909,-1.42159,-1.43454,0.00538884,0.0476476,0.120079,0.0333633,0.759158,0.694635,0.95986,1.14378,-0.936172,-1.30151,-1.54343,-1.19609,-0.217376,1.27641,-0.451772,-0.770901,1.56874,-3.72837,0.793034,1.95856,0.746753,-6.12811,-1.80826,-0.306491,
-1.03551,-0.40622,1.38563,2.65853,0.739616,2.4467,-5.56429,2.29331,6.73242,1.50872,-2.66022,6.20096,0,0,0,0,0,0,0,0,0,0,0,0,0.107101,0.0403808,0.0698221,-0.0654567,0.713029,0.674658,1.20262,0.998695,-1.16725,-1.28953,-1.46068,-1.44306,0.0573635,0.050716,0.120997,0.0261225,0.776209,0.68862,0.978953,1.13018,-0.898597,-1.27139,-1.60997,-1.20522,-0.415891,1.3292,-0.212523,-0.738102,1.67979,-4.19529,-0.0546938,1.98766,-0.0324398,-2.11066,-2.14391,-0.509825,
-0.179696,-1.13489,1.16863,2.35688,0.499818,2.83761,-3.9603,1.08272,8.4074,1.77484,-1.73186,7.14696,0,0,0,0,0,0,0,0,0,0,0,0,0.0992948,0.0683961,0.0723825,-0.0776495,0.748194,0.607171,1.18313,1.03958,-1.1744,-1.30383,-1.51469,-1.45518,0.0857983,0.0525062,0.129058,0.00721764,0.805193,0.672314,0.981447,1.12541,-0.850254,-1.22791,-1.65076,-1.18338,-0.31543,1.47528,0.496487,-0.470411,1.85029,-2.41809,-2.16343,2.1261,-0.607298,0.246359,-3.3395,-0.703993,
-2.14692,1.28651,3.44264,-1.18964,1.10592,2.85093,-7.06649,-0.364411,13.2242,6.388,-3.62056,9.57367,0,0,0,0,0,0,0,0,0,0,0,0,0.0934242,0.0964344,0.0872848,-0.0864883,0.78838,0.579243,1.11588,1.0856,-1.18965,-1.2783,-1.58114,-1.4712,0.00301681,0.171786,0.24214,-0.142094,0.872154,0.685215,0.747361,1.11617,-0.675972,-0.983912,-1.78415,-1.10441,-0.226535,1.19454,0.857503,-0.401007,1.97689,-0.40324,-4.29284,2.25738,-0.764739,1.94329,-2.90949,-0.807614,
-3.06741,2.27661,2.7127,-0.753939,2.94688,4.78461,-9.37872,-0.710487,13.6541,9.22685,-2.47151,12.3057,0,0,0,0,0,0,0,0,0,0,0,0,0.0905643,0.111759,0.117795,-0.0951086,0.827233,0.59187,0.99703,1.13138,-1.19895,-1.23017,-1.64839,-1.48603,-0.031609,0.204326,0.276844,-0.133553,0.982564,0.830376,0.462792,1.14926,-0.652467,-0.885317,-1.82787,-1.006,0.0261459,0.0751056,2.52709,-0.414336,1.87283,2.35607,-7.95448,2.31515,0.0159666,-1.21083,-4.0309,-0.609705,
-5.9958,2.47954,1.31706,0.321276,2.58288,7.55302,-8.72719,-1.83474,8.93297,7.97691,0.746413,11.7426,0,0,0,0,0,0,0,0,0,0,0,0,0.0981979,0.120844,0.184806,-0.101602,0.863041,0.634556,0.782088,1.17922,-1.18064,-1.23294,-1.71505,-1.49191,-0.129193,0.234239,0.3061,-0.094092,0.997104,0.971926,0.183342,1.15042,-0.789954,-0.898097,-1.73453,-1.0214,0.622044,0.710684,3.43059,-0.267072,1.53736,1.76247,-12.4829,2.22956,1.66851,0.788203,-2.46671,0.0397784,
-6.57652,2.89331,-1.41004,1.0321,-0.491052,7.31713,-1.29012,-5.84083,-1.10472,4.71124,7.49664,4.26222,0,0,0,0,0,0,0,0,0,0,0,0,0.110542,0.135564,0.243608,-0.111608,0.891421,0.666585,0.495602,1.2219,-1.13557,-1.20588,-1.71002,-1.48539,-0.141278,0.265409,0.233106,-0.0852984,0.898821,0.989562,0.130545,1.02875,-1.12744,-0.984296,-1.36253,-1.30386,0.562053,0.70565,2.29498,-0.7487,1.35211,1.51458,-15.6726,2.02418,2.61612,1.65665,2.38092,0.551678,
0.614483,-0.140564,-4.64297,1.27998,-2.36126,3.17429,5.75971,-14.931,-8.70161,8.42022,10.0923,-9.46516,0,0,0,0,0,0,0,0,0,0,0,0,0.0919342,0.146253,0.267248,-0.137587,0.929681,0.705865,0.179465,1.26042,-1.11016,-1.17554,-1.56246,-1.47049,0.0537462,0.147974,0.0818171,-0.118665,0.878466,0.88296,0.140882,0.693984,-1.46721,-0.81941,-0.931905,-1.83172,-3.13836,0.367203,0.014404,-1.61388,2.16181,2.50619,-13.4486,1.54032,-0.449326,0.966086,11.3433,0.868797,
1.29787,-4.27578,-3.71972,3.92336,1.12283,3.74635,14.787,-12.2887,2.93188,5.36558,6.17186,-4.20277,0,0,0,0,0,0,0,0,0,0,0,0,0.0389571,0.162199,0.250164,-0.162443,1.0021,0.744416,-0.0345062,1.23286,-1.24086,-1.16201,-1.26976,-1.54031,0.0511262,0.0150457,0.0629726,-0.0252706,1.10002,0.924125,0.401368,0.612451,-1.32098,-0.939798,-0.686019,-1.86752,-1.98728,1.19389,-1.92013,-0.988112,2.65032,1.49274,-7.78026,-6.443,-9.87014,0.379645,16.8433,-7.9547,
1.67272,-2.66389,-3.81415,2.27748,5.36925,4.16279,16.429,-1.50394,11.5562,5.76318,11.862,4.2563,0,0,0,0,0,0,0,0,0,0,0,0,0.0255317,0.194392,0.194521,-0.163153,0.99988,0.776461,-0.0847098,0.99398,-1.3574,-1.15405,-1.02015,-1.6935,0.0871233,0.116721,-0.0194097,-0.0463884,1.19273,0.977314,0.613266,0.647987,-0.912158,-0.916288,-0.311893,-1.65622,-0.265864,1.44427,-3.06822,1.28325,-1.09601,1.71704,2.04083,-14.2918,-0.850288,0.361857,11.6887,-6.64856,
-0.863175,4.96339,-3.47517,3.21081,1.73268,-0.489147,20.6903,14.9737,9.15358,11.6765,20.1613,10.2893,0,0,0,0,0,0,0,0,0,0,0,0,0.0129305,0.204825,0.172676,-0.125614,0.970156,0.818223,0.0303923,0.702665,-1.21176,-1.14961,-1.0911,-1.72789,-0.046237,0.385182,0.00935645,0.0459278,1.09006,0.845365,0.955705,1.037,-0.826137,-0.687167,-0.415334,-1.26511,-1.23202,-0.908947,-1.21565,2.15548,2.53008,2.33535,4.88508,-13.2303,0.974022,-0.230667,-6.53396,2.56012,
-3.64017,8.77386,-1.38755,2.39892,-1.19509,-6.88522,18.2467,18.8816,6.90329,14.4296,18.0397,14.9597,0,0,0,0,0,0,0,0,0,0,0,0,-0.047567,0.151353,0.113449,-0.0470178,1.01252,0.875302,0.15499,0.530011,-1.14261,-1.12999,-1.23534,-1.58008,-0.22995,0.468848,0.0186116,0.14321,0.985448,0.63335,1.02078,1.31507,-0.776995,-0.494698,-0.659194,-0.75719,-1.83879,-1.67297,-1.96675,4.71356,1.03668,1.67283,6.79639,1.48986,4.474,2.90554,-7.27191,11.2251,
-3.43995,4.12305,-5.65101,3.94682,-3.6494,-10.0295,21.3655,23.404,2.7971,5.05902,17.9482,24.9876,0,0,0,0,0,0,0,0,0,0,0,0,-0.0525859,0.148427,0.106072,-0.0551802,1.02555,0.886845,0.304101,0.640598,-1.02494,-1.01905,-1.38447,-1.65468,-0.152717,0.351304,-0.0849402,0.129768,0.881895,0.465069,1.3077,1.68216,-0.775148,-0.650313,-0.803943,-0.708233,1.87332,1.89777,1.7514,1.35375,0.116167,-1.02986,7.4488,5.27013,6.89561,8.31867,-6.86992,-2.65252,
7.63724,-4.36973,-6.85638,0.827036,5.41784,1.2878,18.2572,25.7083,-6.88089,-3.39011,21.2414,12.9374,0,0,0,0,0,0,0,0,0,0,0,0,-0.0149428,0.1982,0.150057,-0.0189229,1.00894,0.845949,0.455393,0.744103,-0.856619,-0.8372,-1.50801,-1.68885,0.283128,0.0742121,-0.0964715,0.0348571,1.19994,0.886047,1.3242,1.8677,-0.985918,-0.979107,-0.757754,-1.19526,-0.370949,2.54005,1.38637,1.03493,-1.28549,-0.570695,6.92619,4.76321,7.29678,-0.31514,-4.97,-1.19511,
5.51116,-8.43378,-4.29909,7.52347,8.75664,1.17378,18.7301,19.8309,-8.08021,-5.16035,18.8263,14.1025,0,0,0,0,0,0,0,0,0,0,0,0,-0.0392571,0.228134,0.161368,-0.0243377,1.03969,0.825424,0.59115,0.871659,-0.908957,-0.904512,-1.59784,-1.7306,0.188222,-0.11392,-0.0134541,0.241219,1.43897,0.866832,1.47962,1.84673,-1.3322,-1.20759,-0.933313,-1.2378,0.351634,-0.235139,-0.142953,-1.76909,2.45069,-0.277172,6.96302,9.0916,-5.00166,-4.83301,-4.42649,-3.56522,
1.83118,-6.76965,-3.09197,9.81627,5.07633,0.535344,16.0772,12.0853,-4.16762,-1.99908,17.9778,13.1391,0,0,0,0,0,0,0,0,0,0,0,0,-0.005134,0.184946,0.155307,-0.065202,1.14909,0.83721,0.731432,1.05889,-1.1402,-1.0511,-1.68456,-1.79961,0.125783,-0.169009,0.0282625,0.295075,1.49931,0.869131,1.51692,1.71528,-1.58669,-1.29475,-1.05173,-1.33344,2.88349,-4.15848,-0.16829,-1.6187,7.3582,0.525361,7.12011,8.64897,-13.9894,-8.18455,-4.31416,-2.97001,
-1.60394,-1.03133,-3.79293,7.30746,0.749475,0.0576126,14.6456,6.7298,-4.21254,-3.51548,17.356,13.9189,0,0,0,0,0,0,0,0,0,0,0,0,0.071693,0.0615427,0.157964,-0.0790336,1.31334,0.831733,0.878568,1.21206,-1.41104,-1.19148,-1.76916,-1.85004,0.083991,-0.120675,0.0150325,0.210416,1.50499,0.818265,1.60104,1.62033,-1.82306,-1.44473,-1.14913,-1.3361,3.82278,-7.04822,0.439274,-0.142444,8.08395,-0.788618,6.83241,6.95389,-12.1761,-5.63164,-3.71008,-2.14075,
-2.64295,1.7718,-6.08972,5.39848,0.122331,0.874848,14.2791,6.366,-3.94955,-3.37246,16.8703,14.4402,0,0,0,0,0,0,0,0,0,0,0,0,0.132739,-0.0740857,0.172893,-0.0753928,1.46537,0.816733,1.00707,1.34557,-1.64117,-1.32105,-1.83249,-1.88384,0.0686068,-0.123454,-0.0507934,0.149538,1.60575,0.832254,1.69839,1.72454,-2.02086,-1.59588,-1.21014,-1.32944,2.07932,-6.012,0.995134,0.449575,6.77442,-0.973617,6.00746,6.21643,-11.0851,-6.99638,-2.6232,-1.16014,
-0.0985177,-0.649327,-7.74685,4.67104,-2.95127,1.29934,12.4083,6.10188,-10.5555,-5.81256,17.0752,14.1428,0,0,0,0,0,0,0,0,0,0,0,0,0.138194,-0.170328,0.194368,-0.0650436,1.58476,0.800816,1.12434,1.465,-1.85649,-1.47917,-1.87505,-1.89643,0.105542,-0.261297,-0.0972677,0.129103,1.5653,0.844251,1.72746,1.81542,-2.47919,-1.87115,-1.22394,-1.33451,-1.43554,-3.24983,0.911926,0.36524,4.92987,-0.426916,5.33922,5.31703,-10.0239,-7.97378,-1.59526,-0.18967,
0.0659274,-0.230182,-8.47066,5.83762,-3.13406,-1.6664,15.3954,7.22004,-7.25443,-4.90789,17.2756,13.833,0,0,0,0,0,0,0,0,0,0,0,0,0.0934815,-0.225318,0.205113,-0.0649988,1.65064,0.807207,1.22496,1.56507,-2.15064,-1.69432,-1.8967,-1.89203,0.0636566,-0.291399,-0.133369,0.159639,1.5288,0.749975,1.92532,1.93866,-2.79036,-2.12008,-1.21603,-1.32791,-1.6231,-2.84372,0.0172227,-0.443352,0.176261,0.471198,4.22729,4.23943,-17.4772,-11.4721,-0.517664,0.540098,
1.0043,0.37297,-9.98204,8.8559,-3.13248,-2.08442,11.8928,4.8672,-3.10521,-2.45077,17.3885,14.2397,0,0,0,0,0,0,0,0,0,0,0,0,0.0662435,-0.279628,0.198299,-0.0817408,1.59361,0.805162,1.30601,1.64422,-2.50476,-1.92475,-1.90205,-1.87657,0.0773405,-0.312852,-0.211862,0.249452,1.36984,0.701419,1.86502,1.9169,-2.98607,-2.25847,-1.21098,-1.28897,-1.45376,-2.40716,-0.543975,-1.15215,-4.92343,-1.01831,4.1647,3.8995,-17.855,-11.7843,-0.223653,0.900273,
-1.03636,1.36623,-10.0049,9.43468,-3.80302,-3.96589,10.3021,3.08338,-8.00994,1.09879,16.6052,12.4232,0,0,0,0,0,0,0,0,0,0,0,0,0.0787127,-0.317456,0.18818,-0.10582,1.4471,0.757545,1.3913,1.71923,-2.72302,-2.13691,-1.90236,-1.85064,0.0743062,-0.292834,-0.224576,0.245948,1.14081,0.535347,1.87792,1.90712,-3.03986,-2.26624,-1.23103,-1.32273,1.85239,-1.50135,-0.627928,-1.28092,-7.70835,-3.17812,3.72698,3.22791,0.1776,-8.66439,0.356311,1.54916,
1.10365,-0.571207,-9.08549,9.55142,-1.77899,-0.894831,9.77761,0.14691,-7.46636,3.72479,14.6478,7.18251,0,0,0,0,0,0,0,0,0,0,0,0,0.0880313,-0.335806,0.178313,-0.126688,1.29805,0.668461,1.45542,1.77445,-2.72307,-2.24316,-1.8878,-1.81307,0.130497,-0.362762,-0.191485,0.240343,1.05986,0.516661,1.90027,1.82579,-3.0291,-2.1483,-1.28094,-1.48238,-0.0840322,-0.205395,-0.318887,-0.75126,-8.35127,-5.80031,2.6872,2.27336,-0.368891,-2.70646,1.04755,2.16968,
2.11313,0.00572682,-6.78069,7.85305,0.128147,4.3233,6.41155,0.149062,-5.89479,5.55682,12.2808,2.19643,0,0,0,0,0,0,0,0,0,0,0,0,0.0896971,-0.336413,0.177545,-0.13344,1.12964,0.546833,1.5015,1.81338,-2.7227,-2.2227,-1.86164,-1.76374,0.182952,-0.340429,-0.0898768,0.181888,0.988897,0.617878,1.79385,1.85011,-2.95849,-1.92739,-1.34326,-1.62688,0.436517,-0.21223,0.190302,0.0602947,-7.29346,-5.09435,1.79431,1.53843,0.000111661,3.65156,1.35695,2.45018,
1.10282,1.41158,-4.69128,3.28941,0.908288,4.42863,8.41365,-4.88794,-6.01892,-0.0456762,10.6406,5.58915,0,0,0,0,0,0,0,0,0,0,0,0,0.111132,-0.338217,0.186936,-0.0932184,1.01187,0.487329,1.53108,1.8606,-2.7227,-2.09709,-1.83416,-1.72794,0.187767,-0.282674,0.0102266,0.112719,0.952447,0.651924,1.89199,1.72753,-2.96346,-1.92743,-1.3812,-1.48018,1.62609,-0.0459862,0.547106,3.71804,-4.78751,-0.627507,1.21782,3.12204,-5.95825e-06,8.57431,1.36656,1.21001,
-0.586985,1.87934,-7.42567,3.98901,2.00524,0.453548,6.15902,-4.02103,-5.96761,-1.91222,10.4444,12.0248,0,0,0,0,0,0,0,0,0,0,0,0,0.144617,-0.323886,0.197244,-0.0542409,0.944849,0.530132,1.55358,1.89371,-2.7227,-1.97341,-1.80682,-1.68553,0.15639,-0.214041,-0.0880535,0.120033,0.986775,0.626135,1.82043,1.7425,-2.9614,-1.98153,-1.36516,-1.15443,1.76263,1.73358,0.586491,0.735688,-1.91421,3.8931,1.02444,0.481357,7.1085e-05,3.41837,1.19377,2.50507,
0.101191,1.96183,-8.51517,4.37085,2.77707,-1.05991,6.17977,0.0328499,-3.86778,-2.50818,10.5111,11.7079,0,0,0,0,0,0,0,0,0,0,0,0,0.160924,-0.279967,0.198409,-0.0510126,0.938281,0.61484,1.56737,1.88996,-2.72304,-1.95207,-1.78053,-1.63193,0.160061,-0.151053,-0.153071,0.114717,1.06995,0.650303,1.81882,1.87242,-2.88455,-2.06532,-1.32894,-1.1058,-0.245562,2.52202,-0.543697,-0.455193,1.02924,3.89295,0.212742,-0.943027,-0.339804,-0.646014,1.55726,2.8903,
0.554961,0.733508,-5.41608,4.21548,1.52044,1.19065,8.51764,1.64101,-3.04185,0.0791737,8.58434,6.15882,0,0,0,0,0,0,0,0,0,0,0,0,0.145566,-0.219228,0.17646,-0.0712315,0.987622,0.679939,1.56374,1.85751,-2.72281,-1.99902,-1.74466,-1.5679,0.1488,-0.125338,-0.0679444,0.0709207,1.11779,0.773436,1.89651,1.88532,-2.84322,-2.0608,-1.36622,-1.25913,-0.948258,3.22747,-1.38804,-1.32335,3.46773,2.29354,-0.396638,-1.89157,0.0633915,-3.24751,1.75322,3.12062,
2.49746,-0.0367643,-6.82248,4.55828,-2.47867,11.2247,6.10425,-1.62113,-5.08747,3.52426,8.87956,18.0734,0,0,0,0,0,0,0,0,0,0,0,0,0.132916,-0.153848,0.147416,-0.098285,1.06238,0.71906,1.56633,1.82281,-2.7227,-2.04539,-1.71728,-1.50951,0.226719,-0.0890746,-0.154757,0.0616798,1.03966,1.21317,1.83364,1.73283,-2.9262,-1.93127,-1.34657,-0.735165,-0.304776,3.31219,-1.46369,-1.11832,3.82162,2.2562,1.157,-1.25675,0.000111898,-1.34269,0.776693,2.5705,
0.385848,3.48184,-12.6933,6.21765,1.59107,14.3432,5.58126,-4.48536,-6.79134,4.05982,8.00075,27.0929,0,0,0,0,0,0,0,0,0,0,0,0,0.164335,-0.120148,0.117626,-0.120243,1.09798,0.786921,1.58542,1.79132,-2.72274,-2.07123,-1.70018,-1.45205,0.246928,-0.0147617,-0.416047,0.108513,1.15121,1.40487,1.81335,1.57043,-2.99397,-1.97536,-1.3573,-0.305607,3.35794,-1.69438,-1.29702,-0.997525,-0.520639,2.21078,0.23425,-2.07371,0.0209997,-3.32645,1.14285,3.13659,
0.761871,6.00217,-10.9395,3.67093,2.40091,17.407,3.59825,-1.18424,-5.31573,7.13098,12.7719,23.0719,0,0,0,0,0,0,0,0,0,0,0,0,0.221848,-0.151175,0.0396102,-0.130963,1.0997,0.835319,1.6009,1.73093,-2.72271,-2.13494,-1.68559,-1.36865,0.299236,0.0642337,-0.539975,0.0165056,1.22589,1.58149,1.76872,1.59901,-2.93522,-1.90894,-1.16518,-0.338396,2.34564,-1.23391,-7.10028,0.0315922,1.50787,2.49476,1.19414,-4.22779,0.00622448,-2.96196,0.476916,5.36886,
1.0991,7.4589,-11.0456,0.746236,2.5231,19.8625,2.25906,7.73422,-3.42164,8.26313,15.1285,12.6454,0,0,0,0,0,0,0,0,0,0,0,0,0.265707,-0.160568,-0.0967908,-0.116583,1.16327,0.894857,1.59823,1.62002,-2.7227,-2.18707,-1.64967,-1.22461,0.344494,0.140181,-0.645134,-0.0686344,1.34716,1.7539,1.65997,1.80985,-2.85955,-1.89646,-0.987054,-0.55547,1.74115,0.119633,-5.32586,0.904941,4.14798,3.22725,-1.43073,-5.97703,0.000803684,-1.99589,2.87372,8.16641,
4.88364,8.15925,-12.1062,-1.08049,4.69971,20.2833,-5.32372,12.1803,0.709719,10.073,19.9735,-1.31322,0,0,0,0,0,0,0,0,0,0,0,0,0.283012,-0.156703,-0.17403,-0.112418,1.26151,0.971905,1.57375,1.5071,-2.7227,-2.21518,-1.57961,-1.03294,0.48045,0.167554,-0.702881,-0.182499,1.56013,1.87409,1.3555,1.90099,-2.69431,-1.83028,-0.708753,-0.841999,0.10462,-0.105654,-2.23024,-1.34304,5.53126,4.54291,-0.264798,-4.66608,9.45986e-05,-0.901452,3.59616,12.1735,
-1.32342,10.1985,-3.4996,-4.50942,11.199,19.964,-21.6112,9.73861,13.9746,15.1162,23.1519,-7.86636,0,0,0,0,0,0,0,0,0,0,0,0,0.303866,-0.172388,-0.206818,-0.109161,1.37889,1.07167,1.5851,1.54472,-2.69888,-2.22792,-1.50423,-0.911087,0.295442,0.19966,-0.396674,-0.284177,1.95862,1.9749,0.730953,2.06955,-2.09333,-1.63636,-0.492773,-1.2138,2.22561,-1.79463,-2.4936,0.268049,6.58817,5.23401,0.515282,6.76428,2.32846,-0.654417,4.26887,0.596875,
-4.22815,10.4742,10.5987,-1.70807,10.9812,27.7799,-26.241,9.27378,17.6872,21.2617,15.1399,-3.46219,0,0,0,0,0,0,0,0,0,0,0,0,0.332789,-0.246806,-0.307827,-0.125552,1.5876,1.20798,1.55768,1.8018,-2.58335,-2.24502,-1.34812,-1.03107,0.104095,0.102491,0.0270438,-0.229088,2.22756,2.41869,0.436327,2.40146,-1.86813,-1.4036,-0.573544,-1.36509,-2.97842,-3.48348,-4.4539,-1.76066,10.0357,4.97564,-3.58588,11.4354,0.386785,-0.452108,8.44909,-9.77688,
-8.26413,8.94005,14.4035,-0.97975,4.96412,26.7097,-25.0404,6.38592,18.5282,25.23,5.97135,-3.3592,0,0,0,0,0,0,0,0,0,0,0,0,0.293294,-0.292377,-0.360073,-0.12522,1.77598,1.29992,1.43466,2.03271,-2.55687,-2.24105,-1.1251,-1.2285,-0.0609161,0.0411223,0.203487,-0.136365,2.14812,2.45492,0.265292,2.52611,-1.77465,-1.21164,-0.610506,-1.53795,-1.18224,-1.20511,-0.628987,1.40226,8.67895,4.33039,-8.38752,11.8983,2.05463,1.01067,13.7873,-8.75389,
-15.8046,8.22985,10.1282,2.81651,-9.36286,16.5545,-5.70776,-10.2147,23.0171,24.4401,-9.49169,-7.21903,0,0,0,0,0,0,0,0,0,0,0,0,0.284551,-0.291959,-0.321908,-0.0956812,1.93192,1.38161,1.22268,2.27647,-2.49956,-2.19455,-0.837383,-1.38961,-0.334821,0.0649806,0.212602,0.041055,1.68304,2.11416,0.802297,2.10554,-1.51688,-1.14617,-1.22128,-1.82559,0.640544,1.3873,6.46914,1.20378,6.28149,3.51865,-9.60387,11.8829,3.10005,3.5387,-0.211237,-7.3613,
-22.4028,11.1182,0.39601,4.2036,-18.5192,6.94343,11.5004,-29.8922,20.087,12.4829,-16.873,-17.2976,0,0,0,0,0,0,0,0,0,0,0,0,0.298695,-0.259144,-0.107471,-0.101474,2.02756,1.44523,0.983481,2.45703,-2.42453,-2.09487,-0.983916,-1.54192,-0.595554,0.220303,0.123399,0.0459447,1.35219,1.7667,1.20592,1.35487,-1.53046,-1.47222,-1.88785,-2.41033,0.0931148,1.73598,10.7515,-1.03628,3.27006,2.18662,-11.879,4.6767,4.52921,6.16688,-11.4506,-8.82539,
-16.8135,10.456,5.06514,1.11719,-24.2594,-1.67478,13.0007,-32.4583,21.3583,5.75853,-7.52962,-25.0214,0,0,0,0,0,0,0,0,0,0,0,0,0.27361,-0.237568,0.0368615,-0.152725,2.05906,1.47564,0.834844,2.3766,-2.30521,-1.94703,-1.41121,-1.84373,-0.444975,0.199335,0.295498,-0.186111,1.08708,1.43459,1.32041,0.755281,-1.31614,-1.57547,-2.28488,-3.22993,-2.3023,0.933252,2.80153,-3.90366,-0.0801818,1.29702,-1.72337,-16.1497,6.73704,7.06097,-28.6242,-19.2671,
-7.91366,7.5805,6.71092,1.07965,-21.5228,-6.76855,-1.09328,-12.329,17.8804,-1.74919,-5.71361,-11.4832,0,0,0,0,0,0,0,0,0,0,0,0,0.227702,-0.208253,0.00985774,-0.225992,2.0274,1.48764,1.0166,1.80803,-2.14867,-1.80123,-1.77477,-2.23547,-0.127843,0.133096,0.287034,-0.234051,1.11475,1.21264,1.21154,0.617025,-1.26129,-1.71354,-2.40353,-3.0931,-1.94993,1.90649,0.436984,-2.56224,-2.58702,-0.212785,11.9336,-34.8922,8.60804,7.88322,-20.011,-19.9148,
3.87157,-2.92868,1.21297,-0.094638,-15.276,-9.68595,-3.43021,9.99229,7.06206,-2.90827,-0.877806,10.5181,0,0,0,0,0,0,0,0,0,0,0,0,0.191122,-0.122291,0.0866423,-0.216237,1.95685,1.47205,1.22156,1.03541,-1.96295,-1.69169,-2.13856,-2.63388,0.298588,-0.118435,0.273133,-0.167639,1.25988,1.03874,1.2156,0.649381,-1.48333,-1.75444,-2.45954,-2.60133,-2.36985,6.05019,6.89863,2.61916,-4.29611,-2.2936,6.56207,-39.286,9.85714,2.67914,-14.2937,-19.4086,
8.14151,-3.55478,4.55074,0.568164,-9.95071,-8.38536,-9.07552,20.6741,9.19855,-1.07552,-7.24146,15.959,0,0,0,0,0,0,0,0,0,0,0,0,0.125087,-0.0519703,0.183272,-0.170699,1.84836,1.35178,1.33636,0.456807,-1.74069,-1.66115,-2.28596,-2.66971,0.410635,-0.191182,0.399523,-0.0731823,1.33115,0.833015,1.08639,0.996901,-1.14732,-1.6994,-2.62593,-1.93445,-2.00562,0.148976,1.71107,3.7395,-5.95916,-9.1675,5.65225,-14.3434,11.2715,0.238621,-2.51569,4.84493,
4.74173,-1.80889,3.54739,-1.62823,-6.73884,-3.03887,-4.36884,9.65423,4.16684,3.56517,-8.40018,10.8336,0,0,0,0,0,0,0,0,0,0,0,0,0.161346,-0.0755744,0.195697,-0.0881744,1.70735,1.11677,1.42881,0.426602,-1.48828,-1.64708,-2.30982,-2.40234,0.464147,-0.183258,0.333837,-0.061017,1.27429,0.723145,1.32848,0.984273,-1.04071,-1.48069,-2.65206,-1.56036,5.65662,-1.76639,-0.18779,4.61433,-8.17501,-13.6034,3.72121,8.57509,14.0444,1.18909,-0.311865,20.4316,
-5.05678,2.48942,3.64253,-2.68282,5.16884,4.69805,-7.90682,13.8726,-8.95991,3.59106,-10.5531,11.2606,0,0,0,0,0,0,0,0,0,0,0,0,0.319657,-0.119592,0.203021,-0.0164212,1.51732,0.841527,1.50145,0.643929,-1.18627,-1.5709,-2.33716,-2.01347,0.278379,-0.0728192,0.366318,-0.140621,1.53198,0.771068,1.27036,1.31421,-1.29344,-1.30899,-2.82614,-1.65084,8.04965,-2.64018,0.879748,-0.844333,-9.605,-12.919,4.25923,5.7688,12.5617,5.91332,-3.34327,-4.38949,
-1.93148,3.37115,-3.45988,0.298325,0.801247,5.10865,-14.383,4.1672,-0.229508,2.56523,1.76951,11.0213,0,0,0,0,0,0,0,0,0,0,0,0,0.393118,-0.149378,0.264014,-0.019759,1.43252,0.636009,1.51776,0.784838,-1.20135,-1.45445,-2.5022,-2.02346,0.284094,-0.0214885,0.235924,-0.0142398,1.47543,0.715614,0.847797,1.09782,-1.37132,-1.24057,-2.71306,-1.59974,-1.58825,-0.34785,5.51525,-0.32069,0.542694,-6.23705,-4.73226,7.31444,-8.03927,5.56362,-14.082,-0.856461,
1.13877,1.61618,-5.61971,1.15886,0.735856,2.25819,-1.5842,2.21704,-0.800392,2.01041,7.81879,13.9469,0,0,0,0,0,0,0,0,0,0,0,0,0.325862,-0.142604,0.36301,-0.0297581,1.44301,0.569223,1.27764,0.908901,-1.31865,-1.35981,-2.69811,-2.02389,0.295536,-0.05774,0.172939,0.006022,1.46989,0.629917,0.859114,1.09806,-1.4352,-1.19383,-2.47847,-1.44771,-3.79382,1.01085,1.73589,-0.528712,-0.127335,-1.48167,-17.7579,5.02398,-4.22667,4.27822,-4.65586,0.915231,
1.3657,-1.1146,0.0797217,-0.887225,0.819703,2.46159,2.02371,2.61669,-1.46112,1.91476,2.79307,12.9546,0,0,0,0,0,0,0,0,0,0,0,0,0.270448,-0.0983389,0.308781,-0.0308637,1.4338,0.55755,0.94372,0.986914,-1.39195,-1.27083,-2.65634,-1.98337,0.300772,-0.0835798,0.202985,-0.0567315,1.45637,0.65042,0.780802,1.14077,-1.51455,-1.11005,-2.39104,-1.40819,-1.21518,2.96716,-5.44926,0.481059,-0.511239,-0.279663,-12.1933,2.45942,-3.20789,4.20954,7.67903,2.84999,
-1.17031,-2.20279,1.70113,-2.95935,-0.930519,-0.647833,1.21159,0.660453,-0.720216,1.23259,3.71066,7.40212,0,0,0,0,0,0,0,0,0,0,0,0,0.275502,-0.0127045,0.175861,-0.00317057,1.43211,0.562638,0.757073,1.0223,-1.46582,-1.17722,-2.47052,-1.8967,0.245575,-0.0413992,0.162568,-0.094334,1.40283,0.549463,0.71683,1.06396,-1.55988,-1.05022,-2.1887,-1.52619,0.84423,2.97084,-4.0669,1.36052,0.397237,0.636945,-4.43537,0.762282,-3.26267,3.88527,6.66999,3.72111,
-0.922857,0.911406,0.48176,-3.31708,-2.29832,-1.06641,3.67354,-0.0794856,-1.83962,1.78393,9.825,5.86316,0,0,0,0,0,0,0,0,0,0,0,0,0.278841,0.0224201,0.111746,0.00984459,1.43617,0.571275,0.693198,1.02816,-1.52267,-1.09131,-2.31077,-1.81586,0.227634,0.0692293,0.084065,-0.132093,1.33965,0.529051,0.795456,1.02074,-1.63999,-0.944641,-1.7458,-1.49991,-0.714652,0.517648,-2.34758,-0.46272,-0.22927,0.021617,-2.23414,-0.212092,-2.18705,3.76561,8.59884,4.07101,
-1.01334,2.31226,-1.5159,-0.820341,-2.98348,-0.576125,4.27866,-1.80779,-1.05598,0.902013,5.93857,2.60961,0,0,0,0,0,0,0,0,0,0,0,0,0.256839,0.0261623,0.0837804,-0.0135863,1.42051,0.559491,0.666743,1.0158,-1.57374,-1.00655,-2.05142,-1.73063,0.190843,0.125777,0.00273966,-0.0821627,1.27143,0.517305,0.830741,0.923722,-1.6755,-0.883879,-1.46716,-1.53671,-1.27313,0.356206,-1.02024,-1.78814,-1.48668,-0.957072,-0.357423,-0.988197,-2.97581,4.32927,17.3362,4.47691,
-1.40388,3.49762,-4.10269,-0.223984,-5.65108,-3.78101,3.40937,-1.11712,-0.428906,7.33996,2.76571,-0.0544758,0,0,0,0,0,0,0,0,0,0,0,0,0.236172,0.0209019,0.0589145,-0.0444676,1.3731,0.581943,0.684419,0.994785,-1.62654,-1.01639,-1.71293,-1.64338,0.165888,0.15188,-0.131143,-0.0663234,1.08534,0.480101,0.861727,0.93068,-1.69133,-0.786989,-1.28148,-1.56238,-0.70641,-0.44635,-1.29749,-0.644819,-3.08577,2.46991,2.04665,-0.97102,-2.38171,-3.20989,16.0413,4.15902,
-0.815585,4.20422,-8.26034,-0.172691,-4.14752,-3.67897,7.96294,-0.601092,-0.814252,6.34783,10.5307,-1.14287,0,0,0,0,0,0,0,0,0,0,0,0,0.218172,0.0214973,0.0657756,-0.0500781,1.27979,0.630524,0.708713,0.976074,-1.65367,-1.06751,-1.61528,-1.57113,0.152741,0.187466,-0.25053,-0.0622596,0.989218,0.52706,1.0287,0.934245,-1.696,-0.851786,-1.15959,-1.5744,-1.64038,-0.110007,0.705416,-0.26369,-6.23345,2.18472,0.0734741,-0.88926,-0.487986,-1.90931,1.72292,2.12236,
0.868361,4.57484,-8.81109,0.0248487,-1.66207,-4.87463,7.8445,-0.780629,-0.529583,4.69335,9.51859,-0.549962,0,0,0,0,0,0,0,0,0,0,0,0,0.169759,0.0144112,0.0740056,-0.0567938,1.13482,0.672691,0.713488,0.961568,-1.66121,-1.09711,-1.58253,-1.55761,0.145096,0.18539,-0.27643,-0.0650842,0.910207,0.519038,1.03622,0.918104,-1.69026,-0.932162,-1.17175,-1.58452,-2.96986,-0.60076,0.1004,-0.464216,-7.90656,2.06659,0.447528,-0.611964,-0.393221,-1.13925,1.50198,-0.245383,
1.52714,4.25977,-7.77821,0.0210851,-1.25516,-5.96671,7.44989,-0.921876,0.975922,2.63427,9.90412,-0.377076,0,0,0,0,0,0,0,0,0,0,0,0,0.109987,0.002631,0.0747659,-0.0636726,0.973031,0.715371,0.729697,0.945877,-1.67042,-1.11503,-1.55746,-1.56724,0.120288,0.162912,-0.236637,-0.067026,0.77632,0.516941,1.04882,0.890146,-1.63998,-1.02321,-1.14322,-1.59348,-2.53925,-0.505506,-0.013733,-0.209839,-7.32523,2.0119,1.05654,-0.942775,-0.429702,-0.677344,0.903719,-0.557806,
1.54107,3.48848,-6.11081,-0.433881,0.0834911,-7.67808,6.24308,-0.223039,1.66448,1.97473,9.62167,0.153328,0,0,0,0,0,0,0,0,0,0,0,0,0.0710988,-0.00614117,0.0735386,-0.0650784,0.833245,0.755941,0.755369,0.921282,-1.65766,-1.1284,-1.54424,-1.57741,0.103236,0.124693,-0.174068,-0.0819511,0.701092,0.489678,1.03319,0.881736,-1.56134,-1.06414,-1.14914,-1.58126,-1.47526,-0.435239,-0.158691,0.0241234,-6.77465,2.043,1.40487,-1.53121,1.48702,-0.736583,0.512021,-0.499233,
1.20514,2.64939,-4.0131,-0.941472,0.835968,-9.36543,4.9106,0.707225,2.15393,2.56798,9.22474,0.318782,0,0,0,0,0,0,0,0,0,0,0,0,0.0499231,-0.0144601,0.0688007,-0.0628279,0.707852,0.799378,0.787745,0.885718,-1.61171,-1.14566,-1.53676,-1.58131,0.0850159,0.0838567,-0.097732,-0.097854,0.636655,0.466469,1.01681,0.879383,-1.4681,-1.06092,-1.16275,-1.56677,-0.655629,-0.382941,-0.300429,0.131638,-5.23176,2.08543,1.63181,-1.73122,2.87241,-0.898726,0.251255,0.0893686,
0.441281,1.89436,-2.01554,-1.20583,0.571283,-10.4292,3.54317,1.0427,2.79518,3.56212,8.72755,0.317341,0,0,0,0,0,0,0,0,0,0,0,0,0.0428354,-0.021075,0.0624379,-0.0589923,0.617227,0.84278,0.823956,0.854403,-1.53649,-1.16403,-1.53338,-1.57476,0.0572502,0.0496639,-0.0239807,-0.103129,0.570418,0.466326,1.00135,0.872403,-1.34595,-1.03793,-1.18208,-1.55288,-0.16182,-0.251778,-0.28984,0.204834,-3.48301,2.03576,1.78339,-1.18537,3.93639,-0.819174,0.109613,0.458967,
-0.251087,1.0434,-0.563938,-1.24479,0.618651,-10.9079,2.3959,0.775943,2.86255,4.18814,8.0811,0.233756,0,0,0,0,0,0,0,0,0,0,0,0,0.0416386,-0.0244936,0.0577857,-0.0541548,0.558236,0.881881,0.859923,0.837917,-1.43931,-1.17728,-1.53105,-1.56287,0.0300673,0.0155431,0.0321834,-0.0982179,0.531406,0.482893,0.991413,0.858572,-1.21383,-1.01955,-1.20478,-1.53926,-0.0763903,-0.0849729,-0.152243,0.286431,-2.57878,1.86638,1.78271,-0.519155,5.54881,-0.489785,0.151323,0.713298,
0.262966,-0.570397,1.03707,-0.182605,-2.8693,-9.73557,2.46778,-0.293428,9.22105,-0.181366,6.82624,0.0506534,0,0,0,0,0,0,0,0,0,0,0,0,0.0388508,-0.0264335,0.0546326,-0.0496261,0.572638,0.9181,0.896007,0.832636,-1.42732,-1.18132,-1.52502,-1.54621,0.0439669,-0.0555458,0.0890427,-0.0579648,0.52769,0.559759,1.02711,0.82069,-1.1286,-1.18413,-1.24118,-1.52844,-0.270127,-0.314822,-0.353631,-0.0517231,3.49121,1.55414,1.61976,-0.0104625,-3.50631,0.221921,0.539263,0.787291,
0.128675,-0.847197,3.77415,0.960719,-2.76683,-9.08387,1.65345,-0.262381,11.4436,-5.55916,3.79985,1.71544,0,0,0,0,0,0,0,0,0,0,0,0,0.0279072,-0.0379648,0.0425424,-0.0522247,0.637878,0.945965,0.924862,0.831504,-1.48489,-1.17047,-1.50794,-1.53067,0.0179318,-0.0874373,0.177194,-0.0146071,0.588734,0.607339,1.01635,0.815882,-1.07537,-1.37707,-1.33346,-1.44735,-0.756123,-0.779229,-0.815719,-0.0405573,3.07646,1.2364,1.26731,-0.256336,-2.41133,0.788002,1.12415,0.735493,
-1.77461,-0.806094,4.17588,2.56541,-3.10955,-6.66226,0.86056,0.842893,12.316,-6.03041,1.67433,4.66148,0,0,0,0,0,0,0,0,0,0,0,0,0.0127911,-0.0565887,0.0275422,-0.0446942,0.699262,0.950163,0.94811,0.81675,-1.52807,-1.2018,-1.48031,-1.49342,-0.0690652,-0.107911,0.190185,0.0764951,0.632113,0.660452,1.00254,0.832347,-1.07172,-1.52674,-1.38403,-1.25325,-0.543588,-0.953935,-0.219628,0.928644,2.86163,-1.16103,1.00016,-0.905932,-1.81473,-4.1861,1.46542,2.68549,
-4.71368,-0.109457,1.84628,5.30414,-3.61831,-4.12648,-0.109109,-0.23839,11.7979,-2.31095,-0.351216,9.81628,0,0,0,0,0,0,0,0,0,0,0,0,0.00352647,-0.0737933,0.0414305,-0.0212193,0.756434,0.906253,0.966176,0.802282,-1.55812,-1.33143,-1.44614,-1.40558,-0.197716,-0.101297,0.147222,0.173503,0.670342,0.659518,0.980508,0.855822,-1.1086,-1.5788,-1.42186,-1.04947,-0.63476,-1.15626,1.59701,-0.872156,2.93201,-4.08377,0.934835,3.15381,-1.11961,-7.74635,1.91605,-1.82683,
-3.88667,0.489933,0.0710745,5.4712,-6.34454,-0.31317,-1.40822,-1.1753,10.9046,0.291606,-0.71402,8.43566,0,0,0,0,0,0,0,0,0,0,0,0,-0.00458013,-0.0877984,0.0870875,-0.0333237,0.816345,0.775686,0.980283,0.847332,-1.57835,-1.47012,-1.41265,-1.40848,-0.166666,-0.0727696,0.130177,0.174655,0.616664,0.615331,0.933207,0.837313,-1.15837,-1.57393,-1.42722,-1.06695,-0.330967,-0.228428,2.01232,-0.543464,2.70502,-7.39141,0.462639,1.84963,-0.810046,-5.77364,0.699583,0.205375,
-1.85676,-0.553244,0.193384,4.61417,-8.92244,3.22617,-1.37666,-1.328,10.329,2.57651,-1.85683,7.78,0,0,0,0,0,0,0,0,0,0,0,0,-0.0114972,-0.0816398,0.116943,-0.0442371,0.866576,0.624601,0.977309,0.877115,-1.59177,-1.5498,-1.40675,-1.39656,-0.0927169,-0.0864421,0.143509,0.129911,0.556194,0.609835,0.905454,0.846555,-1.19002,-1.49912,-1.48072,-1.06582,-0.347465,0.866377,0.941525,-0.520954,2.3258,-7.19061,-0.839404,1.12803,-0.570632,-2.61893,0.0148195,0.977076,
0.129546,-1.18548,0.532183,3.25108,-10.624,3.88869,-1.29923,-1.14423,9.51815,3.21633,-1.58793,5.86363,0,0,0,0,0,0,0,0,0,0,0,0,-0.0201471,-0.0570658,0.122919,-0.055348,0.911602,0.505204,0.95137,0.895271,-1.60039,-1.57218,-1.42196,-1.36959,-0.0229596,-0.0802068,0.14187,0.0655633,0.526689,0.575325,0.870127,0.862627,-1.22528,-1.41635,-1.52458,-1.10418,-0.399718,1.21391,-0.116817,-0.456591,2.00239,-4.27129,-1.46371,0.656256,-0.280829,1.35857,-1.95485,1.54365,
1.21839,-1.47928,0.619294,1.91192,-11.3216,2.41998,-0.82813,-1.0776,8.49241,2.0685,-0.684685,3.61084,0,0,0,0,0,0,0,0,0,0,0,0,-0.0278758,-0.0362439,0.117284,-0.0630253,0.949116,0.452859,0.912927,0.905405,-1.60364,-1.5087,-1.4705,-1.33508,0.0131523,-0.0779738,0.134554,0.00671132,0.531719,0.526171,0.832197,0.87028,-1.26519,-1.34262,-1.54906,-1.15364,-0.385371,0.872072,-0.375048,-0.337004,1.7733,-1.17435,-2.38027,0.398938,-0.0624727,4.16681,-2.55836,1.85021,
1.75504,-0.949951,0.771333,0.196232,-12.0434,-0.0562018,-0.114864,-2.2482,7.29062,5.71254,0.00951475,0.702404,0,0,0,0,0,0,0,0,0,0,0,0,-0.0332287,-0.037115,0.110942,-0.0672703,0.984437,0.495054,0.856896,0.912001,-1.60219,-1.53336,-1.5163,-1.29421,0.037349,-0.0751187,0.140441,-0.0580816,0.534587,0.544047,0.797192,0.82807,-1.30454,-1.34302,-1.55434,-1.22543,0.0188096,-0.000281499,-0.0677149,0.0669737,1.59425,2.56203,-2.75551,0.299845,0.300982,-1.90805,-1.92104,2.03394,
2.16297,-0.833265,0.461617,-0.451939,-13.0884,-1.3138,0.676086,-3.18754,6.144,5.78779,1.19825,-1.2544,0,0,0,0,0,0,0,0,0,0,0,0,-0.0308704,-0.0350288,0.110564,-0.0643024,1.01424,0.545003,0.803445,0.92022,-1.59029,-1.56385,-1.54271,-1.25489,0.0579478,-0.0662011,0.127904,-0.0799492,0.51851,0.541548,0.779721,0.803662,-1.32726,-1.35707,-1.51223,-1.26823,0.114969,0.107917,-0.056256,0.121537,1.39017,2.45483,-2.53834,0.547213,0.863297,-1.23669,-0.872476,1.8419,
2.95528,-0.944608,0.110098,-0.587374,-11.9295,-3.54692,1.18257,-3.26784,5.16995,5.63032,1.77457,-1.65229,0,0,0,0,0,0,0,0,0,0,0,0,-0.0291997,-0.033237,0.107382,-0.0639471,1.04103,0.595375,0.755851,0.931432,-1.56638,-1.58414,-1.53877,-1.22905,0.0902415,-0.0693607,0.105972,-0.0892302,0.587298,0.50014,0.764688,0.808716,-1.33247,-1.37395,-1.44653,-1.28679,0.0614929,0.0830298,-0.290694,-0.0894054,1.17253,2.3321,-1.92331,0.399869,1.35577,-0.751378,1.06249,0.417573,
2.92639,-1.40129,0.279479,-0.832995,-13.2791,-5.757,1.26801,-3.32315,3.0464,5.7758,1.15929,-2.14492,0,0,0,0,0,0,0,0,0,0,0,0,-0.0262256,-0.0293584,0.0994564,-0.0658418,1.06285,0.639935,0.725606,0.937412,-1.53645,-1.59522,-1.49868,-1.23331,0.0962834,-0.078533,0.100167,-0.100299,0.552206,0.452074,0.75451,0.808391,-1.38272,-1.37211,-1.39909,-1.33201,0.272673,0.343851,-0.52345,-0.0568497,1.02598,2.12097,-1.09083,0.195276,1.59392,-0.395818,2.66091,-0.64549,
3.19569,-1.05671,-0.596348,-1.04589,-13.2893,-6.43839,0.836077,-1.93257,1.03144,6.40747,3.14164,-1.60698,0,0,0,0,0,0,0,0,0,0,0,0,-0.0176069,-0.0186932,0.0869782,-0.0660959,1.08303,0.68135,0.717286,0.935355,-1.50242,-1.60063,-1.44791,-1.26064,0.121704,-0.0471805,0.0711583,-0.106289,0.570128,0.460824,0.801527,0.849174,-1.42926,-1.34712,-1.34533,-1.36596,0.574154,0.689054,0.401696,0.0821052,0.933693,1.85049,2.53993,-0.443874,1.59529,-0.139527,-1.15422,-2.05229,
3.98175,-1.32178,-1.93728,-1.37805,-10.61,-6.13588,2.78645,0.694644,-4.97143,6.87813,4.3198,-1.90139,0,0,0,0,0,0,0,0,0,0,0,0,-0.00881776,-0.00767191,0.0913097,-0.0668716,1.09793,0.714479,0.752739,0.915443,-1.47171,-1.60413,-1.4504,-1.30486,0.157981,-0.0508731,0.0168829,-0.124491,0.685582,0.49911,0.893794,0.906309,-1.64086,-1.33274,-1.2752,-1.42827,0.376446,0.483496,0.15322,-0.124867,0.602667,1.50334,1.47983,-1.84598,1.48517,-0.186623,0.120383,-2.36754,
3.36864,-0.723252,-2.74896,-0.999502,-7.9174,-6.65683,3.093,1.83119,-4.28415,8.08642,5.65838,-0.190383,0,0,0,0,0,0,0,0,0,0,0,0,0.00764975,0.00128756,0.0945519,-0.0678467,1.08847,0.743919,0.778899,0.883615,-1.47717,-1.61031,-1.44631,-1.37238,0.172197,-0.020987,-0.0128001,-0.110928,0.727594,0.505187,0.92492,0.930512,-1.70331,-1.29641,-1.21723,-1.45309,1.49011,0.332776,0.13033,-0.155037,-2.20904,1.37705,1.11505,-1.31753,-2.73845,-0.477687,0.137226,-3.65453,
1.48345,0.605028,-2.56715,-0.313982,-2.38333,-5.72148,3.30288,1.52616,-1.52216,8.6616,10.3513,2.64116,0,0,0,0,0,0,0,0,0,0,0,0,0.0530947,0.00564805,0.0963926,-0.0727729,0.999574,0.771681,0.800299,0.863466,-1.55584,-1.62248,-1.44579,-1.4328,0.177001,0.0320468,-0.00505852,-0.0903601,0.760362,0.571212,0.953777,0.913633,-1.70767,-1.29044,-1.034,-1.37584,3.22843,0.109883,0.0617464,-0.251398,-7.19394,1.41951,1.06812,-0.543969,-4.54694,-0.721387,-0.112643,-2.43407,
-0.313331,1.45688,-1.57746,-0.372536,0.214397,-7.1925,2.93548,-0.195711,1.05137,9.18774,10.6486,1.11576,0,0,0,0,0,0,0,0,0,0,0,0,0.11503,0.00304446,0.0942735,-0.0815475,0.820602,0.802862,0.823548,0.857381,-1.64157,-1.63896,-1.45033,-1.44314,0.150368,0.0569496,0.0284465,-0.102639,0.658499,0.545063,0.962504,0.841133,-1.67507,-1.28726,-1.02897,-1.35352,2.39357,-0.218508,-0.136437,-0.309501,-8.53393,1.49509,1.07686,-0.420956,-3.77762,-0.790217,-0.228852,2.24944,
-0.298105,0.822093,-1.38931,-0.571934,1.88691,-7.09412,3.26501,-1.3458,1.94062,9.95617,10.0928,1.41924,0,0,0,0,0,0,0,0,0,0,0,0,0.147377,-0.00217927,0.0914344,-0.0834353,0.664335,0.832313,0.84336,0.859949,-1.68387,-1.65375,-1.45298,-1.40663,0.154207,0.0268194,0.0343731,-0.108205,0.599141,0.576331,0.990988,0.825388,-1.62051,-1.26908,-1.04913,-1.35119,0.937724,-0.194255,-0.0744397,-0.0946192,-7.03352,1.38912,0.85138,0.963574,-0.71305,-0.678947,0.00656564,-0.0665991,
-0.0164453,-0.165993,-1.42998,-1.05774,2.3494,-6.96169,3.21136,-1.76829,1.72344,10.9315,8.89563,-0.360181,0,0,0,0,0,0,0,0,0,0,0,0,0.155169,-0.00271406,0.0924398,-0.082426,0.550769,0.857304,0.857389,0.872771,-1.67161,-1.66519,-1.44971,-1.40015,0.153299,-0.00744633,0.0378548,-0.12183,0.556641,0.60169,0.998013,0.81023,-1.56982,-1.23729,-1.08837,-1.40229,-0.0605665,0.0953733,0.130702,0.145273,-4.40518,1.14269,0.608476,0.409484,1.64244,-0.467958,0.275777,0.613306,
1.09443,-0.984743,-1.70069,-1.29991,1.82345,-7.08493,2.82066,-1.65226,1.9583,11.2635,8.22329,-1.8289,0,0,0,0,0,0,0,0,0,0,0,0,0.144196,0.000153849,0.0953232,-0.0793134,0.490957,0.879878,0.870316,0.875568,-1.62628,-1.67248,-1.44346,-1.38614,0.170115,-0.0372493,0.029102,-0.129729,0.530918,0.61754,0.996785,0.805112,-1.49492,-1.22674,-1.10926,-1.45035,-0.892907,0.0993301,0.0903181,0.0790301,-1.64884,1.05291,0.682158,-0.218316,2.65133,-0.240247,0.263594,0.447529,
1.21799,-0.628677,-2.38758,-0.456949,1.57899,-6.54024,2.36808,-1.24801,5.31366,9.80124,6.50354,-0.661247,0,0,0,0,0,0,0,0,0,0,0,0,0.131664,0.00132325,0.0963883,-0.0800422,0.48905,0.900839,0.88583,0.863828,-1.59781,-1.67538,-1.4399,-1.39931,0.179434,-0.0257328,-0.000626154,-0.10475,0.583712,0.660266,0.997209,0.792906,-1.41325,-1.28454,-1.17696,-1.4565,-0.0474771,-0.0954464,-0.0755704,-0.321512,1.57513,1.05187,0.832743,-1.05007,-1.39896,-0.0603116,0.139794,-1.53677,
1.9624,-0.404361,-2.33803,-0.0697675,1.19298,-7.04653,1.74686,-0.882418,6.51695,8.20836,5.67136,-0.11634,0,0,0,0,0,0,0,0,0,0,0,0,0.126046,-0.00464937,0.0910586,-0.0916848,0.521898,0.922414,0.905706,0.831257,-1.62121,-1.672,-1.43754,-1.42794,0.19751,-0.02785,-0.00912192,-0.104552,0.601669,0.660625,0.998477,0.759782,-1.37772,-1.33551,-1.21054,-1.45734,-0.351575,-0.351311,-0.332964,-0.503813,1.60257,1.00361,1.14485,-1.80889,-0.859451,0.40795,0.00722907,-1.2376,
2.39006,-0.627988,-1.90793,-0.213215,0.294368,-7.62914,0.820071,-0.423556,6.2376,6.59897,5.69399,0.161183,0,0,0,0,0,0,0,0,0,0,0,0,0.118961,-0.011535,0.0838973,-0.0968564,0.55483,0.941997,0.933525,0.7932,-1.63299,-1.659,-1.44042,-1.44532,0.207773,-0.0432093,-0.000215165,-0.10662,0.60025,0.65573,0.998287,0.735136,-1.39071,-1.37814,-1.21802,-1.44806,-0.3395,-0.327735,-0.389769,-0.061739,1.68229,0.944945,1.59795,-2.05606,-0.361357,0.844749,-0.268005,-0.459582,
1.91396,-1.6314,-1.05596,0.717693,-1.09226,-7.71255,-0.10895,0.0936859,5.00895,5.18563,5.63711,1.50521,0,0,0,0,0,0,0,0,0,0,0,0,0.112213,-0.0181294,0.0749204,-0.101349,0.588679,0.96025,0.968937,0.764427,-1.63581,-1.63935,-1.44775,-1.45661,0.183383,-0.0888606,0.0235688,-0.0836951,0.578413,0.668671,1.0012,0.758966,-1.43568,-1.41075,-1.23015,-1.40801,-0.269449,-0.273768,-0.455648,-0.552675,1.67122,0.846145,1.83122,-0.460418,-0.0114779,1.05896,-0.394181,-0.580588,
1.05457,-2.25725,-0.322852,1.22904,-1.7745,-7.10088,-0.543418,0.405572,5.25754,4.54299,5.1019,1.6308,0,0,0,0,0,0,0,0,0,0,0,0,0.109585,-0.0212644,0.0665746,-0.110121,0.621616,0.975064,1.00374,0.77108,-1.63561,-1.6173,-1.45304,-1.45965,0.150667,-0.113456,0.046031,-0.0676904,0.579412,0.702533,1.00974,0.806079,-1.42589,-1.41604,-1.24992,-1.38925,-0.0550483,-0.09509,-0.381473,-0.336538,1.43879,0.575207,1.38727,0.938807,-0.0290695,0.977124,-0.0479901,0.258403,
1.27585,-2.96995,0.305747,1.70811,-0.500999,-5.3281,-0.599855,1.83214,5.863,3.72174,5.74194,1.71663,0,0,0,0,0,0,0,0,0,0,0,0,0.1086,-0.0232467,0.0586605,-0.116661,0.647455,0.984418,1.02491,0.783472,-1.63787,-1.60048,-1.44948,-1.44952,0.157487,-0.145184,0.0622543,-0.0554221,0.650987,0.779497,1.01721,0.865534,-1.40676,-1.43688,-1.21298,-1.36834,-0.107333,-0.156948,-0.431808,-0.354254,1.17861,0.41012,0.814796,0.438785,-0.170363,0.736619,0.341089,0.625473,
1.34467,-3.00539,0.64833,1.9163,-0.389602,-5.15841,-0.595025,1.91983,7.01841,3.28585,5.20423,1.84852,0,0,0,0,0,0,0,0,0,0,0,0,0.104915,-0.0277775,0.0495757,-0.123508,0.670187,0.992706,1.03774,0.791093,-1.64278,-1.58726,-1.43977,-1.43637,0.153458,-0.15376,0.0668467,-0.0512475,0.675112,0.794701,1.02364,0.876611,-1.3677,-1.44479,-1.22091,-1.35325,-0.262205,-0.288344,-0.433109,-0.219595,1.02544,0.416607,0.484879,0.436196,-0.282384,0.551876,0.534894,0.459331,
1.44488,-2.87967,0.788955,2.06449,-0.38113,-5.5352,-0.805435,1.61655,8.04219,2.73017,4.37308,2.18228,0,0,0,0,0,0,0,0,0,0,0,0,0.0983414,-0.0345642,0.0414162,-0.127686,0.690232,1.0022,1.04647,0.801576,-1.64894,-1.57744,-1.42864,-1.42963,0.14895,-0.156887,0.065695,-0.050573,0.694898,0.791293,1.02282,0.877736,-1.33364,-1.45901,-1.24269,-1.33614,-0.359355,-0.3568,-0.36397,-0.273327,0.995588,0.525041,0.428444,0.574884,-0.319558,0.461011,0.551342,0.310246,
1.31233,-2.89682,0.832621,2.1072,-0.371022,-6.00849,-1.13109,1.33025,8.97325,2.05713,3.37965,2.51664,0,0,0,0,0,0,0,0,0,0,0,0,0.0918453,-0.0407658,0.0363065,-0.132508,0.710914,1.01396,1.05529,0.814484,-1.65605,-1.56819,-1.4174,-1.42363,0.139272,-0.16127,0.066814,-0.0512692,0.715598,0.785248,1.01831,0.880949,-1.30408,-1.47731,-1.27172,-1.31834,-0.253319,-0.23159,-0.139867,-0.152454,0.976242,0.581294,0.413283,0.662761,-0.347867,0.429636,0.524912,0.231114,
0.898683,-3.00623,1.05297,2.12054,-0.382052,-6.48772,-1.57304,1.10286,9.88394,1.32771,1.8826,3.0607,0,0,0,0,0,0,0,0,0,0,0,0,0.0869996,-0.0449475,0.0351467,-0.134249,0.735617,1.02943,1.06552,0.832542,-1.66474,-1.55774,-1.40383,-1.41912,0.120038,-0.167601,0.0773068,-0.0499404,0.738776,0.781961,1.01002,0.890905,-1.27555,-1.49726,-1.31795,-1.29424,-0.145451,-0.120231,0.00207339,-0.0256547,0.922053,0.602126,0.371018,0.712447,-0.308488,0.368539,0.528731,0.122549,
0.549681,-3.51812,0.78049,3.27343,-0.54116,-5.91274,-1.21268,2.25725,10.346,0.731714,2.71248,4.87479,0,0,0,0,0,0,0,0,0,0,0,0,0.0846043,-0.0469124,0.0354253,-0.134552,0.753525,1.04154,1.07284,0.84685,-1.67025,-1.55111,-1.39347,-1.4174,0.10459,-0.189312,0.0669057,-0.0039496,0.749384,0.817175,1.03172,0.951652,-1.26129,-1.51581,-1.2749,-1.22161,-0.100067,-0.0837571,0.0130402,-0.0167576,0.875269,0.607123,0.369155,0.725629,-0.243963,0.301699,0.503533,0.0402835,
-0.0792375,-3.55616,0.781911,3.79093,-0.726214,-5.91913,-1.07821,2.71753,10.6441,0.306131,2.1364,5.72559,0,0,0,0,0,0,0,0,0,0,0,0,0.0825544,-0.0486998,0.0354046,-0.135154,0.771105,1.05424,1.07966,0.861634,-1.67446,-1.54556,-1.38211,-1.41669,0.0771348,-0.192962,0.0662731,0.0155468,0.757996,0.829389,1.04168,0.983961,-1.2518,-1.52837,-1.28445,-1.18685,-0.112502,-0.100818,-0.0204007,-0.0468483,0.797,0.595529,0.257727,0.681299,-0.155056,0.247512,0.609875,0.0407882,
-0.637712,-3.51176,0.896288,4.21757,-0.671618,-6.14811,-0.977743,2.88465,10.9361,-0.302838,0.898684,6.56655,0,0,0,0,0,0,0,0,0,0,0,0,0.0800857,-0.0510041,0.0348031,-0.136268,0.78633,1.06604,1.08365,0.874962,-1.67657,-1.54075,-1.3686,-1.41568,0.0518796,-0.194701,0.0698949,0.0311371,0.774175,0.831599,1.04777,1.0038,-1.24033,-1.54755,-1.31814,-1.15219,-0.134884,-0.161312,-0.0379878,-0.0648924,0.735495,0.573941,0.161291,0.672744,-0.059751,0.265833,0.725542,0.0414097,
-1.2833,-3.22621,0.779861,4.38198,-0.618949,-6.27245,-0.965855,2.84579,11.0339,-1.15265,-0.0204465,7.14724,0,0,0,0,0,0,0,0,0,0,0,0,0.0781286,-0.0565213,0.0347169,-0.136916,0.801526,1.07662,1.08694,0.889113,-1.67724,-1.53293,-1.35318,-1.4149,0.0262231,-0.192885,0.066813,0.0387275,0.791293,0.834171,1.05179,1.01665,-1.23626,-1.56905,-1.33962,-1.1286,-0.028679,-0.365755,0.045084,0.0182009,0.726249,0.422183,0.174583,0.685279,-0.018637,0.499212,0.719063,0.0204704,
-2.07835,-2.68721,0.619517,4.55702,-0.763675,-6.04571,-1.00225,2.82873,11.2529,-1.71871,-0.538867,7.64165,0,0,0,0,0,0,0,0,0,0,0,0,0.0786902,-0.067652,0.0360865,-0.136032,0.816238,1.08093,1.09098,0.902746,-1.67778,-1.5227,-1.33952,-1.41485,-0.00295172,-0.191447,0.0623438,0.0473016,0.800668,0.835722,1.05546,1.02946,-1.2286,-1.58471,-1.34813,-1.10969,0.0746009,-0.815316,0.0738304,0.0526247,0.748849,-0.168833,0.228342,0.67818,-0.0467093,0.336874,0.64696,-0.0255674,
-3.61449,2.41598,4.68008,2.59998,-0.920699,-11.8691,-3.3351,1.3896,11.1574,1.49226,-9.00776,-0.871416,0,0,0,0,0,0,0,0,0,0,0,0,0.0815448,-0.089895,0.0377531,-0.134662,0.832407,1.06367,1.09615,0.916829,-1.67932,-1.5267,-1.32926,-1.41598,-0.0594018,-0.018064,0.22644,-0.0293227,0.811399,0.559256,0.967785,0.985958,-1.23481,-1.48174,-1.68417,-1.45264,0.181649,-1.2404,0.0742151,0.0669934,0.791043,-1.48258,0.252137,0.677249,-0.0894059,-0.736466,0.270407,-0.0900278,
-3.76304,0.929637,-1.17534,-0.625268,-3.1704,-10.0425,-2.97023,1.20171,9.44208,1.06948,5.44694,0.5289,0,0,0,0,0,0,0,0,0,0,0,0,0.0971788,-0.0844712,0.0664808,-0.108466,0.850847,1.05857,1.11385,0.942929,-1.68151,-1.52875,-1.445,-1.4347,-0.0282854,-0.0223485,0.0884485,-0.0787896,0.743917,0.66934,0.993389,1.02789,-1.30569,-1.47589,-1.4292,-1.44236,1.25287,1.24686,3.44907,2.73437,0.994316,0.623509,-0.0827604,1.84452,-0.0931897,0.504057,-10.1038,-1.44078,
-1.64077,0.317356,-1.06089,0.768884,-3.24651,-11.5221,1.93602,-1.18647,6.46797,0.685242,-0.355906,0.728512,0,0,0,0,0,0,0,0,0,0,0,0,0.103001,-0.0786245,0.131203,-0.0903992,0.868174,1.07521,1.03939,0.982576,-1.67596,-1.52251,-1.50978,-1.46577,0.0213206,-0.0820162,0.111187,-0.0771918,0.751394,0.6337,1.01357,0.971304,-1.40425,-1.49434,-1.46395,-1.46275,-0.802468,-0.8043,1.12098,-0.877401,0.654026,0.968822,-5.16295,1.80934,0.64911,0.0379798,3.00315,-1.30596,
-1.96917,1.4026,0.438271,1.78067,-3.66499,-11.6611,-1.76285,-0.837592,8.44646,2.21269,0.901568,1.41907,0,0,0,0,0,0,0,0,0,0,0,0,0.0860259,-0.0963049,0.122918,-0.111927,0.881476,1.09463,1.01144,1.01861,-1.66204,-1.52365,-1.49381,-1.49319,-0.00465539,-0.0534242,0.124937,-0.0593296,0.747923,0.645971,0.967346,1.01619,-1.31299,-1.43858,-1.4693,-1.4608,-0.595728,-0.661166,-0.775569,-0.931502,0.652326,0.889473,1.32114,1.55415,0.559418,-0.171942,-0.57748,-1.21878,
-1.77875,0.610413,0.314318,1.35071,-4.11056,-12.0669,-1.40795,-1.48847,7.25108,1.35181,1.07149,1.59745,0,0,0,0,0,0,0,0,0,0,0,0,0.0818127,-0.102146,0.113566,-0.124031,0.893667,1.10974,1.03535,1.0434,-1.65375,-1.52805,-1.50496,-1.51287,0.013116,-0.076773,0.123249,-0.0750135,0.739164,0.6382,0.998367,1.00153,-1.35745,-1.47738,-1.47122,-1.46268,0.122669,0.0478091,-0.144496,-0.250518,0.495953,0.556608,0.966917,0.883295,0.312797,-0.169822,-0.455943,-0.685769,
-2.30755,0.295612,0.566414,1.62761,-4.29823,-11.8343,-1.62348,-1.09715,7.90563,2.37495,1.10164,1.85793,0,0,0,0,0,0,0,0,0,0,0,0,0.0880252,-0.097518,0.113429,-0.125647,0.901421,1.1182,1.05005,1.05462,-1.64887,-1.5325,-1.51136,-1.52196,0.00322904,-0.0798055,0.136621,-0.0607358,0.734467,0.650418,0.993826,1.01491,-1.32967,-1.44362,-1.47037,-1.45215,0.375292,0.294398,0.0267891,-0.00964759,0.248773,0.279737,0.435761,0.208682,0.148292,-0.305871,-0.153734,-0.225154,
-2.89738,0.324165,0.557011,1.70342,-4.27244,-11.9494,-1.61658,-1.00311,8.14704,2.10776,1.12387,1.81623,0,0,0,0,0,0,0,0,0,0,0,0,0.0961611,-0.0909767,0.114131,-0.125062,0.903872,1.12144,1.05393,1.05343,-1.64663,-1.53965,-1.51154,-1.52299,-0.011276,-0.0710162,0.137409,-0.0555841,0.733242,0.64469,0.989415,1.00833,-1.31852,-1.46257,-1.46445,-1.44878,0.422904,0.349695,0.0498412,0.0670689,0.0133763,0.0614118,0.00745712,-0.248862,0.111325,-0.36162,0.106937,0.0782965,
-3.11441,0.349356,0.451314,1.74545,-3.6828,-11.7227,-1.32946,-0.633968,8.19869,2.59172,0.927544,1.63089,0,0,0,0,0,0,0,0,0,0,0,0,0.10387,-0.084602,0.114194,-0.124184,0.901407,1.12072,1.04996,1.04475,-1.64355,-1.54735,-1.50658,-1.51922,-0.0148293,-0.0658521,0.131029,-0.0544494,0.749381,0.649522,0.98954,1.00847,-1.31194,-1.4512,-1.46246,-1.4489,0.293873,0.238783,-0.060837,-0.00416985,-0.2357,-0.114485,-0.362025,-0.546114,0.183333,-0.3759,0.350665,0.253922,
-3.02637,0.344935,0.369721,1.71473,-3.35774,-11.5509,-1.11432,-0.366934,7.74156,2.79782,0.730586,1.50106,0,0,0,0,0,0,0,0,0,0,0,0,0.108367,-0.0809996,0.111972,-0.125128,0.894811,1.11718,1.04086,1.03274,-1.63868,-1.55444,-1.49853,-1.51383,-0.00924329,-0.064459,0.123894,-0.0581068,0.752521,0.650678,0.986422,1.00589,-1.32283,-1.44888,-1.46104,-1.44867,0.172212,0.137155,-0.14333,-0.0784145,-0.399025,-0.223366,-0.493134,-0.608934,0.309187,-0.31743,0.413252,0.255789,
-3.02674,0.393641,0.315653,1.71225,-3.04586,-11.4082,-0.891268,-0.176587,7.34278,2.91958,0.576069,1.4486,0,0,0,0,0,0,0,0,0,0,0,0,0.111286,-0.0785975,0.108837,-0.127027,0.885356,1.11166,1.03087,1.02077,-1.6308,-1.55993,-1.4908,-1.5096,-0.00740141,-0.0607885,0.118577,-0.0603987,0.753773,0.649474,0.986393,1.00322,-1.32853,-1.4474,-1.46161,-1.44884,0.119124,0.103169,-0.144306,-0.093079,-0.487432,-0.292899,-0.441444,-0.524314,0.427849,-0.212481,0.307437,0.140791,
-3.07803,0.382523,0.19026,1.68969,-2.64197,-11.1548,-0.819818,-0.0924397,6.80834,3.0322,0.602135,1.55761,0,0,0,0,0,0,0,0,0,0,0,0,0.113606,-0.0764443,0.106407,-0.128664,0.875209,1.10536,1.02343,1.01169,-1.62142,-1.56313,-1.48662,-1.50846,-0.0071625,-0.0588362,0.112066,-0.0624595,0.759124,0.652544,0.984601,1.00026,-1.33907,-1.44417,-1.46034,-1.44661,0.117668,0.115361,-0.097556,-0.0691418,-0.520344,-0.331349,-0.301672,-0.386449,0.500556,-0.116254,0.109708,-0.0226699,
-3.09197,0.334564,0.0976041,1.7228,-2.32543,-10.94,-0.767277,0.0105428,6.40891,2.97616,0.740679,1.75678,0,0,0,0,0,0,0,0,0,0,0,0,0.115866,-0.074127,0.104842,-0.129907,0.864664,1.09849,1.01891,1.00538,-1.61109,-1.56476,-1.48668,-1.5107,-0.0057248,-0.0585265,0.107423,-0.0622039,0.760972,0.653843,0.984922,1.00062,-1.34429,-1.4469,-1.45909,-1.44421,0.1044,0.110896,-0.066141,-0.0604309,-0.533752,-0.352472,-0.164828,-0.259218,0.522177,-0.0593948,-0.101612,-0.189009,
-3.07251,0.351578,-0.039751,1.72299,-1.82028,-10.6781,-0.728305,0.102668,6.04061,2.90864,1.00499,2.02664,0,0,0,0,0,0,0,0,0,0,0,0,0.117795,-0.0720047,0.103667,-0.13118,0.853351,1.09092,1.01659,1.00096,-1.60043,-1.56582,-1.49102,-1.51632,-0.00352845,-0.0561492,0.101087,-0.0635101,0.769657,0.656426,0.986023,1.00152,-1.34909,-1.4505,-1.45672,-1.44189,0.0788584,0.0896186,-0.0495312,-0.0625104,-0.544123,-0.368485,-0.0718996,-0.177155,0.485509,-0.0512594,-0.294774,-0.331968,
-3.03102,0.350441,-0.159892,1.80386,-1.45941,-10.3629,-0.676764,0.234892,5.77265,3.10017,1.33379,2.35112,0,0,0,0,0,0,0,0,0,0,0,0,0.119137,-0.0704384,0.102818,-0.132422,0.842357,1.08337,1.0156,0.997739,-1.59152,-1.5671,-1.49851,-1.52401,-0.00100742,-0.0551146,0.0956108,-0.0615764,0.772883,0.661154,0.987779,1.004,-1.35258,-1.44479,-1.45398,-1.43847,0.0548379,0.0653122,-0.0405968,-0.0654415,-0.554856,-0.385146,-0.0375281,-0.156585,0.401969,-0.0845183,-0.440995,-0.425451,
-2.96826,0.339416,-0.362533,1.90088,-0.987019,-10.0091,-0.623725,0.465872,5.59825,3.23381,1.79355,2.73805,0,0,0,0,0,0,0,0,0,0,0,0,0.120119,-0.0692742,0.102106,-0.133738,0.83059,1.07503,1.01476,0.994166,-1.58443,-1.5695,-1.50911,-1.53356,0.00230049,-0.0546456,0.0871817,-0.0587598,0.779806,0.666462,0.988889,1.00905,-1.35496,-1.44293,-1.44854,-1.43352,0.0455796,0.0526013,-0.0211423,-0.0528404,-0.565162,-0.410257,-0.0460249,-0.18772,0.277025,-0.138736,-0.55857,-0.473989,
-2.84477,0.320615,-0.529786,1.96903,-0.470709,-9.61171,-0.477747,0.678194,5.61906,3.31583,2.28515,3.08899,0,0,0,0,0,0,0,0,0,0,0,0,0.120902,-0.0683847,0.101861,-0.13465,0.819172,1.06653,1.01347,0.989873,-1.58022,-1.57277,-1.52111,-1.5432,0.00768472,-0.0549093,0.0805013,-0.0567481,0.788795,0.673279,0.992671,1.01218,-1.35241,-1.44384,-1.44236,-1.42935,0.0286665,0.0325382,-0.00842419,-0.042972,-0.577419,-0.438968,-0.0846062,-0.240964,0.152364,-0.18505,-0.632558,-0.48528,
-2.78082,0.341918,-0.714487,2.07546,0.163884,-9.06499,-0.265912,1.02696,5.48833,3.6309,2.93991,3.63513,0,0,0,0,0,0,0,0,0,0,0,0,0.121193,-0.0680403,0.101717,-0.135711,0.803892,1.05459,1.01035,0.982553,-1.5783,-1.57826,-1.53842,-1.55571,0.00985626,-0.0544592,0.0730411,-0.0535137,0.798542,0.682441,0.996733,1.01731,-1.35862,-1.43761,-1.43471,-1.41982,-0.00522549,-0.00478213,-0.00484299,-0.0410385,-0.595303,-0.477429,-0.148832,-0.315932,0.00755611,-0.229592,-0.694297,-0.475658,
-2.64605,0.38194,-0.924116,2.17737,0.723808,-8.62351,-0.0324721,1.30165,5.71275,3.71287,3.52797,3.95715,0,0,0,0,0,0,0,0,0,0,0,0,0.120904,-0.0683374,0.101738,-0.136424,0.791937,1.04473,1.00695,0.975701,-1.5792,-1.58294,-1.55269,-1.56498,0.0146404,-0.0534991,0.0649536,-0.0498938,0.808912,0.689652,1.00193,1.02048,-1.35246,-1.43907,-1.42619,-1.4157,-0.0210812,-0.0219646,0.00900895,-0.0282333,-0.598897,-0.506826,-0.185938,-0.364139,-0.0885795,-0.2324,-0.730818,-0.45029,
-2.61336,0.418808,-0.968636,2.20331,1.14714,-8.16024,0.180707,1.59798,5.74848,3.88364,4.10238,4.32671,0,0,0,0,0,0,0,0,0,0,0,0,0.120179,-0.0690785,0.101969,-0.136996,0.77939,1.03382,1.00283,0.967745,-1.58183,-1.58759,-1.56839,-1.57415,0.0146711,-0.0533055,0.0634142,-0.0494675,0.813389,0.69681,1.00608,1.02395,-1.3549,-1.43635,-1.41956,-1.40962,-0.048673,-0.0489675,0.00952575,-0.0301911,-0.594338,-0.529963,-0.198587,-0.385912,-0.150416,-0.205367,-0.763315,-0.426821,
-2.42951,0.499433,-1.1777,2.25962,1.67523,-7.69147,0.42158,1.85858,5.97444,3.99066,4.816,4.72922,0,0,0,0,0,0,0,0,0,0,0,0,0.118895,-0.0703385,0.102153,-0.137637,0.767598,1.02304,0.998858,0.960003,-1.58522,-1.5912,-1.5839,-1.58245,0.0201465,-0.0518676,0.0552447,-0.0479036,0.822914,0.704456,1.01179,1.02665,-1.3499,-1.43464,-1.40697,-1.40137,-0.0783771,-0.0753258,0.00998834,-0.0325942,-0.584701,-0.546351,-0.196442,-0.384741,-0.183012,-0.153266,-0.785547,-0.404366,
-2.20584,0.507157,-1.27632,2.22803,2.19698,-7.14612,0.654599,2.08954,6.07149,4.0408,5.41216,4.99632,0,0,0,0,0,0,0,0,0,0,0,0,0.117034,-0.0720852,0.102339,-0.138315,0.756027,1.01195,0.99499,0.952361,-1.58897,-1.59351,-1.59966,-1.59015,0.0266911,-0.0537417,0.0514293,-0.0499186,0.832459,0.71484,1.01741,1.02835,-1.34981,-1.43341,-1.39891,-1.3976,-0.10548,-0.0971421,0.00717375,-0.0362371,-0.572338,-0.563151,-0.188345,-0.379566,-0.185015,-0.0764247,-0.787298,-0.365021,
-2.03296,0.553904,-1.41239,2.29727,2.66532,-6.62983,0.79375,2.33034,6.18693,3.98857,6.07035,5.33688,0,0,0,0,0,0,0,0,0,0,0,0,0.114543,-0.0743344,0.102421,-0.13915,0.744257,1.00002,0.991296,0.944588,-1.59268,-1.59412,-1.61615,-1.59735,0.0306145,-0.0544987,0.0459169,-0.048154,0.839944,0.723434,1.01988,1.03067,-1.34854,-1.43427,-1.38906,-1.39038,-0.130507,-0.11602,-0.00044741,-0.0447171,-0.5463,-0.569662,-0.158141,-0.356431,-0.166641,0.0154522,-0.786174,-0.325096,
-1.88377,0.627054,-1.45315,2.31598,2.98034,-6.21294,1.00726,2.50251,6.35666,3.90508,6.6452,5.66609,0,0,0,0,0,0,0,0,0,0,0,0,0.111713,-0.0768154,0.102314,-0.140131,0.73365,0.988644,0.988396,0.937673,-1.59581,-1.59295,-1.63169,-1.60336,0.0333331,-0.0543593,0.0439745,-0.0485556,0.842542,0.728762,1.02597,1.031,-1.34449,-1.43482,-1.38117,-1.38222,-0.151446,-0.131304,-0.0106891,-0.0532136,-0.516084,-0.568173,-0.13593,-0.338469,-0.147204,0.0965014,-0.764377,-0.275157,
-1.60907,0.562633,-1.72926,2.48917,3.4621,-5.6751,1.06888,2.69246,6.39943,3.70078,7.30802,5.99472,0,0,0,0,0,0,0,0,0,0,0,0,0.108637,-0.0794332,0.102095,-0.141152,0.723666,0.9773,0.985835,0.930967,-1.59853,-1.59019,-1.64657,-1.60814,0.0412179,-0.0594787,0.0327195,-0.0425399,0.85249,0.738955,1.02617,1.03199,-1.34505,-1.43862,-1.36871,-1.37245,-0.15283,-0.127546,-0.0102719,-0.047722,-0.483015,-0.567087,-0.120855,-0.333915,-0.124662,0.176813,-0.72321,-0.204805,
