                   0  0 -0  0 0 0 0 0 0 0 0 0 0 0 0 0 1 0 0
                   0  0 -0  0 0 0 0 0 0 0 0 0 0 0 0 0 1 0 0
                   0  0 -0  0 0 0 0 0 0 0 0 0 0 0 0 0 1 0 0
            0.199845  0 -0  0 0 0 0 0 0 0 0 0 0 0 0 0 1 0 0
            0.300473   0.0242762 -0.00176522 -0.00625616  -3.8359e-05 -5.90806e-05 -5.80997e-05 -0.000897112  -0.00136278  -0.00106191 0 0 0 0 0 0 1 0 0
            0.300473   0.0769901  -0.0200046 -0.00933608   0.00165806   0.00529067 -0.000953828 -0.00103695 -0.00172172 -0.00116846 -1.09374e-07  3.72166e-08  4.97657e-09  -8.1349e-09 -2.56385e-08  4.25853e-09 1 0 0
            0.400317  0.0912001 -0.0247414 -0.0138207  0.00151932  0.00497806 -0.00106295  -0.00147818  -0.00457189 -0.000829683 -1.09374e-07  3.72166e-08  4.97657e-09  -8.1349e-09 -2.56385e-08  4.25853e-09 1 0 0
            0.400317 0.0912374 -0.236531 -0.172586  0.0132202  0.0262628 -0.0113464  0.0479124  0.0787931 -0.0684399 1.00659e-06 2.01591e-05 1.24602e-05 -7.43623e-06 -1.19872e-05  9.70155e-06 1 0 0
            0.500152   0.0909603  -0.0299259 -0.00337094  0.00648053  0.00113103 -0.00210938   0.0215925  -0.0207215 -0.00560411 3.05827e-06 9.75513e-07 -8.0076e-07 -3.37463e-06  1.89992e-06  4.64354e-07 0.999911        0        0
            0.500152   0.113951  -0.127783 -0.0927244  0.00633778   0.0112442 -0.00595075 0.0274633 0.0691822 -0.037095 -6.7807e-06 1.56932e-05  1.3359e-05 8.94512e-07 -2.6459e-05  1.4091e-05 0.999926        0        0
            0.599994  0.0862262 -0.0235801 -0.0019833  0.00339901  0.00363141 0.000413148  -0.0013769 -0.00279691   0.0077973 3.64111e-06 -2.3942e-06  5.9208e-07  7.78883e-06 -5.86922e-06 -4.01574e-06 0.999748        0        0
            0.599994   0.096154 -0.0785771 -0.0565257 0.00200537 0.00840852 -0.0018681  -0.0106793   0.0337128 -0.00746173 2.14757e-06 5.19574e-06  9.4331e-06  1.99634e-05 -6.64929e-05  2.09449e-05 0.999781        0        0
            0.699904   0.093933 -0.0216728 -0.0099324  0.000414794   0.00648259 -0.000166896 -0.0135188 0.00944654 0.00219678  3.61954e-06 -1.96653e-06  2.96893e-06  3.25512e-05 -2.49618e-05  7.04059e-06 1.00053       0       0
            0.699904   0.196587  -0.176238 -0.0592233 0.000706794  0.00929532 -0.00639538 -0.0111728  0.0346919   -0.04461 -6.0375e-06 1.77435e-05  8.9965e-06  2.15611e-05 -0.000116029  0.000155598 1.00052       0       0
            0.800154   0.106555 -0.0186969 -0.0263044 -0.00153024  0.00908569  0.00143082 -0.0153141  0.0154024 0.00792899  5.09443e-06 -3.34033e-06  4.37535e-06  3.82576e-05 -5.11444e-05 -1.00127e-05 1.00028       0       0
            0.800154   0.172027  -0.131314 -0.0679827 -0.000269975    0.0100193  -0.00454374 -0.00826757   0.0244004  -0.0312648 -1.25225e-06  9.27274e-06  8.78198e-06   1.1121e-05 -8.82833e-05  0.000135097 1.0003      0      0
            0.900005   0.107218 -0.0122231 -0.0274334 -0.000181697   0.00754552  0.000796617 -0.00343213 0.000944646  0.00271724  5.50454e-06 -5.55835e-06  3.33405e-06 -6.33613e-06 -8.73862e-06  5.86712e-06 1.00099       0       0
            0.900005   0.143839  -0.138223 -0.0794193  0.00180937   0.0101521 -0.00413521  0.0130148  0.0233294 -0.0287631 4.57571e-06 6.15968e-06 9.01345e-06 -6.94002e-05 -9.12552e-05  0.000128942 1.001     0     0
            0.999858   0.111272  -0.011549 -0.0296742 0.00150055  0.0072261 0.00180559  0.00578925 -0.00247949  0.00565124  7.20588e-06 -7.19289e-06  2.31602e-06 -4.05416e-05  -5.5021e-06 -5.74943e-06 1.00065       0       0
            0.999858    0.12681  -0.112752 -0.0618797   0.0029181   0.0100752 -0.00314009  0.0174266  0.0208846 -0.0263027 8.69656e-06 2.32464e-06 5.86346e-06 -8.61755e-05 -9.01864e-05  0.000119232 1.00067       0       0
             1.10011  0.0971405 -0.0156417 -0.0174646 0.00184097 0.00534437 0.00105031  0.00441788   -0.011053 0.000899873 9.08055e-06 -7.0739e-06 5.56482e-07 -3.45869e-05  1.90789e-05    1.534e-05 1.0009      0      0
             1.10011   0.103583  -0.104224 -0.0699734   0.0016385  0.00853485 -0.00282132 0.00343772  0.0144452 -0.0252519 1.12592e-05 3.84808e-06 7.05243e-06  -3.4341e-05 -7.48942e-05  0.000117669 1.00092       0       0
             1.19994   0.100984 -0.0162426 -0.0141363 0.000833611  0.00596433 0.000248405  -0.0022519 -0.00582024  -0.0027544  1.13378e-05 -6.74356e-06  2.17018e-07 -1.19877e-05 -9.52007e-06  2.99727e-05 1.00078       0       0
             1.19994   0.129356  -0.113917 -0.0647197  0.00212622  0.00989198 -0.00357253  0.0108761  0.0268456 -0.0279108 9.68412e-06 4.63728e-06 6.37293e-06 -6.82204e-05 -0.000138054  0.000132051 1.00081       0       0
              1.2998   0.107235 -0.0148721  -0.023561  0.00103038  0.00708878 0.000752753 -0.000161127  0.000609839   0.00038562 1.30797e-05  -7.258e-06  5.0993e-07 -2.33553e-05  -4.0848e-05  1.73122e-05 1.00165       0       0
              1.2998   0.121605  -0.111112 -0.0491915  0.00269509  0.00816627 -0.00268424  0.0127997  0.0119311 -0.0229934 1.14023e-05  4.2391e-06 3.62247e-06 -7.85758e-05 -8.64953e-05  0.000114513 1.00165       0       0
             1.40044   0.097484  -0.017753 -0.0148531  0.00161193  0.00577333 0.000184402  0.00214563 -0.00738785 -0.00173141  1.52938e-05 -7.36694e-06 -7.74304e-07  -3.3251e-05 -1.87799e-05   2.6858e-05 1.00132       0       0
             1.40044   0.165058  -0.148416 -0.0660192  0.00398036   0.0107016 -0.00544478  0.0216137  0.0361396 -0.0422646 7.47047e-06  8.2868e-06 5.41205e-06 -0.000115856 -0.000195271  0.000197604 1.00129       0       0
              1.5003     0.1111 -0.0160848 -0.0252834 0.00255537 0.00864302 0.00132305  0.0062043 0.00683608 0.00312984  1.56425e-05 -8.14083e-06 -2.97305e-08 -5.01014e-05 -8.75073e-05   3.5697e-06 1.00142       0       0
              1.5003   0.154641  -0.108352 -0.0633436  0.00170721   0.0106068 -0.00320468 -0.00347358   0.0235714  -0.0296086  1.0651e-05  3.4222e-06 4.61876e-06  -1.4735e-05 -0.000155561  0.000141384 1.00146       0       0
             1.60014   0.103716 -0.0145341 -0.0214355 -0.000410416   0.00677525  0.000252637  -0.0122176 -0.00763292 -0.00284984  1.80688e-05 -8.16078e-06 -8.61327e-07  2.02097e-05 -4.10152e-05  2.92407e-05 1.00188       0       0
             1.60014    0.13955   -0.11181 -0.0706306  0.00195249   0.0103491 -0.00373348 0.0109197 0.0234969 -0.028862 1.45884e-05 3.08854e-06 5.15082e-06 -7.66149e-05 -0.000167037   0.00013922 1.00193       0       0
             1.70004   0.107961   -0.01337 -0.0233519 0.00081822 0.00813382 0.00208411 -0.000872817   0.00019016   0.00489186  1.95704e-05 -9.35978e-06 -9.43308e-07 -3.03483e-05  -8.3763e-05 -6.56621e-06 1.00095       0       0
             1.70004  0.156916 -0.107577 -0.063423 0.00157871 0.00976391 -0.0027115 0.00418359  0.0160721 -0.0290227 1.42366e-05  2.0085e-06 3.96203e-06 -5.43466e-05 -0.000148969   0.00013703 1.00097       0       0
             1.79988   0.108229 -0.0126282 -0.0250941 0.00044657 0.00715606 0.00194253 -0.00332657 -0.00619462  0.00248902  2.08829e-05 -1.01785e-05 -1.44835e-06 -2.44935e-05 -6.68944e-05  4.09436e-06 1.00171       0       0
             1.79988   0.150772  -0.109047 -0.0565572  0.00160439  0.00974951 -0.00293532 0.00735853  0.0160171 -0.0300889 1.67115e-05 1.18635e-06 2.42388e-06 -7.13472e-05 -0.000157509  0.000142194 1.00173       0       0
             1.90012   0.104822 -0.0139523 -0.0193993 0.000707521   0.0073636 0.000731414 -0.000533694  -0.00440398  -0.00332837  2.27608e-05 -1.06779e-05 -2.11085e-06 -3.61958e-05 -8.43672e-05  2.84884e-05 1.00201       0       0
             1.90012   0.129038  -0.127695 -0.0691922  0.00311157  0.00983927 -0.00465536  0.0205378  0.0174409 -0.0389612 2.08374e-05 2.32675e-06 4.02149e-06 -0.000125999 -0.000173187   0.00017994 1.00205       0       0
             1.99995   0.104765 -0.0221533 -0.0285686   0.00193735   0.00867045 -0.000359021  0.00588466  0.00225674 -0.00623228  2.55518e-05 -1.10086e-05 -1.46125e-06 -6.21076e-05 -0.000118016  4.11244e-05 1.00239       0       0
             1.99995   0.170264   -0.10671 -0.0586975  0.00224896   0.0103585 -0.00362706 0.00741859  0.0172137 -0.0295465 1.81713e-05 -5.6764e-07 2.27783e-06 -7.13892e-05 -0.000180543  0.000140437 1.00241       0       0
             2.09979   0.104175 -0.0192423 -0.0212309  0.00119218  0.00586812 0.000430087  -0.00126518   -0.0138325 -0.000868576  2.66444e-05 -1.17991e-05 -2.90863e-06 -3.50161e-05 -6.23386e-05  1.51155e-05 1.00212       0       0
             2.09979   0.159433  -0.105722 -0.0491797 0.000650324  0.00827095 -0.00335477 -0.0052465 0.00571843 -0.0279972  2.06827e-05 -7.84669e-07  6.01801e-07 -2.19338e-05  -0.00014362  0.000131183 1.00211       0       0
             2.20042   0.102046 -0.0182191 -0.0250471 -1.36369e-05   0.00708035 -4.81291e-05 -0.00590409 -0.00342543 -0.00188022  2.91214e-05 -1.23025e-05 -3.22512e-06 -1.73675e-05 -0.000112052  2.25395e-05 1.00234       0       0
             2.20042   0.138291  -0.102408 -0.0666075  0.00112948  0.00951798 -0.00335923 0.00545966  0.0180247 -0.0252221  2.56315e-05 -2.33114e-06  1.96302e-06 -6.74104e-05  -0.00020149  0.000123421 1.00235       0       0
             2.30026  0.098872 -0.015903 -0.022035 0.00101581 0.00764652 0.00030624   0.00212378 -0.000471389  0.000984995  3.11534e-05 -1.32079e-05  -3.9288e-06 -5.04909e-05 -0.000132725  1.28339e-05 1.00188       0       0
             2.30026   0.102226 -0.0914964 -0.0783128  0.00112803   0.0101831 -0.00200572  0.0044777  0.0203927 -0.0147759  3.23789e-05 -4.17498e-06  3.02692e-06 -6.27093e-05 -0.000218103  8.09042e-05 1.0019      0      0
              2.4001   0.101404 -0.0123284 -0.0291053 0.000622608  0.00896772  0.00108691 -0.0013266 0.00355593 0.00330178  3.31259e-05 -1.36041e-05 -3.65188e-06 -4.17884e-05 -0.000159369  9.46192e-07 1.00217       0       0
              2.4001   0.118838 -0.0895503 -0.0725345  0.00111876   0.0101208 -0.00190437  0.0018119  0.0143509 -0.0181664 3.19929e-05 -4.2833e-06   1.781e-06 -5.72889e-05 -0.000203326  9.26976e-05 1.00217       0       0
             2.49995   0.100218 -0.0188177 -0.0195285 0.000856212  0.00718288 0.000424619   -0.0014799  -0.00816187 -0.000154476  3.37711e-05 -1.36837e-05 -4.58145e-06 -4.74542e-05 -0.000122355  1.81615e-05 1.00231       0       0
             2.49995  0.140928  -0.10529 -0.063069  0.00196806  0.00963954 -0.00358729 0.00856072  0.0151734  -0.030207  3.08403e-05 -3.80672e-06  8.45729e-07 -9.13606e-05 -0.000218143   0.00014652 1.00232       0       0
             2.59978  0.0993328 -0.0221822 -0.0239585   0.00113504   0.00621942 -0.000886426 0.000201166  -0.0102572 -0.00576381  3.61352e-05 -1.42096e-05 -4.65717e-06 -5.5339e-05 -0.00012153 4.14562e-05 1.00289       0       0
             2.59978   0.126463 -0.0938187 -0.0617814 0.000607538  0.00780901  -0.0023962 -0.00456111  0.00339043  -0.0174548  3.38927e-05 -4.78205e-06   1.2672e-07 -3.82649e-05 -0.000178115  9.16614e-05 1.00289       0       0
             2.70048  0.0989201 -0.0197442 -0.0254645     0.00067  0.00781426 0.000255228 -0.00157737 0.000804128 0.000832035  3.90817e-05 -1.50339e-05 -4.90784e-06 -4.92743e-05  -0.00017198  1.07527e-05 1.00237       0       0
             2.70048   0.118149  -0.107208 -0.0632591  0.00284766  0.00869849 -0.00311491  0.0174415  0.0110197 -0.0235096  3.74934e-05 -5.73358e-06 -2.15388e-07 -0.000130957 -0.000214603  0.000116043 1.00239       0       0
             2.80032   0.100405  -0.020854 -0.0200571  0.00209709  0.00692685 0.000262137  0.00516908 -0.00457939 0.000930847  4.03677e-05 -1.63426e-05 -5.81563e-06 -8.01817e-05 -0.000156631  1.08869e-05 1.00228       0       0
             2.80032   0.138887  -0.103761 -0.0688362  0.00241821   0.0100803 -0.00267525 0.00936818  0.0209302 -0.0186832  3.82744e-05 -6.47161e-06  3.41607e-07 -0.000100594 -0.000263321  9.63638e-05 1.0023      0      0
             2.90017    0.102811 -0.00575978  -0.0244636 0.000138139  0.00817934  0.00354098 -0.00484456 0.000449111    0.013746  4.24695e-05 -1.76247e-05 -5.43374e-06   -3.471e-05 -0.000187362 -4.37705e-05 1.00346       0       0
             2.90017   0.152015  -0.104423 -0.0435669  0.00188783  0.00887998 -0.00188879 0.00922743 0.00816055 -0.0228689  3.74966e-05 -7.34885e-06 -3.09922e-06 -9.59302e-05 -0.000219591  0.000114081 1.00347       0       0
             3.00002  0.0900636 -0.0162323 -0.0203052  0.000684201   0.00569931 -0.000211941 -0.00172224  -0.0118438 -0.00748677  4.37926e-05 -1.72288e-05 -6.40782e-06 -5.02437e-05 -0.000144061  4.38606e-05 1.00229       0       0
             3.00002   0.140492 -0.0923263 -0.0675524  0.00163225  0.00903169 -0.00271833 0.00804451  0.0186204 -0.0265964  4.14136e-05 -8.94785e-06 -4.95721e-07 -9.23106e-05 -0.000268878   0.00012571 1.0023      0      0
             3.09985   0.107246 -0.0108733 -0.0310039 0.00139868 0.00899199 0.00155065 0.00374911 0.00704436 0.00269682  4.62482e-05 -1.88083e-05 -6.09313e-06  -7.2156e-05 -0.000230805 -5.42398e-07 1.00368       0       0
             3.09985   0.131835  -0.125967 -0.0726271   0.0028744   0.0100983 -0.00427188  0.0149822  0.0192387 -0.0390068  4.45107e-05 -5.71516e-06 -8.72017e-07 -0.000122167 -0.000280768  0.000177914 1.00372       0       0
             3.20009   0.102165 -0.0143013 -0.0292953  0.00132294  0.00910467 0.000273617 0.000593687  0.00283722 -0.00416762  4.88029e-05 -1.85121e-05  -6.5265e-06 -6.25567e-05 -0.000221421  2.67311e-05 1.00251       0       0
             3.20009   0.150541  -0.105492 -0.0655402 0.00191504  0.0110946 -0.0035294 0.00546164  0.0193889 -0.0296057  4.46226e-05 -7.65667e-06 -1.97379e-06 -8.59799e-05  -0.00029065  0.000136364 1.00252       0       0
             3.29993  0.0944216 -0.0225742 -0.0270349 0.000635836   0.0057479 -0.00129211 -0.00379282  -0.0156252 -0.00926687  4.97429e-05 -1.76132e-05  -7.8151e-06 -4.39455e-05  -0.00015574  4.61669e-05 1.00217       0       0
             3.29993   0.107541  -0.118927 -0.0637103  0.00112495  0.00690641 -0.00482132 -0.000483012  -0.00455635   -0.0355771  4.93491e-05 -5.86464e-06 -3.19648e-06 -6.08962e-05 -0.000201427  0.000159962 1.00218       0       0
             3.39978  0.0925501 -0.0214126 -0.0294535 0.000529241  0.00825503 -0.00112476 -0.00165753  0.00240822  -0.0045497  5.44076e-05 -1.84459e-05 -8.15687e-06 -5.42022e-05 -0.000235367  2.72349e-05 1.00313       0       0
             3.39978   0.148328  -0.111734 -0.0624507  0.00158865   0.0099737 -0.00447553 0.00692677  0.0168456 -0.0269807  4.93699e-05 -8.21673e-06 -3.96062e-06 -9.34626e-05 -0.000297377  0.000125648 1.00313       0       0
             3.50042    0.11005 -0.0222208 -0.0274014 0.000273572  0.00854555 -0.00015575 -0.00210707  0.00129578 0.000855866  5.48751e-05 -1.89941e-05 -8.95641e-06 -5.39068e-05 -0.000238188  1.75457e-06 1.00314       0       0
             3.50042    0.12501  -0.115926 -0.0728757 0.00298648  0.0108866  -0.004128  0.0227674  0.0231086 -0.0255245  5.67676e-05 -1.18009e-05 -3.39323e-06 -0.000159158 -0.000327762  0.000116693 1.00316       0       0
             3.60025  0.0901134 -0.0191037 -0.0279877 0.000675895  0.00832467  0.00152939 0.000989601 -0.00109724  0.00735394  5.76826e-05 -2.09213e-05 -9.31712e-06 -6.59528e-05 -0.000233389 -2.57643e-05 1.00341       0       0
             3.60025   0.105757 -0.0911751 -0.0630125   0.00158962   0.00856656 -0.000968636 0.00795292 0.00250821 -0.0100412  5.63261e-05 -1.32087e-05 -5.01495e-06   -9.635e-05 -0.000247813  4.82601e-05 1.00342       0       0
             3.70016   0.100613 -0.0172131 -0.0231551 0.00190827 0.00680255 0.00111144  0.00589665 -0.00927445  0.00258235  5.73565e-05 -2.25279e-05 -1.04364e-05 -8.58744e-05 -0.000210979 -6.81659e-06 1.00331       0       0
             3.70016   0.128234  -0.115133 -0.0707789 0.00279053 0.00973643 -0.0036545  0.0139961  0.0163767 -0.0317068  5.78102e-05 -1.16221e-05  -4.5091e-06  -0.00012189 -0.000314441  0.000138435 1.00329       0       0
                 3.8   0.107872 -0.0190102 -0.0276691 0.00177911 0.00838267  0.0010498   0.00234855 -0.000277697  0.000510776  6.02321e-05    -2.28e-05 -1.04193e-05 -7.57758e-05 -0.000258977 -1.51299e-06 1.00391       0       0
                 3.8   0.136292 -0.0980525 -0.0674334  0.0024644  0.0109052 -0.0024673 0.00834183  0.0204739 -0.0230487  5.97195e-05 -1.38302e-05 -5.42836e-06 -0.000102946 -0.000343546  9.87367e-05 1.00393       0       0
             3.89984  0.0997399 -0.0161827 -0.0264823 0.000605045   0.0066345 -0.00064572 -0.00532087  -0.0108168 -0.00631006  6.21675e-05  -2.2245e-05 -1.13405e-05 -4.72244e-05 -0.000229796  2.88115e-05 1.0038      0      0
             3.89984   0.127799  -0.101771 -0.0647355 0.000946798  0.00751988 -0.00334701 -0.00315013 -0.00234673  -0.0266975  5.89383e-05 -1.04157e-05 -5.95763e-06 -5.93164e-05 -0.000265474  0.000116614 1.00381       0       0
             4.00048  0.0985002 -0.0216705 -0.0252227    0.0013668   0.00799876 -2.89123e-05   0.00119178 -0.000998786 -0.000751396   6.6116e-05 -2.29392e-05 -1.18479e-05 -7.67971e-05 -0.000279841  6.61312e-06 1.00377       0       0
             4.00048   0.134871  -0.106798 -0.0702893  0.00167531  0.00940998 -0.00330075   0.003553  0.0102176 -0.0227303  6.12159e-05 -1.13338e-05 -5.78354e-06 -9.11899e-05 -0.000330894  0.000107134 1.00379       0       0
             4.10032     0.10916 -0.00592868  -0.0322739 0.000238887  0.00877054  0.00294527 -0.00405334 0.000877228   0.0116617  6.71003e-05  -2.5206e-05 -1.17842e-05 -5.3139e-05  -0.0002974 -4.9078e-05 1.00418       0       0
             4.10032   0.127064 -0.0970624 -0.0599024  0.00102629  0.00861499 -0.00165263 -6.09309e-05    0.0016323   -0.0202572  6.46458e-05  -1.2831e-05 -8.05066e-06 -7.47729e-05 -0.000301045   0.00010031 1.00419       0       0
             4.20015    0.10222 -0.0187746 -0.0235781  0.00115989  0.00754121 0.000189797 0.000394574 -0.00568481 -0.00436373  7.04311e-05 -2.44524e-05 -1.32696e-05  -7.8208e-05 -0.000274723   2.4919e-05 1.00369       0       0
             4.20015   0.163195 -0.0998606  -0.061722 0.000959431   0.0090083 -0.00295034 -0.00225201  0.00716156  -0.0277746  6.22771e-05 -1.33485e-05 -8.07419e-06 -6.95515e-05 -0.000334089  0.000134901 1.00369       0       0
             4.29999    0.105967 -0.00877796  -0.0272348 0.000316043  0.00827615  0.00331784 -0.00316791 -0.00224385   0.0111259  7.19926e-05 -2.66346e-05 -1.30931e-05 -6.30386e-05 -0.000302738 -4.39439e-05 1.00392       0       0
             4.29999   0.126341  -0.111983 -0.0669093  0.00204544  0.00953613 -0.00258339  0.0114978 0.00991649 -0.0289953  6.93979e-05 -1.27125e-05  -7.6986e-06  -0.00013325 -0.000357135   0.00014443 1.00397       0       0
             4.39982  0.0995926 -0.0152737   -0.03355  0.00121909  0.00843974 0.000572323  0.00231304 -0.00193736 -0.00487415  7.48622e-05 -2.67646e-05  -1.3402e-05 -8.81257e-05 -0.000314423  2.90149e-05 1.0038      0      0
             4.39982   0.137768 -0.0899916 -0.0634198 8.23286e-05  0.00867724 -0.00171275  -0.00943253 -0.000437876   -0.0216122   6.9633e-05 -1.63997e-05 -9.30821e-06 -3.83853e-05 -0.000322191  0.000107548 1.0038      0      0
             4.50046  0.104562 -0.016328 -0.023878 0.000401496  0.00685995 6.80951e-05 -0.00320182  -0.0100508 -0.00514117  7.64813e-05 -2.72441e-05 -1.51614e-05 -6.50269e-05 -0.000286992  2.98823e-05 1.00386       0       0
             4.50046   0.13425 -0.109611 -0.068161 0.00213446 0.00919095 -0.0033468  0.0131535  0.0110958 -0.0289488  7.21676e-05 -1.38582e-05 -8.86576e-06 -0.000144173  -0.00038485  0.000143699 1.00387       0       0
              4.6003   0.101377 -0.0099627 -0.0323346 0.00175765 0.00887651 0.00156894 0.00592882 0.00240768  0.0037697  7.91084e-05 -2.82939e-05   -1.503e-05 -0.000106158  -0.00035495 -9.83693e-06 1.00392       0       0
              4.6003  0.115775  -0.10946 -0.068402  0.00213947  0.00972781 -0.00277217 0.00775172 0.00981016 -0.0255174  7.74743e-05 -1.46551e-05 -1.00876e-05  -0.00011877 -0.000389151  0.000131477 1.00394       0       0
             4.70021  0.0999113 -0.0163922 -0.0257028  0.00152078  0.00788631 0.000500044  0.00144291  -0.0051886 -0.00212866  8.12701e-05 -2.78052e-05 -1.61817e-05 -8.60088e-05  -0.00033065  1.90539e-05 1.0036      0      0
             4.70021   0.12424 -0.107255 -0.068899  0.00206454   0.0100234 -0.00315116 0.00574701  0.0123314 -0.0265807  7.89135e-05 -1.55437e-05 -1.02376e-05 -0.000109205 -0.000410633  0.000136006 1.00362       0       0
             4.80004   0.100832 -0.0135273  -0.027233 0.000596804  0.00846889 0.000261196 -0.00387254  -0.0027039   -0.002772  8.35029e-05 -2.82428e-05 -1.61928e-05 -6.51477e-05 -0.000354341  2.01643e-05 1.0047      0      0
             4.80004  0.123604 -0.119031 -0.059125  0.00193557  0.00907753 -0.00394715 0.00570931 0.00447252 -0.0321586  8.07252e-05 -1.41637e-05    -1.18e-05 -0.000112775 -0.000386977  0.000159535 1.00472       0       0
             4.89989  0.0894944 -0.0216395 -0.0291657   0.00141734   0.00807981 -0.000739106  0.00150595 -0.00494493  -0.0056036  8.64631e-05 -2.81992e-05 -1.66102e-05 -9.11577e-05 -0.000355579  3.34816e-05 1.00449       0       0
             4.89989   0.121458  -0.112975 -0.0645435  0.00152199  0.00886776 -0.00428134 0.00130977 0.00148727 -0.0295919  8.23305e-05 -1.54998e-05 -1.17076e-05 -9.40513e-05 -0.000385449  0.000147209 1.00449       0       0
             5.00012   0.100241 -0.0178088 -0.0289326  0.000684543   0.00825135 -0.000264074 -0.00315014  -0.0036897 -0.00131698   8.7683e-05 -2.88396e-05 -1.70958e-05 -7.48513e-05 -0.000369952  1.35991e-05 1.00468       0       0
             5.00012   0.130075  -0.114975 -0.0597823  0.00108226   0.0081441 -0.00388806 -0.00205019 -0.00427958  -0.0256946  8.34909e-05 -1.53846e-05 -1.28446e-05 -8.38567e-05 -0.000367929  0.000129576 1.0047      0      0
             5.09997  0.0943513 -0.0162503 -0.0305556 0.000475394  0.00730708 0.000229553 -0.00246248 -0.00759394  0.00141901  9.03042e-05 -2.95113e-05 -1.79375e-05 -7.66347e-05 -0.000359372  1.21686e-06 1.00425       0       0
             5.09997   0.118491  -0.105668 -0.0654042  0.00177319   0.0097344 -0.00333704 0.00928234  0.0132286  -0.022325  8.80996e-05 -1.77898e-05 -1.31096e-05 -0.000134198 -0.000455357  0.000115136 1.00428       0       0
             5.19981  0.0985762 -0.0248617 -0.0240497  0.000822729   0.00669165 -0.000882365 -0.000575925  -0.00825431   -0.0037526  9.21221e-05 -2.94659e-05 -1.94532e-05 -8.98727e-05 -0.000365677  2.48076e-05 1.00457       0       0
             5.19981   0.138209  -0.113138 -0.0694186 0.00167205 0.00889416 -0.0039293 0.00810317  0.0112459  -0.025639  8.81931e-05 -1.79775e-05 -1.31563e-05 -0.000132694 -0.000455581  0.000129547 1.00458       0       0
             5.30045    0.10789  -0.011823 -0.0319424 0.00155929  0.0105656 0.00215459 0.00492961  0.0119924  0.0107367  9.50472e-05 -3.21084e-05 -1.87981e-05 -0.000112957  -0.00046698 -4.40093e-05 1.00391       0       0
             5.30045   0.111746  -0.100241 -0.0647884  0.00175419   0.0108007 -0.00236395 0.00384756  0.0154959 -0.0210326  9.48139e-05 -1.98066e-05 -1.42829e-05 -0.000111726  -0.00048248  0.000107557 1.00393       0       0
              5.4003   0.102714 -0.0218729 -0.0210126  0.000152096   0.00659893 -0.000817989 -0.00609435   -0.013374 -0.00636827  9.61577e-05 -3.04667e-05 -2.05068e-05 -6.50334e-05  -0.00036225  3.34521e-05 1.00456       0       0
              5.4003    0.1683 -0.109788 -0.059532  0.00105148   0.0089196 -0.00432491 0.00237391 0.00671126 -0.0313077  8.90189e-05 -1.91413e-05 -1.51526e-05 -0.000106768 -0.000455073  0.000152095 1.00455       0       0
             5.50014    0.109438 -0.00762015  -0.0274144 0.000251995  0.00852484  0.00167509 -0.00233725 0.000282961  0.00724356  9.96063e-05 -3.27722e-05  -1.9986e-05 -8.50218e-05 -0.000433424 -2.96217e-05 1.00461       0       0
             5.50014   0.113842 -0.0912197 -0.0706333 0.00117932 0.00935102 -0.0018733  0.0053683 0.00807981 -0.0169718  9.96793e-05 -2.18516e-05 -1.39591e-05 -0.000123451 -0.000468564  8.55255e-05 1.00463       0       0
             5.59998  0.0974706 -0.0193691 -0.0230593  0.000352644   0.00672191 -0.000537853 -0.00137271 -0.00948425 -0.00487703  0.000102828 -3.17147e-05 -2.11766e-05 -8.85625e-05 -0.000398616  2.73816e-05 1.00502       0       0
             5.59998   0.136789  -0.112895 -0.0514762  0.00189402  0.00755307 -0.00337692    0.0118449 -0.000471774    -0.025472  9.75178e-05 -1.88118e-05 -1.70082e-05 -0.00015293 -0.00044115 0.000125896 1.00504       0       0
              5.6999  0.0980781 -0.0164774 -0.0248339   0.00166393   0.00724614 -0.000154807  0.00581871 -0.00398914 -0.00134486  0.000105744 -3.28446e-05 -2.15958e-05 -0.000123737 -0.000434048  8.51306e-06 1.00486       0       0
              5.6999   0.111167  -0.112561 -0.0612929 0.00234231 0.00746927 -0.0037815   0.00974178 -0.000846164   -0.0266073  0.000104019 -1.95101e-05 -1.64612e-05 -0.000146405 -0.000449634    0.0001344 1.00486       0       0
             5.80013  0.0926022 -0.0214683 -0.0227889   0.00201232   0.00719115 -0.000747741   0.0038228 -0.00445042 -0.00385434  0.000108702 -3.27748e-05 -2.22099e-05 -0.000120591  -0.00044414  1.74038e-05 1.00548       0       0
             5.80013    0.14964 -0.0976122  -0.059267 0.00178999 0.00906759 -0.0030306 0.00216887  0.0104286 -0.0195704  0.000102456 -2.21406e-05 -1.71421e-05 -0.000115638 -0.000515352  9.46308e-05 1.0055      0      0
             5.89996  0.0927346 -0.0210173 -0.0208658 -0.000286363   0.00612039 -0.000105331 -0.00888197 -0.00994565 0.000235303  0.000109635 -3.19939e-05 -2.28869e-05 -6.30499e-05 -0.000430129 -1.22548e-06 1.00505       0       0
             5.89996   0.125929  -0.108562 -0.0555168  0.00129071  0.00774652 -0.00348953 0.00612388  0.0055534 -0.0241367  0.000107045 -2.17982e-05 -1.80818e-05  -0.00013419 -0.000500914  0.000115905 1.00506       0       0
             5.99981  0.0986706 -0.0189826 -0.0206974   0.00104676   0.00673633 -0.000351684  0.00221635 -0.00391034 -0.00072948  0.000112501 -3.40248e-05 -2.33444e-05 -0.000113031 -0.000468878    4.661e-06 1.00518       0       0
             5.99981   0.129672  -0.112796 -0.0650307  0.00154056  0.00872818 -0.00389073 0.00695082   0.013452 -0.0263181  0.000110295 -2.14385e-05 -1.70944e-05 -0.000138329 -0.000548485  0.000126801 1.00519       0       0
             6.10044  0.0898278 -0.0211767 -0.0258979   0.00138957   0.00902392 -0.000469515   0.00312499   0.00706281 -0.000579265  0.000116738 -3.44429e-05 -2.29119e-05 -0.000120024 -0.000526349  5.80184e-06 1.00589       0       0
             6.10044   0.158759  -0.110733 -0.0588647  0.00165726  0.00992828 -0.00385041 0.00373593  0.0151941 -0.0242093  0.000108146 -2.20952e-05 -1.83373e-05 -0.000126387 -0.000565569  0.000118989 1.0059      0      0
             6.20027   0.103833 -0.0132675 -0.0308236 -0.00056551  0.00847631  0.00196163  -0.00769046 -0.000627099   0.00994737  0.000116557 -3.48406e-05 -2.29524e-05 -7.32806e-05 -0.000499482  -4.1088e-05 1.00567       0       0
             6.20027   0.107507  -0.117857 -0.0716362   0.0019202  0.00955918 -0.00268999  0.0138596  0.0108074 -0.0212824  0.000117488 -2.28838e-05 -1.72234e-05  -0.00017636 -0.000551528  0.000109105 1.00571       0       0
             6.30012   0.103366 -0.0141342 -0.0272353 0.00136302 0.00892032 0.00105375  0.00445288 0.000710045  0.00198941  0.000119885 -3.67564e-05 -2.37439e-05 -0.000132996 -0.000515773 -5.08114e-06 1.00508       0       0
             6.30012   0.144359  -0.116641 -0.0602207  0.00165027  0.00967424 -0.00412341 0.00508521 0.00716748 -0.0327578  0.000115233 -2.28209e-05 -1.92407e-05 -0.000140191 -0.000546038  0.000161846 1.00509       0       0
             6.39997  0.0998512 -0.0177742 -0.0296028 -0.000169199    0.0082943 -0.000253557 -0.00546932  -0.0057263 -0.00413545  0.000121542 -3.53395e-05 -2.38647e-05 -9.01388e-05 -0.000502457   2.5197e-05 1.00603       0       0
             6.39997   0.102732  -0.103164 -0.0649718  0.00132297  0.00825307 -0.00302686  0.00651477 -0.00464887  -0.0228019  0.000121332 -2.54632e-05  -1.9062e-05 -0.000147281 -0.000506917  0.000113867 1.00604       0       0
              6.4998   0.094518 -0.0246443 -0.0280671 0.00121546 0.00868515 -0.0013537  0.00321094 -0.00294557 -0.00634877  0.000124811  -3.6636e-05 -2.43609e-05 -0.000133371 -0.000526177  3.80463e-05 1.00665       0       0
              6.4998   0.134373  -0.117584 -0.0695174 0.00290654  0.0107058 -0.0045665  0.0178732  0.0162132 -0.0291175  0.000122195 -2.60086e-05 -1.86111e-05 -0.000202782 -0.000613269  0.000145835 1.00668       0       0
              6.6005   0.104045 -0.0173028 -0.0292626 0.000638868  0.00820797 0.000983518 -0.00109412 -0.00704715  0.00644963  0.000125745 -3.75737e-05 -2.47676e-05 -0.000116636 -0.000523014 -1.94334e-05 1.00672       0       0
              6.6005   0.143724  -0.108844 -0.0665307  0.00168852  0.00993429 -0.00337449 0.00823841 0.00803432 -0.0235069   0.00012263 -2.64889e-05 -1.96495e-05 -0.000162643   -0.0005923  0.000122959 1.00676       0       0
             6.70035   0.101286 -0.0158354 -0.0290734 -0.000153371   0.00901526   0.00126706 -0.00420519 -0.00248004  0.00416504  0.000128763 -3.81225e-05 -2.49192e-05 -0.000104633  -0.00055513 -1.23724e-05 1.00688       0       0
             6.70035   0.100763  -0.102174 -0.0686931  0.00185945   0.0104517 -0.00263614  0.0137731  0.0115417 -0.0222152  0.000131156 -2.92904e-05  -1.9457e-05 -0.000188551 -0.000617516   0.00011252 1.00692       0       0
              6.8002  0.0943339  -0.023052 -0.0236826  0.00179446  0.00710778 -0.00138003  0.00556705  -0.0106794 -0.00777903  0.000130928 -3.95291e-05 -2.58788e-05  -0.00015249 -0.000525624   4.5774e-05 1.0061      0      0
              6.8002   0.147445 -0.0936353 -0.0665291  0.00102577  0.00940059 -0.00299783 -0.000336121    0.0079121   -0.0195051  0.000125236 -2.79653e-05  -1.9341e-05 -0.000128527  -0.00061179   0.00010167 1.0061      0      0
             6.90005 0.0963017 -0.022326 -0.023237  0.000710167   0.00651319 -1.09736e-05 -0.0018419 -0.0101135 0.00160067  0.000133603 -3.95972e-05 -2.64009e-05 -0.000119072 -0.000535595  4.27778e-06 1.00602       0       0
             6.90005   0.121643 -0.0900586 -0.0561113  0.00111591  0.00789541 -0.00212399 0.00212845 0.00282214 -0.0142223  0.000131189 -3.06117e-05 -2.19267e-05 -0.000141332 -0.000599237  8.36075e-05 1.00603       0       0
             6.99989  0.0942952 -0.0243008 -0.0241869  0.000280535   0.00694497 -0.000757352 -0.00324611 -0.00427023 -0.00251355  0.000136532 -4.01516e-05 -2.69906e-05 -0.000115703 -0.000569985  2.38219e-05 1.00702       0       0
             6.99989   0.101016 -0.0986472 -0.0629638 0.000661357  0.00731071 -0.00230915 -0.000147585 -0.000782229   -0.0139665  0.000136209 -3.05177e-05 -2.16988e-05 -0.000132294 -0.000585772  7.92823e-05 1.00703       0       0
             7.10014   0.102728  -0.021262 -0.0248527 0.000458658  0.00902603 0.000330985 -0.000657977   0.00641587   0.00287867  0.000139257  -4.2018e-05 -2.72047e-05 -0.000129575 -0.000625951   -4.804e-06 1.00659       0       0
             7.10014   0.127225 -0.0982374 -0.0722305 0.00164129  0.0118445 -0.0027272  0.0103118  0.0297729 -0.0177581  0.000138791 -3.20628e-05 -2.01289e-05 -0.000181485 -0.000730797  9.31795e-05 1.00661       0       0
             7.19998  0.0931243 -0.0225091 -0.0237498 0.000607144   0.0071755 -0.00030883 -0.000614086  -0.00579135 -0.000574361  0.000140888 -4.28167e-05 -2.77264e-05 -0.000131357 -0.000577403  1.37216e-05 1.00683       0       0
             7.19998   0.126787  -0.100974 -0.0585533  0.00130002  0.00785211 -0.00311698 0.00492289 0.00115255 -0.0214718  0.000136746 -3.23721e-05 -2.29417e-05 -0.000161208 -0.000611949   0.00011734 1.00683       0       0
             7.29981  0.0946442 -0.0204977 -0.0198512  0.00141439  0.00615044 -0.00115896  0.00289234 -0.00955138 -0.00347978  0.000142644 -4.35164e-05  -2.8684e-05 -0.000151241 -0.000570468  3.01542e-05 1.00719       0       0
             7.29981   0.130481  -0.104191 -0.0656074  0.00104098  0.00802024 -0.00353562 -0.000375132     0.006897   -0.0215362  0.000140171 -3.15657e-05 -2.23564e-05 -0.000139044 -0.000646733  0.000117762 1.0072      0      0
             7.40046   0.100095  -0.013816 -0.0272336 0.00080503 0.00980259 0.00129694 -0.000420691   0.00951939   0.00847367  0.000147228 -4.45179e-05 -2.78765e-05  -0.00013706 -0.000669817 -2.58887e-05 1.00774       0       0
             7.40046   0.137096  -0.106173 -0.0551501  0.00232548  0.00946478 -0.00305197  0.0105379 0.00797589  -0.021082  0.000141333 -3.24173e-05 -2.37404e-05 -0.000190929 -0.000663457  0.000115927 1.00777       0       0
              7.5003  0.0925317 -0.0206034 -0.0207618 0.000379033  0.00586219 -0.00104635 -0.00411025  -0.0149231 -0.00445905  0.000146954 -4.34293e-05 -2.92502e-05 -0.000123018 -0.000571736  3.69821e-05 1.00697       0       0
              7.5003   0.141773   -0.10559 -0.0531875  0.00149095  0.00748482 -0.00391699   0.00667194 -0.000322069   -0.0248803  0.000140544 -3.12007e-05 -2.43118e-05 -0.000179717 -0.000644418  0.000139056 1.007     0     0
             7.60014  0.0906876 -0.0197273 -0.0215608  0.000975106   0.00673626 -0.000377427  0.00153243 -0.00542606 0.000400493  0.000149629 -4.41309e-05 -2.94838e-05 -0.000150899  -0.00062829  1.33402e-05 1.00721       0       0
             7.60014   0.126944  -0.101465 -0.0633745  0.00137602  0.00868911 -0.00306746 0.00568455  0.0114218 -0.0189903  0.000144929 -3.18409e-05 -2.31209e-05 -0.000175236 -0.000713157  0.000113323 1.00722       0       0
             7.70005    0.10263 -0.0204599  -0.029941  0.000360837   0.00911411 -0.000135516 -0.00212568  0.00572132  0.00159381  0.000151351 -4.46686e-05 -2.89905e-05 -0.000137258 -0.000697799  9.52285e-06 1.00752       0       0
             7.70005   0.117306  -0.103275 -0.0651083  0.00180681  0.00974893 -0.00320366  0.0101788  0.0123829 -0.0192687  0.000149364 -3.24974e-05 -2.35912e-05 -0.000202497 -0.000731353   0.00011839 1.00754       0       0
             7.79988  0.0975292 -0.0187451 -0.0242069  0.000701824   0.00751974 -0.000552124  -0.00105434  -0.00545793 -0.000812474   0.00015377 -4.52457e-05 -3.01447e-05 -0.000148647 -0.000651792  2.09326e-05 1.00758       0       0
             7.79988   0.146164 -0.0988958 -0.0655937 0.000996894  0.00873294 -0.00303554 0.00180718 0.00478229 -0.0187042  0.000146651 -3.30445e-05 -2.38115e-05 -0.000166494 -0.000704818  0.000114838 1.00759       0       0
             7.90013   0.102887 -0.0118371 -0.0282453 2.83565e-05   0.0089528  0.00160777 -0.00316284  0.00232684  0.00874157  0.000155364 -4.64192e-05 -2.99358e-05 -0.000138692 -0.000698581 -2.81443e-05 1.00715       0       0
             7.90013   0.131215 -0.0990358  -0.057711 7.43186e-05  0.00800598 -0.00241317 -0.00552979 -0.00546141  -0.0190481  0.000150741 -3.28036e-05  -2.5365e-05 -0.000130948 -0.000659936  0.000117921 1.00716       0       0
             7.99996   0.102915 -0.0169876 -0.0228206  0.000589053   0.00726334 -0.000940394 -0.000534008  -0.00725044  -0.00551791  0.000158402 -4.57656e-05 -3.11258e-05 -0.000155824 -0.000656908  4.43859e-05 1.0073      0      0
             7.99996   0.145346  -0.081364 -0.0581033 0.000860116  0.00827663 -0.00211788 0.00195396 0.00126513  -0.013718  0.000152253 -3.59332e-05 -2.56642e-05 -0.000171586 -0.000702531  8.84778e-05 1.00731       0       0
             8.09979  0.0895575 -0.0210915  -0.022995  -0.00018935   0.00671664 -0.000415265   -0.0045774  -0.00826181 -0.000971153  0.000161961 -4.58684e-05 -3.16803e-05 -0.000139989 -0.000662145  2.00224e-05 1.00781       0       0
             8.09979   0.120885 -0.0936753 -0.0685696 4.85103e-05  0.00832282 -0.00245101 -0.00159046  0.00593503  -0.0158978  0.000158434 -3.50824e-05 -2.46861e-05 -0.000157988 -0.000735005  9.95146e-05 1.00781       0       0
             8.20043  0.0925555 -0.0184721 -0.0229358 0.000994022  0.00797564 0.000544861  0.00395421 0.000383931  0.00351984  0.000164389 -4.78368e-05 -3.19662e-05 -0.000182537 -0.000715805 -5.14528e-06 1.00784       0       0
             8.20043   0.145585  -0.104854 -0.0564823 0.00184765 0.00896385 -0.0028989  0.0101547 0.00965293 -0.0206335  0.000157142 -3.52364e-05 -2.68857e-05 -0.000217574 -0.000763917  0.000122252 1.00786       0       0
             8.30028  0.0907284 -0.0191736 -0.0250049 0.000845387  0.00616618 0.000121317  9.85851e-05  -0.00953378 -0.000101095  0.000165204 -4.82996e-05 -3.28183e-05 -0.000168348 -0.000675831  1.13841e-05 1.008     0     0
             8.30028   0.124661 -0.0999076 -0.0589166  0.00202503  0.00774617 -0.00276749  0.0107593 0.00553787 -0.0212502  0.000161434 -3.69772e-05 -2.76431e-05    -0.000225 -0.000751951  0.000122169 1.008     0     0
             8.40012   0.103617 -0.0181377 -0.0179719   0.00124504   0.00614931 -8.70274e-05   0.00216927  -0.00600756 -0.000575506  0.000166524 -4.91985e-05 -3.43796e-05 -0.000178893 -0.000699698  1.58138e-05 1.00714       0       0
             8.40012   0.136942 -0.0902883 -0.0414913  0.00298377  0.00698538 -0.00192243   0.018051 0.00265686 -0.0134584  0.000162202 -3.96068e-05 -3.07864e-05 -0.000261527 -0.000744261   8.3346e-05 1.00715       0       0
             8.49996  0.0978344 -0.0185243 -0.0148071   0.00124035   0.00500151 -0.000759151 0.000861537 -0.00968732 -0.00300151  0.000170134 -4.90558e-05   -3.526e-05 -0.000171989 -0.000689126  2.92859e-05 1.0078      0      0
             8.49996   0.121013  -0.104748 -0.0690779  0.00114682  0.00710279 -0.00335253 0.00132463 0.00828715 -0.0216862  0.000168284 -3.59277e-05 -2.69503e-05 -0.000178114 -0.000780383  0.000127851 1.0078      0      0
              8.5998  0.0982354 -0.0159531 -0.0279516  0.0015934  0.0100483 0.00144475 0.00332588   0.016551  0.0074352  0.000174628 -5.04144e-05  -3.3917e-05 -0.000188987 -0.000833708 -2.65207e-05 1.00801       0       0
              8.5998   0.103872  -0.104603 -0.0742062  0.00195773   0.0107585 -0.00248995 0.00496305  0.0226505 -0.0194257  0.000174425 -3.70389e-05 -2.68451e-05 -0.000201274 -0.000864003  0.000114718 1.00804       0       0
             8.70012  0.0974767 -0.0186059 -0.0261794  0.00079131  0.00867013 -0.00156914 -0.00312182  0.00109368 -0.00792028  0.000175918  -4.9166e-05 -3.45939e-05 -0.000157236 -0.000766141  5.46611e-05 1.00795       0       0
             8.70012   0.115814 -0.0817832 -0.0639196 0.000963279   0.0100759 -0.00210041 -0.000787235    0.0125738   -0.0114361  0.000174486 -3.98462e-05 -2.88315e-05 -0.000171437 -0.000824337  7.32287e-05 1.00797       0       0
             8.79996  0.0955912 -0.0240964 -0.0198111 -0.000888451   0.00568932  -0.00110789  -0.0111268  -0.0151713 -0.00225173  0.000177184 -4.82645e-05 -3.60126e-05 -0.000122863 -0.000697866  2.91983e-05 1.00934       0       0
             8.79996   0.127294  -0.105068 -0.0759594  0.00012247  0.00732579 -0.00328581 -0.000768774  4.55129e-05   -0.0183685  0.000174214 -3.71551e-05 -2.73789e-05 -0.000177927 -0.000774904   0.00011381 1.00935       0       0
             8.89979    0.100044 -0.00945464  -0.0265869 0.00149959  0.0103622 0.00421697 0.0082371 0.0127944 0.0223571  0.000181571 -5.37497e-05 -3.46778e-05 -0.000217375 -0.000851136 -9.55965e-05 1.00804       0       0
             8.89979  0.137857 -0.085484  -0.05911   0.00162773      0.01065 -0.000494766  0.00748188   0.0151405 -0.00967275  0.000175913 -4.19757e-05   -2.969e-05 -0.000217183 -0.000863765  7.25118e-05 1.00806       0       0
             9.00043  0.0991318 -0.0149205 -0.0228734 -0.00047533  0.00567513 -1.7018e-05 -0.00699332  -0.0160374 -0.00404286  0.000180419 -5.15323e-05 -3.60148e-05 -0.000141189  -0.00071636  4.28411e-05 1.00945       0       0
             9.00043   0.118568 -0.0930571 -0.0587299 0.00064261 0.00682722 -0.0026895  0.00355332 -0.00499008  -0.0234144  0.000178841 -4.08742e-05 -3.05744e-05 -0.000197891 -0.000772667  0.000145293 1.00946       0       0
             9.10027  0.0972036 -0.0245101 -0.0195938 0.000956156  0.00648903 -0.00131256  0.00424344 -0.00540368 -0.00760803  0.000184491 -5.23439e-05 -3.70908e-05 -0.000195848 -0.000777396  6.19588e-05 1.00889       0       0
             9.10027  0.120731 -0.112709 -0.065042  0.00153265  0.00870007 -0.00419815  0.0103868  0.0141522 -0.0285091  0.000183849 -4.00079e-05 -3.01838e-05 -0.000230273 -0.000876242  0.000172454 1.0089      0      0
             9.20011   0.101018 -0.0211815 -0.0274155  0.00148022  0.00902964 -0.00147737  0.00569553  0.00815411 -0.00539899  0.000189419 -5.32202e-05 -3.65954e-05 -0.000202164 -0.000851337  4.82366e-05 1.00892       0       0
             9.20011   0.137933  -0.100097 -0.0630077  0.00228873  0.00989375 -0.00373058  0.0123986  0.0157671 -0.0206532   0.00018517 -4.25518e-05  -3.1265e-05 -0.000238415 -0.000889905  0.000127724 1.00894       0       0
             9.29994  0.0938337 -0.0274258 -0.0183593 0.000290823  0.00640181 -0.00117528  -0.0043294 -0.00932791 -0.00222631  0.000189919 -5.18732e-05 -3.80578e-05 -0.000158859 -0.000775355  3.03272e-05 1.0094      0      0
             9.29994   0.106933 -0.0995054 -0.0700522  0.0009751 0.00791797 -0.0024866 0.00250081 0.00505252  -0.012172  0.000190282 -4.20725e-05 -3.02022e-05 -0.000195284 -0.000846442  8.18648e-05 1.00941       0       0
             9.39977    0.10488  -0.017638 -0.0238584 0.00094664 0.00787047 0.00111604   0.00192239 -1.61729e-05   0.00860193  0.000192585 -5.47696e-05  -3.7977e-05 -0.000188245 -0.000834477 -2.47164e-05 1.00927       0       0
             9.39977   0.136405  -0.096721 -0.0696982   0.0014295  0.00987217 -0.00213035 0.00624896  0.0165842 -0.0136348   0.00019034 -4.33795e-05 -3.09627e-05 -0.000213201 -0.000917534   9.0758e-05 1.00931       0       0
             9.50041    0.102592 -0.00991268  -0.0244715 -8.47929e-05   0.00823468    0.0018271 -0.00333704 -0.00114096   0.0070728  0.000195772 -5.52007e-05 -3.81958e-05 -0.000159663  -0.00084375 -2.09392e-05 1.00861       0       0
             9.50041   0.129878 -0.0951749 -0.0630626 0.00135763 0.00893346 -0.0025735 0.00822872 0.00582994 -0.0226436  0.000192723 -4.40966e-05 -3.23707e-05  -0.00022137 -0.000879104   0.00013441 1.00863       0       0
             9.60027   0.099731 -0.0197172 -0.0235846  0.000651612   0.00600448 -7.57086e-05 0.000745066  -0.0124052 -0.00349829  0.000197171 -5.52086e-05 -3.94172e-05 -0.000180614 -0.000798977  3.45111e-05 1.00913       0       0
             9.60027   0.121775 -0.0951823 -0.0557916  0.00228559  0.00712109 -0.00217191    0.0157054 -0.000830107   -0.0188509  0.000195819 -4.63753e-05 -3.45357e-05 -0.00025757 -0.00085677 0.000114623 1.00914       0       0
             9.70017   0.103577 -0.0184373 -0.0182504  0.00189638  0.00536163 0.000115103   0.00604515  -0.00989933 -0.000332794  0.000200129 -5.72043e-05 -4.10669e-05 -0.000209648 -0.000814047  2.27897e-05 1.00961       0       0
             9.70017   0.136952 -0.0981394 -0.0637679  0.00240602   0.0083576 -0.00255276  0.0126333  0.0157365 -0.0192635  0.000200175 -4.65466e-05 -3.40959e-05 -0.000246373 -0.000944134  0.000122776 1.00962       0       0
             9.80001  0.0939831 0.00233936 -0.0271184 0.000503518  0.00800576  0.00195541 -0.00268529  0.00585836  0.00763544  0.000205461 -5.69519e-05  -4.1025e-05 -0.000164474 -0.000897248 -1.83795e-05 1.00908       0       0
             9.80001   0.126182 -0.0774416 -0.0579807  0.00151773   0.0077844 -0.00257338 0.00410339 0.00559969 -0.0244301  0.000200605 -4.65165e-05 -3.64588e-05 -0.000201482 -0.000896335  0.000147892 1.0091      0      0
             9.89984  0.0980735 -0.0168981 -0.0216583 5.80436e-05  0.00710754 -0.00178005 -0.00180368  -0.0025237  -0.0103976  0.000207723 -5.51201e-05 -4.26538e-05 -0.000157744 -0.000868515  7.91939e-05 1.01018       0       0
             9.89984   0.134532   -0.10701 -0.0704875  0.00166934  0.00810096 -0.00519751  0.0130574 0.00775889 -0.0350364  0.000204146  -4.4457e-05 -3.53298e-05 -0.000233818 -0.000919461  0.000205857 1.01019       0       0
             10.0005    0.10432 -0.0182245 -0.0261347   0.00140497   0.00892079 -0.000782319  0.00664711    0.004946 -0.00185286  0.000212045 -5.79724e-05  -4.2197e-05 -0.000202864 -0.000921288  3.44748e-05 1.00995       0       0
             10.0005   0.131439 -0.0951202 -0.0610855  0.00249825  0.00885538 -0.00313295   0.014987  0.0051198 -0.0179112  0.000207471 -4.66825e-05 -3.64924e-05 -0.000247318  -0.00092302  0.000117146 1.00996       0       0
             10.1003  0.0954208 -0.0147789 -0.0217859   0.00169891   0.00643543 -0.000458799 0.00132914 -0.0116899 0.00108548   0.00021384 -5.85073e-05 -4.32738e-05 -0.000194765 -0.000856599  2.41205e-05 1.0101      0      0
             10.1003   0.129335 -0.0984023 -0.0617529 0.000921011  0.00785282 -0.00358755  -0.00577693 -0.000338842   -0.0216489  0.000208709  -4.4498e-05 -3.66994e-05 -0.000161408 -0.000917092  0.000147505 1.0101      0      0
             10.2002  0.0941828  -0.012735 -0.0160808  0.000259598   0.00643794 -5.10553e-05 -0.00197824 -0.00660652  0.00192982  0.000216706 -5.83335e-05 -4.39171e-05 -0.000152659 -0.000880707  1.62376e-05 1.00984       0       0
             10.2002   0.099166 -0.0954343  -0.053426  0.00202233  0.00659875 -0.00281157   0.0134878 -0.00367124  -0.0177979  0.000215698 -4.41821e-05 -3.76901e-05 -0.000240767  -0.00089687  0.000127122 1.00987       0       0
                10.3  0.0894734 0.00240282 -0.0274415   0.00104105   0.00804778 -0.000363089  0.00247445  0.00275638 -4.4321e-05  0.000219052 -5.97587e-05 -4.37968e-05  -0.00019129 -0.000943758  2.79424e-05 1.01016       0       0
                10.3   0.114257 -0.0769869 -0.0623978  0.00194888  0.00811236 -0.00255962 0.00907842 0.00440479 -0.0150721  0.000215029 -4.66475e-05 -3.80041e-05 -0.000231336 -0.000953627  0.000113865 1.01016       0       0
             10.3999   0.120928 -0.0160523   0.011498  0.000600289   0.00672733 -2.72339e-05 -0.0133608 -0.0102701 0.00186901  0.000222059 -5.92651e-05 -4.46917e-05 -0.000179717 -0.000907923  1.96377e-05 1.01102       0       0
             10.3999   0.152518  -0.104402 -0.0261421  0.00140254  0.00894442 -0.00298496 -0.00494183   0.0100719  -0.0205844  0.000217319 -4.49041e-05 -3.84799e-05 -0.000229491  -0.00101958  0.000147846 1.01102       0       0
             10.5001  0.275763 -0.135673  0.111064  -0.00242266   0.00718744 -0.000647037  -0.0207716  -0.0116764 -0.00022126  0.000222981 -5.58704e-05 -4.55087e-05 -0.000115109 -0.000942244  4.16512e-05 1.00982       0       0
             10.5001  0.288702 -0.191607  0.075181 -0.000437307   0.00695366  -0.00177263 -0.00272858  -0.0120543 -0.00825993  0.000220832 -4.70049e-05 -3.96197e-05  -0.00021571 -0.000940529  8.74386e-05 1.00983       0       0
             10.5999  0.553833 -0.335488 0.0883389 -0.000529823   0.00648307  -0.00239807  0.00473999 -0.00423634 -0.00727699  0.000224358  -5.4338e-05 -4.50636e-05 -0.000209788 -0.000948147  8.22076e-05 1.01092       0       0
             10.5999  0.586435 -0.392536 0.0462377 0.000528242  0.00807602  -0.0038458  0.0158056  0.0105501 -0.0177354  0.000219368  -4.5083e-05 -3.81368e-05 -0.000272679  -0.00102951  0.000142134 1.01092       0       0
             10.6998   0.78824 -0.381843 -0.318441 -0.000326987   0.00517655  -0.00227805 0.00653916 -0.0202099 0.00251284  0.000227825 -5.60356e-05 -3.88399e-05 -0.000188111 -0.000930847  6.38684e-05 1.01053       0       0
             10.6998  0.817702 -0.429544 -0.343863  0.00182432  0.00588107 -0.00341398   0.0269001  -0.0121021 -0.00547988  0.000223082 -4.84635e-05 -3.47282e-05 -0.000301404 -0.000975941  0.000110371 1.01055       0       0
             10.8005   2.09975 0.0824254 -0.395186  0.0037114 0.00347057 0.00488813  0.0392677 -0.0495621  0.0533295  0.000221196 -6.68956e-05 -4.07772e-05  -0.00026718  -0.00100287 -7.33726e-05 1.0111      0      0
             10.8005     2.147 0.0106427 -0.407827 0.00516544  0.0049369   0.000701  0.0504932 -0.0373935  0.0258488  0.000213602 -5.51803e-05 -3.89946e-05 -0.000331888  -0.00106988  8.56489e-05 1.01111       0       0
             10.9003   3.40268  0.778939 -0.905318 0.00675336 0.00139058 0.00100585 0.0269051 -0.030847 0.0122156   0.00021416 -6.97138e-05 -3.46593e-05 -0.000218069   -0.0010608  0.000120671 1.01357       0       0
             10.9003    3.4184  0.700917 -0.915624  0.00788779  0.00197403 0.000519234  0.0357252 -0.0260572 0.00952106   0.00021198 -5.74412e-05 -3.36605e-05 -0.000269563  -0.00108758  0.000136888 1.01355       0       0
             11.0002  3.17148 0.846964 -1.60546  0.00567318 0.000742468   0.0126554 -0.0114352  0.0052855   0.113909  0.000223733 -6.79457e-05 -3.38207e-05 -0.00016443 -0.00108337 -6.1873e-05 1.01193       0       0
             11.0002  3.08266  0.75303 -1.62866   0.00742611 -0.000311505   0.00846447    0.0015544 -0.000677488    0.0847442  0.000237939 -5.34123e-05 -3.09068e-05 -0.000241426  -0.00103954  0.000101607 1.01191       0       0
                11.1   1.78742 -0.308254   -2.0747 0.00390432 0.00268529  0.0330663 -0.0411006  0.0213206   0.248697  0.000258271 -6.88974e-05 -2.84868e-05 -0.000205507  -0.00110536 -0.000115502 1.0121      0      0
                11.1   1.86938 -0.462233  -2.03304   0.005269 0.00262729  0.0283142 -0.0313643  0.0221441   0.217048  0.000244847 -4.44255e-05 -3.65856e-05 -0.00026844 -0.00110436 6.36882e-05 1.01208       0       0
             11.1999  1.47942 -2.24093 -1.69197 -0.00111385  0.00514639   0.0579683 -0.0578477  0.0334476   0.270097  0.000252717 -4.24617e-05 -4.47818e-05  -0.00020908  -0.00110055 -6.72956e-05 1.00852       0       0
             11.1999  1.57829 -2.26408 -1.69577  0.0018216 0.00336277  0.0510589 -0.0366807  0.0211151   0.223903  0.000235053 -4.03315e-05 -4.43537e-05 -0.00032926 -0.00102863 0.000192818 1.00851       0       0
             11.3001  1.32023 -3.39641 -1.74548 -0.00657349  0.00220053   0.0762451 -0.0702895  0.0155234   0.243642  0.000242164  -5.0561e-05 -4.51006e-05  -0.00021223 -0.000930401  0.000132208 1.00577       0       0
             11.3001  1.33661 -3.42098 -1.78709 -0.00508048  0.00130328   0.0740732 -0.0577175 0.00964225   0.228658  0.000239289 -4.71971e-05 -3.82216e-05 -0.000281821 -0.000898143  0.000219076 1.00578       0       0
             11.3999  1.10489  -3.9822 -2.08852  -0.012278 0.00625258   0.104885 -0.0639904  0.0182435    0.31836  0.000248782 -5.97818e-05 -3.79862e-05 -0.000262575  -0.00100062  0.000105805 1.00438       0       0
             11.3999   1.1837 -3.99877  -2.1223 -0.0109027 0.00627016   0.103335 -0.0512443  0.0191089   0.307054  0.000235797 -5.80607e-05 -3.22495e-05 -0.000331594  -0.00100972  0.000176029 1.00437       0       0
             11.5002  1.08985 -3.37777 -2.73569 -0.0185698 0.00729079   0.145565 -0.0415087 0.00643135   0.428158  0.000246662 -7.13854e-05 -3.45495e-05 -0.000231706  -0.00101759  1.98241e-07 1.0024      0      0
             11.5002  1.14607 -3.34858 -2.76616 -0.0166314 0.00755866   0.144736 -0.0231425  0.0105945   0.422428  0.000238586 -7.89664e-05 -2.94472e-05 -0.000327822  -0.00104562  4.08597e-05 1.00239       0       0
                11.6 0.753582 -2.14092 -2.89718 -0.0199848  0.0141023   0.197349 -0.0299544  0.0524655   0.534728   0.00025639 -9.76814e-05 -3.40578e-05 -0.000325196  -0.00115696  -0.00010965 1.00652       0       0
                11.6 0.810056 -2.24217 -2.86786 -0.0188045  0.0124851   0.193443 -0.0228634  0.0400084   0.506812  0.000245055 -8.22005e-05 -3.89818e-05 -0.000361377  -0.00109045  5.14399e-05 1.00651       0       0
             11.6999 0.696279 -2.05539 -2.75765 -0.0254839  0.0170223   0.253601 -0.0364501  0.0569803   0.611739  0.000257238 -7.80795e-05  -4.4157e-05 -0.000247173  -0.00106336 -7.97111e-05 1.01074       0       0
             11.6999 0.773307 -2.11265 -2.76406 -0.0224128  0.0167639     0.2489 -0.00914864   0.0579378    0.578867  0.000244637 -7.20961e-05 -4.30509e-05 -0.000387404    -0.001076  0.000114087 1.01073       0       0
             11.8002 0.743699 -2.41417  -2.6899 -0.026785 0.0233389  0.316596 -0.021276 0.0634992  0.674377  0.000255574 -7.69528e-05 -4.94663e-05 -0.000287084  -0.00107816 -3.45291e-05 1.0102      0      0
             11.8002 0.791064 -2.50743 -2.72813 -0.0232868  0.0220088   0.310491 0.00839509  0.0556839    0.63084  0.000247221 -6.52061e-05 -4.32201e-05 -0.000444806   -0.0010423  0.000219814 1.01018       0       0
                11.9 0.658446 -2.68985 -2.22909 -0.0266542  0.0267156   0.386057 -0.0215273   0.065424   0.715623  0.000256551 -7.43434e-05 -4.99721e-05 -0.000360209 -0.000998257 -3.09788e-05 1.01007       0       0
                11.9 0.720305 -2.76155 -2.24664 -0.0259422  0.0281769   0.377738 -0.0161878  0.0775626   0.653406  0.000247875 -6.29498e-05 -4.71981e-05 -0.000376037  -0.00106323  0.000326749 1.01001       0       0
             11.9999  0.35458 -3.32777 -1.50257 -0.0275616  0.0382772    0.45324 -0.0138756  0.0937095   0.698186  0.000265709 -7.15378e-05 -5.65841e-05 -0.000391923  -0.00111184  9.50387e-05 1.01156       0       0
             11.9999 0.439482 -3.37111 -1.55152 -0.0289977  0.0381432   0.451445 -0.0287549  0.0909568   0.684313  0.000251039 -6.15548e-05 -4.84548e-05 -0.000307253  -0.00109524    0.0001718 1.01157       0       0
             12.1001 -0.0537937    -3.5264  -0.928052 -0.0315093  0.0414541    0.52839 -0.0172979  0.0641096   0.689782  0.000261063 -7.19842e-05 -5.87957e-05  -0.00032129   -0.0009405 -8.41687e-05 1.01404       0       0
             12.1001  0.024058   -3.5483 -0.997141 -0.0334745   0.043489   0.523209 -0.0356992  0.0791602   0.651734  0.000251658 -6.45334e-05 -4.75079e-05 -0.000207765  -0.00102147  0.000129319 1.01401       0       0
             12.1999 -0.373897   -3.0991 -0.482087 -0.037267 0.0581999  0.595523 -0.0390744   0.101082   0.670303  0.000267451 -8.28892e-05 -5.61426e-05 -0.000219324  -0.00121039  -6.1691e-05 1.01376       0       0
             12.1999 -0.356761  -3.20271 -0.539682 -0.0357396  0.0556688   0.589139 -0.0303056   0.081122   0.625448  0.000261641 -6.77138e-05 -4.64094e-05 -0.000259203   -0.0011031   0.00019517 1.01369       0       0
             12.2998  -1.03334  -3.62827 -0.658885 -0.0367948  0.0571506   0.658724 -0.0200467  0.0521879   0.637099  0.000265071 -7.48608e-05 -5.43328e-05 -0.000328967 -0.000945375  2.60726e-06 1.01434       0       0
             12.2998  -1.00143  -3.71151 -0.740343 -0.0382222  0.0568946   0.651784 -0.0367252  0.0484348   0.584437  0.000259833  -5.8737e-05 -4.06126e-05  -0.00022536 -0.000926622  0.000294713 1.01427       0       0
             12.4004 -1.81315 -3.49673 -1.40025 -0.035226 0.0693742  0.718591 0.0251795 0.0935056  0.580916  0.000273548 -7.41498e-05 -4.98972e-05 -0.000383336  -0.00111421  5.06948e-05 1.01616       0       0
             12.4004 -1.78238 -3.49441 -1.48141 -0.036691 0.0705088   0.71308 0.0103604  0.100514   0.53989  0.000270383 -7.25146e-05 -3.66577e-05 -0.000287959  -0.00115565  0.000277869 1.0161      0      0
             12.5003 -2.37119 -3.34071 -2.25599 -0.0322992    0.08004   0.778222 0.0446398  0.117668  0.548503  0.000282476 -8.82241e-05 -4.47814e-05 -0.000363036  -0.00112318 -4.54483e-05 1.01873       0       0
             12.5003  -2.2601 -3.44933 -2.29801 -0.0331172  0.0828779   0.768289 0.0348657  0.139063  0.475563  0.000268446 -6.92839e-05 -3.75134e-05 -0.000286809  -0.00125253  0.000360724 1.01864       0       0
             12.6001 -2.12891 -3.94087 -2.81054 -0.032302 0.0951975  0.825444 0.0239793  0.169963  0.461477  0.000275869 -7.69971e-05 -4.92708e-05 -0.000233298  -0.00114276  4.66817e-05 1.02071       0       0
             12.6001 -2.02851 -4.00859 -2.85883 -0.0321608  0.0969115   0.819822 0.0244705  0.183509  0.418943  0.000262876 -6.65529e-05 -4.13592e-05 -0.000221532  -0.00122787  0.000282237 1.0207      0      0
                12.7 -1.97389 -5.14062 -3.21228 -0.0261169   0.112194   0.867427 0.0341003  0.186221  0.372756   0.00027396 -7.15442e-05 -5.22173e-05 -0.000341025  -0.00111829   4.2001e-05 1.02044       0       0
                12.7 -1.89137 -5.16559 -3.28362 -0.0278263   0.113705    0.86231 0.0178638  0.197732  0.332826  0.000263829 -6.48787e-05  -4.0688e-05 -0.000238189  -0.00118659   0.00025477 1.02043       0       0
             12.7998 -1.49891 -6.63112 -3.38926 -0.0220377   0.130768   0.900017 0.0405434  0.177121  0.281556  0.000274287 -7.09357e-05 -5.48994e-05 -0.000360287  -0.00113164  5.02823e-05 1.01766       0       0
             12.7998  -1.4227 -6.65701 -3.46289 -0.0230339   0.133126   0.894813 0.0302192  0.195508  0.242738  0.000266369 -6.50495e-05   -4.288e-05 -0.00028353 -0.00123691 0.000256257 1.01766       0       0
             12.9005 -0.978498  -7.48311  -3.47555 -0.0186174   0.150302   0.923467 0.0656978  0.169182  0.178431  0.000272031 -7.02787e-05   -5.409e-05 -0.000305639  -0.00119091  3.69254e-05 1.01707       0       0
             12.9005 -0.958307   -7.4726  -3.56168 -0.0195941   0.151894    0.91547 0.054404  0.18088 0.116114  0.000272234 -7.01322e-05 -4.01572e-05 -0.000203771  -0.00126116  0.000374655 1.01704       0       0
             13.0003 -1.44131  -7.6059 -3.89974 -0.00740478    0.167791    0.931948  0.122539  0.154744 0.0744859  0.000284379 -8.51323e-05 -5.09314e-05 -0.000346332  -0.00124266  0.000156659 1.0169      0      0
             13.0003 -1.38503 -7.63723 -3.96894 -0.0077321   0.166851   0.925387  0.115519  0.146101 0.0224558  0.000274768 -7.93372e-05 -3.94067e-05 -0.000276847    -0.001203  0.000439733 1.01688       0       0
             13.1002 -1.92337 -7.45998 -4.56258 0.00325533   0.179746    0.94135  0.155195  0.121379 0.0358198  0.000294245 -8.66494e-05 -5.05299e-05 -0.000260213  -0.00117063  2.12472e-05 1.01685       0       0
             13.1002 -1.82377 -7.44732 -4.65367 0.000792881    0.180438    0.938048    0.13027   0.124443 0.00855583  0.000278491 -8.60848e-05 -3.39196e-05 -0.000103353  -0.00118496  0.000154864 1.01684       0       0
                13.2 -1.91389 -6.76782 -5.68729 0.0217325  0.196006  0.947792  0.206069  0.122986 0.0277606  0.000297971 -0.000104279 -4.39821e-05 -0.000289015  -0.00129821 -9.42617e-05 1.0154      0      0
                13.2 -1.85822 -6.81337 -5.75172 0.0223874   0.19553   0.94166   0.208775   0.118711 -0.0217591  0.000289235 -9.71919e-05 -3.22369e-05 -0.000266697  -0.00128623  0.000204375 1.01535       0       0
             13.2998 -1.62535 -6.68051 -7.15593 0.0429157   0.20615  0.947843  0.229967  0.101825 0.0106626  0.000302133 -0.000101513 -4.13325e-05 -0.000253737  -0.00126311 -3.94534e-05 1.01607       0       0
             13.2998 -1.51257 -6.69219 -7.21315 0.0446207   0.20944  0.943003   0.248303   0.130846 -0.0273707  0.000283433 -9.99072e-05 -3.13426e-05 -0.000314666  -0.00145814  0.000196657 1.01605       0       0
             13.4005 -0.910851  -7.24787  -8.84582 0.0649475  0.219604  0.948825   0.21439  0.127982 0.0444473  0.000303347 -0.000103638 -3.49401e-05 -0.000215546  -0.00133594  2.81539e-06 1.01568       0       0
             13.4005 -0.781126  -7.33293  -8.84919 0.0694253   0.21946  0.940764  0.255059  0.131245 -0.016849  0.000280307  -8.8822e-05 -3.42898e-05 -0.000406563  -0.00140308  0.000403591 1.01564       0       0
             13.5003 -0.347988  -8.13334   -10.517 0.0938664  0.229773   0.94528  0.249967  0.169421 0.0445582  0.000302667 -7.58624e-05 -3.71767e-05 -0.000394961  -0.00124169  0.000299839 1.01602       0       0
             13.5003 -0.253552   -8.0476  -10.5269 0.099295 0.235273 0.941767  0.306575  0.216617 0.0195189   0.00028674 -9.34861e-05 -3.56272e-05 -0.000653419  -0.00157474  0.000482907 1.01603       0       0
             13.6002 -0.181667  -8.16879  -12.0957 0.109919 0.250706 0.962847 0.177861 0.282424 0.133857  0.000317055 -0.000110159 -3.87423e-05 -0.000221543  -0.00116023 -2.24094e-06 1.01311       0       0
             13.6002 -0.0655159   -8.20857   -12.1077 0.113262 0.254099 0.958566 0.210754 0.309946 0.104384  0.000297432 -0.000104182 -3.67081e-05 -0.000358318  -0.00136167  0.000198076 1.01316       0       0
             13.7001 -0.375063  -10.7808  -12.6408 0.134417 0.288105 0.979622 0.195406 0.430815 0.132877  0.000315609 -8.22598e-05 -4.59948e-05 -0.000502133  -0.00126407 -7.92879e-05 1.01607       0       0
             13.7001 -0.311887  -10.7824  -12.6464 0.132768 0.291929 0.975327 0.178462 0.458555 0.103618  0.000305582 -8.10996e-05 -4.53685e-05 -0.000344527  -0.00140713  7.99063e-05 1.01605       0       0
             13.7999 -1.80856 -11.7077 -12.7172 0.152677 0.341347 0.981129  0.236247  0.552397 0.0582628  0.000338838 -7.26905e-05 -5.94277e-05 -0.000310114  -0.00136167  0.000143019 1.01409       0       0
             13.7999 -1.74116 -11.5026 -12.7447 0.154373 0.343792 0.982356  0.256015  0.571673 0.0680422  0.000329612 -0.000111017 -5.50563e-05 -0.00039914 -0.00150419 9.68691e-05 1.01411       0       0
             13.9002 -1.99701 -11.4439 -11.7515 0.171944 0.392861 0.994759  0.216934  0.591157 0.0670398  0.000340359 -0.000109962 -7.20054e-05 -0.000249005  -0.00111551 -0.000117233 1.01165       0       0
             13.9002 -1.78282 -11.4046 -11.8013 0.171757 0.397557 0.993279  0.215448  0.629347 0.0550417  0.000306788 -0.000116853 -6.40817e-05 -0.000173081  -0.00134467 -6.25651e-05 1.01165       0       0
                  14 -1.21453 -12.2153 -10.8929 0.204368  0.46936  1.00089  0.269753  0.697244 0.0258786  0.000317879 -0.000100096 -8.10756e-05 -0.000496432  -0.00161928 -0.000144576 1.01217       0       0
                  14 -1.08579 -12.1823 -11.0172 0.203392 0.470209 0.995166   0.256105   0.703881 -0.0123874  0.000299683 -0.000105714 -5.94315e-05 -0.000361894  -0.00165129  6.66379e-05 1.01218       0       0
             14.0998 -0.585614  -12.3253  -10.2173 0.214901 0.521022 0.993468   0.195126   0.607519 0.00119336  0.000317825 -0.000104378 -7.07357e-05 -7.49806e-05   -0.0010817   5.9978e-05 1.01291       0       0
             14.0998 -0.479587   -12.313  -10.2909 0.215814 0.520611 0.989897  0.201596  0.604141 -0.025875  0.000301522 -0.000107364 -5.78069e-05 -7.95149e-05  -0.00107951   0.00023164 1.01291       0       0
             14.2005 -0.268526  -11.4517  -8.56238 0.244932 0.585091 0.995719   0.214168   0.547553 0.00569689  0.000320274 -0.000107244 -7.78051e-05 -0.000401704  -0.00136084  5.32669e-05 1.01418       0       0
             14.2005 -0.207894  -11.3652  -8.64306 0.241871 0.584798 0.992289   0.182545   0.544569 -0.0203019   0.00031175 -0.000121099 -6.31276e-05 -0.000186702  -0.00131422  0.000169869 1.01414       0       0
             14.3003 -0.113799  -10.5126  -6.51115 0.265502 0.633821 0.993041    0.159456    0.426342 0.000912939  0.000318378 -0.000130468 -8.47136e-05 -0.000454905  -0.00136994  0.000148051 1.01293       0       0
             14.3003 -0.00724406    -10.5837    -6.58303 0.259508 0.632925 0.993353   0.102841   0.417113 -0.0032284  0.000299411 -0.000113389 -7.06624e-05 -0.000139031  -0.00126811  0.000105265 1.01292       0       0
             14.4001 -0.908866  -10.6442  -4.84831  0.26393 0.661949  1.00985 0.0396305  0.233862 0.0652796  0.000322113 -0.000108293 -8.63926e-05  -0.00018263  -0.00113196 -0.000326819 1.01723       0       0
             14.4001 -0.854354  -10.6593  -4.98355 0.260513 0.661575  1.00368 0.00353057   0.229245  0.0188178  0.000314372  -0.00010139 -6.14674e-05  7.18112e-05  -0.00108527 -8.81059e-05 1.01719       0       0
                14.5 -1.83203 -10.1327 -4.49462 0.264298 0.674224  1.00349   -0.0357102    0.0286026 -0.000709485  0.000332389 -0.000109158 -7.76804e-05 -0.000112897  -0.00110429 -1.81883e-05 1.01528       0       0
                14.5 -1.75099 -10.1444 -4.65611 0.263998 0.675705  1.00013 -0.0398565  0.0395484 -0.0289427  0.000323697 -0.000106908 -4.91136e-05 -5.28037e-05  -0.00117244  0.000144703 1.01527       0       0
             14.5998 -2.61974 -10.4196 -6.12436  0.26023 0.665394 0.997573 -0.0996201  -0.174175 -0.0222925  0.000341365 -0.000112906 -5.84179e-05 -0.000180663  -0.00107676  0.000163751 1.01603       0       0
             14.5998  -2.5383  -10.484 -6.27805 0.258395  0.66602 0.997427  -0.118221  -0.170992 -0.0245559  0.000332128 -0.000100039 -3.04186e-05 -7.40381e-05  -0.00108939  0.000156671 1.01603       0       0
             14.7001 -2.88293 -11.2679 -9.61212 0.243877 0.633974  0.99829   -0.165046   -0.375023 -0.00798986  0.000348317 -8.92695e-05 -3.26902e-05 -0.000100889 -0.000932866  7.41999e-05 1.01619       0       0
             14.7001 -2.80022 -11.2169 -9.71892 0.243348 0.636262 0.996206  -0.169605  -0.357523 -0.0248082  0.000338515 -9.82656e-05 -1.43174e-05 -4.44405e-05  -0.00104172  0.000164932 1.01619       0       0
             14.7999 -3.33942 -10.7526 -13.9851 0.229793 0.604591  1.00377  -0.190661   -0.43072 0.00797114  0.000362209  -0.00011721 -1.25678e-05 -0.000243611  -0.00134027  -0.00011226 1.01333       0       0
             14.7999 -3.27871 -10.6768 -14.0233 0.229654 0.605738  1.00016  -0.193798  -0.420708 -0.0206604  0.000352576 -0.000130647 -6.17689e-06 -0.00017919 -0.00140841 5.35119e-05 1.01333       0       0
             14.8998 -3.94111 -10.5275 -18.0215 0.204998  0.55737 0.998943  -0.271245  -0.498525 -0.0308343  0.000384196 -0.000129943 -1.66076e-05 -0.000154967  -0.00130739 -6.62479e-06 1.01495       0       0
             14.8998 -3.89512 -10.4509 -17.9694 0.213284 0.567111 0.999739 -0.179771 -0.416333 -0.019653  0.000385811 -0.000157005 -3.01069e-05 -0.000572943  -0.00192471 -2.65358e-05 1.01493       0       0
             15.0004 -3.67091 -10.1236 -22.7346 0.172683 0.504044 0.997293  -0.323756   -0.54291 -0.0199239  0.000384232 -0.000130216 -1.68388e-05 -7.75796e-05  -0.00126409 -5.19223e-05 1.01371       0       0
             15.0004 -3.66428  -9.9803  -22.689 0.178353 0.504789 0.998442   -0.267523   -0.538226 -0.00683968  0.000382318 -0.000163841 -2.77365e-05 -0.000385465  -0.00139333 -8.16312e-05 1.01372       0       0
             15.1002 -3.55783 -9.62096  -26.731 0.139927 0.452421  1.00159 -0.339354 -0.499741 0.0140867  0.000390981 -0.000151383 -2.20837e-05 -0.000123874  -0.00129419 -0.000190218 1.00441       0       0
             15.1002 -3.55179 -9.51118 -26.6392 0.150101 0.460368 0.999287   -0.24968  -0.448694 0.00772078  0.000398009 -0.000183964 -4.25799e-05 -0.000479613  -0.00177783 -0.000113379 1.00441       0       0
             15.2001 -3.82425 -9.09483 -29.8647 0.111807 0.406536  1.01128 -0.297564 -0.416206  0.056068  0.000407069 -0.000162438 -4.59577e-05 -0.000299435  -0.00134172  -0.00035624 1.00753       0       0
             15.2001 -3.83781 -8.90444 -29.7778 0.120241 0.415836  1.00424 -0.232705  -0.35712 0.0169925  0.000419211 -0.000203324 -6.58648e-05 -0.000441268  -0.00183376 -0.000121613 1.00759       0       0
             15.2999 -3.76067  -9.3222 -32.8072 0.0706871  0.360848    1.0154 -0.351917 -0.310555 0.0352339  0.000403091 -0.000168959 -5.71645e-05 -0.000142229 -0.000982386 -0.000325633 1.00564       0       0
             15.2999 -3.68151 -9.29209 -32.7464 0.0807495  0.370293   1.00135  -0.285826  -0.250047 -0.0436762  0.000401547 -0.000180323 -7.04853e-05 -0.000229267  -0.00151297  0.000140589 1.00564       0       0
             15.4002 -3.48787 -9.84614 -34.3632 0.0359183  0.340054   1.00612 -0.330043  -0.14039 -0.026772  0.000406144 -0.000152588 -7.25467e-05 -4.72069e-05  -0.00102575 -7.01323e-05 1.00525       0       0
             15.4002 -3.25598 -9.66366 -34.2871 0.0438018  0.350368  0.991786   -0.28644 -0.0723508  -0.110468  0.000376574 -0.000186276 -9.03416e-05 3.87212e-05  -0.0015453 0.000406231 1.00526       0       0
                15.5 -3.10344  -9.2862 -34.1246 0.0122357  0.346773  0.996454  -0.256739  0.0459507 -0.0595152   0.00041525 -0.000161991 -0.000102288  4.7608e-05 -0.00139868 3.61085e-05 1.00043       0       0
                15.5 -2.96838  -9.0895  -34.049 0.0179893  0.349739  0.993449  -0.212479  0.0597188 -0.0743348  0.000397827 -0.000202327 -0.000117418 -9.65605e-05  -0.00162986  0.000140374 1.00041       0       0
             15.5998 -2.47203 -9.20701  -32.219 -0.0107824   0.349725   0.999909    -0.2122   0.130793 -0.0193937  0.000404213 -0.000173517 -0.000122986 -0.000144902   -0.0012529  -0.00014368 1.00488       0       0
             15.5998 -2.28426 -9.10697 -32.1758 -0.00826438    0.353368    0.992545  -0.201486   0.157906 -0.0652221  0.000377534 -0.000189461 -0.000132301 -5.68918e-05  -0.00144092  0.000113738 1.00487       0       0
             15.6998 -1.62385 -9.49246  -28.748 -0.0336329   0.369225   0.998762  -0.219725   0.236714 -0.0161753  0.000391494 -0.000163566  -0.00014597 -8.46607e-05  -0.00124266 -0.000167692 1.00332       0       0
             15.6998 -1.50908 -9.40351 -28.7592 -0.0288509   0.375248   0.989003  -0.193854   0.281061 -0.0769811  0.000383361 -0.000177994 -0.000145973 1.29021e-07 -0.00156283 0.000175073 1.00335       0       0
             15.8004 -0.0900528   -10.3964   -24.9712 -0.0550128   0.393608   0.992563  -0.230249    0.27855 0.00255483  0.000383783 -0.000151334  -0.00015215 -9.84716e-05  -0.00123706  8.41807e-06 1.00972       0       0
             15.8004 0.0787736  -10.3427  -25.0652 -0.05458 0.395726 0.982816  -0.237165   0.297697 -0.0604905  0.000360496 -0.000157396 -0.000136392 5.82532e-05 -0.00133565  0.00036481 1.00973       0       0
             15.9003 0.874572 -10.2931 -20.3037 -0.0858875   0.421313   0.983962 -0.283386  0.302471 -0.034356  0.000365427   -0.0001409 -0.000151897  9.6125e-05 -0.00112731 0.000206877 1.00649       0       0
             15.9003 0.988456 -10.1944 -20.3809 -0.0834023   0.425421   0.979476  -0.267613   0.332913 -0.0629706  0.000356086 -0.000156955 -0.000139253 0.000131286 -0.00133215 0.000372422 1.00648       0       0
             16.0001 0.589832 -9.68434 -16.3807 -0.112964  0.447183  0.979391 -0.301934  0.259984 -0.038477  0.000377787  -0.00014483 -0.000148573 7.18276e-07 -0.00108024 0.000242321 1.01134       0       0
             16.0001 0.671906 -9.62034 -16.5068 -0.112955  0.451822  0.977572  -0.304659   0.296707 -0.0523077  0.000371993 -0.000152854 -0.000125514 0.000113957  -0.0012742 0.000307637 1.01135       0       0
             16.0999 0.0857492  -9.08134  -12.8839 -0.151202  0.469859  0.979565   -0.387436    0.194384 -0.00835045  0.000383049 -0.000139022 -0.000135137 0.000120051 -0.00101919 0.000149108 1.01635       0       0
             16.0999 0.224271 -9.09544 -12.9751 -0.150374  0.473136  0.978844  -0.380008   0.219507 -0.0135552  0.000361146 -0.000135678 -0.000118315 0.000129315 -0.00118453 0.000182742 1.01637       0       0
             16.2001 -0.294597  -9.16177  -10.0326 -0.196733  0.482299  0.988961 -0.47038 0.107586  0.04278  0.000378521 -0.000124303 -0.000130862  0.000128511 -0.000910407 -0.000115402 1.01858       0       0
             16.2001 -0.141224  -9.20786  -10.1551 -0.195441  0.483964  0.982736   -0.460176    0.121736 -0.00403838  0.000352873 -0.000115906 -0.000108009  0.00013695 -0.00101852 0.000191747 1.01858       0       0
                16.3 -0.579057  -10.2721  -7.88784 -0.242544  0.487459  0.993935  -0.47691 0.0477797 0.0451697  0.000375422 -0.000109202 -0.000120618  1.76038e-05 -0.000857599 -0.000125652 1.0167      0      0
                16.3 -0.427779  -10.3135  -8.02979 -0.243619  0.492793  0.989157  -0.488383  0.0895907 0.00866883   0.00035004 -0.000101242 -9.40756e-05 0.000174293  -0.0011111 9.07777e-05 1.01669       0       0
             16.3998 -0.970814  -11.8022  -5.40886 -0.291834  0.496986  0.996249 -0.475235 0.0985639 0.0441793  0.000373281 -9.24566e-05 -0.000107275  9.86056e-05 -0.000945125 -5.73196e-05 1.0182      0      0
             16.3998 -0.898733   -11.812  -5.50263 -0.294159  0.501096  0.992296 -0.497966  0.129846 0.0134367  0.000362099 -9.06672e-05 -8.95912e-05 0.000302017 -0.00112467  0.00010955 1.01817       0       0
             16.5005 -1.62309 -13.5094 -2.16165 -0.328031  0.526826   1.00454 -0.352534  0.248161 0.0378347   0.00036766 -8.13082e-05 -0.000118094 -0.000113949  -0.00142883 -0.000151058 1.01771       0       0
             16.5005 -1.52154 -13.4497 -2.34972 -0.336509  0.526231   1.00222 -0.430803  0.241435 0.0167496  0.000354635 -9.68292e-05 -8.28083e-05  0.000396856   -0.0013427 -0.000115024 1.01769       0       0
             16.6003 -2.32638 -12.8115 -0.37417 -0.368447  0.547838   1.01534 -0.276866  0.281026 0.0288109  0.000360898  -0.00010237 -0.000102885  0.000157105  -0.00120752 -0.000445482 1.01381       0       0
             16.6003   -2.2516  -12.7336 -0.586665 -0.3726 0.54649 1.00627  -0.324336   0.264986 -0.0458619  0.000355476 -0.000119542  -6.4135e-05  0.000577101  -0.00110493 -2.60026e-05 1.01372       0       0
             16.7002 -2.85864 -11.0716 0.686486 -0.387849  0.568372  0.996552   -0.16849   0.310266 -0.0711076  0.000368075 -0.000131044 -8.87229e-05  0.000247403 -0.000894494  0.000181555 1.01844       0       0
             16.7002 -2.82058 -11.1329 0.554212 -0.391398   0.56988  0.992101  -0.20433  0.318752 -0.106726  0.000365658 -0.000118393 -6.36693e-05  0.000522915 -0.000956066  0.000358046 1.01842       0       0
             16.8001 -3.42792 -10.9718  1.44131 -0.394147  0.612277  0.992019 -0.0529589   0.413549 -0.0630027  0.000368015 -0.000118959 -8.76516e-05 1.84668e-05  -0.0011789 0.000127033 1.02093       0       0
             16.8001 -3.37726 -11.0692  1.30188 -0.402169  0.608524  0.988535  -0.129825   0.380034 -0.0912129   0.00036073 -9.69616e-05 -5.98375e-05  0.000528556 -0.000981955  0.000222179 1.02084       0       0
             16.8999 -4.30434 -10.7613 0.641841 -0.409206  0.652095   1.00242 -0.0518019   0.469273  0.0102647  0.000373565 -0.000105633 -7.15499e-05  0.000296075   -0.0010098 -0.000367121 1.0193      0      0
             16.8999 -4.26731 -10.8013 0.466404 -0.410836  0.654057   0.99266 -0.0705605   0.482737 -0.0699692  0.000374147  -9.9765e-05 -3.86329e-05 0.000514842 -0.00112786 0.000121188 1.01925       0       0
             17.0001  -4.53748  -11.1825 -0.415654 -0.406701  0.718808   1.00324 0.00837944   0.656613   0.033345  0.000380889 -0.000113016 -5.75578e-05  9.47126e-05  -0.00144012 -0.000329523 1.01955       0       0
             17.0001  -4.47408  -11.2555 -0.502853 -0.409825  0.713468  0.994223 -0.0293964   0.608005 -0.0351729  0.000370303 -9.84754e-05 -3.98905e-05 0.000419598 -0.00116668 9.04269e-05 1.01945       0       0
                17.1 -4.63175 -12.2931 -2.21052 -0.404627   0.77181  0.996109   0.052991   0.649787 -0.0342541  0.000375277 -9.07662e-05 -5.77948e-05  0.000224135 -0.000968471 -2.60721e-05 1.01995       0       0
                17.1 -4.62048  -12.298 -2.36463 -0.404289  0.771837  0.987891  0.0520254   0.650204 -0.0917006  0.000379665 -9.25692e-05 -2.81508e-05 0.000305251  -0.0009985  0.00034599 1.01991       0       0
             17.1998 -4.80347  -11.312 -4.54236 -0.390267  0.831582  0.990918   0.132466   0.655165 -0.0110075  0.000401419 -0.000111814 -4.71413e-05  6.23002e-05 -0.000777347  9.18958e-05 1.01614       0       0
             17.1998 -4.66543 -11.2068 -4.62923 -0.39503  0.83798 0.987358  0.0893647   0.701811 -0.0422984  0.000382525 -0.000129667 -3.31874e-05 0.000389625 -0.00108649 0.000209639 1.01609       0       0
             17.3004 -4.12911 -11.1911 -6.00457 -0.366381  0.923477  0.991614   0.27656  0.768456 0.0271196  0.000392014 -0.000131953 -5.40388e-05 -0.000126299  -0.00153211  8.52587e-05 1.0175      0      0
             17.3004 -4.09765 -11.2718 -6.06344 -0.372047  0.923334   0.98672   0.220952   0.764562 -0.0106822  0.000388527 -0.000111465 -4.12979e-05 0.000260705 -0.00149923 0.000264695 1.01746       0       0
             17.4003 -4.14304 -10.3676 -7.58417 -0.355531  0.988913   1.01493  0.285911   0.68362 0.0931344  0.000399367 -0.000118667 -5.98553e-05  0.000389339  -0.00116848 -0.000545833 1.01949       0       0
             17.4003 -4.09415  -10.289 -7.67041 -0.353741  0.985938   1.00436  0.296164  0.658688 0.0129244  0.000389696 -0.000137027 -4.38469e-05  0.000421787  -0.00106456 -6.84627e-06 1.01946       0       0
             17.5001 -3.75251 -10.4068 -9.04339 -0.317141    1.0515   1.01019    0.38313   0.651141 -0.0113065  0.000396897 -0.000142202 -6.02567e-05  0.000274003  -0.00108563 -0.000180222 1.02223       0       0
             17.5001 -3.69929 -10.5331 -9.10508 -0.314579   1.05198   1.00178   0.402705   0.654853 -0.0785358  0.000389221 -0.000122324 -4.77372e-05 0.000237286 -0.00116146 0.000269375 1.02218       0       0
                17.6 -3.37142 -11.6828 -10.2053 -0.260474   1.12117  0.998754   0.553339   0.672327 -0.0651769  0.000409046 -0.000110271 -6.68274e-05 -7.0549e-05 -0.00130841 0.000110542 1.01954       0       0
                17.6  -3.2787 -11.6327 -10.2724 -0.261993   1.12098  0.992979 0.535599 0.670518 -0.10586  0.000393304 -0.000119149 -5.46394e-05 8.97232e-05 -0.00130088 0.000352747 1.01952       0       0
             17.6999 -2.52697 -12.0411  -11.522 -0.214549   1.17544  0.994856    0.542828    0.636023 -0.00688256  0.000405706 -0.000120168 -6.91298e-05  0.000270789 -0.000865056  9.35946e-05 1.01811       0       0
             17.6999 -2.40585 -12.0181 -11.6085 -0.213203   1.17976  0.990506   0.55658  0.672375 -0.040962  0.000390508 -0.000126736 -5.45275e-05 0.000273311 -0.00112837  0.00030793 1.0181      0      0
             17.8001 -1.74177 -12.1545 -12.3633 -0.146638   1.25999   0.99985  0.638725  0.754552 0.0673856  0.000413214 -0.000123151 -7.21137e-05 -3.80792e-05  -0.00147988  6.36766e-05 1.02066       0       0
             17.8001 -1.62087 -12.0417 -12.4316 -0.151434   1.26039  0.999714  0.593104  0.756234 0.0630082  0.000392254 -0.000136872 -5.94785e-05 0.000247785 -0.00143751 3.23037e-05 1.02065       0       0
             17.8999  -1.6132  -11.062 -13.0428 -0.0981379    1.32319    1.01013  0.512161  0.738295 0.0856297 0.000413353 -0.00014908 -6.6002e-05  0.000213001  -0.00100897 -3.67537e-05 1.0215      0      0
             17.8999 -1.51937 -11.0882 -13.0331 -0.0991365    1.32874    1.00622 0.499135 0.783763 0.055397  0.000402495 -0.000140532  -6.9009e-05  0.00038961 -0.00127603 0.000115965 1.02152       0       0
             17.9998 -1.65603 -11.7179 -13.0777 -0.0392227     1.4159    1.03188 0.573919 0.839515 0.142688  0.000436421 -0.000133022 -8.73883e-05  -4.7501e-06  -0.00154604 -0.000393964 1.02443       0       0
             17.9998 -1.54718 -11.7163 -13.1745 -0.0444099    1.41754    1.02474  0.520111  0.853222 0.0938572  0.000420012 -0.000125158 -6.94243e-05  0.000399107  -0.00156364 -0.000153763 1.02438       0       0
             18.1004 -1.30328 -11.9842 -13.6226 -0.000615055      1.49518      1.03233   0.48579  0.841221 0.0287491  0.000425813 -0.000120369 -7.98393e-05  0.000609393  -0.00125133 -0.000215025 1.02133       0       0
             18.1004  -1.1934 -11.9565 -13.6828 0.00150851     1.4921    1.02804     0.50436    0.814075 -0.00605836  0.000404234 -0.000129371 -6.83936e-05 0.000507105 -0.00112438 4.33502e-05 1.0213      0      0
             18.2003 -1.34545 -12.4691 -14.9917 0.0553643   1.57361   1.02176    0.51828    0.82939 -0.0779848  0.000430956  -0.00011969 -7.68378e-05 0.000395675 -0.00111494 0.000114985 1.02105       0       0
             18.2003 -1.24373 -12.4104 -15.1245 0.0578629   1.57543   1.02143   0.543236   0.843488 -0.0786106  0.000419986 -0.000134498 -5.31525e-05 0.000271765 -0.00124388 0.000143502 1.02106       0       0
             18.3001 -0.943652  -11.6714  -17.1401 0.107272  1.65283  1.02861    0.518095    0.810279 -0.00602913  0.000437511 -0.000143779 -6.25844e-05   0.00025695  -0.00102374 -0.000256293 1.02449       0       0
             18.3001 -0.81671 -11.5651 -17.2148 0.108541  1.65804  1.02706   0.532727   0.855352 -0.0201329  0.000425662 -0.000165062 -5.08332e-05  0.000267561  -0.00133417 -0.000169427 1.02452       0       0
             18.3999 -0.618663  -10.2902  -19.0782 0.161267   1.7375  1.02968  0.545965  0.802092 0.0651548  0.000449608 -0.000166521 -6.58088e-05  0.000271026  -0.00118252 -0.000201304 1.02494       0       0
             18.3999 -0.50178 -10.2617 -19.1159 0.161713  1.74199  1.02626  0.547495  0.837007 0.0395958  0.000437321 -0.000169972  -6.0567e-05  0.000359074  -0.00140119 -5.39061e-05 1.02495       0       0
             18.4998 -1.29553 -10.5145 -19.8945 0.21871   1.811  1.0388 0.605011 0.705396 0.106277  0.000452765 -0.000150192  -7.7276e-05  0.000229933  -0.00111058 -0.000189995 1.02478       0       0
             18.4998 -1.25939  -10.463  -19.905 0.220112  1.81828  1.03604  0.613913  0.759068 0.0879013  0.000458247 -0.000158944 -7.84841e-05  0.000308505  -0.00144203 -8.83517e-05 1.02477       0       0
             18.6005  -2.0726 -9.84058 -21.0539 0.280512  1.89288  1.04943  0.630549  0.709625 0.0526453  0.000488735 -0.000164362 -8.76892e-05  0.000389383  -0.00144252 -0.000267145 1.0251      0      0
             18.6005 -1.88593 -9.83154 -21.1269 0.282761  1.89549   1.0464  0.651284  0.729947 0.0305683  0.000461471 -0.000169163 -7.60071e-05  0.000341331  -0.00161587 -0.000116712 1.02509       0       0
             18.7003 -1.40336 -11.4614 -21.8817 0.33767 1.95135 1.05423   0.629339   0.642506 -0.0432698  0.000455638 -0.000141062 -8.48826e-05   0.00042602  -0.00107001 -0.000446619 1.02661       0       0
             18.7003 -1.23567 -11.4433 -21.9238 0.342199   1.9568  1.04461 0.660391 0.681511 -0.10424  0.000434349 -0.000148589 -8.00147e-05  0.000408174  -0.00138074 -5.39778e-05 1.02664       0       0
             18.8002 -0.829089  -12.3652  -21.8205 0.402362  2.01673  1.03655   0.669849   0.639129 -0.0796782  0.000451372 -0.000134314 -9.42769e-05  0.000555595  -0.00110705 -0.000130064 1.02579       0       0
             18.8002 -0.768955   -12.244  -21.8552 0.407742  2.01841  1.03393  0.721347  0.649913 -0.094913  0.000443226 -0.000164945 -8.86021e-05 0.000313452 -0.00129969 1.34525e-05 1.02583       0       0
                18.9 -0.622379  -12.1504  -21.1123 0.482902  2.08016  1.02828    0.729829    0.647475 -0.00956956  0.000464289 -0.000157244 -0.000111094 0.000193391 -0.00125649 4.67927e-05 1.02468       0       0
                18.9 -0.468427  -12.0852  -21.2006 0.484002  2.08496  1.02536   0.734268    0.68216 -0.0282991  0.000441633 -0.000169159 -9.53166e-05  0.00028545 -0.00148937 0.000153009 1.0247      0      0
             18.9998 0.221939 -11.1033 -20.8426 0.536975  2.14612  1.02765  0.626897  0.689689 0.0126538  0.000453632  -0.00016335 -0.000106586 0.000738778   -0.001026 2.21156e-05 1.02823       0       0
             18.9998 0.373508 -11.0257 -20.9269 0.541575    2.149  1.02721  0.673026  0.710189 0.0127161  0.000435777 -0.000185912 -9.25815e-05 0.000537774 -0.00125934 6.73304e-05 1.02822       0       0
             19.1005 -0.219647  -9.20929  -21.1807 0.608686  2.22529   1.0406 0.670669 0.752247 0.063838  0.000471143 -0.000196799  -0.00010446  0.000519192  -0.00133363 -0.000256085 1.02767       0       0
             19.1005 -0.171915  -9.23377  -21.2668 0.61352 2.22473 1.03717  0.715729  0.746646 0.0448967  0.000466638 -0.000199594 -8.79309e-05  0.000283285  -0.00140594 -8.16879e-05 1.02766       0       0
             19.2003 -1.04324 -9.97233 -22.4015 0.662525  2.28453  1.06795 0.592556 0.710467 0.116038  0.000468466 -0.000186259 -9.97482e-05  0.000517657 -0.000775962 -0.000843238 1.02568       0       0
             19.2003 -0.985921  -10.0685  -22.5054 0.668164  2.28848  1.05516   0.63663  0.740895 0.0330487  0.000463688 -0.000168332 -7.99842e-05  0.000422573  -0.00106673 -0.000267281 1.02571       0       0
             19.3002 -1.24629 -10.5311 -24.2474 0.727164  2.36723  1.04621   0.576937   0.786375 -0.0342139  0.000489387 -0.000155256 -8.58049e-05  0.000597995  -0.00111337 -1.23915e-05 1.02844       0       0
             19.3002 -1.09796 -10.4472  -24.327 0.731397  2.37136  1.04219   0.617662   0.817214 -0.0624423  0.000461865 -0.000172241 -7.01106e-05 0.000465646 -0.00142005 0.000204924 1.02844       0       0
                19.4 -0.0989753   -10.8485   -25.6356 0.782308  2.45291  1.04093   0.569211   0.823172 -0.0168688  0.000475177 -0.000175012 -8.07498e-05 0.000737427 -0.00126322 6.90038e-05 1.02924       0       0
                19.4 0.0359493  -10.8473  -25.6613 0.787276  2.45437  1.03883   0.618784    0.83171 -0.0288914  0.000447555 -0.000174985 -7.56135e-05 0.000475665 -0.00146764 0.000201323 1.02924       0       0
             19.4998 0.0460212   -9.6258  -26.8089 0.842008  2.53018  1.04502  0.637037  0.739399 0.0289051  0.000473461  -0.00017726 -8.88021e-05  0.000741685  -0.00121692 -5.25392e-05 1.02654       0       0
             19.4998 0.0887701  -9.50082  -26.8508 0.847924  2.53025  1.04498   0.69856  0.734817 0.0342637   0.00046601 -0.000204589 -8.08496e-05  0.000360213  -0.00137895 -1.95457e-05 1.02653       0       0
             19.6005 -0.608664  -8.29447  -26.5999 0.910913  2.59731  1.06088   0.70502   0.64217 0.0960781  0.000491859 -0.000207356 -9.68689e-05  0.000537909  -0.00116104 -0.000378241 1.02978       0       0
             19.6005 -0.486617  -8.30321  -26.5738 0.915772  2.60092  1.05755  0.748463  0.666498 0.0736152  0.000467808 -0.000207135  -0.00010267  0.000385408  -0.00144892 -0.000191967 1.0298      0      0
             19.7004 -0.656752  -8.18509  -25.7999 0.968933  2.65578  1.07669  0.671606   0.60855 0.0831096  0.000492106 -0.000204278  -0.00012248  0.000855711 -0.000839197 -0.000658661 1.03109       0       0
             19.7004 -0.52215 -8.27257 -25.8666 0.977358  2.65744  1.06725  0.748457  0.616893 0.0230605  0.000469121 -0.000191286 -0.000110063  0.000495841  -0.00113705 -0.000182339 1.03107       0       0
             19.8002 -0.51918 -9.52973 -24.1253 1.05203 2.71547 1.06466   0.760156   0.588525 -0.0373779  0.000486586 -0.000169013 -0.000128509  0.000496174  -0.00103527 -0.000128267 1.03518       0       0
             19.8002 -0.428406  -9.54292  -24.1456 1.05765 2.71863 1.05752  0.803667   0.60915 -0.078371  0.000471111 -0.000168293 -0.000125184 0.000343376 -0.00129824 0.000180902 1.03518       0       0
             19.9001 -0.302108  -10.9624   -22.169 1.11566 2.77047 1.05479   0.688858   0.542634 -0.0505937  0.000479544 -0.000160613 -0.000143049  0.000846522 -0.000851307  8.31059e-06 1.02836       0       0
             19.9001 -0.217467  -10.9958  -22.2613 1.12385 2.77282  1.0521   0.766887   0.555224 -0.0655621  0.000469074 -0.000156762 -0.000125266 0.000427935 -0.00115777 0.000182569 1.02837       0       0
             19.9999 -0.162729  -10.6439  -20.7405 1.18168 2.82434 1.04761   0.662255   0.505304 -0.0124913   0.00047889 -0.000146977  -0.00013747  0.000993614 -0.000884656  0.000144942 1.0284      0      0
             19.9999 0.0446014   -10.492  -20.8691 1.18779  2.8213 1.04724  0.726392  0.477804 -0.010132  0.000442369  -0.00018461 -0.000111492  0.000523295 -0.000895737  0.000218058 1.02839       0       0
             20.1001 -0.0694958   -8.92156   -20.0088 1.25084  2.8537 1.04118   0.594976   0.423819 -0.0136635  0.000480242 -0.000203693 -0.000132447  0.000493146 -0.000401351  0.000397845 1.02707       0       0
             20.1001 -0.00704649    -9.02825    -20.1127 1.25137 2.85634 1.04711   0.60481   0.44363 0.0282783  0.000473879 -0.000182967 -0.000112243  0.000422015 -0.000550796  0.000107739 1.02708       0       0
                20.2 -0.963209  -9.21113  -20.7147 1.30806 2.91101  1.0381   0.494998   0.445581 -0.0310486    0.0005132 -0.000151629 -0.000118897  0.000590512 -0.000894098  0.000399425 1.0222      0      0
                20.2 -0.77558 -9.20319 -20.8614 1.30754 2.91652 1.04828  0.491303   0.47868 0.0345433  0.000483931 -0.000151646 -9.01086e-05  0.000614808   -0.0010998 -7.42499e-05 1.02221       0       0
             20.2998 -1.94741 -9.26995 -23.4243 1.33104 2.95479 1.06782  0.262625   0.40433 0.0622233  0.000519301 -0.000157463 -9.31226e-05   0.00101781 -0.000652169 -0.000697073 1.02333       0       0
             20.2998 -1.78224 -9.23368 -23.5587 1.33512 2.96051 1.06897  0.301443   0.44358 0.0712817  0.000494833 -0.000167061 -6.68647e-05     0.000863 -0.000999612 -0.000737852 1.02332       0       0
             20.4004 -1.81128 -9.02251 -27.4096 1.33963  2.9889 1.10037 0.0755681  0.346257  0.170892  0.000509334 -0.000193672 -7.77718e-05   0.00111792 -0.000382297  -0.00147354 1.03172       0       0
             20.4004  -1.7293 -9.03325 -27.5098 1.34897       3 1.08782  0.151017   0.42499 0.0894196  0.000504366 -0.000196402 -5.82753e-05  0.000946996  -0.00109246 -0.000881841 1.03174       0       0
             20.5002 -1.74029 -8.42696 -32.7207 1.34244 3.03286 1.09553 -0.0326346   0.317794   0.120788  0.000521619 -0.000206332 -6.48914e-05   0.00141311 -0.000756617 -0.000813957 1.03424       0       0
             20.5002 -1.63177 -8.42439 -32.8518 1.35574 3.03874 1.08323 0.0764089   0.35295 0.0533705  0.000508126 -0.000217621 -3.97872e-05  0.000940582  -0.00132999 -0.000274005 1.03418       0       0
             20.6001 -1.98108 -7.62399 -37.9671 1.35796 3.06893 1.10783 -0.00915418    0.275851     0.13216  0.000538317 -0.000239585 -4.53186e-05   0.00084857  -0.00126374 -0.000766675 1.03465       0       0
             20.6001 -1.97811 -7.62236 -37.9358 1.36791 3.07507 1.09181 0.0658431   0.31879   0.03333  0.000542367 -0.000246227 -5.28865e-05  0.000671502  -0.00180888 -5.00885e-05 1.03467       0       0
                20.7 -2.49767 -7.03713 -42.2904 1.36223 3.08913 1.08413 -0.0682267   0.191445 -0.0250398  0.000561063 -0.000227724 -5.67941e-05  0.00069322 -0.00136713 0.000231274 1.03944       0       0
                20.7 -2.43217 -7.02062 -42.2146 1.37182 3.09745 1.07331 -0.00679803    0.250757  -0.0887556  0.000555529  -0.00023471 -7.37227e-05 0.000659602 -0.00195095 0.000670209 1.03944       0       0
             20.7998 -2.81482 -7.11302 -46.2983  1.3254 3.08742  1.0779  -0.273047  0.0574002 -0.0447943  0.000565539 -0.000211566 -7.32682e-05   0.00101672 -0.000573543  0.000311861 1.03971       0       0
             20.7998 -2.65144  -7.0265 -46.2369 1.33614 3.10101  1.0776  -0.209877   0.152573 -0.0480267  0.000547356 -0.000229901 -8.84346e-05  0.00112493 -0.00133313 0.000295421 1.03969       0       0
             20.9005 -3.08621 -7.59375 -49.6254 1.29012 3.09218 1.07789  -0.365481  -0.011421 -0.0307084  0.000577154 -0.000194012 -8.84721e-05   0.00115682 -0.000567314   0.00018997 1.04323       0       0
             20.9005 -2.99396 -7.39368 -49.5417 1.30263 3.10582 1.07888  -0.289565  0.0849089 -0.0268877  0.000574529 -0.000234648 -0.000108863  0.00127311 -0.00138009 0.000115976 1.04329       0       0
             21.0003 -3.00486 -7.78735 -52.2261 1.23968 3.08876 1.08545  -0.472078 -0.0424108 -0.0146584  0.000584108 -0.000201008  -0.00010865   0.00133806 -0.000342623 -0.000123872 1.04418       0       0
             21.0003 -2.98576 -7.58843 -52.1505  1.2564 3.10012 1.08245  -0.360948  0.0345685 -0.0315601  0.000598621  -0.00024607 -0.000128892   0.00127567   -0.0012518 -3.94637e-05 1.04412       0       0
             21.1002  -2.2839 -8.13141 -53.5583 1.20983 3.08676  1.0868  -0.423908 -0.0553198 -0.0208718   0.00058617 -0.000213826 -0.000121515  0.000982607 -0.000790635 -0.000221595 1.0478      0      0
             21.1002 -2.04979  -7.9059 -53.4528 1.21988 3.09873 1.08342  -0.368392  0.0372897 -0.0446004  0.000554189 -0.000252348 -0.000145272   0.00128443  -0.00147456 -0.000131998 1.04781       0       0
                21.2 -1.92323 -8.25799 -54.0874 1.16928 3.07176 1.08147  -0.401663  -0.118987 -0.0409971  0.000573431  -0.00022187 -0.000135014  0.000750114 -0.000692567 -0.000129873 1.04994       0       0
                21.2 -1.88909 -8.05038 -53.9824 1.17228 3.08663  1.0752  -0.403054  0.0165757 -0.0872946  0.000578655 -0.000240581 -0.000156492  0.00154028 -0.00120706 5.36445e-05 1.05    0    0
             21.2999 -2.04656 -7.88011 -53.7569 1.10699  3.0557 1.07524  -0.474352  -0.126578 -0.0509259  0.000577384 -0.000219846 -0.000148149   0.00107998 -0.000124956 -7.88164e-05 1.04755       0       0
             21.2999 -1.93613 -7.67664 -53.6577 1.11462 3.07161 1.07343   -0.44162 0.00887727 -0.0679447   0.00057341 -0.000241397 -0.000171473   0.00172461 -0.000812891 -8.05036e-05 1.04753       0       0
             21.4001 -1.62373 -7.07526   -53.02 1.05654 3.05201 1.07706  -0.442487 -0.0548125 -0.0235273  0.000573457 -0.000215519  -0.00016826   0.00135857 -0.000118964 -0.000278926 1.04964       0       0
             21.4001 -1.47038 -6.89386 -52.9853 1.06452 3.06081 1.07269  -0.397143  0.0186781 -0.0534205  0.000558105 -0.000243987  -0.00017875   0.00163293 -0.000656725 -0.000128453 1.04965       0       0
                21.5 -1.02678 -6.38218 -52.7326 1.01527 3.03877 1.07584  -0.358894 -0.0496288 -0.0144372  0.000562197 -0.000229646 -0.000167734  0.00107092 7.18603e-05  -0.0002686 1.05434       0       0
                21.5 -0.852281  -6.22046   -52.713 1.02363 3.05259 1.07147   -0.31676  0.0712922 -0.0472604  0.000548358 -0.000245613 -0.000176236   0.00160897   -0.0006301 -0.000131602 1.05439       0       0
             21.5998 -0.328542  -5.39925  -53.0636 0.979615  3.03747  1.07193   -0.29691  0.0024689 -0.0214897  0.000559386 -0.000226973 -0.000165078   0.00120418  0.000138919 -0.000204378 1.05421       0       0
             21.5998 -0.280431  -5.23904  -53.0719 0.987572  3.04995  1.06738  -0.255235   0.111972 -0.0553353  0.000569632 -0.000245856 -0.000167776   0.00167728 -0.000514139 -3.92233e-05 1.05423       0       0
             21.7005 0.463739 -5.19855  -54.399 0.940197   3.0357  1.07595   -0.322071   0.0174882 -0.00196483  0.000553821 -0.000228891 -0.000158182    0.0012704  0.000443896 -0.000378043 1.05676       0       0
             21.7005  0.58872 -5.09085 -54.4225 0.954746  3.05245  1.06767  -0.240252   0.157682 -0.0584915  0.000551033  -0.00024562 -0.000157921   0.00178831 -0.000568766 -4.24451e-05 1.05676       0       0
             21.8003  1.20538 -5.70061 -57.0438 0.908124  3.03033  1.06965   -0.332956  -0.0474212 -0.00391345  0.000559798 -0.000212697 -0.000142968   0.00111548  0.000516756 -0.000184544 1.06409       0       0
             21.8003   1.2606 -5.52291 -57.0676 0.918911  3.04822  1.06259  -0.281328   0.108728 -0.0548931  0.000560146 -0.000249686 -0.000137552   0.00189467 -0.000403325  0.000121356 1.06415       0       0
             21.9002  1.52834 -5.29576 -59.2296 0.885024  3.03558  1.06541  -0.305681 -0.0543094 -0.0084208  0.000575479 -0.000214951  -0.00012744   0.00136248  5.40231e-05 -4.73173e-05 1.05896       0       0
             21.9002  1.55914  -5.0213 -59.1117 0.889606  3.05085  1.06146  -0.292683  0.0841179 -0.0404955  0.000573666 -0.000262726 -0.000147793   0.00218296 -0.000533138  0.000120774 1.05906       0       0
                  22 0.697299 -5.50492 -60.7979 0.845631  3.02378  1.05797  -0.394603  -0.123693 -0.0432638  0.000593849 -0.000224742 -0.000141126  0.00137296 0.000263851 0.000120041 1.0555      0      0
                  22 0.735678 -5.30941 -60.7001 0.851874  3.04121  1.06031  -0.367071  0.0312333 -0.0356386  0.000602675 -0.000236475 -0.000160298   0.00216027 -0.000406933   5.9453e-06 1.05566       0       0
             22.0999 0.548883 -6.79941 -61.9375 0.803885  3.00274  1.06266  -0.451723  -0.249148 -0.0209387  0.000595728 -0.000203803 -0.000144546   0.00120845  0.000285287 -0.000143136 1.05244       0       0
             22.0999  0.54822 -6.51651  -61.815 0.804531  3.01943  1.05896  -0.462676 -0.0877508 -0.0526073  0.000609097   -0.0002241 -0.000166665   0.00220143 -0.000127764 -1.40506e-05 1.05255       0       0
             22.2001 0.906177 -6.98506 -62.5461 0.741363  2.97353  1.05327  -0.565797  -0.348952 -0.0639324  0.000576149 -0.000204042 -0.000157103  0.00148863 0.000617603 5.46698e-06 1.04614       0       0
             22.2001 0.872215 -6.70019 -62.4466 0.743586  2.98811  1.05154  -0.561077  -0.208865 -0.0822573  0.000596817 -0.000231754 -0.000174654  0.00233065 0.000192073 4.46571e-05 1.04626       0       0
                22.3 0.670369 -7.20191 -62.9615 0.675211   2.9285  1.04783  -0.641223  -0.457843 -0.0491035  0.000570551 -0.000212797  -0.00016341   0.00140893  0.000859917 -1.20356e-05 1.04559       0       0
                22.3 0.599792 -6.92058 -62.8715 0.679333  2.94434  1.05032 -0.620771 -0.306858 -0.038998  0.000603134 -0.000248958  -0.00018328   0.00227576  0.000310998 -0.000170456 1.04565       0       0
             22.3998 0.214484 -7.33621  -62.972 0.610214  2.88182  1.04764   -0.63826  -0.510848 0.00376242  0.000585523 -0.000207946 -0.000172301   0.00147498  0.000853144 -8.47774e-05 1.04373       0       0
             22.3998 0.230555 -7.02801 -62.9022 0.615754  2.89526  1.04744   -0.606031   -0.380683 -0.00334746  0.000589764 -0.000267269 -0.000188261   0.00225981  0.000259326 -0.000116119 1.04379       0       0
             22.5004 0.409686 -5.87412 -63.2227 0.546934   2.8243  1.04776 -0.600043 -0.557633 0.0122413  0.000571019 -0.000230345 -0.000173941   0.00136353   0.00093253 -3.47426e-05 1.04445       0       0
             22.5004 0.400687 -5.57395  -63.156 0.550078  2.83768   1.0506 -0.583133 -0.428456 0.0250554  0.000573541  -0.00029131 -0.000188629   0.00216359  0.000432316 -0.000221802 1.04456       0       0
             22.6003  -0.2707  -5.0427 -64.2802 0.482081  2.76206   1.0616 -0.557563  -0.58367 0.0612212  0.000567638 -0.000241522 -0.000175826   0.00118384   0.00125999 -0.000424818 1.04471       0       0
             22.6003 -0.379396  -4.80831  -64.2572 0.48678 2.78032 1.06097 -0.534921 -0.406947 0.0498007  0.000593352 -0.000285035 -0.000183196   0.00229141  0.000590227 -0.000451647 1.04486       0       0
             22.7002 -0.835844  -5.47204  -65.5059 0.422509   2.7131   1.0681 -0.521404  -0.52793   0.07103  0.000585965  -0.00023382 -0.000172546   0.00156403   0.00135013 -0.000442254 1.05737       0       0
             22.7002 -0.879231  -5.28573  -65.4397 0.430917   2.7286   1.0632 -0.471397 -0.377603 0.0325009  0.000598626 -0.000268598 -0.000189492   0.00244861  0.000588987 -0.000235752 1.05738       0       0
                22.8 -1.41744 -7.17209 -66.2663 0.377411  2.66602  1.07259 -0.454885 -0.518866 0.0153399  0.000582499  -0.00021267 -0.000178837   0.00172263   0.00114822 -0.000427634 1.04743       0       0
                22.8  -1.5176 -6.96044 -66.2026 0.386341  2.67802   1.0637  -0.398097  -0.401246 -0.0504833  0.000606368 -0.000255378 -0.000193712  0.00240772 0.000447999 -1.3585e-05 1.04744       0       0
             22.8999 -1.86572 -7.82299 -67.1454 0.335522  2.60131  1.05307 -0.417768  -0.60982 -0.112728  0.000588138  -0.00021134 -0.000177428   0.0013887  0.00123383 0.000129472 1.04075       0       0
             22.8999 -1.95394 -7.51029 -67.0874 0.338984  2.61386  1.05053 -0.400359 -0.486851 -0.135684  0.000609463 -0.000270746  -0.00019231  0.00222901 0.000787328 0.000191256 1.04086       0       0
             23.0001 -2.05073 -7.89515 -68.2188 0.294109  2.53681  1.03936 -0.420989 -0.659446   -0.1251  0.000583339 -0.000220868 -0.000177254  0.00135719  0.00123516 0.000167317 1.0383      0      0
             23.0001 -2.18973 -7.59258 -68.1585 0.294089  2.55085    1.039 -0.428106 -0.520288 -0.135582  0.000615347 -0.000271277 -0.000192515   0.0023491 0.000938275 0.000100568 1.03833       0       0
             23.0999 -2.30158 -7.26939 -69.4361 0.243406  2.46534  1.02913 -0.485604 -0.706224 -0.059904  0.000578324 -0.000234077 -0.000171418  0.00132306  0.00150009 0.000221896 1.03433       0       0
             23.0999 -2.43147 -6.93455 -69.3521 0.246485  2.48463  1.03576  -0.471154  -0.521311 -0.0227956  0.000612186 -0.000288472 -0.000192715   0.00251821  0.000981809 -0.000237222 1.03448       0       0
             23.1998 -2.49259   -6.295 -70.1801 0.189925  2.40387  1.03171  -0.532473  -0.648002 -0.0366499  0.000587711 -0.000241949  -0.00017834   0.00158226   0.00150873 -6.74225e-05 1.03313       0       0
             23.1998  -2.6296  -6.0174 -70.0645 0.189497  2.41785  1.03287  -0.541759   -0.50956 -0.0359567  0.000618036 -0.000288581 -0.000205624   0.00256202   0.00127424 -0.000206662 1.03324       0       0
             23.3004 -1.95178 -5.32238 -70.8834 0.125658  2.32681  1.02958  -0.593654  -0.726264 -0.0360812  0.000579866 -0.000244128 -0.000183152   0.00130856   0.00190712 -8.94423e-05 1.03392       0       0
             23.3004  -2.0303 -5.04029 -70.7799 0.126231  2.34468   1.0288  -0.597332  -0.547914 -0.0497257  0.000599125 -0.000288778 -0.000207088   0.00258054    0.0015537 -0.000144573 1.03396       0       0
             23.4003 -0.858516  -4.68957  -70.5774 0.0534853   2.26821   1.03192  -0.683969  -0.663181 -0.0375869  0.000566859 -0.000248053  -0.00019868     0.001903   0.00209216 -0.000338559 1.02869       0       0
             23.4003 -0.944525  -4.46691  -70.4672 0.0597827   2.27901   1.02995  -0.639578  -0.556718 -0.0544222  0.000590669  -0.00028568 -0.000223291  0.00257478  0.00156161 -0.00029377 1.02871       0       0
             23.5001 -1.11541 -5.07914 -69.8108 -0.0167649    2.19047    1.01875 -0.711555 -0.694296 -0.094897  0.000567502 -0.000231104 -0.000211033   0.00148696   0.00222113 -7.50058e-05 1.03008       0       0
             23.5001  -1.3085 -4.80786 -69.7349 -0.0136766    2.20206    1.01654 -0.690915 -0.576608 -0.114852  0.000613238 -0.000272489 -0.000226885   0.00229004   0.00183668 -1.39837e-06 1.0301      0      0
             23.5999 -1.38675 -4.71264 -68.2445 -0.0882569    2.12647    1.01219   -0.697225   -0.672074 -0.00922118  0.000582154 -0.000233862 -0.000223275   0.00166639   0.00222031 -6.11087e-05 1.02636       0       0
             23.5999 -1.48472 -4.44888 -68.1694 -0.0831258     2.1389    1.00928  -0.660707  -0.545863 -0.0336626  0.000611786 -0.000270772 -0.000240951  0.00247723   0.0016982 3.75358e-05 1.0264      0      0
             23.6998 -1.35787 -3.42602 -67.1492 -0.15947   2.0535  1.01443 -0.662804 -0.689973 0.0477413  0.000572155 -0.000243321  -0.00023089   0.00152674   0.00238818 -2.26288e-05 1.02573       0       0
             23.6998 -1.48543 -3.14919 -67.1385 -0.151856   2.06697   1.01327 -0.605412 -0.554979 0.0353402  0.000612966 -0.000283243 -0.000236781   0.00232836   0.00169006 -1.12423e-05 1.02577       0       0
             23.8005 -1.49877 -3.37066 -66.7176 -0.213981   1.98446   1.02364 -0.536883  -0.68854 0.0497081  0.000575223 -0.000238957 -0.000222314   0.00140287   0.00217421 -0.000182153 1.03092       0       0
             23.8005 -1.62923 -3.15247 -66.7007 -0.211956   1.99974   1.01914 -0.528364 -0.532704 0.0121043  0.000610761 -0.000262459 -0.000229372   0.0024647  0.00172884 1.60028e-05 1.03087       0       0
             23.9003 -1.71972 -2.91716 -66.7533 -0.277471   1.91173   1.02367 -0.545631 -0.728061 -0.010943  0.000569261 -0.000244644 -0.000213812   0.00147757   0.00257736 -8.31481e-05 1.02987       0       0
             23.9003 -1.93196 -2.71419  -66.709 -0.274236   1.92871   1.01867 -0.524158 -0.555925 -0.057323  0.000626414 -0.000262141 -0.000227274 0.00260487 0.00199822 0.00017741 1.02987       0       0
             24.0002 -2.31855 -4.00859 -66.8901 -0.337054   1.83791   1.01425 -0.562606   -0.7454 -0.109717   0.00057027 -0.000218319 -0.000210691  0.00154292  0.00275468 6.44205e-05 1.02969       0       0
             24.0002 -2.48364 -3.79782 -66.8394 -0.331374   1.85551   1.01011  -0.52422 -0.570204 -0.143844  0.000621399 -0.000238815 -0.000224276  0.00266705   0.0020399 0.000237448 1.02965       0       0
                24.1  -2.8384 -4.84632 -66.6718 -0.393178   1.77062  0.999863 -0.546845 -0.728753 -0.147514  0.000577954 -0.000202178 -0.000216474  0.00185078  0.00269127 8.74413e-05 1.03058       0       0
                24.1 -2.96735 -4.54696 -66.6293 -0.389813   1.78175  0.999533 -0.522255 -0.617367  -0.15314  0.000616692 -0.000243486 -0.000228241  0.00255783  0.00224603 6.31255e-05 1.03063       0       0
             24.1999  -2.5012 -4.08264 -66.7775 -0.456682   1.68887  0.992339  -0.598415  -0.790347 -0.0598067  0.000562659 -0.000220735 -0.000219734    0.0017219   0.00305864 -2.93969e-05 1.03273       0       0
             24.1999 -2.66738 -3.74251 -66.7466 -0.448764   1.70422  0.991057  -0.527888  -0.637021 -0.0726826  0.000620965 -0.000267896  -0.00023101   0.00258118   0.00221263 -4.59495e-05 1.03299       0       0
             24.3001 -1.93982 -2.64289 -66.3993 -0.511273   1.62037  0.993984   -0.626164   -0.735743 -0.00187149  0.000569147 -0.000254111 -0.000224356   0.00193555   0.00264777 -0.000238961 1.03231       0       0
             24.3001 -2.08025 -2.46861 -66.3696 -0.503522   1.63084  0.990342  -0.569669  -0.632996 -0.0307542   0.00061628 -0.000274446 -0.000232028   0.00249339   0.00201499 -9.57276e-05 1.03232       0       0
             24.3999 -1.23169 -1.90103 -66.7335 -0.582337   1.52413  0.992974 -0.680842 -0.845503 -0.008488  0.000550113 -0.000253927 -0.000219714   0.00126431   0.00310678 -0.000165095 1.03509       0       0
             24.3999 -1.45998 -1.66979 -66.6909 -0.579882   1.54249  0.986198  -0.666486  -0.659329 -0.0713868  0.000613241 -0.000267521 -0.000227223  0.00248781  0.00253443 0.000212154 1.03507       0       0
             24.4998 -0.432411  -1.98803  -66.0973 -0.652221   1.45761   0.98485  -0.706471  -0.731308 -0.0692561  0.000553496 -0.000241965 -0.000222647   0.00184238   0.00292727 -6.50044e-07 1.03477       0       0
             24.4998 -0.615872  -1.82557  -66.0195 -0.649241    1.4717  0.984541  -0.689294  -0.590094 -0.0754632  0.000604591 -0.000252121 -0.000237755   0.0027481  0.00246269 3.80249e-06 1.0348      0      0
             24.6004 -0.383175  -2.72071  -64.8337 -0.726521   1.38607  0.975629 -0.708836 -0.692643 -0.069735   0.00055984 -0.000203131 -0.000229763  0.00188525  0.00302115 5.84699e-05 1.0335      0      0
             24.6004 -0.610206  -2.43266  -64.7614 -0.725141   1.39783  0.971128 -0.700461 -0.573199 -0.110653  0.000616489 -0.000236207 -0.000243955  0.00268768  0.00265875 0.000327041 1.0335      0      0
             24.7003 -0.588584  -2.48095  -63.1385 -0.798473   1.31462  0.971237  -0.668391  -0.713192 -0.0103442  0.000557229 -0.000217598 -0.000237012  0.00184098   0.0031969 8.31838e-05 1.03387       0       0
             24.7003 -0.827628  -2.22467   -63.069 -0.798828   1.32483  0.968089  -0.675976  -0.607835 -0.0368417  0.000613378 -0.000239192 -0.000252467  0.00254193  0.00297581 0.000236969 1.0339      0      0
             24.8001 -1.65532 -1.51595 -62.4604 -0.878292   1.23118   0.97438 -0.660137 -0.759285 0.0496953  0.000551923 -0.000242495 -0.000238581  0.00166098  0.00383201 6.88781e-05 1.03153       0       0
             24.8001 -1.85008 -1.27422 -62.4543 -0.873998   1.24356  0.975768 -0.632388 -0.638535 0.0557477  0.000610223 -0.000264397 -0.000244098  0.00234145  0.00333126 -7.9185e-06 1.03156       0       0
                24.9 -1.67456 -1.99971  -62.252 -0.935367   1.16006  0.985256 -0.537301 -0.721941 0.0753945  0.000553405 -0.000227439 -0.000233197   0.00170229    0.0037032 -8.31416e-05 1.03103       0       0
                24.9 -1.81934 -1.80035 -62.2387 -0.929372   1.17458  0.985171 -0.498738 -0.580796 0.0714207   0.00060671 -0.000240218 -0.000241204   0.00247763   0.00305937 -9.37722e-05 1.03109       0       0
             24.9998  -1.9345 -3.21802 -62.2431 -0.982248   1.09042  0.987543  -0.461766  -0.711905 -0.0051412  0.000550386 -0.000202302 -0.000230842    0.0017417   0.00358047 -3.26321e-05 1.02671       0       0
             24.9998  -2.1433 -2.95031 -62.2427 -0.980118   1.10271  0.986864  -0.452364  -0.590988 -0.0152538  0.000607488 -0.000233568 -0.000234416 0.00248782 0.00316938 6.0831e-07 1.02669       0       0
             25.1001 -2.32948 -4.09797 -62.5524 -1.02968  1.02368 0.981778  -0.450816  -0.689527 -0.0698008  0.000557507 -0.000199267 -0.000228094  0.00193422  0.00357491 2.46571e-05 1.02928       0       0
             25.1001 -2.48979 -3.81726 -62.5479  -1.0268  1.03666 0.982122  -0.436703  -0.563698 -0.0724183  0.000604436 -0.000246121 -0.000232106   0.00270846   0.00311351 -1.43397e-05 1.02926       0       0
             25.1999  -1.3903 -4.03945 -62.9388 -1.07909 0.949109 0.979045  -0.464951   -0.68951 -0.0306171  0.000547663 -0.000212364 -0.000216948   0.00177462   0.00381322 -7.45103e-05 1.02181       0       0
             25.1999 -1.50134 -3.72756 -62.8817 -1.07526 0.963619 0.976444  -0.446379   -0.54737 -0.0536762  0.000574798 -0.000281929 -0.000231544  0.00272244  0.00323958 1.37619e-05 1.02176       0       0
             25.3002 -0.234371    -3.463  -62.1342 -1.12067 0.898551 0.980349 -0.485554 -0.586028 0.0192027  0.000525746 -0.000248589 -0.000227804  0.00224853  0.00336944 -0.00017758 1.03206       0       0
             25.3002 -0.493622  -3.29774  -62.0879 -1.11793 0.906264 0.975591  -0.468766  -0.508374 -0.0179191  0.000582626 -0.000284446 -0.000237628  0.00275482  0.00301482 6.42908e-05 1.03206       0       0
                25.4 -0.251754  -3.38359  -62.1317 -1.18164 0.815853 0.975854     -0.58451    -0.705095 -0.000327315  0.000549402 -0.000225901 -0.000225332  0.00159313  0.00399826 0.000111253 1.02831       0       0
                25.4 -0.484816  -3.15406  -62.1073 -1.17944 0.831306 0.973614  -0.579706  -0.550747 -0.0223273  0.000600468  -0.00027385 -0.000230038  0.00265115  0.00347444 0.000212354 1.0283      0      0
             25.4998 0.314072 -4.09785 -61.6013 -1.24203 0.761459  0.97135  -0.694508  -0.625503 -0.0795646  0.000551762 -0.000223714 -0.000222416 0.00208854 0.00366281 0.00013439 1.01932       0       0
             25.4998 0.160278 -3.91614 -61.5378 -1.24214 0.773011 0.972956  -0.703146  -0.509894 -0.0730359  0.000585031 -0.000262677  -0.00023576  0.00291518  0.00334934 3.57088e-05 1.0193      0      0
             25.6001 0.744572 -4.78696 -60.6202 -1.32802 0.687019 0.962755 -0.824005 -0.699265 -0.102384  0.000536736  -0.00019802 -0.000225801  0.00187762  0.00416127 8.53199e-05 1.03166       0       0
             25.6001 0.421186 -4.46609 -60.5569 -1.32816  0.69853 0.963456  -0.83296 -0.584265 -0.101726  0.000606933 -0.000268558 -0.000238032  0.00271271  0.00385422 2.54143e-05 1.03166       0       0
                25.7 0.214112 -4.27071 -59.4969 -1.41841 0.617736 0.958433  -0.834655  -0.687659 -0.0142709  0.000561081 -0.000234122 -0.000231956  0.00203994  0.00442542 3.83483e-06 1.02503       0       0
                25.7 -0.0235281   -4.05869   -59.4505 -1.41307 0.631131 0.959563  -0.802954  -0.559865 -0.0110336  0.000613135 -0.000282423 -0.000242094    0.0028127   0.00377771 -7.44569e-05 1.02499       0       0
             25.7999 -0.681042  -2.72548  -57.7957 -1.48974 0.559754 0.959851 -0.746635 -0.645599 0.0460404  0.000568356 -0.000232014 -0.000242187  0.00226917  0.00395943 3.08121e-05 1.02534       0       0
             25.7999 -0.86994 -2.45171 -57.7597 -1.48674 0.567111 0.961832 -0.727824 -0.576345  0.057892  0.000610867 -0.000289448 -0.000251969   0.00268137   0.00358973 -9.02622e-05 1.02528       0       0
             25.9001 -1.11429 -1.93379 -56.8856 -1.55724 0.482568  0.95403  -0.65824 -0.720088 0.0128829  0.000560411 -0.000233003 -0.000240463  0.00181723  0.00404702 0.000427973 1.02325       0       0
             25.9001  -1.3668 -1.74148 -56.8563  -1.5634 0.491086 0.963787 -0.713198 -0.633268  0.100932  0.000614247 -0.000267614 -0.000249037   0.00256082    0.0040968 -0.000298975 1.02319       0       0
                  26 -1.23897 -2.21946 -56.3928 -1.64427 0.391629 0.977038 -0.720247 -0.836665  0.089241  0.000542544 -0.000220853 -0.000232501  0.00160316  0.00517002 -0.00043712 1.02185       0       0
                  26 -1.48288 -1.99868  -56.352 -1.64634 0.406609 0.979886 -0.751156 -0.689898  0.105056  0.000598949 -0.000257888 -0.000243854   0.00267889   0.00481074 -0.000600425 1.02188       0       0
             26.0998 -1.41569 -3.43482 -56.5102 -1.72078 0.318049 0.986507  -0.72173 -0.812833 0.0254797  0.000539573 -0.000197946 -0.000237794   0.00209332   0.00513224 -0.000595362 1.01842       0       0
             26.0998   -1.644 -3.17092 -56.5375 -1.71556 0.335087  0.97974  -0.700276  -0.648068 -0.0279954  0.000597418 -0.000248594 -0.000233072   0.00310588    0.0043395 -0.000234489 1.01838       0       0
             26.2004 -2.06831 -4.24914 -57.2429 -1.79055 0.246063  0.97242  -0.698624  -0.775389 -0.0635516  0.000558254 -0.000207745 -0.000224906   0.00245134   0.00489589 -0.000143053 1.02349       0       0
             26.2004 -2.33578 -4.02873 -57.2344 -1.78007 0.260239 0.966048 -0.631558 -0.645811 -0.113327   0.00062545  -0.00025214 -0.000227721    0.003055  0.00394972 0.000185169 1.02349       0       0
             26.3003 -2.25003  -4.7142 -57.7331 -1.85004 0.171622 0.959631  -0.654872  -0.756059 -0.0225008  0.000574451  -0.00020574 -0.000220322  0.00238288  0.00456411 0.000156904 1.01925       0       0
             26.3003 -2.36133 -4.40864 -57.6829 -1.84308 0.180947 0.961076  -0.607388  -0.673803 -0.0152704  0.000607229 -0.000269625 -0.000234602  0.00275076  0.00393883 5.24275e-05 1.01926       0       0
             26.4001 -1.48918 -3.95439  -57.749  -1.90548 0.0970654  0.961807 -0.644554  -0.76488  0.041324  0.000561067 -0.000236972 -0.000233913  0.00221198  0.00419663 0.000126693 1.01598       0       0
             26.4001 -1.70663 -3.73468 -57.7499 -1.90457 0.102513 0.961075 -0.641383 -0.711629 0.0338846  0.000613683 -0.000276627 -0.000235052  0.00256118  0.00398426 0.000149602 1.01599       0       0
                26.5 -0.615507  -4.07418  -58.5023    -1.98855 -0.00835506    0.964434  -0.742308  -0.890074 0.00705437  0.000536668 -0.000240074 -0.000216024   0.0015364  0.00517852 0.000204862 1.01636       0       0
                26.5 -0.881052   -3.8317  -58.4459   -1.98369 0.00881766   0.965918 -0.721203 -0.728208 0.0117084  0.000610853 -0.000274586 -0.000228197  0.00250603   0.0044501 7.63829e-05 1.01641       0       0
             26.5998 0.245391 -4.58746 -58.2653   -2.05192 -0.0756939   0.960211  -0.709903  -0.795983 -0.0881469   0.00054524 -0.000232015 -0.000224651  0.00205569  0.00451139 0.000173852 1.01755       0       0
             26.5998 0.0142465  -4.40114  -58.2241   -2.05057 -0.0598676   0.961177  -0.714342  -0.639484 -0.0876723  0.000606025 -0.000257241 -0.000232151  0.00310469  0.00397252 8.84434e-05 1.01763       0       0
             26.7001 0.256111 -5.48627 -57.6865  -2.13611 -0.159763  0.942643 -0.760587 -0.797311 -0.138747  0.000554413 -0.000204061 -0.000221499  0.00214658   0.0049436 0.000382599 1.01435       0       0
             26.7001 -0.0644055   -5.18096    -57.587  -2.13446 -0.143805  0.948707  -0.76139 -0.646774 -0.103364  0.000632101 -0.000255764  -0.00024241 0.00313949  0.0044044 3.0188e-05 1.01449       0       0
                26.8 0.758463 -5.66352 -56.0538  -2.20879 -0.223004  0.941465  -0.718306  -0.716087 -0.0260541  0.000559432  -0.00021659 -0.000239061   0.0025982  0.00465194 4.90086e-05 1.00925       0       0
                26.8 0.560456 -5.40744 -55.9903  -2.20739 -0.216226  0.946301  -0.711177  -0.653218 0.00655561  0.000607081 -0.000265322 -0.000252857   0.00297229   0.00437781 -0.000237939 1.00927       0       0
             26.8998 0.699757 -5.35711 -55.1323  -2.28126 -0.312627  0.947322 -0.661707 -0.847409  0.049857  0.000546641 -0.000225994 -0.000240702   0.00214691   0.00500956 -9.38997e-05 1.00863       0       0
             26.8998 0.448003 -5.08171 -55.1332  -2.27927 -0.304719  0.948386 -0.652858 -0.773494 0.0543864  0.000608599 -0.000275669 -0.000241073   0.00259735    0.0046725 -0.000170045 1.00865       0       0
             27.0005  1.34501 -3.92735 -55.0953  -2.34855 -0.408844  0.954206 -0.589666  -0.90745  0.050559   0.00054316 -0.000254836 -0.000222163   0.00193132   0.00532684 -0.000143829 1.00747       0       0
             27.0005  1.11597 -3.69438 -55.0502  -2.34729 -0.395722  0.953283  -0.59488 -0.782092 0.0392092   0.00060355 -0.000281861 -0.000235074   0.00275183   0.00486369 -0.000123538 1.00749       0       0
             27.1003  1.55827 -4.35356 -55.2689  -2.4029 -0.49116 0.948576  -0.529595  -0.857245 -0.0605038  0.000543087 -0.000239958 -0.000221397  0.00217752  0.00516589 7.42365e-05 1.00561       0       0
             27.1003  1.22845 -4.21439 -55.2216  -2.40212 -0.479078  0.950476  -0.536296  -0.740525 -0.0513219   0.00062532 -0.000249076 -0.000233908   0.00291755   0.00475159 -3.99758e-05 1.00564       0       0
             27.2001 0.626027 -5.61379 -56.1989  -2.46701 -0.585442  0.936173 -0.568558  -0.89898 -0.132763  0.000554903 -0.000210272 -0.000214052  0.00214766  0.00564313 0.000147821 1.00718       0       0
             27.2001 0.300817 -5.39463 -56.1786  -2.45948 -0.567407  0.935286  -0.52862 -0.732053 -0.143968  0.000649186  -0.00023761 -0.000221015 0.00303597  0.0047455 0.00018954 1.00718       0       0
                27.3 -0.074905  -7.04911  -58.0483  -2.52329 -0.670827  0.921443 -0.563147 -0.872562 -0.102017  0.000572045 -0.000198359 -0.000203132  0.00227699   0.0055552 0.000221269 0.993903        0        0
                27.3 -0.287824  -6.76321  -58.0309  -2.51498 -0.651465  0.922275 -0.515983 -0.692649 -0.101962  0.000644349 -0.000238957 -0.000208567  0.00323016  0.00456632 0.000145951 0.993966        0        0
             27.3998 0.351149 -6.08683 -58.7864   -2.5735 -0.739523  0.918548   -0.527773   -0.708223 -0.00150673  0.000574744   -0.0002245 -0.000193005  0.00261456  0.00516702 0.000140283 0.986936        0        0
             27.3998   0.1279 -5.76935 -58.5969  -2.56652 -0.725025  0.922299 -0.483365 -0.576288 0.0192233  0.000641248 -0.000275112 -0.000235953   0.00328175   0.00440321 -9.24105e-05 0.986961        0        0
             27.5005 0.478047 -6.63707  -58.585  -2.62248 -0.816514  0.921096 -0.460118 -0.691133 0.0409241  0.000566448 -0.000234601 -0.000223302  0.00228632  0.00527997 0.000145648 0.986728        0        0
             27.5005 0.162867 -6.43532 -58.5033   -2.6161 -0.801873  0.925911 -0.420305 -0.556448  0.069853  0.000658999 -0.000250169  -0.00024351   0.00298579   0.00455287 -0.000155873 0.986733        0        0
             27.6003 0.438871 -7.38295 -57.2477  -2.66135 -0.879786  0.933266 -0.386272 -0.614202 0.0903804  0.000575694   -0.0002257 -0.000230886   0.00228061   0.00512902 -8.79608e-05 0.98344       0       0
             27.6003 0.163817 -7.14295 -57.0927  -2.66047 -0.866273  0.934699 -0.391239 -0.482947 0.0938323  0.000647289 -0.000241507 -0.000266895   0.00311436   0.00470856 -0.000212802 0.983446        0        0
             27.7002 0.912369 -9.80406 -55.0777  -2.70719 -0.939119  0.948547 -0.394493 -0.531347  0.185365  0.000558517 -0.000215233 -0.000246844    0.0023382   0.00538689 -0.000155963 0.986762        0        0
             27.7002 0.700724 -9.63535 -54.9952  -2.70603 -0.928166  0.946438 -0.396794 -0.424159  0.163792  0.000614303 -0.000225725 -0.000264963   0.00302931   0.00502085 -8.63344e-05 0.986782        0        0
             27.8001  1.05671  -12.069 -51.8021  -2.74275 -0.988984  0.960721 -0.272449  -0.40761  0.194505  0.000536174 -0.000184996 -0.000250733  0.00229345  0.00545552 0.000127813 0.983662        0        0
             27.8001 0.701336 -11.7317 -51.6655  -2.74454 -0.978149  0.961005 -0.297063 -0.299908  0.188845  0.000615158 -0.000227525 -0.000280226  0.00305101   0.0052011 3.60652e-05 0.983677        0        0
             27.8999 -0.136068  -11.3141  -47.6718  -2.7615 -1.01053 0.985817 -0.0990388   -0.16134   0.190913  0.000554369 -0.000222082 -0.000266647   0.00259273   0.00531698 -0.000131453 0.971402        0        0
             27.8999 -0.382081  -11.0189  -47.6086  -2.7645 -1.00744 0.983572 -0.127559  -0.12661  0.170984  0.000604549  -0.00027318 -0.000283326   0.00295171   0.00534837 -5.99568e-05 0.971415        0        0
             28.0001  -1.3982 -12.3672 -43.0815 -2.76934 -1.02929  1.00095 -0.0091961 -0.0257333   0.124259  0.000549143  -0.00023515 -0.000264797   0.00225521   0.00565088 -3.97571e-05 0.969708        0        0
             28.0001 -1.57685 -12.2206 -43.0277 -2.77555  -1.0269  1.00107 -0.0634121 0.00455817   0.120252  0.000583913 -0.000261941 -0.000279986  0.00268562   0.0058159 -0.00010165 0.969715        0        0
                28.1 -1.28884 -12.1929 -38.3535 -2.75915 -1.02033  1.01058 0.0974363 0.0975252  0.042878  0.000524554 -0.000198733 -0.000265057   0.00226274   0.00535401 -9.67143e-05 0.976496        0        0
                28.1 -1.44206 -11.8394 -38.3542 -2.76694 -1.01692  1.00905 0.0262572  0.140089 0.0260986  0.000557649 -0.000282162 -0.000267451  0.00294225  0.00551316 -0.00010493 0.976511        0        0
             28.1998 -0.163808  -11.7498  -34.4961 -2.75713 -1.00837  1.01092  0.0699773   0.181247 -0.0325758    0.0004922 -0.000239433 -0.000248843   0.00243198   0.00560029 -0.000113306 0.984025        0        0
             28.1998 -0.343528  -11.6025  -34.5124 -2.76698 -1.00812  1.00749 -0.0169154    0.20117 -0.0626403  0.000527518 -0.000265663 -0.000245377   0.00309282   0.00592478 -3.83636e-06 0.984039        0        0
             28.3004 0.380062 -11.8027 -31.4555  -2.75707 -0.992084  0.991475 0.0443276  0.227877 -0.131024  0.000479955 -0.000196678 -0.000229132  0.00261447  0.00587613 0.000316201 0.988542        0        0
             28.3004 0.146591 -11.4947 -31.4818   -2.7637 -0.987856  0.995899 -0.0157384   0.270866  -0.105974  0.000534045 -0.000253604 -0.000223309  0.00310618  0.00589591 5.17962e-06 0.988562        0        0
             28.4003 -0.162096  -10.9924  -29.0464  -2.75686 -0.971841  0.969469 0.0296062  0.243384  -0.17134  0.000520217 -0.000199471 -0.000212867  0.00271967  0.00607617 0.000580591 1.00062       0       0
             28.4003 -0.200255  -10.7109  -29.0751  -2.76492 -0.969494  0.985417 -0.0346517    0.26603 -0.0676804  0.000527903 -0.000262515 -0.000205918  0.00306514  0.00619639 -0.00032245 1.00075       0       0
             28.5001 -0.657205  -9.51957   -27.436  -2.75632 -0.947416  0.971556 -0.00669047    0.220273   -0.118799   0.00053991 -0.000206611 -0.000201399   0.00258776   0.00607743 -6.15799e-05 1.01902       0       0
             28.5001 -0.626122  -9.25061  -27.4702   -2.7632 -0.944489  0.982768 -0.0647646   0.247703  -0.046778  0.000533059 -0.000268999 -0.000193896   0.00298104   0.00611311 -0.000727046 1.01913       0       0
                28.6 -0.891124  -7.91022  -26.7013  -2.76396 -0.930855  0.968013 -0.0883817   0.120081 -0.0989761   0.00052764 -0.000217024 -0.000188555    0.0026263   0.00616443 -0.000375039 1.03176       0       0
                28.6 -0.83784 -7.68981 -26.7297  -2.77073 -0.930104  0.974174  -0.146993   0.131846 -0.0609673  0.000515649 -0.000269026 -0.000182119   0.00303112   0.00629689 -0.000760442 1.03181       0       0
             28.6999  -1.1011 -6.63539 -26.7261 -2.77384 -0.92252 0.959364  -0.161833  0.0191193 -0.0893197  0.000529116  -0.00022305 -0.000177982  0.00253128  0.00606715 -0.00040439 1.03211       0       0
             28.6999 -1.17069 -6.47091  -26.735  -2.77712 -0.917939  0.963458  -0.195499  0.0575057 -0.0644843   0.00054619 -0.000258654 -0.000176701   0.00288113   0.00592402 -0.000661047 1.03218       0       0
             28.8001 -1.31273 -5.91006 -27.5379  -2.79288 -0.927583  0.945098 -0.232055 -0.104328 -0.099327  0.000533338 -0.000203384 -0.000165421    0.0025151   0.00608242 -0.000200445 1.02843       0       0
             28.8001 -1.37721 -5.68078 -27.5087  -2.79454 -0.919198  0.952241  -0.252761  -0.039455 -0.0530036  0.000550113 -0.000253877 -0.000173842    0.002852  0.00571296 -0.00062561 1.0285      0      0
             28.8999 -1.52954 -4.57309 -29.4271  -2.82362 -0.941104  0.937313  -0.337324  -0.197416 -0.0823336  0.000548989 -0.000219525 -0.000155978   0.00265733   0.00606632 -0.000267352 1.03488       0       0
             28.8999 -1.58617 -4.35292 -29.4021   -2.8268 -0.935943  0.942955  -0.369338   -0.15505 -0.0462364  0.000563216 -0.000268162 -0.000163084   0.00301205   0.00590061 -0.000600449 1.03495       0       0
             28.9998 -1.95867  -3.9918 -32.4499   -2.8652 -0.968366   0.92512  -0.441332  -0.293112 -0.0870879  0.000551564 -0.000218033 -0.000137956   0.00273243   0.00619984 -0.000111946 1.027     0     0
             28.9998 -2.09846  -3.8184 -32.4008 -2.86675 -0.96325  0.93071  -0.458647   -0.25274 -0.0501996  0.000585027 -0.000257671 -0.000150875   0.00298874   0.00600977 -0.000435465 1.02705       0       0
             29.1004 -2.42801 -3.77166 -35.4125 -2.90655 -1.00118 0.910197 -0.492989 -0.335821 -0.109623  0.000546872 -0.000194128 -0.000130879  0.00249128  0.00610883 9.93682e-05 1.01895       0       0
             29.1004 -2.64959 -3.47479 -35.2919  -2.90846 -0.992814  0.919431  -0.517073  -0.270058 -0.0478593  0.000598947 -0.000261339 -0.000161803   0.00290545   0.00580749 -0.000438593 1.019     0     0
             29.2003 -3.14486 -2.80095 -38.0204 -2.96022 -1.03107 0.904518  -0.567095  -0.316351 -0.0536992  0.000560606 -0.000219226  -0.00015341   0.00258314   0.00603096 -3.60564e-05 1.00613       0       0
             29.2003 -3.35139 -2.57713 -37.9382 -2.96264 -1.02353  0.91368  -0.594973  -0.253798 0.00807445  0.000612163   -0.0002659 -0.000175281   0.00303228   0.00579337 -0.000579851 1.00616       0       0
             29.3001 -3.52633 -2.99825 -40.8153  -3.0199 -1.06269 0.908131 -0.605726 -0.315027 0.0378013  0.000567009 -0.000209779 -0.000150897  0.00259292  0.00606552 -0.00022778 1.0051      0      0
             29.3001 -3.78079 -2.76995 -40.6876 -3.02162 -1.05632 0.912803 -0.626374 -0.259172 0.0699024  0.000629266 -0.000253714 -0.000182885    0.0029875   0.00585603 -0.000519832 1.00511       0       0
                29.4 -2.88926 -3.58074 -43.2253 -3.08632     -1.1  0.91112  -0.62674 -0.321007 0.0547509  0.000554887 -0.000204497 -0.000164729   0.00262196   0.00634859 -0.000114999 0.99801       0       0
                29.4 -3.08201 -3.36114 -43.1227 -3.08574 -1.09049  0.91418 -0.633412 -0.240273 0.0747422   0.00060731 -0.000248361 -0.000190464   0.00307315   0.00593774 -0.000324525 0.998054        0        0
             29.4998  -2.1639 -4.56039 -45.6344 -3.15258 -1.13214 0.916679 -0.611414 -0.284274 0.0515863  0.000559759 -0.000201142 -0.000172381   0.00271228   0.00652258 -0.000116447 1.00442       0       0
             29.4998 -2.46207 -4.31087 -45.5392 -3.14759 -1.11869 0.920366 -0.585612 -0.174655 0.0758374  0.000640242 -0.000255344 -0.000195875   0.00315693   0.00580382 -0.000383074 1.0044      0      0
             29.6005 -1.48633 -5.31861 -48.7129  -3.2109 -1.16159 0.924976  -0.52999 -0.263485 0.0785206  0.000558628 -0.000202154 -0.000178341    0.0026838   0.00658723 -0.000194164 1.00711       0       0
             29.6005 -1.81975 -5.04404 -48.6703 -3.20323 -1.14676 0.924034 -0.485184 -0.142337 0.0688045  0.000648087 -0.000262949 -0.000189802   0.00314363   0.00570384 -0.000197175 1.00709       0       0
             29.7004 -0.610461  -5.87727  -51.8752 -3.25943 -1.18147 0.932061 -0.458391 -0.179488 0.0915653  0.000575954 -0.000228522 -0.000176767  0.00276542  0.00649689 -0.00013956 0.997305        0        0
             29.7004 -0.96992 -5.68125 -51.7941 -3.24826 -1.16429 0.933892  -0.384319 -0.0378422   0.101743  0.000677413 -0.000278946 -0.000198088   0.00322307   0.00536934 -0.000307098 0.997414        0        0
             29.8002  -0.2362   -7.348 -54.5589 -3.29238 -1.19087 0.940854 -0.315676 -0.089617  0.100335  0.000594516 -0.000211155 -0.000179463   0.00270131   0.00619082 -0.000114244 0.994382        0        0
             29.8002 -0.615755  -7.09741   -54.477 -3.28379  -1.1774 0.942797 -0.260405 0.0223108  0.111004  0.000682142 -0.000272728 -0.000196532   0.00316101   0.00531106 -0.000272956 0.994338        0        0
                29.9 0.265263 -8.37643 -56.7133 -3.31102 -1.19297 0.953547  -0.155279 -0.0179288   0.113225  0.000620986 -0.000221316 -0.000182403  0.00267444   0.0059414 -0.00020168 0.984462        0        0
                29.9 0.0357329   -8.1021  -56.5685 -3.30456 -1.17768 0.954562 -0.117486  0.118829  0.114873  0.000682702 -0.000270252 -0.000217702   0.00338418   0.00510361 -0.000321295 0.984477        0        0
             29.9999  1.35984 -9.41064 -57.8399 -3.32485 -1.19719 0.962704 -0.0599738   0.016888  0.0831862  0.000607904 -0.000234039 -0.000195744   0.00258999   0.00616062 -0.000153124 0.978179        0        0
             29.9999  1.05426 -9.15447 -57.7018  -3.3183  -1.1792 0.963019 -0.0241734   0.182142  0.0776407  0.000694368 -0.000273253 -0.000230306   0.00353305   0.00526774 -0.000252856 0.978207        0        0
             30.1001  2.09055 -10.1583 -58.0447 -3.32659 -1.18801 0.966727 0.0389517 0.0725442 0.0463953  0.000611111 -0.000236185 -0.000207683  0.00282213  0.00608828 -7.5712e-05 0.98029       0       0
             30.1001  1.68102 -9.91703 -57.8675  -3.3193 -1.16948 0.966218 0.0821775  0.245504 0.0332831  0.000720483 -0.000271909 -0.000250397   0.00383186   0.00514298 -0.000124164 0.98027       0       0
                30.2  2.46277 -10.6437 -57.4674 -3.32164  -1.1836 0.967271  0.116227 0.0842297 0.0060184  0.000620595 -0.000242611 -0.000221438  0.00277564  0.00627405 1.40632e-05 0.967752        0        0
                30.2  2.10735   -10.39 -57.3403 -3.31645 -1.17108 0.968866  0.148313  0.198802 0.0115159  0.000711403 -0.000286338 -0.000251878   0.00341989   0.00562668 -0.000127086 0.967769        0        0
             30.2998  3.06771 -10.9764 -55.8071 -3.30489 -1.17641 0.971889   0.20314  0.100672 0.0104022  0.000614987 -0.000252225 -0.000230312   0.00261981   0.00628957 -0.000125264 0.969579        0        0
             30.2998  2.73979 -10.7535 -55.6766 -3.30024 -1.16275 0.970912    0.229041    0.231232 -0.00349999   0.00070045  -0.00028419 -0.000262504   0.00342492     0.005609 -0.000134332 0.969591        0        0
             30.4004   3.0587  -10.939 -53.2305 -3.27535 -1.15723  0.97159    0.297098    0.167803 -0.00606426   0.00062406 -0.000247421 -0.000246542   0.00277846   0.00599626 -0.000119469 0.973868        0        0
             30.4004    2.788 -10.6942 -53.1326 -3.27881 -1.15024 0.970328   0.261509   0.240426 -0.0210517  0.000681004 -0.000280622 -0.000267879   0.00342441   0.00594411 -0.000122654 0.973857        0        0
             30.5003   3.0788 -10.7894 -50.1875 -3.25457 -1.15015 0.968198   0.306449   0.158752 -0.0176642  0.000603809 -0.000256897 -0.000245028   0.00265005    0.0065663 -2.80385e-05 0.979152        0        0
             30.5003  2.82587  -10.584 -50.0607  -3.2565 -1.13877 0.968405   0.277814   0.271696 -0.0228583  0.000662206 -0.000272947 -0.000275805   0.00346811   0.00626126 -0.000133601 0.979131        0        0
             30.6001  2.83523 -10.6775 -46.4868 -3.22656 -1.13058 0.960928   0.31184  0.210515 -0.048864  0.000593441 -0.000238955 -0.000257894  0.00282812  0.00665608 0.000113061 0.986384        0        0
             30.6001  2.59952 -10.4108 -46.4249 -3.23164 -1.12384 0.969201    0.26536   0.276014 0.00563163  0.000642078 -0.000277528 -0.000270762   0.00334966    0.0066089 -0.000417608 0.986421        0        0
                30.7 2.45679 -10.592 -42.491 -3.19511 -1.10357 0.965996   0.313744   0.251125 -0.0125559  0.000588678 -0.000230188 -0.000264587   0.00288586   0.00653849 -0.000229343 0.986066        0        0
                30.7  2.15707 -10.3174 -42.4516 -3.20027 -1.09753 0.971869 0.265906 0.310986 0.023462  0.000653341 -0.000271813 -0.000272243   0.00341474   0.00649978 -0.000614922 0.98609       0       0
             30.7999  2.05342 -9.99314 -38.8195 -3.16909 -1.08132 0.972208   0.27619  0.239886 0.0142138   0.00058126 -0.000237365  -0.00025828   0.00285437   0.00669268 -0.000484026 0.987176        0        0
             30.7999  1.74445 -9.73094 -38.8134 -3.17258 -1.07474 0.973826  0.239113  0.304142 0.0209983  0.000653587 -0.000277267 -0.000259373   0.00339179   0.00654501 -0.000632125 0.987177        0        0
             30.9001  1.68487 -9.54035  -35.473 -3.13706 -1.04957 0.971242   0.270861   0.274342 0.00141936   0.00058747 -0.000229956 -0.000244819   0.00292436   0.00638577 -0.000406108 0.991815        0        0
             30.9001  1.47192 -9.30143 -35.4504 -3.14447 -1.04791 0.973268  0.206248  0.299024 0.0109934  0.000633659 -0.000277492  -0.00024787   0.00341782   0.00656415 -0.000579974 0.991832        0        0
                  31  1.31776 -9.32775 -32.7743 -3.11547 -1.03011 0.964921  0.229042  0.229852 -0.022835  0.000581524  -0.00022078 -0.000229931   0.00289933   0.00666542 -0.000198371 0.983832        0        0
                  31  1.09629 -9.07249  -32.752 -3.12531 -1.02772 0.970137  0.141513  0.262933 0.0083741  0.000623963 -0.000267254 -0.000233004   0.00358816   0.00686574 -0.000583983 0.983856        0        0
             31.0998  1.05246 -9.10398 -30.7388  -3.1037 -1.01471 0.954505   0.148956   0.176084 -0.0568469   0.00057253 -0.000205895 -0.000219669  0.00310757  0.00702395 4.62122e-05 0.992793        0        0
             31.0998 0.909769  -8.8427 -30.7323 -3.11056 -1.01034 0.964343 0.0858912  0.218673 0.0102542  0.000603836 -0.000243721 -0.000219806   0.00359168   0.00701115 -0.000581638 0.992891        0        0
             31.2004 0.851369 -8.74667 -29.7093  -3.09219 -0.996106   0.94914  0.0841813   0.125604 -0.0603517  0.000570974 -0.000195448   -0.0002063   0.0032065  0.00692596 9.22214e-06 0.996261        0        0
             31.2004 0.691298 -8.45783 -29.7135 -3.09803 -0.99395 0.962614  0.036708   0.14539 0.0312842  0.000608612 -0.000253678 -0.000203781   0.00348178   0.00697887 -0.000760446 0.99634       0       0
             31.3003 0.470418 -8.27499 -30.2824  -3.08891 -0.994136  0.950384 -0.00662017 -0.00896046  -0.0303283  0.000584735 -0.000199651 -0.000183286     0.003087   0.00708019 -0.000215779 1.00856       0       0
             31.3003 0.377942 -8.01469 -30.2883   -3.0947 -0.993154  0.960432 -0.0534255 0.00251352  0.0361875  0.000605706 -0.000261018 -0.000181085   0.00338665    0.0071826 -0.000806232 1.00861       0       0
             31.4001 0.375686 -7.92029 -31.9513 -3.10048 -1.01257 0.946736 -0.137665 -0.181311 -0.036639  0.000590901 -0.000198188  -0.00016998   0.00304677   0.00747855 -0.000211377 1.00462       0       0
             31.4001 0.269307 -7.63834 -31.9712 -3.10465 -1.00597 0.960093 -0.175984 -0.128772 0.0526442  0.000617201 -0.000267625 -0.000165127  0.00343673  0.00726921 -0.00101518 1.0047      0      0
             31.4999  0.41815 -7.35536 -34.1979 -3.10945 -1.02779 0.952112    -0.211215    -0.263428 -0.000108996  0.000591154 -0.000208995 -0.000152829   0.00278723   0.00704928 -0.000487619 1.00526       0       0
             31.4999 0.279691 -7.10974 -34.1603 -3.11454 -1.01955  0.95826 -0.265687 -0.192517 0.0372033  0.000625803 -0.000267115 -0.000161077   0.00345733   0.00679578 -0.000898591 1.00534       0       0
             31.5998 0.575693 -7.52959 -37.0797 -3.14473 -1.05575 0.954124  -0.367125  -0.346713 0.00976155   0.00058977 -0.000209927 -0.000147804   0.0031557  0.00709471 -0.00059019 1.00079       0       0
             31.5998 0.313269 -7.29357 -37.0186 -3.14839 -1.05029 0.955625 -0.405496 -0.296504 0.0164759  0.000652696 -0.000263785 -0.000160884   0.00365209   0.00694739 -0.000710192 1.0008      0      0
             31.7001  1.11764 -7.44505 -39.9988 -3.18628 -1.09072 0.948872  -0.464359  -0.407049 -0.0302374  0.000598276 -0.000210008 -0.000141409   0.00327234   0.00697944 -0.000402951 0.991662        0        0
             31.7001 0.855327 -7.17924 -39.8848 -3.18409 -1.08288 0.950704  -0.453946  -0.344795 -0.0179176  0.000659722 -0.000276588 -0.000167547   0.00350751   0.00653612 -0.000529477 0.991695        0        0
             31.7999  1.23374 -7.55859 -42.6614 -3.23304 -1.13783 0.940487  -0.513126  -0.472525 -0.0586829  0.000604272 -0.000217885 -0.000149131   0.00310826   0.00702599 -0.000209064 0.997663        0        0
             31.7999 0.872258 -7.33095 -42.5265 -3.23161 -1.12961  0.94323  -0.509286   -0.40396 -0.0403897  0.000689518 -0.000275571 -0.000180047   0.00343438   0.00659992 -0.000396309 0.99768       0       0
             31.9002 0.707038 -7.53158 -44.4344 -3.28623 -1.19174 0.936459  -0.539842   -0.52497 -0.0370014  0.000624661 -0.000221336 -0.000166849   0.00297546   0.00715643 -0.000239689 0.998068        0        0
             31.9002 0.366669 -7.29721 -44.2846 -3.28513 -1.18103 0.936697   -0.54436  -0.430995 -0.0386132  0.000704934 -0.000278534 -0.000201975   0.00353717   0.00664555 -0.000286109 0.998043        0        0
                  32 0.326525 -7.86862 -45.0745 -3.33625 -1.23917 0.929349  -0.505171  -0.509304 -0.0219169  0.000636969 -0.000216996 -0.000189922   0.00307124   0.00694325 -5.86807e-05 0.998222        0        0
                  32 -0.00828383    -7.59961    -44.9185 -3.33629  -1.2273 0.935034 -0.518603 -0.404562 0.0138037  0.000716675  -0.00028098 -0.000227853   0.00372872   0.00643463 -0.000441801 0.99827       0       0
             32.0999 0.916408 -7.63311 -45.2033 -3.38698 -1.28675 0.935003 -0.449645 -0.489314 0.0113301  0.000619513 -0.000225655 -0.000211775   0.00322004    0.0069562 -0.000333665 0.99709       0       0
             32.0999 0.507071 -7.36731 -45.0958 -3.38854   -1.281 0.937082 -0.468085 -0.435089 0.0223991   0.00071541 -0.000286237 -0.000237351   0.00364944   0.00678088 -0.000487109 0.997104        0        0
             32.2001  1.09242 -7.24404 -45.9733 -3.43629 -1.34836 0.932296  -0.394496   -0.54285 -0.0125823  0.000624625 -0.000235218 -0.000215671   0.00310001   0.00748687 -0.000209356 0.996131        0        0
             32.2001 0.763176 -7.01748 -45.9155 -3.43071 -1.33419 0.935811  -0.364393  -0.425928 0.00879738   0.00070965 -0.000283698 -0.000230948   0.00360748   0.00666369 -0.000452082 0.996162        0        0
             32.2999  1.59173 -6.49827 -46.9889 -3.46669 -1.39876 0.931714  -0.295977  -0.536191 -0.0171108   0.00063867 -0.000243378 -0.000210632   0.00310048     0.007263 -0.000229063 1.00051       0       0
             32.2999  1.26514 -6.29155 -46.8936 -3.46254 -1.38464 0.934661   -0.279073   -0.416295 0.000637916  0.000723927 -0.000285872 -0.000235626   0.00370744   0.00651245 -0.000444273 1.00049       0       0
             32.4002   1.9513 -7.10491 -47.7394 -3.49346 -1.45122 0.922468  -0.242658  -0.543638 -0.0715312  0.000634153 -0.000225073 -0.000214354   0.00317993   0.00721901 -3.49373e-05 1.00465       0       0
             32.4002  1.60926   -6.892 -47.6301 -3.48363 -1.42986 0.929566   -0.18484  -0.368342 -0.0237647  0.000729854 -0.000268322 -0.000242508   0.00388245   0.00592006 -0.000488689 1.00468       0       0
                32.5  1.91792 -7.48499  -48.498 -3.50845 -1.49844 0.924044  -0.165016  -0.529655 -0.0429906  0.000651609 -0.000215033 -0.000214851   0.00320758   0.00684771 -0.000356856 1.00642       0       0
                32.5  1.58171 -7.22445 -48.3916 -3.50652  -1.4853 0.924321   -0.16651  -0.413266 -0.0456934  0.000737287 -0.000269315 -0.000239993   0.00394389   0.00625277 -0.000404365 1.00643       0       0
             32.5999  1.42238 -7.45078 -49.4198 -3.53867 -1.56005 0.918886  -0.241021  -0.570079 -0.0310956   0.00066126 -0.000234363 -0.000213381   0.00332953   0.00739015 -0.000335337 0.999222        0        0
             32.5999  1.09236 -7.20568 -49.3103 -3.53103 -1.54254 0.922568   -0.197865   -0.423434 -0.00862165  0.000751383 -0.000284927  -0.00024026   0.00400176   0.00635663 -0.000574372 0.999245        0        0
             32.7002  1.06403 -7.55551 -49.6149 -3.55799 -1.61107 0.917672  -0.280198   -0.55295 -0.0153391  0.000677166 -0.000228613 -0.000214326   0.00332644   0.00702084 -0.000343727 0.995723        0        0
             32.7002 0.800394 -7.26088 -49.4522 -3.55326 -1.59541 0.921194   -0.25924  -0.418811 0.00464145  0.000749894 -0.000284132 -0.000252739   0.00404736   0.00620533 -0.000579593 0.995753        0        0
                32.8  1.47805  -7.3694 -49.5424  -3.5935 -1.66707 0.921068   -0.358315    -0.57195 -0.00946583  0.000664247 -0.000251168 -0.000228553   0.00339733   0.00712795 -0.000560619 0.997403        0        0
                32.8  1.22556 -7.18206 -49.4414 -3.59205 -1.65883 0.918919 -0.357218 -0.496452 -0.028063   0.00072878 -0.000285568 -0.000251349   0.00389032   0.00675502 -0.000458596 0.997397        0        0
             32.8999  1.92451 -6.76999 -49.6023 -3.63934 -1.73839 0.914599  -0.445118  -0.661906 -0.0534843  0.000652897 -0.000251317 -0.000229176   0.00322448   0.00760075 -0.000399215 0.993488        0        0
             32.8999  1.63649 -6.51772 -49.4821  -3.6302 -1.71947 0.913853  -0.393566  -0.500086 -0.0622204   0.00074171 -0.000296828 -0.000257691   0.00399769   0.00647173 -0.000390059 0.993478        0        0
             33.0001  1.84943 -6.28536 -49.3526 -3.68592 -1.79963 0.904009 -0.518863 -0.638235 -0.100265  0.000663279 -0.000265742 -0.000231436   0.00335973   0.00743115 -0.000291601 0.992185        0        0
             33.0001  1.57905 -6.12137 -49.2287 -3.68021 -1.78415 0.904375 -0.490796 -0.504505 -0.100981  0.000741359 -0.000291498 -0.000260554   0.00406741    0.0065857 -0.000337879 0.992181        0        0
             33.0999  1.60273 -6.17391 -48.3122 -3.73848 -1.85926 0.891677  -0.553663   -0.62226 -0.0970391  0.000671353 -0.000241094 -0.000244134   0.00346801   0.00730112 -0.000210395 0.995716        0        0
             33.0999  1.37455 -5.89861 -48.1714 -3.73387 -1.84457 0.895329  -0.531663  -0.495273 -0.0750415   0.00073845 -0.000292108 -0.000277002   0.00414416   0.00651847 -0.000440228 0.995736        0        0
             33.1998  1.30913 -5.12898 -47.0153 -3.79618 -1.92233 0.892997 -0.544144 -0.641448  0.044929  0.000665285 -0.000261943 -0.000254097  0.00351635  0.00736217 -0.00041915 0.998448        0        0
             33.1998  1.04263 -4.92537 -46.8883 -3.78803 -1.90693 0.891766 -0.495583 -0.512853 0.0338974  0.000753262 -0.000294447 -0.000288479   0.00410102    0.0063883 -0.000350576 0.998466        0        0
             33.3004 0.760941 -4.46495  -45.946 -3.84747 -1.98688 0.896698  -0.48765 -0.623558 0.0685201  0.000672816 -0.000266931 -0.000261839   0.0035114  0.00737295 -0.00027108 0.996164        0        0
             33.3004 0.532618 -4.29305   -45.85 -3.84107 -1.97317 0.898864 -0.450335 -0.510264 0.0810369  0.000753176 -0.000284676 -0.000288466   0.00399763   0.00654313 -0.000399101 0.996196        0        0
             33.4003 0.667844  -4.2538 -45.7255 -3.90706 -2.06709 0.901896 -0.508801 -0.719714  0.049868  0.000645769 -0.000257466 -0.000245533   0.00329028    0.0081035 -0.000250504 1.00938       0       0
             33.4003 0.396812 -4.01331 -45.6035 -3.89639 -2.04319  0.90663 -0.448071 -0.523587 0.0797734  0.000754769 -0.000284201 -0.000281269   0.00409122   0.00670704 -0.000534488 1.00933       0       0
             33.5001 0.762104 -4.77856 -45.6094 -3.95484 -2.12965 0.907231   -0.483585   -0.726868 -0.00178415  0.000652609 -0.000241047 -0.000253944   0.00360635   0.00777247 -0.000354366 1.00934       0       0
             33.5001 0.511585 -4.56548 -45.5581 -3.94462 -2.11203 0.908617  -0.418626  -0.586211 0.00590829  0.000744388 -0.000276749 -0.000269488  0.00407058  0.00665869 -0.00043387 1.00932       0       0
             33.5999 0.913991 -5.14845 -46.4177 -4.00423  -2.2087 0.901195  -0.491233   -0.78602 -0.0789557  0.000648814 -0.000242709 -0.000243043   0.00352225   0.00789188 -0.000279043 1.0119      0      0
             33.5999 0.670165 -4.91752 -46.3461 -3.99193 -2.18754 0.902256  -0.413746  -0.618336 -0.0738457  0.000740668 -0.000283242 -0.000262677   0.00407942   0.00655198 -0.000343027 1.01186       0       0
             33.6998 0.878947 -5.93469 -47.7253 -4.05397 -2.28505 0.892059  -0.508075  -0.809298 -0.0844078  0.000658913  -0.00024164 -0.000232772     0.003644   0.00779121 -0.000270144 0.995071        0        0
             33.6998  0.58095  -5.7321 -47.6505 -4.04117 -2.26618 0.893898   -0.42127  -0.660914 -0.0735275  0.000760015 -0.000281138 -0.000251791   0.00404683   0.00649987 -0.000371036 0.995073        0        0
             33.8005  1.01133 -4.96749 -48.9618 -4.10702 -2.37316 0.890579   -0.545161   -0.858126 -0.00473517  0.000667284 -0.000254619 -0.000222504   0.00352218   0.00791832 -0.000397957 0.998707        0        0
             33.8005 0.709731 -4.66972 -48.8222 -4.09424  -2.3543 0.887467  -0.460083  -0.705192 -0.0280639  0.000774161 -0.000322328 -0.000261729   0.00403097   0.00660715 -0.000224497 0.998742        0        0
             33.9003  1.25089 -3.98103 -49.9766 -4.15575 -2.44687 0.886596  -0.565122  -0.782826 -0.0287728  0.000683514 -0.000293241 -0.000238854  0.00361354  0.00744616 -0.00028736 1.00794       0       0
             33.9003  1.02126  -3.8565 -49.9035 -4.14649 -2.42965 0.884962 -0.508969 -0.636484  -0.04227  0.000753889 -0.000323979 -0.000258335   0.00426731   0.00632045 -0.000202466 1.00795       0       0
             34.0002  1.56525 -3.35176  -50.921 -4.22292 -2.53008 0.884709  -0.627953  -0.792304 -0.0308571  0.000695662 -0.000283442 -0.000225084   0.00367682   0.00784792 -0.000336263 0.99588       0       0
             34.0002  1.37155 -3.17339 -50.7588  -4.2151 -2.51586 0.882672  -0.579398  -0.671384 -0.0483074  0.000744795 -0.000321876 -0.000261361   0.00423286   0.00690292 -0.000199388 0.995914        0        0
                34.1  1.50807 -3.97731 -50.5467 -4.28382 -2.60424 0.873079 -0.653107 -0.742768 -0.111868  0.000686804 -0.000274735 -0.000247121   0.00372464    0.0076608 -0.000134339 0.999569        0        0
                34.1  1.18826 -3.85939  -50.405 -4.27621 -2.58838 0.873975 -0.606133  -0.60437 -0.109224  0.000780054 -0.000282034 -0.000278839   0.00434676   0.00670182 -0.000169873 0.999588        0        0
             34.1999  1.35781 -4.31502 -48.8843 -4.34578 -2.67435 0.859709 -0.652348 -0.705703 -0.110408 0.000698938 -0.00024522 -0.00026438   0.00369893   0.00748937 -7.07311e-05 0.995354        0        0
             34.1999  1.19101 -4.01591 -48.7392 -4.34222 -2.66107 0.863542  -0.636144  -0.588864 -0.0875951  0.000755847 -0.000291604 -0.000296393   0.00434077   0.00683358 -0.000280124 0.995403        0        0
             34.3001   1.3274 -3.61127 -47.4979 -4.42963 -2.75662 0.863258 -0.742726 -0.751297  0.042209  0.000661463 -0.000287929 -0.000273241   0.00372357   0.00819777 -0.000396523 0.991965        0        0
             34.3001  1.05182 -3.46896 -47.4165 -4.42137 -2.73897 0.862127  -0.69336 -0.597931 0.0310544  0.000757168 -0.000304259  -0.00029465   0.00442211   0.00716647 -0.000326864 0.991994        0        0
                34.4   1.3367 -3.46933  -46.334  -4.4975 -2.82745 0.865914 -0.666649  -0.73928 0.0739414  0.000673545 -0.000265589 -0.000278944   0.00378433   0.00800228 -0.000231489 0.993536        0        0
                34.4  1.11331 -3.24829 -46.2808 -4.49251 -2.81208 0.870583 -0.641559  -0.60763  0.102095  0.000736356 -0.000316947 -0.000291988   0.00448877   0.00714721 -0.000487707 0.993617        0        0
             34.4998  2.73224 -2.74013 -46.3818 -4.57749 -2.91212 0.883574 -0.675304 -0.796746 0.0999391  0.000663073 -0.000283172 -0.000264435   0.00388652   0.00868882 -0.000600137 1.00256       0       0
             34.4998  2.54508 -2.59072 -46.3524 -4.56297 -2.89347 0.880093 -0.576886 -0.647047 0.0744626  0.000712843 -0.000318245 -0.000271493   0.00429763   0.00724149 -0.000363308 1.00253       0       0
             34.6005  3.17358 -4.95524 -45.6033 -4.63145 -2.98821 0.879551  -0.583941   -0.80376 -0.0470025  0.000653742 -0.000254434 -0.000260487   0.00372338   0.00823169 -0.000262941 0.993524        0        0
             34.6005  2.91766 -4.84272 -45.5385 -4.62392 -2.97438 0.878799  -0.538345  -0.689977 -0.0549531  0.000716061  -0.00028085 -0.000273147   0.00418612    0.0073041 -0.000179303 0.99357       0       0
             34.7004  2.47912 -5.40839 -45.4265 -4.68283 -3.06176 0.868306 -0.519163 -0.786925 -0.148699  0.000673332  -0.00023794 -0.000263964   0.00387147   0.00793142 -0.000192872 0.988166        0        0
             34.7004  2.17002 -5.14385 -45.4364 -4.67671  -3.0505 0.864543 -0.481411 -0.691489 -0.177782  0.000751653  -0.00030126 -0.000258219   0.0042798  0.00716684 7.13943e-05 0.988188        0        0
             34.8002  1.13641 -4.46346 -45.9795 -4.74078 -3.14424 0.846358 -0.553948 -0.776677 -0.188911  0.000698332 -0.000277492 -0.000239353   0.00391265   0.00823967 -3.20437e-05 0.986166        0        0
             34.8002 0.861528 -4.26661 -45.9025 -4.73306  -3.1298 0.847516 -0.505339 -0.658405 -0.184081  0.000768852 -0.000324784 -0.000258365   0.00437162   0.00725558 -6.60584e-05 0.986193        0        0
                34.9 0.460577 -3.65959   -46.19 -4.78883  -3.2124 0.831921  -0.561051  -0.748566 -0.0769363  0.000707217 -0.000282244 -0.000245095  0.00398954  0.00776589 1.55408e-05 0.986369        0        0
                34.9 0.265785 -3.49874 -46.0829 -4.78413 -3.19933 0.835081  -0.536437  -0.638128 -0.0581754  0.000757537 -0.000321333 -0.000273435 0.00453114 0.00697544 -0.0001642 0.986371        0        0
             34.9999 0.514433 -2.74169 -46.4221 -4.85152   -3.288 0.829451  -0.644154  -0.754291 -0.0103901  0.000706285 -0.000286537  -0.00025323   0.00405224   0.00784419 -2.98286e-05 0.97605       0       0
             34.9999 0.382544 -2.60233 -46.3487 -4.84848 -3.27488 0.835683 -0.633472 -0.642346 0.0298605  0.000743434 -0.000315987 -0.000271864   0.00467299   0.00713186 -0.000410694 0.976157        0        0
             35.1001  1.11502 -2.68188 -47.1788 -4.94139 -3.38405 0.834036  -0.773326  -0.832684 0.00375602  0.000695979 -0.000257895 -0.000242278   0.00404815   0.00897635 -0.000261511 0.975383        0        0
             35.1001 0.917088 -2.47006 -47.0638 -4.93109 -3.36768 0.836963 -0.705626 -0.701796 0.0214833  0.000755123 -0.000306701 -0.000270739    0.0044819   0.00781528 -0.000423917 0.975372        0        0
                35.2  1.63187 -3.25348 -46.6563 -5.00825 -3.45251 0.835764   -0.74171  -0.760693 -0.0279833  0.000685424 -0.000266938 -0.000260078   0.00416237   0.00833834 -0.000400813 0.969493        0        0
                35.2  1.35313 -3.14031 -46.5229 -5.00148 -3.43994  0.83588  -0.700728  -0.654894 -0.0291049  0.000762351 -0.000291084 -0.000291742   0.00460333   0.00749961 -0.000396613 0.969446        0        0
             35.2998  1.31342 -4.04933 -45.3926 -5.08382 -3.53208 0.830323  -0.741424  -0.749096 -0.0339844  0.000707841 -0.000244253 -0.000274228    0.0040386    0.0085081 -0.000318376 0.964643        0        0
             35.2998  1.09894 -3.82622  -45.291 -5.07764  -3.5182 0.832208  -0.707004  -0.633666 -0.0242649 0.000768489 -0.00029385 -0.00029758  0.00458264  0.00764527 -0.00041165 0.964641        0        0
             35.4004  1.09452  -3.6625 -43.7289 -5.14983 -3.59608 0.834085 -0.649655 -0.693768 0.0680298  0.000706273 -0.000257845 -0.000283832   0.00424119   0.00809443 -0.000419075 0.969826        0        0
             35.4004 0.892606  -3.4355 -43.6672 -5.14617 -3.58878 0.833815 -0.627516 -0.633294 0.0642188  0.000760166 -0.000309676 -0.000298453   0.00450593   0.00762065 -0.000392255 0.969825        0        0
             35.5003  1.11876 -3.81762 -41.9714 -5.21454 -3.67072 0.838727 -0.580762 -0.686906 0.0651197  0.000700775 -0.000276917 -0.000287631  0.00411472  0.00837776 -0.00028769 0.971654        0        0
             35.5003 0.825178 -3.72997 -41.8966 -5.21223 -3.66199 0.839108 -0.572304 -0.611993 0.0649562  0.000780617 -0.000289938 -0.000307328   0.00452516   0.00789029 -0.000301848 0.971671        0        0
             35.6001  1.69888 -3.83712 -40.7333 -5.27565 -3.75072 0.837688 -0.528071 -0.745499 0.0101732  0.000673516 -0.000237617 -0.000282667   0.00401122   0.00886791 -7.01958e-05 0.985144        0        0
             35.6001  1.49595 -3.57394 -40.6873 -5.27138 -3.73595 0.842132 -0.509401 -0.624161 0.0370633  0.000739522 -0.000284659 -0.000295719    0.0046065    0.0080108 -0.000329534 0.985115        0        0
                35.7  1.39566 -3.95567 -39.7373 -5.32644 -3.81808 0.836658  -0.502442  -0.736746 -0.0780848  0.000675007 -0.000251905 -0.000284205   0.00427645   0.00862456 -0.000158493 0.987154        0        0
                35.7  1.02397 -3.83133  -39.719 -5.31694  -3.8025 0.839441  -0.438509  -0.616445 -0.0615341  0.000787882 -0.000274338 -0.000290699   0.00455118   0.00752493 -0.000292506 0.987196        0        0
             35.7999  0.35529 -4.88901 -39.3808 -5.37459 -3.89451 0.821065 -0.487971 -0.751577 -0.151699  0.000700557 -0.000217302 -0.000270269   0.00415093   0.00866376 -1.46922e-05 0.988481        0        0
             35.7999 -0.00168212    -4.65099    -39.3528 -5.36793 -3.87956 0.827606 -0.446115 -0.635363   -0.1091  0.000804517 -0.000267671 -0.000278032   0.00451457   0.00770172 -0.000382928 0.988525        0        0
             35.9001 0.443002  -5.0842  -39.654 -5.42502 -3.96423 0.817236  -0.512009  -0.715209 -0.0684534  0.000695709 -0.000229501 -0.000260627   0.00433449   0.00853255 -0.000361544 0.985499        0        0
             35.9001 0.131221 -4.86866 -39.6271 -5.41801 -3.95142 0.819359 -0.465349 -0.616837 -0.056333  0.000786483 -0.000277719 -0.000267924   0.00457501   0.00766461 -0.000470471 0.985538        0        0
                  36  1.18148  -3.2212 -38.8105 -5.46999 -4.02054 0.815468   -0.532323   -0.594803 -0.00919673  0.000687643 -0.000268954 -0.000250546    0.0043638   0.00799354 -0.000449252 0.97789       0       0
                  36 0.821318 -3.04072 -38.6851 -5.46813 -4.01496 0.814317  -0.522538  -0.547478 -0.0190526   0.00078089 -0.000308747 -0.000282244   0.00457262   0.00766279 -0.000376692 0.977886        0        0
             36.0998  1.70079 -2.94939 -38.1481 -5.53408 -4.08873  0.81053  -0.609441  -0.593378 -0.0164598   0.00067127 -0.000255681 -0.000265088   0.00435547   0.00851304 -0.000260195 0.983729        0        0
             36.0998   1.3568 -2.80997 -38.0858 -5.53033 -4.08004 0.813744  -0.585986  -0.524905 0.00507828  0.000766297 -0.000284535 -0.000280069   0.00456729   0.00796301 -0.000452185 0.983746        0        0
             36.2005  1.34666 -2.39912 -37.7997 -5.60643 -4.15067 0.805893 -0.697772 -0.565693  -0.06591   0.00067275 -0.000246961 -0.000260205   0.00452697   0.00882202 -0.000256266 0.980807        0        0
             36.2005 0.876012 -2.23793  -37.723 -5.59934 -4.14035 0.809837  -0.645507  -0.489369 -0.0380415  0.000803286  -0.00028376 -0.000278033   0.00458639   0.00807653 -0.000480675 0.980815        0        0
             36.3003 0.00252592   -2.88844   -37.3017 -5.68022 -4.21071 0.799915 -0.728448 -0.538508 0.0127382  0.000698285  -0.00023497 -0.000262135   0.00443543    0.0090576 -0.000164251 0.978716        0        0
             36.3003 -0.410917  -2.74285  -37.2013 -5.67172 -4.19798   0.8055 -0.664777 -0.444643 0.0521615  0.000822028 -0.000267216 -0.000284828   0.00450202    0.0081524 -0.000479166 0.978747        0        0
             36.4001 0.0632889  -2.31703  -36.8331 -5.74434  -4.2556 0.803913 -0.650523 -0.449574 0.0786513  0.000704108 -0.000215162 -0.000268938   0.00438651   0.00876574 -8.73376e-05 0.976301        0        0
             36.4001 -0.255358  -1.99302  -36.7833 -5.73781 -4.24381 0.814446 -0.599941 -0.363966  0.153135  0.000803813 -0.000289168 -0.000281979   0.00448747   0.00797913 -0.000713929 0.976355        0        0
                36.5 0.843778 -0.87507 -37.4219 -5.82105  -4.3006 0.822545 -0.693266 -0.339855 0.0833473  0.000659315 -0.000259126 -0.000256352    0.0046005   0.00920098 -0.000529441 0.982205        0        0
                36.5  0.411204 -0.763302  -37.3579 -5.80743 -4.28347  0.82406 -0.588673 -0.215281 0.0947138   0.00080082 -0.000287783 -0.000273627   0.00454489   0.00790401 -0.000624591 0.98221       0       0
             36.5998  0.222167 -0.644279  -37.3274 -5.87056 -4.31432 0.821264 -0.572935 -0.183709 0.0114754  0.000721126 -0.000246344  -0.00026339   0.00440755   0.00842159 -0.000281381 0.985764        0        0
             36.5998 -0.133941 -0.527984  -37.2353 -5.86335 -4.30483 0.826846 -0.515415 -0.115444  0.051528  0.000825337 -0.000276144 -0.000286154   0.00437538   0.00770327 -0.000623168 0.985768        0        0
             36.7001 0.612577 -1.42618 -36.4904 -5.92869 -4.33364 0.820844  -0.552862  -0.144183 0.00364237  0.000720414 -0.000223442 -0.000274297   0.00438225   0.00858622 -0.000234432 0.994859        0        0
             36.7001 0.318657  -1.2905 -36.3752 -5.92542 -4.32425 0.827418 -0.530941 -0.072083 0.0488608  0.000801095 -0.000250156 -0.000300729   0.00461277   0.00801039 -0.000625942 0.994915        0        0
                36.8  2.31626 -4.08984 -35.0811  -5.9888 -4.35229 0.814153    -0.57025   -0.149293 -0.00503647  0.000691855  -0.00017779 -0.000291301  0.00447981  0.00884296 7.77443e-05 0.987365        0        0
                36.8  2.12367  -3.8554 -35.0557 -5.98233 -4.33982 0.829913  -0.517624 -0.0579457   0.108506  0.000760405 -0.000229228 -0.000294187   0.00459416   0.00798933 -0.000878734 0.987448        0        0
             36.8998  4.26526 -5.84729 -34.3836 -6.03962 -4.36491 0.823183 -0.503962 -0.152702 0.0350699  0.000661918 -0.000167226 -0.000278687   0.00436551   0.00868091 -0.000248132 0.989738        0        0
             36.8998  4.00611 -5.47953 -34.3829 -6.03703 -4.35638 0.836185  -0.482112 -0.0886536   0.127436  0.000739258 -0.000247432 -0.000272657  0.00451638  0.00815223 -0.00101512 0.98979       0       0
             37.0004  5.45234 -4.67188 -34.9724 -6.10165  -4.3887 0.839109  -0.51645 -0.234972 0.0738882  0.000641515 -0.000218944  -0.00025304   0.00470708   0.00909347 -0.000710662 0.988059        0        0
             37.0004  4.99459  -4.3953 -34.9525 -6.09079 -4.37848 0.844057 -0.423068 -0.165057  0.110523  0.000776359 -0.000292383 -0.000255268    0.0044052   0.00821255 -0.000933538 0.988038        0        0
             37.1003  4.62079 -5.29799 -34.9673 -6.14379 -4.41218 0.845779 -0.469767 -0.254247 0.0804619   0.00070263 -0.000248562 -0.000243504   0.00441106   0.00888889 -0.000629312 0.987224        0        0
             37.1003  4.23636 -5.20022 -34.8682 -6.13317 -4.39864 0.851986 -0.383081  -0.15619   0.12549  0.000825917   -0.0002767 -0.000268482   0.00426638   0.00784494 -0.000897693 0.98726       0       0
             37.2001  3.97217 -7.23738 -34.5894 -6.17767 -4.43466 0.851498 -0.365595 -0.283814 0.0921232  0.000723597 -0.000213047 -0.000252832   0.00418306   0.00855562 -0.000463542 0.986701        0        0
             37.2001  3.62831 -7.00631 -34.4792 -6.17531 -4.42381 0.857197 -0.352048 -0.197856  0.130591  0.000827733 -0.000267947 -0.000279116   0.00447729   0.00792084 -0.000754661 0.986741        0        0
                37.3  3.71718 -8.50942 -33.8751 -6.22015 -4.46714 0.868792 -0.352492 -0.330987  0.132049  0.000720672 -0.000226369  -0.00025482   0.00440435   0.00875304 -0.000760343 0.983987        0        0
                37.3  3.37121 -8.31615 -33.7702 -6.21672 -4.45792 0.864941   -0.3327 -0.255988  0.102843  0.000810301 -0.000277246 -0.000276918   0.00468734   0.00817158 -0.000481444 0.983984        0        0
             37.3998  2.47424 -9.66011 -32.6285 -6.25155 -4.49798 0.861086 -0.276653 -0.303239 0.0549496  0.000729554 -0.000219169 -0.000259509  0.00458731  0.00875588 2.87027e-05 0.981443        0        0
             37.3998  2.15763 -9.41314 -32.5251 -6.24643 -4.48861 0.866222 -0.234987 -0.233386 0.0902791  0.000807066 -0.000281989 -0.000280723   0.00460383   0.00804115 -0.000247908 0.981459        0        0
             37.5004  1.44508 -10.3148  -30.875  -6.2698 -4.52306 0.866956 -0.187782 -0.188626  0.047921  0.000734452  -0.00022264 -0.000258674  0.00435375  0.00860861 3.59592e-05 0.987788        0        0
             37.5004  1.22867 -10.0699 -30.7289 -6.27032 -4.51594 0.872652 -0.196397 -0.131139 0.0853308  0.000782724 -0.000284763  -0.00029326   0.00465066   0.00821536 -0.000342297 0.98779       0       0
             37.6003  1.27917 -11.6445 -28.4036 -6.28341 -4.52849 0.865726 -0.0978906 -0.0247639 -0.0116701  0.000691135 -0.000202643 -0.000266788   0.0044825  0.00838168 0.000184676 0.978865        0        0
             37.6003 1.08723 -11.402 -28.274 -6.28922    -4.53 0.872838  -0.144746 -0.0319855  0.0353229  0.000734091 -0.000264569 -0.000298417   0.00473306   0.00864097 -0.000308927 0.978901        0        0
             37.7002  1.17957 -11.0991 -25.6806 -6.29469  -4.5319 0.863792 -0.0403567  0.0548415 -0.0450446  0.000688035  -0.00021019 -0.000277218  0.00457505  0.00870371 0.000123445 0.970746        0        0
             37.7002  1.08656 -10.7813 -25.6417 -6.29767 -4.53022 0.874184 -0.0621485  0.0673904  0.0258969  0.000710523 -0.000291012 -0.000286168   0.00468709    0.0086843 -0.000557781 0.970805        0        0
                37.8  1.68193 -10.6556 -23.2547 -6.29697 -4.52691 0.865063 0.00173832    0.10882 -0.0384945  0.000665895 -0.000231218  -0.00027253   0.00442948   0.00883625 -0.000133556 0.962287        0        0
                37.8  1.49763 -10.4037 -23.2009 -6.30027 -4.52259 0.877546 -0.0247853   0.142576  0.0460636  0.000710454 -0.000293635 -0.000285034   0.00462745   0.00866034 -0.000958862 0.962353        0        0
             37.8999  1.98627 -10.3247 -20.3117  -6.2916 -4.50986 0.862616  0.0776126   0.182071 -0.0193154    0.0006466 -0.000213592 -0.000266415   0.00440542   0.00869957 -0.000148117 0.963236        0        0
             37.8999  1.66751 -10.0361 -20.2012 -6.29496 -4.50562 0.876027 0.0523566  0.215837 0.0726487  0.000723931 -0.000283247 -0.000292847  0.00457582  0.00850992 -0.00103327 0.963326        0        0
             38.0001  1.18524 -10.0172 -17.1529 -6.28268 -4.48888 0.867201   0.104553   0.215764 0.00570144  0.000658741 -0.000213422 -0.000279701  0.00438903  0.00866989 -0.00040148 0.96696       0       0
             38.0001 0.859958 -9.73725 -17.1149 -6.28668 -4.48277 0.879052 0.0709089  0.264838 0.0848986  0.000741492 -0.000278113 -0.000288904  0.00469115  0.00836136 -0.00118281 0.967051        0        0
             38.0999 0.991515 -10.0673 -14.4077 -6.28313 -4.46654 0.862574 0.0484837    0.2174 -0.021916  0.000672077 -0.000205898 -0.000271953   0.00488857   0.00879702 -0.000284404 0.97997       0       0
             38.0999 0.667649 -9.81196 -14.3459  -6.2793  -4.4602 0.875705 0.0922227  0.261414 0.0707249  0.000758162 -0.000269523 -0.000287644  0.00450552  0.00832153 -0.00105538 0.979945        0        0
             38.1998 0.952328 -10.3392 -11.8865 -6.27211 -4.44693 0.845676  0.0752853   0.160664 -0.0918204  0.000667354 -0.000172294 -0.000266665  0.00475039  0.00873226 0.000268828 1.00564       0       0
             38.1998 0.633756 -9.99465  -11.868 -6.27182 -4.44222 0.869859 0.0937759  0.191582  0.076871  0.000752746 -0.000257853 -0.000271187  0.00441027   0.0084256 -0.00121653 1.00556       0       0
             38.3004  1.07624 -9.71195 -10.4042 -6.26923 -4.43996 0.843991  0.0437974  0.0609152 -0.0686186   0.00067649 -0.000180092  -0.00025376   0.00479468   0.00896178 -4.94271e-05 1.0204      0      0
             38.3004 0.887628 -9.36174 -10.4606 -6.26822 -4.43144 0.869663 0.0684477  0.119078  0.109536  0.000733057 -0.000266767 -0.000240112  0.00441791    0.008409 -0.00161377 1.02047       0       0
             38.4003  0.71667 -9.02946 -10.6932 -6.26787 -4.43384 0.853088 9.54467e-05 -0.00794279  -0.0081891  0.000694689 -0.000198029 -0.000222497   0.00474001   0.00880809 -0.000648937 1.02022       0       0
             38.4003 0.540027 -8.73921 -10.7192 -6.26201 -4.42713 0.873151  0.068913 0.0369464  0.133301 0.000748759 -0.00028043 -0.00021761  0.00399949  0.00831399 -0.00182203 1.02019       0       0
             38.5001 -0.104457  -8.62567   -12.227  -6.2653 -4.44402 0.856108 -0.0150578  -0.118291  0.0206982   0.00070321 -0.000200169 -0.000198931   0.00448061   0.00896117 -0.000737265 1.01594       0       0
             38.5001 -0.341306  -8.33375  -12.2099  -6.2596 -4.43555 0.872321   0.048438 -0.0600106   0.136633  0.000773459  -0.00028562 -0.000205881  0.00386663  0.00836946 -0.00168883 1.01589       0       0
             38.5999 -0.466424  -8.55573  -14.7966 -6.26447 -4.45575 0.852913 -0.0284363  -0.170367  0.0121915  0.000702385 -0.000200541 -0.000179925   0.00438146   0.00880515 -0.000490627 1.01868       0       0
             38.5999 -0.832134  -8.25123  -14.7283 -6.25876 -4.44877 0.869911 0.0370246 -0.122371  0.135478  0.000800923 -0.000289407 -0.000199589   0.0037521  0.00830707 -0.00150713 1.01867       0       0
             38.6999 -0.832143   -8.4073  -17.9178 -6.27176 -4.48224 0.850354   -0.068877   -0.239313 -0.00494214  0.000705425 -0.000198307 -0.000169823   0.00448667   0.00909474 -0.000368957 1.00765       0       0
             38.6999  -1.2197  -8.0893 -17.8087 -6.26178 -4.46875  0.86627 0.032989 -0.14577  0.11317  0.000813069 -0.000295237 -0.000201219  0.00366293  0.00812487 -0.00131591 1.00763       0       0
             38.8001 -1.20925 -8.38011 -21.7253 -6.27227 -4.50089 0.839716 -0.0626356  -0.239962 -0.0466244  0.000718907 -0.000197177 -0.000168861  0.00430171  0.00878341 3.12236e-05 1.00213       0       0
             38.8001 -1.44525 -8.06395 -21.6437 -6.26553 -4.48902 0.859045 0.00860305  -0.159368  0.0929703  0.000785355  -0.00028882 -0.000192672 0.00372823 0.00795591 -0.0011616 1.00209       0       0
             38.8999    -1.39 -8.26282 -25.9198 -6.27926 -4.51556 0.848173  -0.101399  -0.211672 0.00836817  0.000722977 -0.000220831 -0.000155306   0.00426268   0.00841385 -0.000452918 0.997914        0        0
             38.8999 -1.77286 -7.98316  -25.782 -6.27574 -4.50966 0.863561 -0.0591231  -0.171955   0.116695  0.000822037 -0.000302381  -0.00019418  0.00390952  0.00799356 -0.00139787 0.997925        0        0
             38.9998 -1.40323 -8.42646  -29.865 -6.29304 -4.54069 0.854814  -0.12841 -0.212865 0.0311876  0.000744328 -0.000221995 -0.000162766  0.00427131  0.00862489 -0.00066078 0.997422        0        0
             38.9998 -1.72031  -8.1442 -29.6703  -6.2863 -4.53143 0.864052 -0.0626656  -0.150073  0.0974124  0.000820355 -0.000301152 -0.000213094  0.00388783  0.00789264 -0.00124082 0.997394        0        0
             39.1004 -0.845609  -8.28167  -33.6279 -6.31464 -4.56861 0.857913 -0.182458 -0.216772 0.0289613  0.000747756 -0.000240936 -0.000179468   0.00446153   0.00901929 -0.000673838 0.99193       0       0
             39.1004 -1.17406 -8.04933 -33.4802 -6.30544 -4.55386 0.864681 -0.104646 -0.112539 0.0772903  0.000840741  -0.00031003 -0.000218861  0.00424593  0.00791483 -0.00111315 0.991952        0        0
             39.2003 -0.381033  -8.50754  -36.8743 -6.32918 -4.58086 0.860804 -0.174201 -0.161723 0.0244203  0.000769085 -0.000250779 -0.000197035   0.00446343   0.00867958 -0.000702421 0.990952        0        0
             39.2003 -0.740217  -8.28864  -36.7213 -6.31899 -4.56865 0.864689 -0.0865463 -0.0751069  0.0535038  0.000874717 -0.000318484 -0.000237922   0.00421037   0.00767355 -0.000944744 0.990941        0        0
             39.3001 0.580077 -8.63313   -39.81 -6.34299 -4.59499 0.860531 -0.153352 -0.143279 0.0152471  0.000778848 -0.000263961 -0.000205639   0.00439112   0.00856644 -0.000593724 0.970677        0        0
             39.3001 0.267411 -8.39042 -39.6573  -6.3349 -4.58293 0.864746 -0.0877323  -0.056368  0.0445878  0.000873099 -0.000330498 -0.000245933   0.00435289   0.00766331 -0.000858821 0.970664        0        0
             39.3999 0.956561 -8.33979 -41.9559 -6.35492  -4.6062 0.861385  -0.113855 -0.0916156 0.00482321  0.000797964 -0.000283184 -0.000216471   0.00434947   0.00848504 -0.000579783 0.957264        0        0
             39.3999 0.591196 -8.13727 -41.7805 -6.34293 -4.58923 0.861613 -0.0235405  0.0345608 0.00555047  0.000914585 -0.000338676 -0.000263828 0.00444528 0.00719005 -0.0005988 0.957253        0        0
             39.4998 0.926588 -8.34657 -43.5536 -6.36081 -4.60618 0.859413  -0.0515474  -0.0120812 -0.00490741  0.000826735 -0.000293841  -0.00023059    0.0044385   0.00825002 -0.000497408 0.946764        0        0
             39.4998 0.714894 -8.16357 -43.4066 -6.35633 -4.59886 0.861093 -0.0186875  0.0437902 0.00584472   0.00088649 -0.000338789  -0.00026782  0.00454563  0.00771745 -0.00060395 0.946742        0        0
             39.6004  1.04108 -8.12959 -44.3732 -6.37196 -4.61589 0.857652   -0.046627   -0.014528 -0.00840148  0.000812073 -0.000288933 -0.000239683   0.00440103   0.00872755 -0.000452772 0.950295        0        0
             39.6004 0.646839 -7.91551 -44.1835 -6.36441 -4.60249 0.860035 0.00620552  0.0912018  0.0059168   0.00092762 -0.000334091  -0.00028919   0.00469073   0.00779088 -0.000609607 0.95024       0       0
             39.7003  1.07085 -7.86659 -43.9545 -6.36212 -4.60276 0.866529 0.0557654 0.0836129 0.0348118  0.000842935 -0.000315085 -0.000259053   0.00431545    0.0080887 -0.000783813 0.94092       0       0
             39.7003 0.742592 -7.73049 -43.7708 -6.36058 -4.59317 0.863046  0.0555063    0.16978 0.00680762  0.000932519 -0.000331247 -0.000306185   0.0048568  0.00760974 -0.00061101 0.940907        0        0
             39.8002  1.19692 -7.59029 -42.8228 -6.36248 -4.59536 0.863821  0.0715051   0.128286 0.00566887  0.000838124 -0.000305422 -0.000269835   0.00451197   0.00841933 -0.000587106 0.935717        0        0
             39.8002  1.01495 -7.41961 -42.6338 -6.36144 -4.58833 0.858318  0.0689641   0.192699 -0.0365712  0.000888306 -0.000334215 -0.000317598   0.00496155   0.00807553 -0.000277695 0.935704        0        0
                39.9  1.27037 -7.20052 -40.8775 -6.35796 -4.58724 0.858673 0.0891142  0.137663 -0.017408  0.000825522 -0.000313608 -0.000286309   0.00447639   0.00871811 -0.000385538 0.93716       0       0
                39.9  1.06989 -7.08967 -40.7193 -6.35435 -4.57569 0.854104   0.104023   0.238375 -0.0530533  0.000890763 -0.000324251 -0.000328726   0.00501666   0.00804643 -0.000135611 0.93714       0       0
             39.9999  1.18123 -7.13679 -38.6412 -6.34774 -4.56729 0.856123   0.117755   0.186278 -0.0106652  0.000816074 -0.000296076 -0.000295961   0.00464383   0.00859562 -0.000347539 0.951428        0        0
             39.9999  0.93744 -6.99291 -38.4974 -6.35029 -4.56427 0.854376   0.090243   0.217645 -0.0259225  0.000872074 -0.000320164  -0.00033105   0.00501431    0.0085708 -0.000261166 0.951437        0        0
             40.1005   1.1959 -7.09359 -36.0058 -6.34127  -4.5554 0.857656   0.114284   0.173323 0.00194336  0.000795205 -0.000288755 -0.000307188   0.00461794   0.00896454 -0.000436175 0.966905        0        0
             40.1005 0.981542 -6.93226 -35.8893 -6.34505 -4.55325 0.855448  0.0764685   0.197965 -0.0166859  0.000847102  -0.00032321 -0.000337697    0.0050294   0.00902325 -0.000323768 0.966919        0        0
             40.2003   1.1754 -6.86727 -33.4123 -6.34121  -4.5456 0.859028   0.0594235    0.161597 -0.00115923  0.000773434 -0.000291443 -0.000313879   0.00474154   0.00946911 -0.000514077 0.973413        0        0
             40.2003 0.856411 -6.72852 -33.3254 -6.33788 -4.53686 0.856647 0.0790767   0.23107 -0.019375  0.000860547 -0.000323306 -0.000336955   0.00501312    0.0088954 -0.000365241 0.973408        0        0
             40.3001  0.94708 -6.91897 -31.0584  -6.3315 -4.52314 0.839723 0.0735566  0.186767  -0.07756  0.000776183 -0.000261971 -0.000318537  0.00489625  0.00920783 0.000203551 0.987945        0        0
             40.3001 0.636965 -6.71909  -31.015 -6.32284 -4.51132 0.846985   0.148331   0.271075 -0.0256238  0.000859361 -0.000309252  -0.00032958   0.00473041   0.00821184 -0.000242179 0.987906        0        0
                40.4 0.787407 -6.81912  -28.932 -6.31405 -4.50074 0.828255   0.121032    0.19737 -0.0873318  0.000774689 -0.000239827 -0.000308817  0.00464737  0.00886338 0.000389954 0.983148        0        0
                40.4 0.542462 -6.57114 -28.8723 -6.30908 -4.49219 0.841976   0.167552   0.255664 0.00884694  0.000837736 -0.000301967 -0.000323848   0.00448332   0.00819569 -0.000485731 0.983176        0        0
             40.4998 0.876121 -6.73522 -26.9483  -6.3001  -4.4837 0.833521   0.124558   0.180366 -0.0327745  0.000750848 -0.000235579 -0.000307809   0.00440295   0.00889278 -0.000143934 0.983143        0        0
             40.4998 0.485167 -6.50957 -26.8934 -6.29623 -4.47228  0.84395  0.156738  0.265295 0.0397273  0.000850449 -0.000291719 -0.000321616   0.00446555   0.00809537 -0.000822174 0.983166        0        0
             40.6005 0.730086 -6.72054 -25.4496 -6.29092 -4.46219 0.829305   0.093972   0.175401 -0.0396458  0.000752448 -0.000223656 -0.000297712    0.0046096   0.00879096 -0.000129312 0.987058        0        0
             40.6005 0.358575 -6.45866 -25.4145 -6.28839  -4.4516 0.843635 0.116427 0.252225 0.059478  0.000846704 -0.000289841 -0.000306054  0.00466091  0.00809187 -0.00105864 0.987054        0        0
             40.7003 0.454063 -6.55148  -24.395 -6.28692 -4.44452 0.828247  0.0456028   0.142172 -0.0236185  0.000762046 -0.000221578 -0.000280753   0.00480104   0.00878307 -0.000245167 0.991405        0        0
             40.7003 0.272601 -6.29792 -24.3581 -6.28407 -4.43531  0.84265 0.0724581  0.205626 0.0762678  0.000813252 -0.000288951 -0.000290805  0.00473872  0.00814898 -0.00118691 0.991454        0        0
             40.8002 0.221955 -6.45681 -23.8929  -6.2854  -4.4276 0.838355 0.00860943    0.11272  0.0390969  0.000757564 -0.000226858 -0.000268328   0.00489443   0.00861928 -0.000721478 0.982622        0        0
             40.8002 -0.0769438   -6.20673   -23.8142  -6.2777  -4.4194 0.849099 0.0847973  0.166946  0.118179  0.000843049 -0.000298015  -0.00028991  0.00440282  0.00789725 -0.00140752 0.98259       0       0
                40.9 0.272165 -6.54643 -23.7772 -6.28741 -4.42263 0.840593 -0.0259319  0.0387482  0.0328483  0.000746009 -0.000222397 -0.000261995   0.00491224   0.00876103 -0.000638912 0.9915      0      0
                40.9 0.0156631  -6.28884  -23.7322 -6.28364 -4.42073 0.850189 0.0169199 0.0480474  0.103221  0.000814863 -0.000291853 -0.000274041  0.00453953  0.00854555 -0.00125739 0.991489        0        0
             40.9999 0.418666 -6.80596 -23.8483 -6.28514 -4.42497 0.840717 -0.0323725 -0.0371695 0.00160319  0.000743109 -0.000224223 -0.000247391   0.00457123   0.00876848 -0.000534706 0.992127        0        0
             40.9999 0.069938 -6.55719 -23.7238 -6.27923 -4.41792  0.84989  0.0262987 0.00979469  0.0685219  0.000835729  -0.00029087 -0.000280206  0.00420066  0.00819084 -0.00111388 0.992129        0        0
             41.1001 0.413057 -6.81882 -23.5873 -6.28787 -4.43087 0.838279 -0.0521171  -0.106495 -0.0208138  0.000749536 -0.000223992  -0.00025222  0.00451765  0.00868623 -0.00047307 0.993128        0        0
             41.1001 0.129388 -6.54389 -23.4836 -6.28629 -4.42556 0.848318 -0.0343413 -0.0690384  0.0500624  0.000823193 -0.000295839 -0.000279113   0.0044479  0.00832789 -0.00112705 0.99313       0       0
             41.1999 0.668969 -6.30242 -23.1883 -6.29838 -4.44704 0.836205   -0.103213    -0.19558 -0.00448668  0.000755427 -0.000239764 -0.000257981  0.00466494  0.00879189 -0.00045894 0.993218        0        0
             41.1999 0.323903 -6.04864 -23.0874 -6.29429 -4.43967 0.845459 -0.0626986   -0.14401  0.0613921  0.000846928 -0.000307105 -0.000284942  0.00445942  0.00824033 -0.00104637 0.993218        0        0
             41.2998  1.16549 -6.65632 -22.6857 -6.32835 -4.48185 0.841475 -0.241897 -0.306065 0.0249443  0.000758683 -0.000239516 -0.000271641   0.00513143   0.00947021 -0.000703221 0.982364        0        0
             41.2998 0.918609  -6.5029 -22.6201  -6.3157  -4.4694 0.846207 -0.122229 -0.220134 0.0621801  0.000829776 -0.000285022 -0.000289997   0.00440441   0.00834707 -0.000953663 0.98229       0       0
             41.4004  1.08578 -7.35167 -22.0672 -6.32734 -4.49495  0.83023  -0.151499  -0.276302 -0.0272943  0.000753825 -0.000212343  -0.00026152   0.00439054   0.00831656 -8.26616e-05 0.99146       0       0
             41.4004 0.785525 -7.06608 -21.9798 -6.32415 -4.48766 0.842884 -0.117088 -0.224918 0.0630307  0.000836128 -0.000287605 -0.000282874   0.00420651   0.00777965 -0.000897685 0.991457        0        0
             41.5002 0.360253 -7.66161 -21.2589 -6.35037 -4.52901 0.828073 -0.217841 -0.323767 -0.016842  0.000775115 -0.000218687 -0.000265487    0.0045674   0.00858529 -0.000103242 0.997085        0        0
             41.5002 0.0813359  -7.41923  -21.1576 -6.34239 -4.51628 0.839534 -0.140529 -0.233455 0.0671753  0.000861501 -0.000286583 -0.000291845   0.00415108   0.00758847 -0.000807783 0.997018        0        0
             41.6001 -0.0983298   -8.25341   -20.6311 -6.38673 -4.56915  0.83298   -0.300926   -0.361369 0.000703461   0.00077851 -0.000207221 -0.000276393   0.00497167   0.00902197 -0.000421899 0.983292        0        0
             41.6001 -0.285235  -7.98352  -20.6341 -6.37926 -4.55758 0.846505 -0.226979 -0.280922   0.10002  0.000843768 -0.000282066 -0.000276406  0.00451257  0.00812137 -0.00127011 0.983276        0        0
                41.7 -0.507095  -8.13733  -20.4627  -6.4023 -4.59037 0.835406   -0.215535   -0.269298 -0.00103255  0.000775539 -0.000216372 -0.000256516   0.00458701   0.00834865 -0.000495292 0.979638        0        0
                41.7 -0.888323  -7.81048  -20.3673 -6.39656 -4.58439 0.848114 -0.150933 -0.227374 0.0936394  0.000879947 -0.000306168  -0.00028255   0.0040728  0.00782135 -0.00130638 0.979665        0        0
             41.7998 -0.949604  -7.51203  -20.6038 -6.42174 -4.61405 0.835889  -0.198063  -0.204496 -0.0102753  0.000780503 -0.000238821 -0.000250057   0.00451554   0.00833555 -0.000531571 0.983345        0        0
             41.7998 -1.20225 -7.27652 -20.5462 -6.41939 -4.60791 0.844424 -0.171832 -0.160306 0.0512899  0.000851339 -0.000302271 -0.000267301  0.00436009  0.00789591 -0.00109685 0.983361        0        0
             41.9005 -1.17829 -6.82088 -21.7112 -6.44726 -4.63068 0.828125  -0.233442  -0.142011 -0.0358835  0.000786679 -0.000238161 -0.000235959   0.00480364   0.00836399 -0.000308934 0.992126        0        0
             41.9005 -1.52781 -6.56635  -21.619 -6.43927 -4.62433 0.840205 -0.149696 -0.101803  0.053347  0.000880415 -0.000315623 -0.000261431  0.00411782  0.00779111 -0.00107677 0.992112        0        0
             42.0003 -0.428252   -6.6343  -22.9508 -6.47041 -4.64719 0.818116  -0.240391  -0.101449 -0.0574323  0.000781931 -0.000228365 -0.000232133   0.00473253   0.00855687 -2.10581e-05 0.990803        0        0
             42.0003 -0.652158  -6.36981  -22.8388 -6.46462 -4.64193 0.838305  -0.172837 -0.0698215  0.0912305  0.000843082 -0.000309242 -0.000262539  0.00413262  0.00811383 -0.00133882 0.990825        0        0
             42.1001 0.418706  -6.5467 -24.5806 -6.49657 -4.66151 0.829714  -0.248099 -0.0915618  0.0233014  0.000765361 -0.000235596 -0.000236272   0.00460389   0.00882248 -0.000675377 0.994467        0        0
             42.1001 0.0998427  -6.29831  -24.4978 -6.49185 -4.65467 0.841316  -0.198856 -0.0451131    0.10782   0.00085466 -0.000307034 -0.000258633  0.00428483  0.00830833 -0.00142231 0.994463        0        0
                42.2 0.564742 -6.34641 -26.2894 -6.52073 -4.67505  0.83314 -0.222242 -0.115018 0.0513144  0.000779977 -0.000237973 -0.000235831   0.00456708    0.0089978 -0.000659867 0.988468        0        0
                42.2 0.242985  -6.0757 -26.2044 -6.51221  -4.6592 0.842664   -0.145541 -0.00137989    0.121122  0.000885616  -0.00031587 -0.000260164  0.00429176  0.00783102 -0.00127105 0.988502        0        0
             42.2998 0.467258 -5.81021 -27.6917 -6.53615 -4.67167 0.839633    -0.2007 -0.0600646  0.0522509  0.000813246   -0.0002564 -0.000237376   0.00455616   0.00836196 -0.000701044 0.996749        0        0
             42.2998 0.116694  -5.5742 -27.5558 -6.53233 -4.66414 0.845192   -0.165608 -0.00540691   0.0925825  0.000911213 -0.000320688 -0.000273828  0.00445682  0.00781104 -0.00105634 0.99673       0       0
             42.4005 0.780838 -6.05828  -29.166 -6.56478 -4.68037 0.840086 -0.264353 -0.085544 0.0151769  0.000809858 -0.000254855 -0.000246849   0.00483063   0.00853866 -0.000586529 0.996444        0        0
             42.4005 0.319902 -5.88428 -29.0579 -6.55477 -4.66935 0.846966  -0.172856 -0.0104449  0.0663017  0.000947683 -0.000314332 -0.000276692 0.00435952 0.00758141 -0.0010055 0.99648       0       0
             42.5003 0.489434 -6.71052 -29.5227 -6.58413  -4.6853 0.835637  -0.253824  -0.122942 -0.0144442    0.0008401 -0.000240449 -0.000252202   0.00462953   0.00818323 -0.000347452 0.995442        0        0
             42.5003 0.156318 -6.46542  -29.353 -6.58144 -4.68274 0.844416 -0.223534 -0.106895 0.0490363  0.000926042 -0.000308331 -0.000294116   0.00442541   0.00794504 -0.000904481 0.995486        0        0
             42.6002 0.635166 -6.50114 -29.2368  -6.6125 -4.70565 0.831642  -0.300821  -0.238991 -0.0399909  0.000839005 -0.000253407 -0.000272852   0.00462532   0.00830312 -0.000281266 0.994133        0        0
             42.6002 0.346154 -6.23728 -29.1146 -6.60905 -4.70002 0.842966 -0.265549  -0.20076 0.0412742    0.0009236 -0.000321938 -0.000304779   0.00446336   0.00787819 -0.000986544 0.994169        0        0
             42.7001  1.13258 -6.53656 -29.0518 -6.65064 -4.73716 0.826865  -0.385956   -0.35289 -0.0643918   0.00082411 -0.000249677 -0.000277653   0.00477219   0.00847812 -0.000315302 0.994131        0        0
             42.7001  0.78841 -6.30676 -28.9372 -6.64346  -4.7323 0.836928   -0.31423  -0.324614 0.00986851  0.000924417 -0.000318474 -0.000309505   0.00429552   0.00798302 -0.000915056 0.994163        0        0
             42.7999  1.57691 -6.69124 -29.0846 -6.69415   -4.782 0.816325  -0.484557  -0.476362 -0.0918664  0.000826686 -0.000248416 -0.000275677   0.00467597   0.00859909 -0.000210984 0.997952        0        0
             42.7999  1.33896  -6.4459 -28.9921 -6.69087  -4.7764 0.829366  -0.449215  -0.438469 0.00246571  0.000899536 -0.000313108 -0.000299592  0.00449065  0.00817166 -0.00102546 0.997996        0        0
             42.9001  1.68831 -7.18266 -28.8995 -6.73964 -4.83391 0.827322 -0.468931  -0.55433 0.0168628  0.000831111 -0.000259897 -0.000279817   0.00441482   0.00851277 -0.000889004 0.999025        0        0
             42.9001  1.33752 -6.94893 -28.7793 -6.73352 -4.82175 0.832707 -0.418233   -0.4667 0.0559472  0.000940961 -0.000319359 -0.000310177  0.00437429  0.00765009 -0.00120982 0.999015        0        0
                  43 0.916207 -6.66513 -28.3896  -6.7925 -4.88701 0.826867 -0.468783 -0.546432   0.04123  0.000847281 -0.000265722 -0.000280894   0.00479851   0.00854889 -0.000766321 0.990293        0        0
                  43 0.660131 -6.43924 -28.2569 -6.78291 -4.87562 0.827708 -0.384351 -0.465932 0.0509507  0.000937387 -0.000331889  -0.00031654   0.00449842   0.00759837 -0.000786371 0.990289        0        0
             43.0998 0.552883 -6.33998 -28.2856  -6.8351 -4.93716  0.81897  -0.412959  -0.513112 0.00147227   0.00086268 -0.000269849 -0.000293116   0.00489014   0.00842334 -0.000282016 0.99411       0       0
             43.0998 0.290233 -6.15804 -28.2434 -6.82651 -4.92958 0.825909 -0.331548 -0.463264  0.053823  0.000951171 -0.000328987 -0.000306145   0.00444771   0.00772839 -0.000682086 0.994128        0        0
             43.2005     1.48 -6.48295 -28.6547 -6.86429 -4.98597 0.808624  -0.310192  -0.510186 -0.0580516  0.000854783 -0.000255694  -0.00027921  0.00465637  0.00817302 0.000126132 0.996138        0        0
             43.2005    1.184 -6.23372 -28.5679 -6.85667 -4.97685 0.824678 -0.233472 -0.449135 0.0609707  0.000951568 -0.000326857 -0.000305212   0.00422476   0.00741269 -0.000871938 0.996212        0        0
             43.3003  2.23603 -5.91497 -29.5826 -6.90316 -5.04238 0.810789  -0.328166  -0.545445 -0.0742634  0.000846409 -0.000267968 -0.000274868   0.00487889   0.00847072 -0.000294819 0.992718        0        0
             43.3003  1.89802 -5.68136  -29.536 -6.89373 -5.03272 0.827408 -0.233642 -0.483748 0.0472836  0.000941289 -0.000327594   -0.0002879  0.00425794   0.0075747 -0.00134361 0.992797        0        0
             43.4002  2.19083 -7.27778 -30.8875 -6.93447 -5.10295  0.81783  -0.251828  -0.576381 -0.0114672  0.000876445 -0.000257648 -0.000260353   0.00474072   0.00870314 -0.000849235 0.989994        0        0
             43.4002  1.89875 -7.09659 -30.8018 -6.92645 -5.09192 0.825032  -0.17888 -0.498552 0.0418651  0.000949847 -0.000307567  -0.00028031  0.00445462  0.00774241 -0.00130324 0.990035        0        0
                43.5  3.10743 -7.39178 -31.4728 -6.94577 -5.15052 0.820331  -0.155224  -0.543497 -0.0048222  0.000861459 -0.000268459 -0.000260589   0.00449588   0.00810091 -0.000976945 0.981031        0        0
                43.5  2.79645 -7.14067 -31.3713 -6.9394  -5.139 0.81936  -0.104362  -0.457241 -0.0101179  0.000937351 -0.000338521 -0.000283153   0.00451579    0.0071846 -0.000890683 0.981019        0        0
             43.5998  2.38494 -7.63951 -32.1304 -6.96297 -5.20142 0.811102 -0.147473 -0.525061 -0.039381  0.000900351 -0.000290243 -0.000268923   0.00474846   0.00808881 -0.000683096 0.97983       0       0
             43.5998  2.14881 -7.48175  -32.069 -6.95363 -5.18963 0.808002 -0.0705857  -0.438579 -0.0580724  0.000959072 -0.000334839 -0.000282273   0.00458795   0.00704568 -0.000425619 0.979825        0        0
             43.7001 0.691855 -7.37335  -33.082 -6.98677 -5.26561  0.80607 -0.203097 -0.594184 0.0014012  0.000992618 -0.000303359 -0.000276085   0.00490442   0.00865336 -0.000551826 0.982677        0        0
             43.7001 0.827516 -7.19551 -33.0363 -6.97662 -5.25288  0.80285 -0.121269 -0.501748 -0.018228  0.000955842 -0.000352658 -0.000286725   0.00475497   0.00751438 -0.000285432 0.9827      0      0
                43.8 0.0161088  -6.16328  -34.5326 -6.99462 -5.31612  0.81012  -0.19125 -0.553469 0.0149293  0.000916769 -0.000327615 -0.000266052   0.00452993    0.0079827 -0.000654894 0.988452        0        0
                43.8 -0.208065   -5.9734  -34.4744 -6.99138 -5.30542  0.80742   -0.172104   -0.467961 -0.00474443  0.000977707 -0.000379386 -0.000283002   0.00484964   0.00724019 -0.000480864 0.988443        0        0
             43.8998 0.643637 -5.22312 -34.9494  -7.0298 -5.36779 0.806381  -0.34684 -0.514075  0.032923  0.000924883 -0.000336434 -0.000262298   0.00503836    0.0081768 -0.000417102 0.980827        0        0
             43.8998 0.477249  -5.1087 -34.7548 -7.02638 -5.36438 0.804927 -0.317886 -0.489011 0.0235672  0.000965759 -0.000368101  -0.00031502   0.00496741   0.00784461 -0.000312871 0.980814        0        0
             44.0005  1.88137 -6.22326 -34.5528 -7.06792 -5.43103 0.785691  -0.405549   -0.57469 -0.0717189  0.000868833  -0.00027153 -0.000298358  0.00491685  0.00854335 0.000541489 0.974809        0        0
             44.0005  1.61839 -6.00859 -34.4783 -7.07561 -5.43339 0.798552 -0.466819 -0.588842 0.0139906  0.000936038 -0.000327929 -0.000315909   0.00524363   0.00899382 -0.000326314 0.974814        0        0
             44.1003  1.58596 -6.77508 -33.2976 -7.11918 -5.49875 0.798905 -0.487279 -0.629993  -0.01741   0.00090209 -0.000284021 -0.000310122   0.00484238   0.00904254 -0.000338743 0.971804        0        0
             44.1003  1.37789 -6.57524 -33.1778 -7.12214  -5.4956 0.804822 -0.514477  -0.60167  0.021428  0.000956435 -0.000337857 -0.000340762   0.00518274   0.00897825 -0.000751235 0.971834        0        0
             44.2001  1.04087 -7.25628 -32.0159 -7.16666  -5.5641 0.793389 -0.491284 -0.654686  -0.02049  0.000913502 -0.000265546 -0.000336277   0.00476994   0.00903036 -0.000175921 0.961089        0        0
             44.2001 0.826371 -6.97914   -31.99   -7.167 -5.55451  0.80324 -0.498216 -0.578069 0.0452021  0.000974285 -0.000333945 -0.000341408   0.00518351   0.00846261 -0.000852873 0.96111       0       0
                44.3  1.89133 -6.02548 -30.1756 -7.20892 -5.60791 0.817948  -0.44332 -0.530918  0.102177  0.000922704 -0.000316598 -0.000324195  0.00491256  0.00817864 -0.00116001 0.964656        0        0
                44.3  1.67385 -5.85007 -30.0889 -7.21068 -5.60456 0.815559  -0.46472 -0.499702 0.0826852  0.000979465 -0.000358088 -0.000346935  0.00526654  0.00805724 -0.00101254 0.964661        0        0
             44.3998  2.82646 -5.13308 -29.7445 -7.26208  -5.6587 0.806657  -0.448063  -0.479363 -0.0399359  0.000868346 -0.000312973 -0.000332769   0.00548596   0.00844952 -0.000477014 0.974416        0        0
             44.3998  2.44214 -4.99498 -29.8151 -7.26007 -5.65932  0.80873   -0.42461  -0.485931 -0.0241564   0.00097361  -0.00035136 -0.000313269   0.00526147   0.00841461 -0.000606263 0.974421        0        0
             44.5004  2.14618 -4.17703 -30.3122 -7.30798 -5.72608 0.793953  -0.398258    -0.5819 -0.0652764  0.000907977 -0.000311442 -0.000296858   0.00525565   0.00920109 -0.000140989 0.983643        0        0
             44.5004  1.81926 -4.01909 -30.2818 -7.29003 -5.70322 0.803945  -0.238923  -0.418644 0.00918252   0.00101572 -0.000357847 -0.000308563   0.00467037   0.00714192 -0.000725464 0.983647        0        0
             44.6003  2.03486  -4.6566 -30.9337 -7.32859 -5.76561 0.791567  -0.286088  -0.543441 -0.0437307  0.000927141 -0.000294682 -0.000293579   0.00501339   0.00810743 -0.000216822 0.980243        0        0
             44.6003  1.73125 -4.54208 -30.8935 -7.31201 -5.74683 0.800152  -0.13839 -0.410303 0.0214943   0.00102965 -0.000334726 -0.000307247   0.00440825   0.00635154 -0.000722954 0.980281        0        0
             44.7002   2.8882 -6.30467 -31.2331 -7.33925 -5.80737 0.780132  -0.167526  -0.520802 -0.0987875  0.000909593 -0.000250929 -0.000280404  0.00470557   0.0073102 3.97043e-05 0.970433        0        0
             44.7002   2.5179 -6.07198 -31.0829 -7.33744 -5.80641  0.79249  -0.142317  -0.517227 -0.0105527   0.00100528 -0.000315999 -0.000316417   0.00447208    0.0071506 -0.000785395 0.970432        0        0
                44.8  2.44752 -6.75604 -31.3862 -7.38056 -5.88911 0.778402  -0.265035  -0.683383 -0.0650836  0.000902896 -0.000249454 -0.000283413   0.00510092     0.008769 -0.000409335 0.978492        0        0
                44.8   2.0968 -6.48289  -31.278 -7.37145 -5.87766 0.785179  -0.181909  -0.600402 -0.0157904   0.00101097 -0.000327652 -0.000310277    0.0048193   0.00772386 -0.000797316 0.978464        0        0
             44.8999  1.94889 -6.44125 -31.7712 -7.41644 -5.96038 0.779748 -0.353272  -0.68481 0.0413522   0.00093572 -0.000291338 -0.000281732   0.00527962   0.00904993 -0.000566389 0.987561        0        0
             44.8999  1.75198 -6.27304 -31.6704 -7.40382 -5.94558 0.785961 -0.240475 -0.576854 0.0873247   0.00101263 -0.000344312 -0.000309129   0.00488605   0.00767129 -0.000887169 0.987546        0        0
             45.0001  2.00506 -5.82896 -32.3821 -7.44654 -6.01698 0.778985 -0.395094 -0.610824 0.0250455  0.000922512 -0.000284645 -0.000289192   0.00520626    0.0084826 -0.000305163 0.978187        0        0
             45.0001  1.72541 -5.58846 -32.3035 -7.43829 -6.01081 0.788523 -0.313658 -0.571424 0.0931709   0.00100747 -0.000358541 -0.000308661   0.00471474   0.00778122 -0.000865151 0.978174        0        0
                45.1  1.45909 -5.74335 -33.2302 -7.49751 -6.08943 0.790732 -0.481193  -0.63308  0.068213  0.000936559 -0.000295792 -0.000287252    0.0051761   0.00909931 -0.000692687 0.971246        0        0
                45.1  1.10807 -5.61112 -33.1368 -7.47929 -6.06953 0.795489 -0.323796   -0.4892  0.102269   0.00106369 -0.000344019 -0.000311824  0.00464323  0.00723632 -0.00088688 0.97118       0       0
             45.1998  2.03472 -6.06298 -32.9646 -7.53278  -6.1284  0.80111 -0.470683  -0.50675 0.0573227  0.000950994 -0.000303714 -0.000296043   0.00512274   0.00799954 -0.000806149 0.967864        0        0
             45.1998  1.77903 -5.92555 -32.8452  -7.5206 -6.11475 0.802254 -0.366771 -0.406975 0.0662447   0.00103968 -0.000347295 -0.000326588   0.00482472   0.00672841 -0.000817728 0.967831        0        0
             45.3005  1.87492  -6.6694 -32.7282 -7.59429 -6.18187  0.79376  -0.599855  -0.475785 -0.0386076  0.000929841 -0.000281704  -0.00029882   0.00545176   0.00838182 -0.000443209 0.970346        0        0
             45.3005  1.49599  -6.5207 -32.5893 -7.58034 -6.17384 0.796976  -0.472583  -0.426169 -0.0117353   0.00104426 -0.000337281 -0.000332244   0.00470227   0.00737132 -0.000582005 0.970326        0        0
             45.4003 0.908379 -6.75346 -32.1153 -7.65765 -6.23436 0.791539  -0.626452   -0.49545 -0.0109465  0.000946425 -0.000302371 -0.000305122   0.00536191   0.00861007 -0.000476294 0.962941        0        0
             45.4003 0.539569 -6.61565 -32.0056 -7.64311 -6.22244 0.794882 -0.494712 -0.411638 0.0162259   0.00107249 -0.000355814 -0.000331011   0.00477514   0.00735234 -0.000614092 0.962994        0        0
             45.5002 0.186686 -5.89442 -32.2323 -7.71532 -6.28715 0.787328   -0.550897    -0.53937 -0.00766792  0.000960771 -0.000295538 -0.000302836   0.00528221    0.0086056 -0.000281312 0.958655        0        0
             45.5002 -0.129755  -5.66869   -32.139 -7.70031 -6.27566 0.791286 -0.414608 -0.460925 0.0239786    0.0010755 -0.000372088 -0.000330192   0.00462734   0.00738945 -0.000468795 0.958638        0        0
                45.6 -0.441417  -4.02123   -32.392 -7.77634 -6.34088 0.789532 -0.558499 -0.486752 0.0172408  0.000947136 -0.000340032  -0.00029005   0.00548642   0.00884963 -0.000392334 0.954119        0        0
                45.6 -0.741152  -3.96673  -32.2223 -7.75286 -6.32434 0.798278 -0.343316 -0.377761 0.0868846   0.00107251 -0.000383113 -0.000342825   0.00432588   0.00702719 -0.000909652 0.954045        0        0
             45.6999 -0.268347  -5.10132  -32.3154 -7.81045 -6.38652 0.787604  -0.397272  -0.487882 0.00402335  0.000960041  -0.00028939 -0.000302347   0.00484732   0.00839417 -0.000201175 0.946688        0        0
             45.6999 -0.665708  -4.96501    -32.17  -7.7991 -6.37193 0.796101  -0.29888 -0.382456 0.0643633   0.00109264  -0.00032986 -0.000344512   0.00456949   0.00715225 -0.000750469 0.946678        0        0
             45.8001 -0.810169   -5.0868  -31.5548 -7.85992 -6.43972  0.78908  -0.366169  -0.540917 -0.0113581   0.00095122 -0.000275635 -0.000304951   0.00538463   0.00875744 -0.000286659 0.957329        0        0
             45.8001 -1.20045 -4.87019 -31.3708 -7.84566 -6.42521 0.798731 -0.237971 -0.438103 0.0584929   0.00108326 -0.000340633 -0.000358915   0.00486485   0.00738636 -0.000913266 0.957321        0        0
                45.9 -1.15515 -5.35357    -31.5 -7.89628 -6.49032 0.788547  -0.355762  -0.528318 -0.0583475  0.000979113 -0.000281717 -0.000322161   0.00551514   0.00866884 -0.000437171 0.956794        0        0
                45.9 -1.44006 -5.18388 -31.4113 -7.88068 -6.47975 0.796574  -0.211025  -0.459478 0.00216495   0.00108408 -0.000346241 -0.000350949   0.00469493   0.00747226 -0.000951899 0.956728        0        0
             45.9998 -1.34834 -5.75201 -32.7021 -7.94233 -6.56068 0.778843  -0.423402  -0.642093 -0.0846316  0.000930583 -0.000270846 -0.000298358   0.00551131   0.00938486 -0.000348027 0.96037       0       0
             45.9998 -1.77531 -5.56691 -32.6089 -7.91872 -6.53924 0.786484  -0.211252  -0.490921 -0.0253958   0.00110189 -0.000347675 -0.000331107   0.00459295   0.00728857 -0.000843252 0.960294        0        0
             46.1004 -2.22139 -4.73711 -33.9496 -7.98385 -6.61979 0.776683 -0.472653 -0.628841 0.0150955  0.000968852 -0.000288726 -0.000284404   0.00554395   0.00907911 -0.000418038 0.952756        0        0
             46.1004 -2.49894 -4.48152 -33.8011 -7.96223 -6.60003 0.786078 -0.280418  -0.49174 0.0851274   0.00108931 -0.000376225 -0.000335428  0.00473206  0.00718601 -0.00101954 0.95278       0       0
             46.2003 -1.48196 -3.81899  -34.834 -8.01889 -6.66506 0.783842 -0.478825 -0.542601 0.0556343   0.00097695 -0.000333769 -0.000306999   0.00529376   0.00821262 -0.000561594 0.945072        0        0
             46.2003  -1.8901 -3.72042 -34.7429 -8.00701 -6.65629 0.793371 -0.370025 -0.486973   0.12417   0.00109037 -0.000365177 -0.000331728  0.00468107  0.00727748 -0.00119584 0.94512       0       0
             46.3001 -0.915013   -4.6605  -36.8194 -8.08853   -6.745 0.788705  -0.62099 -0.629106 0.0603953  0.000962078  -0.00027814 -0.000281673   0.00533045   0.00951583 -0.000488245 0.958319        0        0
             46.3001 -1.30871 -4.43215 -36.6527 -8.07095 -6.72252 0.798283 -0.473588 -0.463858  0.129125   0.00110487  -0.00034933 -0.000325346  0.00507706  0.00760119 -0.00116864 0.958295        0        0
                46.4 0.190603 -5.70215 -38.3834 -8.15058 -6.79044 0.801872 -0.683095 -0.547965 0.0498767  0.000968028 -0.000291734 -0.000298622   0.00560355   0.00893727 -0.000851354 0.957769        0        0
                46.4 -0.357726  -5.59049  -38.2476 -8.13268 -6.77299 0.805125 -0.534082  -0.42329 0.0731243   0.00115678 -0.000338177 -0.000336442  0.00519952  0.00730793 -0.00106353 0.957867        0        0
             46.4998 0.865376 -6.72284 -39.8625 -8.24006 -6.85707 0.801025 -0.865184 -0.566556  0.010336  0.000963639 -0.000276961 -0.000279708   0.00585141   0.00967757 -0.000687095 0.9512      0      0
             46.4998  0.27195 -6.49662 -39.6012 -8.21003 -6.83241  0.80463 -0.622074 -0.405129 0.0397145   0.00113453 -0.000343338 -0.000345429   0.00495129   0.00709607 -0.000895106 0.951146        0        0
             46.6005 0.967616 -7.26384 -40.1968  -8.2937 -6.89404 0.789392  -0.717831  -0.467885 -0.0551707  0.000987656 -0.000287507 -0.000308184   0.00511574   0.00825409 -0.000208689 0.943138        0        0
             46.6005 0.560061 -7.04348 -40.0365 -8.28379 -6.87998 0.797043      -0.643   -0.366164 -0.00268444    0.0010933 -0.000350564 -0.000347768   0.00515602   0.00706533 -0.000723319 0.943116        0        0
             46.7004 0.684323 -6.17324 -41.3713 -8.39165 -6.95821 0.783978   -0.801306   -0.546712 -0.00848187   0.00101697 -0.000302983 -0.000293155   0.00566101   0.00950441 -0.000168792 0.94624       0       0
             46.7004 0.361129 -5.85881   -41.14 -8.37204 -6.93727 0.796972 -0.644598 -0.403284 0.0827838   0.00109984 -0.000393592 -0.000355635  0.00535247  0.00748039 -0.00100916 0.946235        0        0
             46.8002 0.688839  -5.6734 -41.3752 -8.45745 -7.00503 0.799469 -0.676411 -0.514385 0.0657168   0.00101131 -0.000351774 -0.000319454   0.00542692    0.0089823 -0.000732249 0.943509        0        0
             46.8002 0.254518 -5.67358 -41.1477 -8.43707 -6.98261 0.802076 -0.519912 -0.351025  0.084887   0.00113101 -0.000354437 -0.000384363  0.00533187  0.00684183 -0.00088141 0.943507        0        0
                46.9  1.42197 -6.02793  -42.582  -8.5342 -7.06552 0.790695  -0.663047  -0.549194 -0.0302637   0.00101177 -0.000293957 -0.000313173 0.00566761 0.00964997 -0.0002103 0.947095        0        0
                46.9 0.955341 -5.82471 -42.4097 -8.51185 -7.04085 0.800459 -0.486721 -0.368845 0.0382624   0.00114104 -0.000352735 -0.000362307   0.00552671   0.00724979 -0.000851013 0.947093        0        0
             46.9999  2.10393 -5.74391 -43.5987 -8.58702 -7.11021 0.789642  -0.557422   -0.54893 -0.0661587  0.000999111 -0.000313635 -0.000310363   0.00569794   0.00897742 -0.000381164 0.942151        0        0
             46.9999  1.69043 -5.51821 -43.3937 -8.56872 -7.08871  0.80097 -0.415722 -0.394744 0.0136329   0.00111028 -0.000379284 -0.000366133  0.00565202  0.00696284 -0.00113499 0.942177        0        0
             47.1001  1.26988 -5.94479 -45.3995 -8.64587 -7.17362  0.78778  -0.533724  -0.625364 -0.0719356   0.00103556   -0.0003127 -0.000303182   0.00566633    0.0093049 -0.000662863 0.94466       0       0
             47.1001 0.938828 -5.74995 -45.2274 -8.62452 -7.15171 0.792203 -0.371783 -0.471502 -0.038774   0.00113056 -0.000371468 -0.000350726   0.00556439   0.00715775 -0.000917982 0.944745        0        0
                47.2 0.259181 -7.05141  -47.159 -8.68944 -7.23119 0.777496 -0.499602 -0.633358 -0.105228   0.00105938 -0.000311902 -0.000293233    0.0055582   0.00883412 -0.000574279 0.94008       0       0
                47.2 -0.169206  -6.93967  -46.9052 -8.67511 -7.21173 0.779105  -0.398298  -0.487967 -0.0944687   0.00118199 -0.000344552 -0.000362776   0.00587867   0.00718975 -0.000663229 0.940109        0        0
             47.2998 -0.0496602   -7.31529   -48.7395 -8.74216 -7.29053 0.761668  -0.535918  -0.648259 -0.0990649   0.00106669 -0.000298289 -0.000290561   0.00585651    0.0087337 -0.000346391 0.930724        0        0
             47.2998 -0.567429  -7.08401   -48.446 -8.72864 -7.27323 0.766193  -0.437956  -0.517953 -0.0692507    0.0012115 -0.000363413 -0.000371641   0.00613519   0.00723487 -0.000646418 0.930659        0        0
             47.4005 0.764387 -6.66206 -49.7689 -8.77066 -7.32289 0.764796  -0.483343  -0.478563 0.00708355   0.00114201 -0.000358534 -0.000380344   0.00591814   0.00702435 -0.000712754 0.909626        0        0
             47.4005 0.655487 -6.52291 -49.8067 -8.77993 -7.32784 0.767596 -0.552872 -0.510693 0.0244714   0.00116582  -0.00039287 -0.000369357   0.00610696   0.00774132 -0.000913973 0.909647        0        0
             47.5003 0.187022   -6.746 -51.2397 -8.84552 -7.39651 0.773424 -0.591645 -0.554792 0.0987641   0.00120065 -0.000364721 -0.000360048   0.00572487   0.00856675 -0.000860817 0.907858        0        0
             47.5003 0.253309 -6.64973 -51.1999 -8.85295 -7.39858 0.772982 -0.651577 -0.563139 0.0932561   0.00117571 -0.000385614 -0.000369861   0.00603315   0.00905768 -0.000846934 0.907843        0        0
             47.6001  1.15475 -7.48121  -51.165 -8.95427 -7.49946 0.777768 -0.822898 -0.746048 0.0808038   0.00102524 -0.000356736 -0.000307182   0.00544304    0.0112926 -0.000538998 0.927131        0        0
             47.6001 0.645116 -7.41562 -50.7725 -8.94148 -7.47832 0.779023 -0.741993 -0.571304 0.0845962   0.00118861 -0.000358623 -0.000419331   0.00632499   0.00966694 -0.000665487 0.927102        0        0
                47.7 0.868502  -8.9235 -50.5837 -9.04557 -7.58445 0.775758  -0.893917  -0.795576 -0.0232792   0.00103342 -0.000312061 -0.000368449   0.00527837    0.0117664 -0.000280899 0.934796        0        0
                47.7 0.347928 -8.72656 -50.3628 -9.02719 -7.55126 0.779184    -0.7795  -0.513504 -0.0057912   0.00122618 -0.000326708 -0.000426279   0.00676855   0.00925518 -0.000615334 0.934747        0        0
             47.7999 0.499293  -8.2004 -49.3279 -9.12535 -7.62585 0.779768 -0.850288 -0.595023 0.0073024   0.00116618 -0.000325415  -0.00041477   0.00639902    0.0105637 -0.000677337 0.922042        0        0
             47.7999 0.462645 -8.02664 -49.2668 -9.10565 -7.60361 0.777756  -0.714295  -0.411426 -0.0106618   0.00121569 -0.000361716 -0.000433994  0.00703236  0.00845592 -0.00056148 0.921834        0        0
             47.9001 0.854017 -7.87073 -48.7234  -9.1963 -7.67005 0.778804 -0.775143 -0.520351 0.0561123   0.00118511  -0.00034298 -0.000413474   0.00661956   0.00974263 -0.000448451 0.915166        0        0
             47.9001 0.827076 -7.81882 -48.6774 -9.17364 -7.65184  0.78321  -0.60647 -0.384806 0.0895543   0.00122712 -0.000354611 -0.000431013   0.00659028   0.00768555 -0.000747405 0.914993        0        0
                  48 0.560525 -7.53675 -48.2571 -9.23818 -7.69904 0.797863 -0.552566 -0.432675  0.109999   0.00121075  -0.00035221 -0.000429952   0.00646403   0.00813793 -0.000946288 0.91088       0       0
                  48  0.52802  -7.5439 -48.3111 -9.22921 -7.69663 0.792272 -0.482243 -0.419096 0.0730183   0.00123219 -0.000355604 -0.000417449  0.00619679  0.00755156 -0.00053671 0.910874        0        0
             48.0998  1.19341 -7.40698 -48.3119 -9.28355 -7.75474 0.806679 -0.439011  -0.51463 0.0598284   0.00121122 -0.000353698 -0.000409951   0.00587295   0.00828608 -0.000892617 0.918586        0        0
             48.0998  1.29404 -7.38244 -48.3332 -9.28583 -7.75651 0.799019  -0.460387  -0.524761 0.00536701   0.00118113 -0.000361339 -0.000403106   0.00600581   0.00850329 -0.000375009 0.918581        0        0
             48.2004  1.31337 -7.55114 -48.1933  -9.3298 -7.81564 0.799501  -0.417921  -0.587699 -0.0688149   0.00117359 -0.000353189 -0.000399972   0.00581517   0.00859759 -0.000547147 0.918084        0        0
             48.2004  1.14761 -7.54793 -48.1676  -9.3451 -7.82041 0.790484 -0.545171 -0.605303 -0.137069   0.00120855   -0.0003509 -0.000404454  0.00661422  0.00970542 3.68918e-05 0.918099        0        0
             48.3003 0.523194 -7.69457 -48.7343 -9.41198 -7.89898 0.780305 -0.583958 -0.696996  -0.16463   0.00119708 -0.000345455 -0.000392319   0.00630094    0.0106123 -0.000251903 0.91839       0       0
             48.3003 0.516101 -7.68125  -48.737 -9.41839 -7.89872 0.777366 -0.641199 -0.684804  -0.18841   0.00119282 -0.000337208 -0.000390583   0.00675924    0.0109615 -8.68954e-05 0.918402        0        0
             48.4001 0.0852595  -7.73126  -50.2296 -9.48634 -7.97502 0.766024 -0.667978 -0.732951 -0.100527   0.00120019 -0.000332678 -0.000383784   0.00658125    0.0112588 -0.000294747 0.911656        0        0
             48.4001 0.301173 -7.62795 -50.2707 -9.48681 -7.97322 0.768026  -0.674099  -0.717644 -0.0873814   0.00114641 -0.000354939 -0.000373118   0.00671505     0.011193 -0.000440335 0.91166       0       0
             48.4999 0.528679 -6.45059  -51.241 -9.54555 -8.03544 0.766701  -0.663152  -0.682671 0.00748869   0.00116657 -0.000352226 -0.000375348   0.00671884    0.0106021 -0.000551253 0.902711        0        0
             48.4999 0.358403 -6.38506 -51.1887 -9.55417 -8.04766 0.764609   -0.724794   -0.787442 -0.00350552   0.00117956 -0.000378424  -0.00038517   0.00634402    0.0116552 -0.000404852 0.902676        0        0
             48.5998 0.915562 -5.68726 -52.2523 -9.62588 -8.12611 0.773288 -0.709651 -0.765988 0.0490272   0.00118817  -0.00037491 -0.000380554   0.00624894    0.0116782 -0.000698782 0.909174        0        0
             48.5998 0.914772 -5.67707 -52.2145 -9.63484 -8.13297 0.769349 -0.778571 -0.816189 0.0208846   0.00116657 -0.000375467 -0.000387085   0.00630167    0.0124666 -0.000440509 0.909131        0        0
             48.7001 0.708586 -6.56266 -52.6872 -9.70999 -8.22512 0.774535   -0.746107   -0.857317 -0.00936255   0.00119239 -0.000364867 -0.000385911   0.00579001    0.0126731 -0.000630021 0.893528        0        0
             48.7001 0.869253 -6.56865   -52.66 -9.71385 -8.21644 0.771367  -0.785646  -0.767579 -0.0413173   0.00115599 -0.000341471 -0.000394352   0.00672179    0.0124708 -0.000410809 0.893566        0        0
             48.7999 0.845519 -7.41054 -53.0264 -9.77978 -8.28013 0.766415   -0.717941   -0.714413 -0.00572835    0.0011732 -0.000317503  -0.00040718   0.00690921    0.0116234 -0.000337908 0.894801        0        0
             48.7999 0.889213 -7.29388 -53.0667 -9.79013 -8.28711  0.76881 -0.797555 -0.770359 0.0112076   0.00113794 -0.000345855 -0.000394171   0.00690897    0.0125151 -0.000513394 0.894773        0        0
             48.8998 0.0999539  -7.89535  -52.4396 -9.87408 -8.38548 0.759326  -0.762628  -0.846291 -0.0307085   0.00116838 -0.000314778 -0.000378015   0.00627773    0.0132734 -5.31907e-05 0.881409        0        0
             48.8998 0.159542 -7.67391 -52.2421 -9.87238 -8.37076 0.765196  -0.763227  -0.712808 0.00396982   0.00116854 -0.000341121  -0.00043165   0.00723629    0.0125719 -0.000497634 0.881346        0        0
             49.0004 -0.63497 -6.97719 -51.4765 -9.94392 -8.44519 0.770518  -0.63545 -0.733613 0.0145067   0.00119022 -0.000342044 -0.000424873   0.00714672    0.0126778 -0.000693539 0.882728        0        0
             49.0004 -0.491414  -6.92054   -51.454 -9.93079 -8.43226 0.773551 -0.535537  -0.62583 0.0335626   0.00119349 -0.000347774 -0.000438476  0.00739709   0.0113562 -0.00090232 0.882682        0        0
             49.1003 -0.626996  -5.75614  -50.9579 -9.97705 -8.50001 0.773909  -0.42794 -0.663911 0.0108771   0.00120806 -0.000344431 -0.000453707   0.00718441    0.0114083 -0.000788516 0.876569        0        0
             49.1003 -0.495369  -5.66931  -51.0419 -9.96481 -8.49008 0.775109 -0.328317 -0.579878 0.0201119   0.00121436 -0.000363659 -0.000441956   0.00725434    0.0102274 -0.000894745 0.876534        0        0
             49.2001 -0.449479  -6.30459  -50.5671 -9.99404 -8.56668 0.764339  -0.264675   -0.69022 -0.0960503   0.00122901 -0.000344557 -0.000441343   0.00666658    0.0106501 -0.000468162 0.882627        0        0
             49.2001 -0.379311   -6.2858  -50.6035 -10.0005 -8.56429 0.764673  -0.323063  -0.660568 -0.0965268   0.00120396 -0.000333304 -0.000430703   0.00719706    0.0109033 -0.000514026 0.882638        0        0
             49.2999 -0.422229  -6.56626  -51.2291 -10.0357 -8.64674 0.750984 -0.311857 -0.723969 -0.101095   0.00120904 -0.000324156 -0.000425456  0.00673502   0.0114619 -0.00035293 0.884869        0        0
             49.2999 -0.274929  -6.43023  -51.3191  -10.042 -8.64074 0.757142  -0.369954  -0.663637 -0.0620821    0.0011668 -0.000348737 -0.000399071   0.00747437    0.0115394 -0.000798837 0.884861        0        0
             49.4002 0.295227 -6.29545 -51.3817 -10.0745 -8.71355 0.753699  -0.355061    -0.6737 0.00594004   0.00119595 -0.000331608 -0.000396414   0.00703175    0.0116062 -0.000733677 0.876211        0        0
             49.4002 0.445975  -6.1584 -51.3258 -10.0851 -8.70954 0.757779 -0.450392 -0.626918    0.0299   0.00115007 -0.000370035  -0.00041116  0.00796827   0.0120638 -0.00107179 0.876197        0        0
                49.5 -0.0400985   -6.39923   -51.4311 -10.1318 -8.78427 0.755562 -0.474524 -0.690415 0.0243883   0.00119624 -0.000332137 -0.000410252   0.00754558    0.0124057 -0.000768964 0.875294        0        0
                49.5 -0.0817638   -6.28185    -51.419 -10.1346 -8.77997 0.754999 -0.503263 -0.645447  0.017126   0.00120724 -0.000365449 -0.000413338   0.00808645    0.0123703 -0.000755197 0.875298        0        0
             49.5998 0.583805  -6.2238 -50.7553 -10.1871 -8.85046 0.761055  -0.527837  -0.674487 0.00261454   0.00120361 -0.000354623 -0.000409762   0.00782313    0.0125664 -0.000973826 0.869532        0        0
             49.5998 0.643029 -6.17101 -50.6762 -10.1864 -8.85303 0.758064 -0.520602 -0.699193 -0.018269    0.0011849 -0.000369375 -0.000431782   0.00761315    0.0126516 -0.000735858 0.869522        0        0
             49.7002 -0.265606  -6.45756   -49.602 -10.2342 -8.93074 0.753514   -0.46338  -0.695797 -0.0757975   0.00119947 -0.000339219 -0.000425241   0.00710356    0.0127991 -0.000744518 0.871121        0        0
             49.7002 -0.287468   -6.3716  -49.5268 -10.2339 -8.92352 0.751271   -0.46982  -0.625272 -0.0960438   0.00120157 -0.000364147 -0.000445767    0.007726   0.0124246 -0.00060337 0.871121        0        0
                49.8 -1.37968 -5.86661 -49.0021 -10.2699 -8.99115 0.751773  -0.346687  -0.635601 0.00382158   0.00124231 -0.000348869 -0.000429731     0.007199    0.0123811 -0.000876052 0.863647        0        0
                49.8 -1.35671 -5.77642 -48.9647 -10.2734 -8.98592 0.744285  -0.386654  -0.576945 -0.0573385   0.00123332 -0.000377575 -0.000441798   0.00797227    0.0123251 -0.000337215 0.863625        0        0
             49.8998 -2.02422 -4.60679  -47.726 -10.3064 -9.04757 0.751404 -0.272684  -0.57824 0.0318455   0.00123627 -0.000377578 -0.000438166   0.00772009     0.012444 -0.000751554 0.870396        0        0
             49.8998 -1.95118 -4.58253 -47.6476 -10.3078 -9.04605 0.744835  -0.289926  -0.558165 -0.0190574   0.00121282  -0.00038532 -0.000461097   0.00805142    0.0124345 -0.000245267 0.870373        0        0
             50.0001 -1.79893 -4.78688 -46.3442 -10.3411 -9.11731 0.752946  -0.223532  -0.605904 0.00368745   0.00122877 -0.000366979 -0.000446099   0.00758415    0.0132896 -0.000671412 0.870331        0        0
             50.0001 -1.62479  -4.8096 -46.2995 -10.3388 -9.11337 0.749195  -0.209996  -0.569581 -0.0260474   0.00118124 -0.000357982 -0.000459274  0.00779683   0.0129241 -0.00038989 0.870332        0        0
             50.0999 -1.32362 -6.04185 -45.1795 -10.3702 -9.19505  0.73938  -0.18825 -0.651152 -0.114699   0.00118769 -0.000319815 -0.000445957   0.00723153    0.0141969 -0.000189395 0.868662        0        0
             50.0999  -1.3369 -5.97405 -45.1875 -10.3677 -9.18778 0.737979 -0.175641  -0.58481 -0.128045    0.0011952 -0.000334697 -0.000444675   0.00764936    0.0136589 -0.000109424 0.868683        0        0
             50.1998 -1.30826 -6.72216 -44.4418 -10.3865 -9.25576 0.733692  -0.134078  -0.581871 -0.0862691   0.00121625 -0.000322456  -0.00044211   0.00724864    0.0142079 -0.000474155 0.875719        0        0
             50.1998 -1.10762 -6.61222 -44.5315 -10.3857 -9.24955 0.734108  -0.135751  -0.526098 -0.0862122   0.00116527 -0.000351021 -0.000418196   0.00767024    0.0138257 -0.000530622 0.875735        0        0
             50.3004 -1.32101 -6.32774 -42.4541 -10.3893 -9.29937 0.734225 -0.0980551  -0.473255 -0.0190822   0.00118699  -0.00035286 -0.000418053   0.00727399    0.0135201 -0.000820259 0.871878        0        0
             50.3004 -1.22378 -6.28164 -42.3722 -10.3927 -9.29313 0.732828  -0.138839   -0.41031 -0.0345539   0.00115759 -0.000360408 -0.000440827   0.00801473    0.0133618 -0.000753419 0.871865        0        0
             50.4003 -0.93376 -5.81214 -39.4624  -10.398 -9.33585 0.731862 -0.0963489  -0.382173  0.0109682   0.00119343 -0.000338196 -0.000450207   0.00759524    0.0132514 -0.000725265 0.880711        0        0
             50.4003 -0.81937 -5.72513 -39.4404 -10.4028 -9.32891 0.727918   -0.15183  -0.310451 -0.0231239    0.0011598 -0.000353032 -0.000456334   0.00850784    0.0130991 -0.000486466 0.880721        0        0
             50.5001 -0.434671  -5.74717  -35.3483 -10.4123 -9.36712  0.73382  -0.141344  -0.279024 0.00567678   0.00117374 -0.000353881 -0.000461227   0.00783234    0.0132726 -0.000775971 0.884905        0        0
             50.5001 -0.41834 -5.83748 -35.2405 -10.4075 -9.35147 0.727677  -0.120981  -0.137376 -0.0473805   0.00117567 -0.000314073 -0.000490475   0.00863733    0.0120694 -0.000344862 0.884916        0        0
             50.5999 -1.18192  -5.4152 -31.1082 -10.4337 -9.38236  0.72368  -0.189679  -0.180138 -0.0406042   0.00119646 -0.000301842 -0.000479552   0.00844499    0.0131169 -0.000396684 0.882239        0        0
             50.5999 -0.884913  -5.39348  -31.1567 -10.4333 -9.38201 0.723902  -0.186741  -0.179357 -0.0388968   0.00111703 -0.000310624 -0.000465899   0.00842951    0.0130716 -0.000412681 0.882242        0        0
             50.6999  -1.2948 -4.36803 -28.2277 -10.4591 -9.40672 0.718519   -0.20314  -0.180737 -0.0304247   0.00115053 -0.000310435 -0.000457071   0.00850586    0.0135563 -0.000285931 0.891693        0        0
             50.6999 -1.20078 -4.39238 -28.2802 -10.4591  -9.4137  0.71935  -0.194482  -0.241684 -0.0214092   0.00112086 -0.000312732 -0.000441549   0.00810945    0.0140137 -0.000330993 0.8917      0      0
             50.8001 -1.55857 -4.38342 -26.9928 -10.4866 -9.45225 0.714552 -0.195787 -0.269351 -0.029681   0.00112337 -0.000302395  -0.00042894   0.00807439    0.0148437 -0.000191135 0.894502        0        0
             50.8001 -1.41843 -4.42983   -27.06  -10.487 -9.45222 0.716517  -0.198251  -0.270344 -0.0142634   0.00108588 -0.000290316 -0.000410263   0.00807566    0.0148566 -0.000346138 0.894493        0        0
                50.9 -1.77163 -4.42082 -27.5383 -10.5118 -9.49167 0.722596 -0.170322 -0.290656 0.0246097   0.00109679 -0.000278558 -0.000406318   0.00809781    0.0156146 -0.000630357 0.891494        0        0
                50.9 -1.73984 -4.35524 -27.6482  -10.509 -9.48039  0.72672 -0.148151 -0.197112 0.0537103   0.00110336 -0.000292736 -0.000378417   0.00829668    0.0147113 -0.000964561 0.891519        0        0
             50.9998 -1.09802 -4.68651 -29.0158 -10.5284  -9.5076 0.734602 -0.186058  -0.18825  0.048101   0.00112082 -0.000292053 -0.000377078  0.00822638   0.0152313 -0.00109982 0.896878        0        0
             50.9998 -0.916663  -4.66725  -29.0446 -10.5227 -9.49512 0.734579  -0.139442 -0.0854113   0.044123   0.00108641 -0.000297309 -0.000370523 0.00827395  0.0141161 -0.0011004 0.896872        0        0
             51.1004 -0.46029 -5.33363 -31.0876 -10.5498 -9.51218 0.738656 -0.244425 -0.132935 0.0267952   0.00112339 -0.000294725 -0.000365346   0.0085229   0.0146771 -0.00114472 0.8981      0      0
             51.1004 -0.308107   -5.3192   -31.138 -10.5425 -9.50238 0.736096  -0.181345 -0.0525613 0.00438016    0.0010999 -0.000302825 -0.000351888   0.00836569    0.0136744 -0.000930534 0.898115        0        0
             51.2003 -0.418981  -5.06136  -33.2318 -10.5683 -9.51742 0.742007 -0.262842 -0.150694 0.0367732   0.00114011 -0.000305105 -0.000344749   0.0084381   0.0140446 -0.00114081 0.89428       0       0
             51.2003 -0.371597  -4.99496  -33.1958 -10.5588 -9.51033 0.736042   -0.181134  -0.0974504 -0.00649841   0.00114362 -0.000334479  -0.00035588   0.00806249    0.0131986 -0.000685751 0.894297        0        0
             51.3001 -0.438697  -4.89026  -35.3878   -10.59 -9.52993 0.738186  -0.291987  -0.165937 0.00343789   0.00116635 -0.000333886 -0.000346263    0.0082565    0.0137073 -0.000821802 0.893023        0        0
             51.3001 -0.456842  -4.89939   -35.323 -10.5829 -9.52413 0.735761 -0.230548 -0.121122 -0.013986   0.00118499 -0.000339536   -0.0003653    0.0080103    0.0130349 -0.000630814 0.893047        0        0
                51.4 -0.248049  -5.06683  -37.3254 -10.6311 -9.55959 0.741767 -0.385494 -0.226037 0.0205241   0.00116962 -0.000327913  -0.00034097    0.0082755    0.0143862 -0.000952535 0.887418        0        0
                51.4 -0.246785  -5.04945  -37.2259  -10.624 -9.55149 0.735908  -0.329938   -0.15949 -0.0247802   0.00118496 -0.000336024 -0.000368733   0.00824257    0.0135628 -0.000506186 0.88743       0       0
             51.4998 -0.647723  -5.39519  -39.4763 -10.6716 -9.57827  0.73878  -0.41894 -0.228057 0.0143567   0.00117501 -0.000320742 -0.000342955   0.00845601    0.0142208 -0.000717552 0.891044        0        0
             51.4998 -0.569059  -5.33856  -39.4555 -10.6752 -9.58411 0.738267  -0.44689 -0.276177 0.0104292   0.00114107 -0.000335483 -0.000348377   0.00839922    0.0147401 -0.000672105 0.891043        0        0
             51.6005  -1.7089 -6.23879 -41.9313 -10.7329 -9.62592 0.743065 -0.502676 -0.334583 0.0324245   0.00117697 -0.000318348 -0.000332567  0.00845205   0.0155062 -0.00078439 0.898538        0        0
             51.6005 -1.65325 -6.16194 -41.8614 -10.7347 -9.62795 0.741954 -0.517992   -0.3503 0.0240128   0.00115483 -0.000337304  -0.00035176   0.00848297    0.0157126 -0.000700788 0.898531        0        0
             51.7004 -1.83955 -6.77742 -43.8053 -10.7792 -9.66222 0.741287  -0.456975  -0.326306 -0.0106943     0.001187 -0.000319769  -0.00034685   0.00822934    0.0155915 -0.000617806 0.883203        0        0
             51.7004 -1.75624 -6.64491 -43.7168 -10.7797 -9.65435 0.740207  -0.472516  -0.253475 -0.0230393   0.00117623 -0.000335664 -0.000371978   0.00881213    0.0151761 -0.000570795 0.883214        0        0
             51.8002 -1.63117 -6.47526 -45.9452 -10.8194 -9.67624 0.741209    -0.3916  -0.222575 -0.0142237   0.00120443 -0.000323157  -0.00035699   0.00870047    0.0149612 -0.000743545 0.867722        0        0
             51.8002 -1.58871 -6.33262 -45.8972 -10.8221 -9.67485 0.739459   -0.41921  -0.206128 -0.0303751   0.00119009 -0.000350916 -0.000370337   0.00901398    0.0150273 -0.000622774 0.86771       0       0
                51.9  -1.3455 -5.98539 -47.6834 -10.8657 -9.70273 0.736251  -0.326866  -0.197727 -0.0128113  0.00118961  -0.0003292 -0.00036318   0.00893203    0.0155371 -0.000545085 0.866917        0        0
                51.9 -1.37037 -5.87326 -47.5968 -10.8641 -9.70067 0.738061   -0.312787   -0.180966 0.000756366    0.0011991 -0.000357784 -0.000387571   0.00894734    0.0153423 -0.000685404 0.866927        0        0
             51.9999 -1.66065 -5.60235 -49.2346 -10.8816 -9.71218 0.742865  -0.159175 -0.0954654   0.010203   0.00120991 -0.000340666 -0.000374563   0.00875204    0.0150376 -0.000893933 0.865171        0        0
             51.9999 -1.66783 -5.49677  -49.148 -10.8781 -9.70504 0.741787   -0.135413  -0.0305061 0.000575315   0.00122633 -0.000360693 -0.000402244   0.00907484     0.014475 -0.000853311 0.865199        0        0
             52.1001 -2.15815 -5.45908 -50.7402 -10.8945 -9.71871 0.739461  -0.0720138  -0.0377788 -0.00776354   0.00122807 -0.000336267 -0.000379115   0.00884599    0.0150964 -0.000723148 0.860268        0        0
             52.1001 -2.23103 -5.35997 -50.6036 -10.8884 -9.70816  0.73991  -0.0265005     0.05699 -0.00718887   0.00126909  -0.00035171 -0.000421031  0.00926292   0.0142104 -0.00080234 0.860305        0        0
                52.2 -1.33341 -5.54369 -51.3211 -10.9035  -9.7205 0.746457 -0.0315925  0.0174773  0.0192681   0.00122005  -0.00033466 -0.000393093  0.00890521   0.0153104 -0.00104016 0.855587        0        0
                52.2  -1.3287 -5.43969 -51.1935 -10.8985  -9.7135 0.743921   0.00196121    0.0775448 -0.000322874   0.00122993 -0.000359581 -0.000432885   0.00917794    0.0147099 -0.000899852 0.855583        0        0
             52.2998 -1.42871 -6.13857  -51.618 -10.8982 -9.72177 0.746537   0.0618462 -0.00970781   0.0185125   0.00120192 -0.000321776 -0.000401232   0.0086443   0.0152163 -0.00095535 0.860044        0        0
             52.2998 -1.51317 -5.97231 -51.5352 -10.9002   -9.717 0.744156   0.0388879   0.0394286 -0.00184135   0.00122303 -0.000359607 -0.000423277   0.00921069    0.0151086 -0.000805385 0.860043        0        0
             52.4004 -1.35602  -5.9128 -51.1996 -10.8962 -9.71898 0.735507  0.0888202  0.0408572 -0.0457251   0.00121936  -0.00033405 -0.000402506  0.00908478    0.015391 -0.00041008 0.859813        0        0
             52.4004 -1.31444 -5.78563 -51.0535 -10.8983 -9.71475 0.740025  0.0682607  0.0816489 -0.0144274   0.00120502 -0.000358958 -0.000444779  0.00947788   0.0153243 -0.00076293 0.859819        0        0
             52.5003 -0.611307  -6.17629  -50.0345 -10.8983 -9.72775 0.738416   0.101765 -0.0068269 -0.0294801    0.0011822 -0.000325683 -0.000427267   0.00886884    0.0162712 -0.000760793 0.862281        0        0
             52.5003 -0.665062  -6.01707  -49.9439 -10.9001 -9.72125 0.742917    0.0807366    0.0550439 -0.000375941   0.00119529 -0.000369448  -0.00045358  0.00947225   0.0160824 -0.00112173 0.862295        0        0
             52.6001 -0.398541  -5.55424  -48.7606 -10.8831 -9.72101 0.743015   0.196317  0.0441849 0.00175116   0.00118638 -0.000338204 -0.000429975  0.00915146   0.0161035 -0.00107985 0.855163        0        0
             52.6001 -0.546101  -5.40101  -48.6519 -10.8804 -9.71025 0.740388   0.209038   0.148824 -0.0221153   0.00122323 -0.000381722 -0.000461096   0.00994543    0.0153564 -0.000928789 0.855195        0        0
                52.7 -0.371636  -4.89202  -47.1775 -10.8702 -9.71901 0.735264   0.192393  0.0580618 -0.0378407    0.0011985 -0.000343243 -0.000442207   0.00928824    0.0165317 -0.000771109 0.865327        0        0
                52.7 -0.409683  -4.76221  -47.0859 -10.8655 -9.70928 0.738015   0.223799   0.144106 -0.0193022    0.0012038 -0.000379511 -0.000468696  0.00975081   0.0157329 -0.00102015 0.865318        0        0
             52.7999 -0.335811  -4.65196  -45.5694 -10.8527 -9.71461 0.738094    0.208252   0.0521981 -0.00960563   0.00120952 -0.000345318 -0.000455747  0.00928696   0.0167048 -0.00104342 0.859643        0        0
             52.7999 -0.314458  -4.58449  -45.5548 -10.8483 -9.70788 0.736391   0.238587   0.111425 -0.0231327   0.00120131 -0.000363277 -0.000460201  0.00955691   0.0160706 -0.00092969 0.859599        0        0
             52.9001 -0.168948   -3.9978  -44.4777 -10.8333 -9.70402 0.739116   0.200262   0.068839 0.00565445   0.00119201  -0.00035107 -0.000446099  0.00957483   0.0165825 -0.00113053 0.862377        0        0
             52.9001 -0.16747 -3.94213 -44.4717 -10.8276 -9.70266 0.734943   0.249755  0.0771964 -0.0241409   0.00119309 -0.000366747 -0.000448334   0.00932714    0.0161561 -0.000801573 0.862414        0        0
                  53 -0.132273  -3.54988  -43.8703 -10.8067 -9.70452   0.7296   0.234712  0.0215279 -0.0285942   0.00119347 -0.000342838 -0.000436834   0.00914453    0.0165755 -0.000620299 0.861674        0        0
                  53 -0.176958  -3.48726  -43.8537 -10.8019 -9.69679 0.729145   0.269604  0.0888588 -0.0329137   0.00120919 -0.000357967 -0.000442225    0.0093939    0.0158531 -0.000594409 0.861657        0        0
             53.0998 -0.0476055   -3.48356   -44.5101 -10.7899 -9.71192 0.729093   0.170959 -0.0394279 -0.0246644   0.00119078 -0.000335373 -0.000418515   0.00900637    0.0170304 -0.000720366 0.865254        0        0
             53.0998 -0.121894   -3.4209  -44.4806 -10.7839 -9.69397 0.728664   0.203973   0.119403 -0.0295484   0.00121764 -0.000348565 -0.000427525   0.00991303    0.0156691 -0.000723897 0.86523       0       0
             53.2004 -0.263555   -3.5153  -45.0419  -10.787 -9.70387 0.733707    0.0351849   0.00475009 -0.000448384   0.00120773 -0.000341587 -0.000409274  0.00981219   0.0169258 -0.00106099 0.871543        0        0
             53.2004 -0.349001  -3.46983  -44.9816 -10.7815 -9.69661 0.730795 0.0770583  0.068895 -0.023517     0.001234 -0.000353917 -0.000425986   0.00999124    0.0161758 -0.000829618 0.871531        0        0
             53.3003 -0.377783  -3.44377  -45.7611 -10.7953 -9.71508 0.732581 -0.0806172 -0.0733336 -0.0208067   0.00120853 -0.000327938 -0.000417732 0.00969027  0.0175192 -0.0010749 0.872652        0        0
             53.3003 -0.392781  -3.30774  -45.7526 -10.7875 -9.70559 0.729317 -0.0205342 0.00827614 -0.0457476   0.00121507 -0.000368863 -0.000420252   0.00988507     0.016506 -0.000825946 0.872567        0        0
             53.4001 -0.647984  -3.13727  -46.6575 -10.8006 -9.71813 0.731474  -0.141877  -0.113857 0.00526212   0.00121668 -0.000360348 -0.000409586  0.00974607   0.0170313 -0.00106589 0.87074       0       0
             53.4001 -0.698019  -3.12487  -46.5971 -10.7932 -9.70932 0.724042 -0.0881823 -0.0324874 -0.0546983   0.00123162 -0.000363424 -0.000425866    0.0100183    0.0160419 -0.000439477 0.870802        0        0
             53.4999 -0.659754  -3.97055  -47.3075 -10.8233  -9.7395 0.718436   -0.26782   -0.23744 -0.0270703   0.00121846   -0.0003271 -0.000410593   0.00969256    0.0172994 -0.000336925 0.875693        0        0
             53.4999 -0.76345 -3.87816 -47.2444 -10.8132 -9.72576 0.719748  -0.193845  -0.121015 -0.0173489   0.00126028 -0.000348982 -0.000427436    0.0100521    0.0159644 -0.000463322 0.875707        0        0
             53.5998 -0.316507  -4.10751  -48.1757 -10.8539 -9.76777 0.715102  -0.357163  -0.295983 -0.0314986   0.00121594 -0.000319922 -0.000407718   0.00963681    0.0173039 -0.000291997 0.868296        0        0
             53.5998 -0.360324  -3.94067  -48.1157 -10.8471 -9.75575 0.719504   -0.308863   -0.192009 0.000117579   0.00124165  -0.00036199 -0.000423841    0.0100869    0.0162679 -0.000652417 0.868323        0        0
             53.7005 -0.225342  -4.61567  -48.9008 -10.8875 -9.78997 0.719806  -0.423911  -0.278144 -0.0140521   0.00121776 -0.000326603 -0.000393828   0.00968725     0.016824 -0.000700616 0.864206        0        0
             53.7005 -0.264512  -4.46477  -48.8057 -10.8913 -9.78779 0.723993 -0.458349 -0.255312 0.0141118   0.00122607  -0.00036375 -0.000419417    0.010081   0.0169459 -0.00101785 0.864215        0        0
             53.8003 -0.825445  -5.19605  -49.2668 -10.9528 -9.83485 0.718697 -0.562897 -0.376188 0.0294291      0.00123 -0.000333066 -0.000409215  0.00972694   0.0179539 -0.00062147 0.865512        0        0
             53.8003 -0.879068  -5.10159  -49.1706 -10.9506 -9.82447 0.723233 -0.554052 -0.281465 0.0603456   0.00125369 -0.000349485 -0.000434702    0.0103767    0.0172936 -0.000992316 0.8655      0      0
             53.9002 -0.845988  -5.77026  -49.6882 -11.0155 -9.87157  0.72951 -0.549757 -0.378394  0.092322   0.00122863  -0.00031194 -0.000415513    0.0100183    0.0181839 -0.000879619 0.861483        0        0
             53.9002 -0.834999  -5.56353  -49.6166 -11.0086 -9.86091 0.732477 -0.501285  -0.28939  0.112734   0.00123857  -0.00036416 -0.000436638   0.0103965   0.0172521 -0.00113328 0.861458        0        0
                  54 -2.25973 -5.86767 -50.1643 -11.0585 -9.90314   0.7473 -0.396761 -0.330143  0.129486   0.00124177 -0.000346009 -0.000419396   0.0100863      0.0179 -0.00119601 0.864443        0        0
                  54  -2.3444  -5.7562 -50.1126 -11.0493 -9.89387  0.74668 -0.328267 -0.253651  0.124658   0.00128247  -0.00037372 -0.000437014   0.0102619   0.0168986 -0.00118326 0.864433        0        0
             54.0998 -2.42661 -6.69366  -50.598 -11.0891 -9.93655 0.754343 -0.315185 -0.327399 0.0587449   0.00125994 -0.000335031  -0.00041227  0.00980697   0.0177363 -0.00105971 0.86133       0       0
             54.0998 -2.41762 -6.53122  -50.523 -11.0849 -9.92787 0.751637 -0.290195 -0.249241 0.0372203   0.00126852 -0.000371109 -0.000437672    0.0102893    0.0170582 -0.000914695 0.8613      0      0
             54.2005 -1.24627 -6.75823 -51.1848 -11.1248 -9.97656 0.750649  -0.296011  -0.403537 -0.0242875   0.00121923 -0.000354099 -0.000410035   0.00988024    0.0180723 -0.000745555 0.857056        0        0
             54.2005 -1.29897 -6.62904 -51.1051 -11.1247 -9.97052 0.749124  -0.302123   -0.34527 -0.0387239   0.00123711 -0.000379672 -0.000432953   0.0103976   0.0177677 -0.00067178 0.857048        0        0
             54.3003 -1.22988 -6.24604 -52.0872 -11.1574 -10.0208 0.744913   -0.27042  -0.464135 -0.0795009   0.00121385   -0.0003565 -0.000408852    0.0100409    0.0182843 -0.000725358 0.857447        0        0
             54.3003 -1.34916 -6.07319 -52.0017 -11.1551 -10.0124 0.746481  -0.257534  -0.384996 -0.0689299    0.0012558  -0.00039183 -0.000434746    0.0105771    0.0177296 -0.000913974 0.857417        0        0
             54.4002 -1.00607 -6.86335  -53.728 -11.1897 -10.0778 0.734333  -0.264905  -0.540074 -0.0951236   0.00122162 -0.000356665 -0.000394222    0.0099192    0.0187828 -0.000588823 0.85924       0       0
             54.4002 -1.05655 -6.73847 -53.6428 -11.1873  -10.066 0.736312  -0.256726  -0.430534 -0.0858882   0.00124857 -0.000373877 -0.000420889    0.0107315    0.0180941 -0.000789145 0.859207        0        0
                54.5 -0.753665  -6.70572  -54.7641 -11.2231 -10.1311 0.729888  -0.285549  -0.565548 -0.0477249   0.00122179 -0.000356712 -0.000397675    0.0102493     0.018979 -0.000768458 0.845321        0        0
                54.5 -0.831665   -6.5153  -54.6156 -11.2201 -10.1194 0.732893  -0.273154  -0.461165 -0.0303732   0.00125526 -0.000391374 -0.000441092   0.0110174    0.018306 -0.00104765 0.845339        0        0
             54.5998 -0.916922  -6.77207  -56.2118 -11.2603 -10.1923 0.730799  -0.331575  -0.590527 -0.0120493   0.00123112 -0.000355832 -0.000410863    0.0102911     0.019393 -0.000971406 0.847894        0        0
             54.5998 -1.04512 -6.58904 -56.0974  -11.248 -10.1715 0.729902  -0.244302  -0.397265 -0.0226698   0.00131236 -0.000375711 -0.000448781   0.0114057   0.0176584 -0.00102201 0.84785       0       0
             54.7001 -0.522656  -5.64738  -57.5178 -11.2899 -10.2417 0.729035   -0.36837  -0.511858 -0.0135726   0.00122818 -0.000400214 -0.000406519   0.0104356   0.0189507 -0.00097678 0.839254        0        0
             54.7001 -0.681271   -5.5583  -57.3942 -11.2848 -10.2332  0.72723  -0.336594   -0.43587 -0.0293375   0.00128592 -0.000413241 -0.000441453    0.0109158    0.0183102 -0.000882216 0.839217        0        0
                54.8 0.593535 -5.91536 -58.4198 -11.3291 -10.3009 0.720382  -0.423827  -0.555204 -0.0375319   0.00124028 -0.000358422 -0.000419361    0.0101239    0.0190994 -0.000628771 0.84231       0       0
                54.8 0.506635 -5.71291 -58.2942 -11.3257 -10.2871 0.720258  -0.411053   -0.42743 -0.0439412   0.00128202 -0.000386886 -0.000451895    0.0111333    0.0183798 -0.000677872 0.8423      0      0
             54.8999  1.66233 -5.95898 -58.8558 -11.3793 -10.3521 0.719308   -0.48186  -0.544309 -0.0530035   0.00120094 -0.000381148 -0.000426673    0.0104698    0.0192035 -0.000811867 0.84047       0       0
             54.8999  1.48224  -5.8643 -58.7592 -11.3754 -10.3412 0.719837  -0.460735  -0.442427 -0.0535339   0.00126544 -0.000389213 -0.000450893    0.0112306    0.0185581 -0.000879479 0.840425        0        0
             55.0001   0.2263 -5.99568 -59.0266 -11.4314 -10.4146   0.7061  -0.488193  -0.586083 -0.0839835   0.00125355 -0.000358479 -0.000433663    0.0102825    0.0195359 -0.000526222 0.829984        0        0
             55.0001 0.0807216  -5.76276  -58.9245  -11.428    -10.4 0.710342  -0.472587  -0.449432 -0.0591564   0.00131058 -0.000395098 -0.000462131    0.0113663    0.0187694 -0.000867902 0.829974        0        0
             55.0999 -0.976312  -5.27389  -59.0068 -11.4819 -10.4566 0.705968  -0.504645  -0.507721 0.00476868   0.00127824 -0.000375442  -0.00044307    0.0110353    0.0192339 -0.000759448 0.8361      0      0
             55.0999 -1.12852 -5.16015 -58.8997  -11.477 -10.4515 0.707705 -0.468715  -0.46395 0.0159962   0.00133442 -0.000398656 -0.000475034    0.0112426    0.0187256 -0.000886806 0.836105        0        0
             55.1998 -1.94509 -4.83871 -58.6377 -11.5344 -10.5273 0.715146 -0.449608 -0.603951 0.0765428   0.00127111 -0.000379558 -0.000450385    0.0102384    0.0198325 -0.000970261 0.831403        0        0
             55.1998  -2.0102  -4.6354 -58.5465 -11.5301 -10.5183 0.710453 -0.423754 -0.518235 0.0396333   0.00131121 -0.000406815 -0.000479383    0.0108779    0.0192233 -0.000668567 0.831392        0        0
             55.3004  -1.8306 -3.57003 -58.1393 -11.5741 -10.5705  0.71728 -0.358481 -0.486362 0.0244116   0.00125821 -0.000405893 -0.000466824    0.0108872    0.0194917 -0.000837493 0.838639        0        0
             55.3004 -2.00425  -3.5615 -58.0429 -11.5744 -10.5679 0.714694 -0.363443 -0.457727 0.0039844   0.00130856 -0.000402164 -0.000495687    0.0111623    0.0194097 -0.000662821 0.83863       0       0
             55.4003 -0.780848   -3.6102  -57.9785 -11.6269 -10.6514 0.719746 -0.398908 -0.656993  -0.01386   0.00121005 -0.000371251 -0.000461044   0.00994277    0.0208724 -0.000834998 0.839152        0        0
             55.4003 -0.838357  -3.44954  -57.9404 -11.6214 -10.6384 0.718834 -0.367146 -0.535268 -0.024375   0.00123028 -0.000420184 -0.000474101    0.0109042    0.0199935 -0.000815331 0.839134        0        0
             55.5001 0.0875292  -3.47256  -57.5678 -11.6591    -10.7 0.715023  -0.319231  -0.604552 -0.0718777   0.00119024 -0.000380608 -0.000462543     0.010685     0.020276 -0.000869181 0.838712        0        0
             55.5001 -0.134677  -3.35146  -57.5121 -11.6545 -10.6883 0.711988  -0.293505  -0.491096 -0.0982999   0.00124969  -0.00041913 -0.000477641    0.0116115    0.0194709 -0.000663404 0.83865       0       0
             55.5999 -0.157296  -2.69895   -57.848 -11.6945 -10.7611 0.706595  -0.284583  -0.597144 -0.0702675   0.00121219 -0.000394467 -0.000461699    0.0108961      0.02058 -0.000824714 0.837786        0        0
             55.5999 -0.333372  -2.57089  -57.8381  -11.685 -10.7486  0.70387  -0.217717  -0.481637 -0.0947283   0.00125479 -0.000433893 -0.000464262    0.0116143    0.0193821 -0.000613855 0.837722        0        0
             55.6998 -0.385712  -2.92705  -57.6819 -11.7178  -10.819 0.695594   -0.26781  -0.551885 -0.0339463   0.00124107 -0.000374525 -0.000450579      0.01073    0.0204142 -0.000513562 0.83282       0       0
             55.6998 -0.495246  -2.80503  -57.5786  -11.715 -10.8082 0.696553  -0.255884   -0.44856 -0.0313411     0.001268 -0.000411284  -0.00048081    0.0116113    0.0197763 -0.000584721 0.832759        0        0
             55.8005 0.103036 -3.09187 -57.5383 -11.7549  -10.871 0.701773 -0.364427 -0.528063 0.0373234   0.00121189 -0.000390925 -0.000468095    0.0110329    0.0206274 -0.000825807 0.835308        0        0
             55.8005 -0.0187524   -3.01933   -57.5209 -11.7491 -10.8612 0.700775 -0.323984 -0.435535  0.024645   0.00124653 -0.000409316 -0.000472143    0.0116609    0.0197945 -0.000724155 0.835282        0        0
             55.9003 0.368882 -3.66175 -57.8162 -11.8017 -10.9363  0.70318 -0.459234 -0.584292 0.0336211    0.0012348 -0.000364254 -0.000453516    0.0106447    0.0211949 -0.000677399 0.834282        0        0
             55.9003 0.227419 -3.51328 -57.7469 -11.7991  -10.924 0.702665 -0.449099 -0.465263 0.0242895   0.00127736 -0.000400596 -0.000471452    0.0116675       0.0205 -0.000630986 0.834262        0        0
             56.0002  1.63733 -4.09952 -57.8402 -11.8501 -10.9792 0.706895  -0.519413  -0.500329 -0.0152209   0.00120331 -0.000376288   -0.0004606   0.0113084   0.0208403 -0.00082068 0.828802        0        0
             56.0002  1.45435 -4.00995 -57.8209 -11.8429   -10.97 0.703574  -0.467132  -0.414767 -0.0454795   0.00126018 -0.000399632 -0.000463801    0.0118283    0.0199457 -0.000523455 0.828805        0        0
                56.1 0.768138 -4.23254 -58.2039 -11.9079 -11.0438 0.695629  -0.572376  -0.557263 -0.0673569   0.00123386 -0.000363497 -0.000446103    0.0107391     0.021328 -0.000435735 0.829406        0        0
                56.1 0.518776 -4.04134  -58.152  -11.902 -11.0327 0.697004  -0.531981  -0.454876 -0.0607167   0.00130785 -0.000416797 -0.000459011    0.0114652    0.0204535 -0.000535524 0.829356        0        0
             56.1999 -0.935133  -4.07683   -58.177  -11.964 -11.0858 0.694429 -0.560706 -0.470239 -0.003136   0.00127197 -0.000395996 -0.000449074   0.0112592   0.0210336 -0.00058992 0.826629        0        0
             56.1999 -0.993846  -3.97646   -58.081 -11.9591 -11.0757 0.699628 -0.528477 -0.376817  0.031866   0.00128959 -0.000422239 -0.000477326    0.0119217      0.02026 -0.000996075 0.826661        0        0
             56.3001 -1.30202 -3.26784 -57.0633 -12.0204 -11.1359 0.706926 -0.497418 -0.462319 0.0880685  0.00126775 -0.00038135 -0.00046312  0.0111105  0.0212686 -0.0010185 0.824699        0        0
             56.3001 -1.33936 -3.05127 -56.9453 -12.0146 -11.1254 0.707091 -0.460444 -0.366601 0.0859545   0.00128238 -0.000434942 -0.000499728   0.0117965   0.0204504 -0.00104723 0.824649        0        0
             56.3999 -1.46975 -3.16489 -56.4629 -12.0688 -11.1845 0.715718 -0.426327 -0.431602 0.0535804   0.00125004 -0.000402642 -0.000486562   0.0109513   0.0215078 -0.00108642 0.82702       0       0
             56.3999 -1.59592 -3.10254 -56.4481 -12.0687 -11.1733  0.71525 -0.437265 -0.321068 0.0447404    0.0012895 -0.000407976 -0.000493089   0.0119932   0.0210343 -0.00106456 0.826991        0        0
             56.4998 -0.984615  -3.06541  -56.7853 -12.1249 -11.2402 0.714284  -0.434235   -0.50753 0.00287791   0.00123727 -0.000371136 -0.000465769    0.0108634    0.0224417 -0.000846043 0.828552        0        0
             56.4998 -1.05844 -2.87144 -56.7789 -12.1192 -11.2269 0.713649  -0.400878  -0.384711 -0.0066132   0.00126738 -0.000417619 -0.000470275    0.0117916    0.0214949 -0.000824456 0.828508        0        0
             56.6004 -0.728226  -2.96581  -56.9736  -12.164 -11.2763 0.712549  -0.363011  -0.475071 -0.0226162    0.0012267  -0.00038832 -0.000463051    0.0116385    0.0219765 -0.000838278 0.82323       0       0
             56.6004 -0.889351   -2.8838  -56.9285 -12.1583 -11.2697 0.709888  -0.319778  -0.413958 -0.0457344   0.00127857 -0.000408673 -0.000476857     0.011965    0.0212765 -0.000628219 0.823243        0        0
             56.7003 -0.640321  -3.69247  -57.4883 -12.1984 -11.3387 0.703242  -0.326141  -0.560985 -0.0727833   0.00125377 -0.000369745 -0.000463425    0.0110477    0.0223128 -0.000556078 0.82624       0       0
             56.7003 -0.700194  -3.55323  -57.4718 -12.1905 -11.3233 0.704844  -0.272566  -0.419784 -0.0653288   0.00128453 -0.000397649  -0.00047014    0.0120129     0.021103 -0.000703479 0.826223        0        0
             56.8002 -0.244523  -3.81236  -58.3988 -12.2324  -11.394 0.698971  -0.310892  -0.560515 -0.0641097   0.00122485 -0.000374444 -0.000451447    0.0111407    0.0224245 -0.000718885 0.819451        0        0
             56.8002 -0.437389  -3.63898  -58.3616 -12.2263 -11.3785 0.700471  -0.275076  -0.417308 -0.0589388   0.00129443 -0.000411392 -0.000463069     0.012252    0.0213697 -0.000852514 0.819441        0        0
                56.9 -0.798517  -2.15725  -59.0277  -12.267 -11.4448 0.692411  -0.356311  -0.530329 -0.0573319   0.00125664 -0.000384133 -0.000441545    0.0114944    0.0224195 -0.000659991 0.814148        0        0
                56.9 -0.897832  -1.89965  -58.9069 -12.2612 -11.4296 0.695508   -0.32359  -0.391207 -0.0414728   0.00130222 -0.000434531 -0.000477866    0.0125861    0.0214281 -0.000904022 0.814147        0        0
             56.9998  -1.03017 -0.411781  -59.3491 -12.3138 -11.4936 0.691481  -0.428451   -0.49612 -0.0161261    0.0012641 -0.000434925 -0.000470155    0.0118537    0.0227326 -0.000843912 0.823701        0        0
             56.9998  -1.06509 -0.399519  -59.3052 -12.3061 -11.4845 0.691911 -0.367062 -0.411455 -0.016252   0.00129233 -0.000430979 -0.000484111    0.0123047    0.0217723 -0.000871567 0.823691        0        0
             57.1005  0.430781 -0.168819  -59.0821 -12.3596 -11.5594 0.691788 -0.449332 -0.578391 0.0176275   0.00123323 -0.000405215 -0.000469574    0.0111776    0.0231757 -0.000833423 0.821293        0        0
             57.1005   0.437315 -0.0838816   -58.9666 -12.3522 -11.5437 0.693914 -0.400915 -0.433079 0.0273319   0.00125359 -0.000409592 -0.000501461    0.0122443     0.022044 -0.000956804 0.821256        0        0
             57.2003 0.854463 -1.17976 -58.8378 -12.4052 -11.6141  0.68976   -0.477601   -0.574533 -0.00575067    0.0012165 -0.000356668 -0.000494661    0.0113824     0.023057 -0.000636777 0.822706        0        0
             57.2003 0.657783 -1.02595 -58.8463 -12.3999 -11.5996 0.691666  -0.442439  -0.436815 0.00238407   0.00129127 -0.000377155 -0.000488898    0.0124408    0.0221028 -0.000719369 0.822687        0        0
             57.3002 -0.193547  -1.90738  -58.2576 -12.4621 -11.6659 0.686232  -0.551628  -0.455083 -0.0288427   0.00125774 -0.000359822  -0.00047432    0.0115459    0.0233475 -0.000542294 0.816532        0        0
             57.3002 -0.245394  -1.75524  -58.1818 -12.4527 -11.6499 0.693095 -0.480359 -0.307262 0.0215086   0.00129902 -0.000383591 -0.000492301   0.0125227   0.0220006 -0.00106094 0.816385        0        0
                57.4 -0.678975  -2.97066  -57.2695 -12.5008 -11.6908 0.690853 -0.464994 -0.361544 0.0360056   0.00126902 -0.000328972 -0.000494284    0.0120531    0.0222778 -0.000779566 0.817879        0        0
                57.4 -0.79375 -2.78281 -57.2439 -12.5009 -11.6855 0.690837 -0.469201 -0.308883 0.0335365   0.00130516 -0.000369614 -0.000501633    0.0125572    0.0220614 -0.000769754 0.817866        0        0
             57.4998 -0.756818  -2.64868  -56.5896  -12.569 -11.7561 0.697491 -0.526041 -0.497493 0.0651918   0.00124117 -0.000382088 -0.000486054     0.011305    0.0238698 -0.000847375 0.81701       0       0
             57.4998 -0.812576  -2.47695  -56.5463 -12.5657 -11.7437 0.700181 -0.505334 -0.378428 0.0807536   0.00127619 -0.000403267 -0.000498905   0.0122291   0.0230948 -0.00105822 0.817041        0        0
             57.6005 -0.257453  -3.21262   -56.367 -12.6157 -11.7995 0.704867 -0.429305 -0.491761  0.048974   0.00123659    -0.000361 -0.000488162    0.0115762    0.0235946 -0.000928757 0.815909        0        0
             57.6005 -0.311768  -3.06091  -56.3861 -12.6125 -11.7891 0.704348 -0.411752 -0.392376 0.0413333   0.00126877 -0.000382379 -0.000484851    0.0123448    0.0229368 -0.000895174 0.815929        0        0
             57.7004  -0.3358 -3.17767 -56.9408  -12.661 -11.8534  0.70229  -0.399566  -0.517251 -0.0366065   0.00121701 -0.000367496 -0.000466989    0.0116039    0.0239243 -0.000726255 0.811388        0        0
             57.7004 -0.511322   -3.0134  -56.9283 -12.6581 -11.8432 0.703972   -0.38297  -0.421454 -0.0287776   0.00128135 -0.000392974 -0.000473382    0.0123272    0.0233063 -0.000848766 0.811408        0        0
             57.8002 -0.0441539   -4.31454   -57.8427 -12.7045 -11.9088 0.696432  -0.403852  -0.557368 -0.0793732   0.00123389 -0.000359494 -0.000460662   0.0115834   0.0241475 -0.00074184 0.807867        0        0
             57.8002 -0.0712342   -4.16597   -57.8197 -12.7016 -11.8947 0.698757  -0.393325  -0.424768 -0.0672888   0.00126086 -0.000374232  -0.00046873    0.0126526    0.0233888 -0.000926855 0.807897        0        0
             57.9001  1.29478  -5.2083 -59.4744 -12.7549 -11.9703 0.685279 -0.400909 -0.621224 -0.105864   0.00119765  -0.00034408 -0.000449519    0.0117556    0.0246811 -0.000672207 0.804481        0        0
             57.9001   1.2006 -4.97173 -59.4776 -12.7433 -11.9525 0.689394  -0.319586  -0.461922 -0.0804459   0.00126057 -0.000388193 -0.000449192   0.0127122    0.023205 -0.00100032 0.80443       0       0
             57.9999  1.40654 -5.31183 -61.6988 -12.7862 -12.0266 0.678055  -0.306145  -0.595478 -0.0662207   0.00123371 -0.000365082 -0.000430781    0.0119293     0.024374 -0.000761217 0.795447        0        0
             57.9999   1.2803 -5.11696 -61.6814 -12.7765 -12.0136 0.678962  -0.237557  -0.477815 -0.0635705   0.00130036 -0.000400844 -0.000438909    0.0126427    0.0232261 -0.000834642 0.795406        0        0
             58.1002  2.00191 -4.04256 -62.6638 -12.8105 -12.0728 0.671177  -0.298657   -0.47854 -0.0434159   0.00125503 -0.000394179 -0.000427122   0.0122316   0.0238763 -0.00068746 0.789732        0        0
             58.1002  1.96467 -3.87579  -62.507 -12.8073 -12.0649 0.669565  -0.278258  -0.400609 -0.0592707   0.00128059 -0.000420712 -0.000470647    0.0128413    0.0233708 -0.000569041 0.789709        0        0
                58.2  2.35683 -3.90784  -62.504 -12.8414 -12.1294 0.656091  -0.286145  -0.512065 -0.0502571   0.00124711 -0.000377271 -0.000460069    0.0118736    0.0241565 -8.48743e-05 0.791625        0        0
                58.2  2.25957 -3.69371 -62.4143 -12.8414 -12.1196 0.665943 -0.292391 -0.422951 0.0182007   0.00128247 -0.000409562 -0.000483334    0.0126341    0.0238323 -0.000814831 0.791611        0        0
             58.2999  2.44133 -3.39366  -62.506 -12.8845 -12.1861 0.668372 -0.368817 -0.513152 0.0149427   0.00122582 -0.000405945 -0.000464397    0.0117867    0.0247756 -0.000846648 0.791675        0        0
             58.2999  2.38372 -3.27633 -62.4368 -12.8793 -12.1712 0.670999 -0.335983 -0.370914 0.0275516    0.0012685 -0.000404661 -0.000484589   0.0128998   0.0239114 -0.00100431 0.791661        0        0
             58.4001  1.90808 -4.84264 -61.2531 -12.9273 -12.2393 0.663246   -0.39406  -0.499758 -0.0145832   0.00123839 -0.000349763 -0.000476863    0.0117649     0.025048 -0.000589027 0.792092        0        0
             58.4001  1.84179  -4.6231 -61.1236 -12.9242 -12.2219 0.669069 -0.381206 -0.334581 0.0207543   0.00127854 -0.000367607 -0.000510861    0.0131693    0.0242431 -0.000988817 0.792068        0        0
             58.4999  1.54607 -5.56104 -58.4833 -12.9665 -12.2677 0.669895 -0.400825 -0.369448 0.0364748   0.00124458 -0.000340535 -0.000509893     0.012597    0.0246913 -0.000907824 0.790755        0        0
             58.4999  1.50488 -5.40259 -58.4457 -12.9622 -12.2659 0.670554 -0.365738 -0.356285 0.0411375   0.00126481 -0.000388272 -0.000519935    0.0125731     0.024331 -0.000938089 0.790732        0        0
             58.5998 0.312832 -6.15346 -56.7259 -13.0094 -12.3312 0.671082 -0.395213 -0.516599 0.0497588    0.0012351 -0.000341568   -0.0005048    0.0115162    0.0253191 -0.000732727 0.785742        0        0
             58.5998 0.196205 -5.90837 -56.7048 -13.0098 -12.3189 0.672519 -0.410382 -0.399083 0.0534943   0.00126497 -0.000421224 -0.000509973 0.0127384 0.0248651 -0.000866 0.785684        0        0
             58.7001 -0.676493  -4.87625  -55.4997 -13.0578 -12.3782 0.676993 -0.389386  -0.48463 0.0509926   0.00124104 -0.000397307  -0.00050015   0.0120691   0.0256691 -0.00079151 0.789702        0        0
             58.7001 -0.679958  -4.73757  -55.5199 -13.0504 -12.3662 0.677885  -0.34114 -0.372626 0.0563578   0.00123703 -0.000436822 -0.000495042   0.0128393   0.0246053 -0.00091604 0.789666        0        0
             58.7999 -0.849411  -5.23371  -54.8687 -13.0869 -12.4265 0.682406 -0.270949 -0.487535 0.0322235   0.00122921 -0.000367403 -0.000484604    0.0118639    0.0254507 -0.000850112 0.791465        0        0
             58.7999 -0.854424  -5.06931   -54.878 -13.0881 -12.4186 0.683292 -0.290425 -0.409236 0.0337229   0.00123108  -0.00040377 -0.000484139    0.0126624    0.0251826 -0.000941823 0.791416        0        0
             58.8998 -1.13809 -4.79893  -54.648 -13.1141 -12.4709  0.68516   -0.208617   -0.483981 -0.00161688   0.00120739 -0.000370178 -0.000480916    0.0123096    0.0255074 -0.000900569 0.790708        0        0
             58.8998 -1.27245 -4.62811 -54.6574 -13.1111 -12.4612 0.684967   -0.193885   -0.391761 -0.00563805   0.00125076 -0.000414388 -0.000480968    0.0130058     0.024885 -0.000932831 0.79071       0       0
             59.0004  -2.0321 -5.55687  -54.991 -13.1413 -12.5278 0.679804  -0.208487  -0.506153 -0.0567678   0.00123671 -0.000359641 -0.000460133    0.0121361    0.0260231 -0.000774973 0.791653        0        0
             59.0004 -2.03193 -5.42375 -54.9617  -13.139 -12.5188 0.678156  -0.200979  -0.423007 -0.0735417   0.00123688 -0.000398539 -0.000470613    0.0128522    0.0254805 -0.000667196 0.791603        0        0
             59.1003  -1.6496 -6.56048  -54.933 -13.1613 -12.5787 0.670446 -0.185248 -0.514226 -0.050006    0.0012179 -0.000346799 -0.000466878    0.0121912    0.0260429 -0.000530391 0.785283        0        0
             59.1003 -1.64425 -6.38249  -54.895 -13.1583 -12.5665 0.673376  -0.172966  -0.402185 -0.0335468   0.00121605 -0.000398766 -0.000480035    0.0131316    0.0252826 -0.000824569 0.785258        0        0
             59.2001  -1.5801 -5.58994 -56.1063 -13.1888 -12.6324 0.672342  -0.238229  -0.503114 0.00200313   0.00121207 -0.000350531 -0.000456147    0.0122666    0.0264811 -0.000779696 0.778887        0        0
             59.2001 -1.65079 -5.31447 -56.1206 -13.1825 -12.6198 0.671462   -0.200293   -0.391776 -0.00896958   0.00124037 -0.000421445 -0.000453889    0.0130792    0.0254885 -0.000781061 0.77886       0       0
             59.2999   -1.504 -6.27989 -57.1826 -13.2094 -12.6756 0.669279 -0.251689 -0.454912 0.0178786   0.00122908 -0.000371949 -0.000438498    0.0124238    0.0261377 -0.000548868 0.784114        0        0
             59.2999 -1.50626  -6.1966 -57.1075 -13.2068 -12.6651 0.671625 -0.241911 -0.358387 0.0299667   0.00123493 -0.000388163 -0.000460893    0.0132111    0.0255158 -0.000787028 0.784077        0        0
             59.3998 -0.138866  -6.54406  -57.2628 -13.2395 -12.7195  0.67386  -0.28873 -0.435464 0.0100164   0.00121558 -0.000341699  -0.00045273   0.0125453   0.0262759 -0.00069309 0.776286        0        0
             59.3998 -0.177819  -6.31265  -57.1944 -13.2353 -12.7106 0.675956 -0.262568 -0.355797 0.0214631   0.00123099 -0.000405003 -0.000472851   0.0131202   0.0256202 -0.00089871 0.77624       0       0
             59.5004 0.417903 -6.93746 -57.2269 -13.2743 -12.7724 0.673868  -0.347628  -0.476687 -0.0403346    0.0012036 -0.000350877 -0.000457518    0.0122067    0.0266477 -0.000753717 0.779252        0        0
             59.5004 0.340448 -6.74325 -57.1927 -13.2714 -12.7628 0.673731  -0.333199  -0.388804 -0.0458177   0.00122917 -0.000401905 -0.000465868    0.0129471    0.0260521 -0.000786926 0.779213        0        0
             59.6003 0.374891 -7.07306  -56.424 -13.3111 -12.8141 0.668673  -0.383288  -0.447878 -0.0623877   0.00122651 -0.000362436 -0.000462136    0.0124937    0.0265262 -0.000771599 0.775273        0        0
             59.6003 0.357987  -6.8865 -56.3571 -13.3096 -12.8056 0.669976  -0.378234  -0.366947 -0.0575059   0.00123342 -0.000409245 -0.000480489     0.013203    0.0260474 -0.000909583 0.775227        0        0
             59.7002 0.0151056  -6.84785  -55.4143 -13.3558 -12.8615 0.663798  -0.434813  -0.461265 -0.0519849   0.00121715  -0.00036974 -0.000473942    0.0124708    0.0268004 -0.000845927 0.774758        0        0
             59.7002 -0.0503245   -6.65663   -55.3784 -13.3587 -12.8573 0.664807  -0.462003  -0.418327 -0.0480374   0.00123446 -0.000418003 -0.000483781     0.013014    0.0268132 -0.000956396 0.77473       0       0
                59.8 -0.798135  -5.73315   -54.876 -13.4119  -12.918 0.660378  -0.48391 -0.535327  0.026185    0.0012369  -0.00037254 -0.000476245    0.0124374    0.0274939 -0.000795938 0.774597        0        0
                59.8 -0.836123  -5.52791  -54.8781 -13.4085 -12.9107 0.658644 -0.463707 -0.469064 0.0110004   0.00125618 -0.000421842 -0.000477619    0.0129389    0.0269484 -0.000690558 0.774574        0        0
             59.8998  -1.4961  -5.0099 -54.5304 -13.449 -12.964 0.65966  -0.385545  -0.492869 0.00628824   0.00122668  -0.00038858 -0.000475909   0.0125371   0.0270044 -0.00062272 0.77859       0       0
             59.8998 -1.58283 -4.93101 -54.5012 -13.4509 -12.9603  0.66104 -0.404769 -0.454719 0.0142501   0.00125146 -0.000403323 -0.000485318    0.0129682    0.0269616 -0.000752898 0.778574        0        0
             60.0001  -1.4346 -4.25043 -55.2996 -13.4986 -13.0302 0.658036 -0.373278 -0.563746 -0.029201   0.00123004 -0.000370434 -0.000461162    0.0121816    0.0279973 -0.000583385 0.778104        0        0
             60.0001 -1.39733 -4.07607 -55.2848 -13.4973  -13.017 0.659903  -0.375702  -0.441618 -0.0220661   0.00122945 -0.000404301  -0.00047018    0.0132582    0.0273172 -0.000768201 0.778015        0        0
             60.0999 -0.850492  -3.91248   -55.969 -13.5342 -13.0708 0.659761  -0.314832  -0.507438 -0.0336366   0.00120839 -0.000368354 -0.000463048    0.0129268    0.0276411 -0.000898971 0.782944        0        0
             60.0999 -0.922281  -3.78976  -55.9423 -13.5261 -13.0589 0.661216  -0.256307  -0.398653 -0.0255715   0.00124551 -0.000394889 -0.000474665   0.0135409   0.0265253 -0.00106376 0.782898        0        0
             60.2002 -1.50104 -4.14733 -56.9037 -13.5586 -13.1224 0.656069   -0.24342  -0.516136 -0.0564354   0.00123021  -0.00035428 -0.000456362    0.0128272    0.0274834 -0.000925333 0.781574        0        0
             60.2002 -1.56769 -3.99168 -56.8528 -13.5553 -13.1139 0.654454  -0.224266   -0.43726 -0.0715685   0.00125753 -0.000390406 -0.000473413    0.0134358    0.0268811 -0.000817779 0.781518        0        0
                60.3 -1.76031 -4.74498 -58.2648 -13.5881 -13.1777 0.648225  -0.241654  -0.520538 -0.0619882   0.00124464 -0.000353048 -0.000455719    0.0127982    0.0278828 -0.000855661 0.77762       0       0
                60.3  -1.7542 -4.60481 -58.2709 -13.5826 -13.1703 0.645062  -0.203115  -0.453863 -0.0874177   0.00125902  -0.00038483 -0.000456799    0.0132226    0.0271596 -0.000627094 0.77757       0       0
             60.3999 -1.90368 -4.56779 -59.9252 -13.6105 -13.2357 0.642018 -0.239329   -0.5593 0.0109148   0.00123709 -0.000345731 -0.000439036    0.0125586    0.0279192 -0.000653932 0.774267        0        0
             60.3999 -1.92282 -4.31203 -59.8455  -13.609  -13.226 0.642101  -0.235466  -0.466005 0.00661805    0.0012572 -0.000391792 -0.000464202    0.0133877    0.0274092 -0.000694346 0.774231        0        0
             60.5001  -1.8909 -4.21477 -60.6091 -13.6353 -13.2736 0.645516 -0.273459 -0.427384 0.0146986   0.00124912 -0.000383778 -0.000451776    0.0132347    0.0275229 -0.000772401 0.777235        0        0
             60.5001 -1.83364 -4.16041  -60.517 -13.6349 -13.2731 0.643037  -0.272146  -0.421139 -0.0043035   0.00123254 -0.000396883 -0.000477996    0.0133025    0.0274699 -0.000578795 0.777223        0        0
             60.5999  -1.6673 -5.39509 -61.3348 -13.6811 -13.3502 0.641358   -0.379777   -0.583761 -0.00902345   0.00121025 -0.000336947 -0.000465117    0.0120303    0.0289678 -0.000431578 0.768009        0        0
             60.5999 -1.72917  -5.1551 -61.2825   -13.68  -13.336 0.644421  -0.382392  -0.447823 0.00631746   0.00124227 -0.000376891  -0.00048003    0.0132742    0.0283812 -0.000709751 0.767969        0        0
             60.6998 -0.226364  -5.47152  -60.8845 -13.7175 -13.3766 0.649756  -0.426056  -0.428632 -0.0126878   0.00121108 -0.000339715   -0.0004753   0.0133819   0.0281596 -0.00100546 0.769845        0        0
             60.6998 -0.24947 -5.26377 -60.8145 -13.7174 -13.3733 0.648046  -0.426057  -0.395462 -0.0276646   0.00121919 -0.000391307 -0.000494895    0.0137148    0.0280068 -0.000882732 0.769834        0        0
             60.8005 -0.17941 -6.02789  -59.777 -13.7749 -13.4315 0.633928 -0.539875 -0.480135 -0.102956   0.00120241 -0.000347958 -0.000493106    0.0130799    0.0289486 -0.000358972 0.767551        0        0
             60.8005 -0.242531  -5.88486  -59.7407 -13.7676 -13.4252 0.638219 -0.476494  -0.42458 -0.069531   0.00123193 -0.000388204 -0.000503942    0.0132791    0.0281173 -0.000739307 0.767512        0        0
             60.9003 -0.637927  -5.89784   -59.019 -13.8263 -13.4886 0.634842  -0.522704  -0.518129 -0.0218744   0.00122432 -0.000347838 -0.000494307    0.0125192    0.0290524 -0.000793867 0.768344        0        0
             60.9003 -0.679091  -5.68445  -59.0123 -13.8253 -13.4803 0.633038  -0.514555  -0.434537 -0.0404796   0.00123582  -0.00040258 -0.000496485    0.0133239    0.0285522 -0.000668978 0.768323        0        0
             61.0001 -0.552593  -5.05451  -58.3401 -13.8771 -13.5338 0.629726   -0.476876    -0.49493 -0.00311645   0.00121808 -0.000357463 -0.000497467    0.0129403    0.0288908 -0.000507194 0.770411        0        0
             61.0001 -0.565238  -4.84795  -58.3499 -13.8751 -13.5274 0.631827 -0.458041 -0.430851 0.0132392   0.00123492    -0.000399 -0.000497403    0.0134001    0.0284255 -0.000733049 0.770394        0        0
                61.1 -0.61341 -4.09685 -58.1137 -13.9281 -13.5839 0.629333   -0.44656  -0.474746 -0.0241701   0.00120424 -0.000375136 -0.000491316    0.0130017      0.02923 -0.000546122 0.774694        0        0
                61.1 -0.718144  -3.98731  -58.1044 -13.9262 -13.5766 0.633629 -0.424035 -0.400177 0.0167267   0.00124911 -0.000387833 -0.000497691   0.0134949   0.0286912 -0.00101133 0.774629        0        0
             61.1998 -0.163792  -3.29461  -58.3623 -13.9687 -13.6366 0.621752   -0.37504  -0.510879 -0.0715933   0.00119957 -0.000353693 -0.000484266    0.0127747    0.0293458 -0.000354191 0.777148        0        0
             61.1998 -0.204799  -3.09725  -58.3763 -13.9658 -13.6266 0.628269   -0.341389   -0.412185 -0.00671685   0.00123073 -0.000388767 -0.000484622   0.0134255   0.0285761 -0.00107392 0.777169        0        0
             61.3004 0.116515 -2.77924 -58.9343 -13.9991 -13.6843 0.610122 -0.307512  -0.51508 -0.123985  0.00120379 -0.00035239 -0.00047226     0.012898    0.0289746 -0.000236559 0.772369        0        0
             61.3004 0.0350559  -2.62112  -58.9057 -13.9986 -13.6727  0.62001  -0.299914  -0.400054 -0.0285155   0.00124289 -0.000367244 -0.000482993    0.013819   0.0283492 -0.00127345 0.772442        0        0
             61.4003 0.0989592  -2.59088   -59.338 -14.0311 -13.7307 0.614855  -0.277678  -0.514327 -0.0444391   0.00121189 -0.000333839 -0.000470277   0.0132145   0.0289891 -0.00117659 0.772262        0        0
             61.4003 -0.013578  -2.44298   -59.288 -14.0319 -13.7226 0.618114  -0.287723  -0.433356 -0.0169956  0.00125146 -0.00036151  -0.0004859   0.0139599   0.0286976 -0.00148749 0.772244        0        0
             61.5001 -0.217313  -2.83339  -59.7919 -14.0658 -13.7836 0.609036  -0.302969  -0.499438 -0.0250753   0.00121452 -0.000330424    -0.000468    0.013318   0.0293749 -0.00106444 0.775715        0        0
             61.5001  -0.2722 -2.64657 -59.7427 -14.0683 -13.7784 0.615232 -0.326918 -0.449478 0.0219778   0.00123003 -0.000385297  -0.00048271   0.0139093   0.0293498 -0.00159114 0.77568       0       0
                61.6 -0.413564  -3.35528  -60.3361 -14.0985 -13.8406 0.602597 -0.332152 -0.529017 0.0154419   0.00122366 -0.000310707 -0.000463479    0.0130422    0.0296664 -0.000687388 0.766481        0        0
                61.6 -0.497277    -3.145   -60.262 -14.1029 -13.8342 0.608138 -0.376962 -0.464672 0.0755633   0.00124738 -0.000375224 -0.000486183   0.0138724   0.0297787 -0.00139648 0.766484        0        0
             61.6998 -1.02987 -3.86222 -60.5582 -14.1374 -13.8901 0.605644 -0.404548 -0.495395 0.0351302   0.00122771 -0.000346483 -0.000467283    0.0132143    0.0297265 -0.000685965 0.775825        0        0
             61.6998 -1.13357  -3.7745 -60.4808 -14.1406 -13.8822 0.610736 -0.436509 -0.412998 0.0907562   0.00125693 -0.000374807 -0.000490341   0.0141344   0.0296406 -0.00135327 0.775788        0        0
             61.8001 -0.22982 -4.20333 -60.3276 -14.1881 -13.9456 0.617526 -0.469359 -0.547837  0.074791   0.00124082 -0.000305776 -0.000474103   0.0131538   0.0303015 -0.00117812 0.765822        0        0
             61.8001 -0.164872  -3.88755  -60.2366 -14.1924 -13.9391 0.622307 -0.514151 -0.482431    0.1226   0.00121989 -0.000401558 -0.000502143  0.0139985  0.0304167 -0.0017617 0.765779        0        0
             61.8999 0.887897 -3.90352 -59.7999 -14.2418 -14.0018 0.633696  -0.53078 -0.563021  0.065851   0.00118813 -0.000362158 -0.000486984   0.0132605     0.03059 -0.00184242 0.770965        0        0
             61.8999 0.772356 -3.74291 -59.7352 -14.2428 -13.9935 0.630129 -0.540924 -0.475353 0.0307048   0.00121957 -0.000411598 -0.000504295    0.014193   0.0302572 -0.00151827 0.770903        0        0
             61.9998 0.334833  -4.0139 -58.5759 -14.2948   -14.05 0.634424 -0.541448 -0.489485 0.0373543   0.00123705 -0.000374433 -0.000489676   0.0135489   0.0303951 -0.00159552 0.768418        0        0
             61.9998 0.268162 -3.88386 -58.4952 -14.2974  -14.048  0.62839   -0.56853  -0.468456 -0.0187132   0.00125616  -0.00041546 -0.000514223   0.0139514   0.0305649 -0.00098429 0.768412        0        0
             62.1004 0.0859877  -4.50149  -57.4037 -14.3524  -14.105 0.626004 -0.540882  -0.53027 0.0260663   0.00124371  -0.00035322 -0.000511993     0.013411    0.0307696 -0.000773125 0.764972        0        0
             62.1004 0.0649515  -4.35007  -57.3925 -14.3526 -14.1009 0.621232  -0.541738  -0.486713 -0.0199688   0.00125146 -0.000392532 -0.000515325     0.01388    0.030551 -0.00028062 0.764938        0        0
             62.2003 0.195889 -3.26515 -56.6922  -14.396 -14.1614 0.621632   -0.43059  -0.572675 0.00898598    0.0012382 -0.000360836 -0.000495406    0.0132119    0.0304368 -0.000269085 0.76102       0       0
             62.2003 0.104347 -3.06951 -56.6507 -14.3973 -14.1544 0.618507  -0.439935  -0.496921 -0.0245893   0.00126655 -0.000410429 -0.000508605   0.0139945   0.0301246 4.23289e-05 0.761004        0        0
             62.3001 0.335946 -2.43276 -56.6793 -14.4408 -14.2215 0.618999  -0.396377  -0.574311 -0.0278019   0.00123685 -0.000381857 -0.000486425    0.0131927    0.0307976 -0.000138767 0.770428        0        0
             62.3001 0.242359 -2.35651 -56.6412 -14.4439 -14.2153 0.622002   -0.427217   -0.510386 -0.00407854   0.00126361 -0.000398058  -0.00049821    0.0139352    0.0307305 -0.000438759 0.770419        0        0
             62.3999 0.887732 -3.05527 -56.9749 -14.4766 -14.2755 0.624881  -0.351147  -0.578706 -0.0212502   0.00122921 -0.000355208 -0.000467157    0.0132776    0.0305907 -0.000676615 0.767918        0        0
             62.3999 0.799633 -2.99017 -56.8871 -14.4827 -14.2682 0.626546   -0.413884   -0.501996 -0.00572868   0.00125292 -0.000368258 -0.000492557     0.014331    0.0307419 -0.000886977 0.767921        0        0
             62.4998  1.14137 -4.41757 -57.3049 -14.5222 -14.3424  0.62698  -0.363601   -0.66944 -0.0445688   0.00122507  -0.00031206 -0.000464321   0.0133282   0.0314146 -0.00108181 0.757944        0        0
             62.4998  1.03144 -4.22736 -57.2334 -14.5259 -14.3334 0.622912  -0.400268  -0.573332 -0.0870432   0.00125697  -0.00036382 -0.000483584    0.0144593    0.0312339 -0.000663851 0.757941        0        0
             62.6005 0.281227 -4.47368 -58.6198 -14.5711 -14.4109 0.615088  -0.401826  -0.663505 -0.0843705   0.00123934 -0.000348047 -0.000458617    0.0137334    0.0321241 -0.000792648 0.751867        0        0
             62.6005 0.228644  -4.3083 -58.6049 -14.5693 -14.4055 0.615865  -0.387748  -0.610711 -0.0797486   0.00125825 -0.000392568 -0.000462703    0.0141643    0.0316994 -0.000865721 0.751872        0        0
             62.7003 -0.13052 -4.12831 -59.3277 -14.6101 -14.4768 0.606095  -0.402311  -0.654137 -0.0167779   0.00127827 -0.000338647 -0.000460158    0.0137182    0.0320955 -0.000529722 0.743854        0        0
             62.7003 -0.0407618    -3.8851   -59.2151 -14.6049  -14.468 0.605932  -0.361256  -0.567989 -0.0217879   0.00126669 -0.000397304 -0.000494396    0.0143155    0.0312596 -0.000515652 0.743823        0        0
             62.8002 -0.728696  -4.56442   -59.549 -14.6457 -14.5346 0.599549  -0.416644  -0.599472 -0.0255661    0.0012657 -0.000375614 -0.000488339    0.0138678     0.031629 -0.000176918 0.742139        0        0
             62.8002 -0.827814  -4.56538  -59.5069  -14.643 -14.5298  0.60349 -0.392097  -0.54991   0.01075   0.00130274 -0.000370358 -0.000500609    0.0141705    0.0311652 -0.000593192 0.742158        0        0
                62.9 -0.457173  -5.16609  -59.1956 -14.6892 -14.6062  0.58453  -0.436054  -0.646261 -0.0926598   0.00128443 -0.000311268   -0.0004908   0.0133258   0.0319905 0.000524737 0.745053        0        0
                62.9 -0.226075  -4.83993  -59.1201 -14.6922 -14.6009 0.602519 -0.465368 -0.597751 0.0652741   0.00121709 -0.000398281 -0.000513633   0.0138259   0.0320255 -0.00123092 0.745181        0        0
             62.9998 -0.103722  -5.28124  -58.2692 -14.7321 -14.6615 0.601344   -0.447814   -0.600603 -0.00183681   0.00124475 -0.000343693 -0.000511554     0.013647    0.0317006 -0.000928231 0.744579        0        0
             62.9998 -0.220078  -5.13647  -58.2457 -14.7337 -14.6558 0.606164 -0.461535 -0.539461 0.0476222   0.00128033 -0.000377646 -0.000517695    0.014251   0.0315326 -0.00152464 0.744607        0        0
             63.1005 -1.98439 -5.76594 -57.0145 -14.7849 -14.7209 0.603073   -0.473076   -0.548701 0.000667786   0.00130024 -0.000334602 -0.000515623   0.0136695    0.032185 -0.00110559 0.747546        0        0
             63.1005 -1.94414 -5.59195 -56.9886 -14.7878 -14.7175 0.606884 -0.501375 -0.513421 0.0397456   0.00128688 -0.000378875 -0.000524423   0.0141208   0.0322609 -0.00157629 0.747563        0        0
             63.2003 -2.42355 -5.06584   -56.34 -14.8445 -14.7848 0.617939 -0.479748 -0.611607  0.119912   0.00128833 -0.000354632 -0.000511462   0.0135687   0.0331546 -0.00177163 0.746309        0        0
             63.2003 -2.36836 -4.80367 -56.3315 -14.8395 -14.7752 0.616556 -0.439574  -0.51525  0.106795   0.00129051 -0.000413392 -0.000519642   0.0142585   0.0322589 -0.00172725 0.746359        0        0
             63.3001 -1.69812 -3.53512 -55.6158 -14.8695  -14.822 0.627236 -0.291143 -0.479337  0.110486   0.00128595 -0.000389824 -0.000522392   0.0142329   0.0317714 -0.00169138 0.746259        0        0
             63.3001 -1.68501 -3.44851 -55.6015 -14.8676 -14.8193 0.619165 -0.276458 -0.451454  0.040659      0.00129 -0.000410585 -0.000528942    0.014468   0.0314599 -0.00097742 0.746267        0        0
                63.4 -1.42025 -3.17004 -55.1453 -14.8987 -14.8882  0.61749  -0.250314  -0.561275 -0.0242212    0.0012629 -0.000387756 -0.000507561    0.0135406    0.0323827 -0.000676048 0.746547        0        0
                63.4 -1.41363 -3.09574 -55.1078 -14.8984  -14.881 0.614074  -0.251179  -0.486499 -0.0566818   0.00126947 -0.000394944 -0.000520749    0.0142242    0.0319628 -0.000388094 0.746542        0        0
             63.4998 -1.37669 -3.89589 -55.0201 -14.9199 -14.9424 0.601735  -0.19852 -0.556585 -0.120073   0.00127648 -0.000363985 -0.000498785    0.0136072    0.0322542 -0.000137955 0.751728        0        0
             63.4998 -1.45065 -3.81929 -54.9713 -14.9241 -14.9327 0.602755 -0.237332  -0.44893 -0.108579   0.00130118 -0.000363977 -0.000513134     0.014768    0.0319892 -0.000329386 0.751702        0        0
             63.6005 -0.840295  -4.57841  -55.1873 -14.9545 -15.0048 0.597921  -0.222275  -0.614235 -0.0832183   0.00124356 -0.000333136 -0.000493939    0.0138789    0.0331779 -0.000567214 0.749528        0        0
             63.6005 -0.868942  -4.40977  -55.1686 -14.9552 -14.9972   0.5996  -0.235506  -0.540722 -0.0740432   0.00125721 -0.000365891 -0.000500279    0.0146063    0.0328779 -0.000720198 0.749522        0        0
             63.7004 -1.14326 -4.68149 -55.6802 -14.9833 -15.0634 0.596029  -0.230345  -0.580539 -0.0574179   0.00125165 -0.000347975 -0.000489106    0.0141401    0.0334765 -0.000897483 0.741719        0        0
             63.7004 -1.21684 -4.54546 -55.6592 -14.9746 -15.0489 0.593624  -0.174442  -0.446603 -0.0793412    0.0012998 -0.000368571 -0.000498635    0.0150083    0.0322327 -0.000756582 0.741669        0        0
             63.8002 -1.44437 -3.78653 -56.1163 -15.0032 -15.1195 0.590632  -0.237381  -0.563836 -0.0197544   0.00128098 -0.000352863 -0.000482033   0.0141227   0.0333179 -0.00080355 0.742048        0        0
             63.8002 -1.46783 -3.62395 -56.0411 -14.9938 -15.1055 0.582871   -0.17619  -0.433823 -0.0805432   0.00131821 -0.000377141 -0.000506416    0.0149652    0.0320537 -0.000248442 0.741977        0        0
                63.9 -1.71373 -3.58135 -55.8735 -15.0175 -15.1604 0.581424  -0.231735  -0.473277 -0.0238053   0.00128767 -0.000364045 -0.000498823    0.0144632    0.0325246 -0.000398811 0.744039        0        0
                63.9 -1.78057 -3.51978 -55.8088 -15.0165 -15.1549 0.584201  -0.228223  -0.420563 -0.0053937   0.00131438 -0.000368385 -0.000516916    0.0148816    0.0322219 -0.000629028 0.744019        0        0
             63.9999 -0.769896  -3.23896   -55.613 -15.0536 -15.2268  0.58832 -0.285616  -0.54976 0.0359926   0.00126966 -0.000364335 -0.000498691    0.0138755    0.0335084 -0.000693926 0.742716        0        0
             63.9999 -0.768293  -3.10991  -55.5314 -15.0485 -15.2135 0.586853 -0.258824 -0.424294 0.0204811   0.00129355 -0.000374224 -0.000521443    0.0148188    0.0326005 -0.000613843 0.742652        0        0
             64.1001 -0.203126  -3.94629  -55.0608 -15.0859 -15.2761 0.588919 -0.331075 -0.514212 -0.021113   0.00123064 -0.000341078 -0.000512759     0.014181    0.0334387 -0.000676181 0.74287       0       0
             64.1001 -0.387187  -3.84591   -55.021 -15.0827 -15.2637 0.586937  -0.317128  -0.393967 -0.0399782   0.00130169 -0.000343512 -0.000521967     0.015154    0.0326708 -0.000546948 0.742811        0        0
             64.1999 -1.43368 -4.50207 -53.7585 -15.1258 -15.3262 0.581527  -0.358182  -0.486476 -0.0630479   0.00127882 -0.000315808 -0.000512659   0.0143274   0.0337048 -0.00053099 0.741417        0        0
             64.1999 -1.54809 -4.30488 -53.6638 -15.1188 -15.3141 0.584526  -0.313607  -0.377946 -0.0449342   0.00133448 -0.000351949 -0.000539621    0.0150088    0.0327316 -0.000777364 0.741388        0        0
             64.2998 -2.32091 -4.45463 -52.6839 -15.1573 -15.3748 0.585128 -0.323243 -0.529512 0.0102967   0.00128428 -0.000336671 -0.000529538    0.0142982    0.0335444 -0.000906686 0.736432        0        0
             64.2998 -2.43631 -4.28236 -52.6926 -15.1516 -15.3629 0.585742 -0.288775  -0.42073  0.010929   0.00133699 -0.000374747 -0.000530368    0.0150331    0.0326344 -0.000988104 0.736414        0        0
             64.4005 -2.56577 -2.43873 -51.8991 -15.1911 -15.4349 0.587204 -0.303272 -0.586189 0.0408022    0.0012758 -0.000371977 -0.000513964    0.0141824    0.0337533 -0.000846873 0.741229        0        0
             64.4005 -2.61346 -2.25828  -51.852 -15.1886 -15.4252 0.587089 -0.295033 -0.496653  0.036213   0.00129073  -0.00042677 -0.000531359    0.0149467    0.0331252 -0.000869374 0.741202        0        0
             64.5003 -2.75254 -1.82072 -52.2731 -15.2325  -15.501 0.598165 -0.307152 -0.609861 0.0646154   0.00127101 -0.000381805 -0.000522875  0.0142175  0.0344704 -0.0011532 0.743424        0        0
             64.5003  -2.9014 -1.83853 -52.2708 -15.2243 -15.4844 0.588492  -0.254505  -0.450664 -0.0126757   0.00131108 -0.000378068 -0.000525493    0.0153139    0.0329474 -0.000402456 0.743484        0        0
             64.6001 -2.04283 -2.16241 -52.9795 -15.2596 -15.5544  0.59455  -0.237052   -0.57072 0.00729378    0.0012518 -0.000347211 -0.000503648    0.0145796    0.0342375 -0.000715395 0.74432       0       0
             64.6001 -2.16209 -2.07662 -52.9492 -15.2504 -15.5417 0.590292   -0.17067  -0.453026 -0.0268829   0.00128315 -0.000373837 -0.000514058    0.0151981    0.0328811 -0.000419525 0.744264        0        0
                64.7 -2.32788 -3.68835 -54.6605 -15.2813 -15.6164 0.588121  -0.200391  -0.586578 -0.0414318   0.00126385 -0.000317201  -0.00049153    0.0143728    0.0343848 -0.000432467 0.742874        0        0
                64.7 -2.39691 -3.55991 -54.6904 -15.2718 -15.6033 0.586515   -0.12539   -0.46371 -0.0569765   0.00127994 -0.000359829 -0.000482237    0.0149995    0.0329345 -0.000348803 0.742917        0        0
             64.7999 -2.08204 -4.99681 -56.5958 -15.2961 -15.6705 0.586561    -0.153832    -0.574907 -0.000447586   0.00128639 -0.000320065  -0.00046687    0.0144149    0.0341196 -0.000537416 0.733794        0        0
             64.7999 -2.13939 -4.82783 -56.5672 -15.2894 -15.6576 0.582063  -0.114149  -0.457084 -0.0357431   0.00129931 -0.000376036 -0.000475422    0.0152662    0.0330321 -0.000242626 0.733753        0        0
             64.9001  -1.3347 -4.58514 -58.2587 -15.3182  -15.733  0.58495  -0.207961  -0.590672 -0.0316155   0.00125734 -0.000347705 -0.000462061     0.014394    0.0344391 -0.000420252 0.731609        0        0
             64.9001  -1.5723 -4.39926 -58.1698  -15.308 -15.7136 0.582694  -0.144153  -0.410209 -0.0539897   0.00132193 -0.000410053 -0.000486563    0.0157272    0.0328175 -0.000342388 0.731591        0        0
                  65 -2.00748 -4.14579  -60.247 -15.3456 -15.7914 0.583122  -0.248468  -0.548101 -0.0465429   0.00130421  -0.00035939 -0.000473378    0.0144403     0.034749 -0.000599733 0.735931        0        0
                  65 -2.07772 -3.99229 -60.1948 -15.3337 -15.7718   0.5778 -0.172864 -0.368179 -0.092366   0.00132748 -0.000403251 -0.000489565    0.0157717    0.0330424 -0.000248187 0.735959        0        0
             65.0998 -0.39221 -3.36365 -61.3769 -15.3672 -15.8342   0.5786  -0.249792  -0.496264 -0.0297153   0.00128526   -0.0003832 -0.000478317    0.0149082    0.0343091 -0.000568294 0.730275        0        0
             65.0998 -0.396054  -3.23352  -61.2673 -15.3595 -15.8205  0.57832  -0.201279  -0.369153 -0.0372283   0.00128942 -0.000419853 -0.000511561   0.0158949   0.0331923 -0.00059077 0.730347        0        0
             65.2005 0.0826852  -3.34366  -62.1445 -15.4059 -15.8976 0.580574  -0.342018  -0.549048 -0.0162695   0.00126788 -0.000384603 -0.000496341    0.0145064    0.0351004 -0.000784946 0.723041        0        0
             65.2005 -0.0849475   -3.25953   -62.1016 -15.3979 -15.8867 0.577977 -0.287653  -0.44855 -0.038612   0.00132088 -0.000408606 -0.000508104    0.0152415    0.0340898 -0.000592618 0.722983        0        0
             65.3003 -0.852801  -4.10986  -62.5605 -15.4349 -15.9478 0.576714  -0.359011  -0.535059 -0.0175502   0.00131753 -0.000354191 -0.000503678    0.0145521    0.0346766 -0.000702272 0.729149        0        0
             65.3003 -0.96264 -3.94431 -62.5175 -15.4326 -15.9363 0.575038  -0.348562  -0.421749 -0.0356223   0.00135319  -0.00039685 -0.000516017    0.0156409    0.0340508 -0.000563065 0.729145        0        0
             65.4001 -1.61516 -4.77983 -62.6054 -15.4837 -16.0033 0.573968  -0.44565 -0.539414 0.0073706   0.00133167 -0.000356399  -0.00050961    0.0146873    0.0351952 -0.000597965 0.724375        0        0
             65.4001 -1.65454 -4.62735  -62.539 -15.4787  -15.991 0.573595   -0.414256   -0.421572 -0.00183747   0.00134724 -0.000394969 -0.000529899    0.0157262    0.0343427 -0.000573619 0.724422        0        0
                65.5 -1.51048 -4.68438 -62.2825 -15.5329 -16.0592 0.579894 -0.423951 -0.548968  0.081679   0.00132809 -0.000353251 -0.000521135    0.0147414    0.0355139 -0.000666939 0.723994        0        0
                65.5 -1.51586 -4.42849 -62.2372 -15.5245 -16.0462 0.579346 -0.366744 -0.427921 0.0724521   0.00134254 -0.000416434   -0.0005377    0.0157342    0.0343664 -0.000666995 0.724     0     0
             65.5998 -1.21451 -4.40437  -61.848 -15.5677 -16.1098 0.589505 -0.328264 -0.507478 0.0561939   0.00130217 -0.000388688 -0.000530918    0.0148219    0.0353031 -0.000788184 0.720408        0        0
             65.5998 -1.32635 -4.31016 -61.8073 -15.5602 -16.0972 0.585612 -0.275195 -0.384177 0.0215567   0.00135267 -0.000398401 -0.000545702    0.0158266    0.0341964 -0.000514485 0.720406        0        0
             65.7001 -0.871504  -4.43367  -62.2963 -15.6044 -16.1759 0.583691  -0.282291  -0.573729 -0.0290023    0.0012942 -0.000374147 -0.000524109    0.0142265    0.0359741 -0.000324123 0.721546        0        0
             65.7001 -0.945383  -4.23054  -62.3126 -15.5982 -16.1607 0.583914  -0.243957   -0.42922 -0.0335356   0.00132885 -0.000421498 -0.000522673    0.0154848    0.0349191 -0.000402654 0.721578        0        0
             65.7999  -0.8606 -4.57856 -62.9041 -15.6272  -16.221 0.581888  -0.212877   -0.52613 -0.0607732   0.00129797 -0.000384595 -0.000507082    0.0147985    0.0356221 -0.000510941 0.723842        0        0
             65.7999 -1.01753 -4.45781 -62.8469 -15.6216 -16.2058  0.57983  -0.175829  -0.376242 -0.0823254    0.0013548 -0.000407275 -0.000526288    0.0161215    0.0345707 -0.000394828 0.723897        0        0
             65.8998 -1.21881 -5.46444 -63.8068 -15.6539 -16.2807 0.571421  -0.188081  -0.568857 -0.0926155   0.00131585 -0.000362854 -0.000506918    0.0146813    0.0361318 -0.000350885 0.722034        0        0
             65.8998 -1.35844 -5.29206 -63.7775 -15.6515 -16.2699 0.572403  -0.175025   -0.46449 -0.0901781   0.00136257 -0.000404696 -0.000517399    0.0156643    0.0355421 -0.000466714 0.722054        0        0
             66.0004 -0.97195 -6.49367 -64.7445  -15.677 -16.3415 0.566188  -0.173572  -0.565986 -0.0823776   0.00130722 -0.000351726 -0.000503708    0.0145524    0.0365179 -0.000569007 0.723125        0        0
             66.0004 -1.12885 -6.31317 -64.7079  -15.671  -16.327 0.560186 -0.133392 -0.421582 -0.132194   0.00136375 -0.000392729 -0.000516005    0.0158795    0.0354881 -0.000159802 0.723104        0        0
             66.1003 -0.692012  -6.02032  -65.4355 -15.6877 -16.3841 0.559225  -0.133758   -0.52258 -0.0350118   0.00132267 -0.000356639  -0.00050708    0.0152585    0.0359691 -0.000544647 0.717149        0        0
             66.1003 -0.752072  -5.71648  -65.4054 -15.6821 -16.3746 0.559935 -0.091793  -0.43033 -0.034062    0.0013521 -0.000430912 -0.000518014    0.0160176    0.0351751 -0.000658969 0.717132        0        0
             66.2001 -0.724431  -5.28698  -65.4896 -15.7108 -16.4387 0.563694   -0.182047   -0.493747 -0.00585142   0.00131088 -0.000420907 -0.000512212    0.0151601     0.036485 -0.000891968 0.717057        0        0
             66.2001 -0.847625   -5.2095  -65.4095 -15.7037 -16.4333  0.56199  -0.123463  -0.441099 -0.0209442   0.00136045 -0.000437545 -0.000537551    0.0154636     0.035708 -0.000770293 0.717008        0        0
                66.3 -0.382635  -4.72659  -65.3783 -15.7238 -16.4951 0.564909 -0.184273 -0.538053 0.0045483   0.00132069 -0.000402373 -0.000529943     0.014666    0.0363481 -0.000937408 0.719029        0        0
                66.3 -0.483263  -4.51206  -65.3675 -15.7227 -16.4879 0.561712  -0.178611  -0.463379 -0.0224782   0.00135636 -0.000450607 -0.000534136    0.0154232    0.0360034 -0.000716472 0.719004        0        0
             66.3998 -0.33856 -5.14333 -65.6744 -15.7582 -16.5624  0.56253  -0.327511  -0.621734 -0.0419795   0.00130313 -0.000414495 -0.000521626    0.0142509    0.0370834 -0.000866177 0.717103        0        0
             66.3998 -0.437812  -5.02734  -65.6548 -15.7553 -16.5487 0.556255  -0.311633  -0.481871 -0.0943356   0.00134414 -0.000425191 -0.000525289     0.015632    0.0363694 -0.000411954 0.717017        0        0
             66.5004 -0.486016  -5.43176  -65.3297 -15.7938 -16.6106 0.547621 -0.386913 -0.574436 -0.109093   0.00132033 -0.000378873 -0.000519414    0.0151144     0.036737 -0.000489334 0.71467       0       0
             66.5004 -0.606453  -5.18645  -65.2617 -15.7923 -16.6003 0.545553 -0.378906 -0.469438 -0.128907   0.00136179 -0.000430882 -0.000537317    0.0161689    0.0362476 -0.000365001 0.714672        0        0
             66.6003 -0.528746   -5.0239  -64.3505 -15.8367 -16.6668 0.535323 -0.424552 -0.575482 -0.091142   0.00131289   -0.0003924 -0.000531892     0.015261    0.0368454 -0.000417481 0.714203        0        0
             66.6003 -0.623516   -4.8355  -64.2914 -15.8348  -16.661 0.532796 -0.411867 -0.515943 -0.112334    0.001346 -0.00043249 -0.00054899    0.0158302    0.0364885 -0.000240649 0.714202        0        0
             66.7002 -0.528679  -4.33406  -63.1001 -15.8831 -16.7347 0.536688 -0.434216  -0.66979 0.0586841   0.00130081 -0.000403397 -0.000542493    0.0149439    0.0371499 -0.000579118 0.716378        0        0
             66.7002 -0.65419 -4.14728 -63.0605 -15.8845 -16.7309 0.534287 -0.447641 -0.628611 0.0383404   0.00133599 -0.000441624 -0.000553809    0.0154206     0.037121 -0.000402688 0.716357        0        0
                66.8 -0.917204  -3.64592  -61.9213 -15.9308 -16.8049 0.547606 -0.392047 -0.670201 0.0794438   0.00129454 -0.000430637 -0.000548995    0.0149065     0.037564 -0.000743904 0.717547        0        0
                66.8 -0.955952  -3.60421  -61.8989 -15.9275 -16.7978 0.544123 -0.368869 -0.595695 0.0497108   0.00131996 -0.000424511 -0.000558112    0.015531   0.0370297 -0.00047658 0.717508        0        0
             66.8999 -0.543994  -3.20482  -62.1425 -15.9813 -16.8929 0.546461   -0.39689   -0.73723 -0.0116763   0.00126955 -0.000407657 -0.000539565     0.014079    0.0386477 -0.000450102 0.715348        0        0
             66.8999 -0.562703  -2.94027   -62.201 -15.9758 -16.8766 0.544571  -0.363626  -0.580401 -0.0330453   0.00130119 -0.000450733 -0.000529813    0.0154403    0.0376334 -0.000322911 0.715392        0        0
             67.0001  0.19961 -3.07456 -62.2667 -16.0069 -16.9363 0.541444  -0.303375  -0.598873 -0.0774104   0.00127096 -0.000407195 -0.000532579    0.0152656    0.0375432 -0.000462485 0.721566        0        0
             67.0001 0.0777351   -2.9895   -62.267 -16.0054   -16.93 0.538933  -0.294442  -0.534317 -0.0994263   0.00131449 -0.000418518 -0.000533551    0.0158555    0.0371725 -0.000263615 0.721524        0        0
                67.1 -0.155594  -3.49924  -62.6125 -16.0453 -17.0016 0.532679   -0.31205  -0.605737 -0.0956842   0.00127802 -0.000381757 -0.000527362    0.0152097     0.038084 -0.000463105 0.717803        0        0
                67.1 -0.311822  -3.31902  -62.6246 -16.0381 -16.9931 0.531871 -0.253776 -0.523215  -0.10506   0.00134422  -0.00042106 -0.000525647    0.0157427    0.0371758 -0.000393483 0.717729        0        0
             67.1998 -0.367087    -4.657  -62.7811 -16.0588  -17.046 0.528433  -0.200158  -0.496061 -0.0397576   0.00131523 -0.000367622 -0.000528862    0.0154909    0.0371218 -0.000668211 0.715185        0        0
             67.1998 -0.456887  -4.47602  -62.7803 -16.0584  -17.042 0.527817  -0.197829   -0.45527 -0.0464463   0.00134659 -0.000409308 -0.000529881    0.0158923    0.0369237 -0.000619738 0.715196        0        0
             67.3004 -0.648436  -3.06998  -63.3439 -16.1022 -17.1251 0.532277 -0.333915 -0.609051  0.048072   0.00126481  -0.00041016 -0.000514121    0.0144627    0.0387171 -0.000888293 0.712016        0        0
             67.3004 -0.816358  -2.80154  -63.3076 -16.1007 -17.1148 0.524954  -0.327165  -0.504134 -0.0115637   0.00132999 -0.000465082 -0.000528781    0.0154772    0.0382097 -0.000325834 0.711959        0        0
             67.4003 -0.994695  -3.26832  -63.0966 -16.1314 -17.1577 0.530564 -0.342909 -0.417488 0.0464872   0.00132677 -0.000409741 -0.000534152    0.0155119    0.0379895 -0.000543618 0.718148        0        0
             67.4003 -0.983494  -3.19285  -63.0564 -16.1301  -17.154 0.528776 -0.333767 -0.378714 0.0300873   0.00132349 -0.000433656 -0.000547132    0.0158782    0.0377211 -0.000383539 0.718168        0        0
             67.5001 0.286483 -4.18302 -62.2547 -16.1767 -17.2087 0.543792 -0.419035 -0.467755 0.0752295   0.00126798 -0.000383535 -0.000542811    0.0152099    0.0386561 -0.000951333 0.716064        0        0
             67.5001  0.17948 -4.05509 -62.2088 -16.1729 -17.2042 0.537205 -0.387567 -0.418678 0.0212976   0.00129664 -0.000423294 -0.000555612    0.0156054    0.0381103 -0.000366275 0.716069        0        0
             67.5999 0.806291 -5.12582 -61.0641 -16.2193 -17.2548 0.547516 -0.460437 -0.437563 0.0420952   0.00127984 -0.000372763 -0.000554186    0.0151622    0.0385574 -0.000830104 0.718592        0        0
             67.5999 0.661478 -4.97396 -61.0536 -16.2176 -17.2505 0.539821  -0.449923  -0.390653 -0.0169223   0.00131963 -0.000410228  -0.00055507     0.015635    0.0382342 -0.000188124 0.718588        0        0
             67.6999  0.84833 -6.10348 -59.2607  -16.262  -17.292 0.547147  -0.455236  -0.390093 0.00549975    0.0012795 -0.000380002 -0.000556398    0.0153134    0.0382822 -0.000672396 0.713018        0        0
             67.6999 0.729039 -6.00458 -59.2741 -16.2634 -17.2923 0.539225  -0.467673  -0.387681 -0.0545534   0.00131435 -0.000406895 -0.000551556    0.0154432    0.0384019 -3.54494e-05 0.713044        0        0
             67.8001 -0.123094  -5.66178  -58.1068 -16.3226 -17.3528 0.543016 -0.512725 -0.517882  0.011817   0.00129753 -0.000377021   -0.0005499   0.0147114   0.0393565 -0.00039191 0.713648        0        0
             67.8001 -0.202544  -5.39502  -58.1077 -16.3225 -17.3458 0.539632  -0.518327  -0.446168 -0.0174365   0.00132361 -0.000455923 -0.000549824    0.0155263    0.0390356 -0.000134685 0.713619        0        0
                67.9 -0.0613198   -4.00399   -57.0586 -16.3667 -17.3937 0.547033 -0.423547 -0.468462 0.0374418   0.00128586 -0.000445256 -0.000547874    0.0152464    0.0389081 -0.000461034 0.720625        0        0
                67.9 -0.133715  -3.97716  -57.0694 -16.3678 -17.3895 0.541023     -0.438  -0.419164 -0.0100325   0.00130789 -0.000449276 -0.000545485   0.0158582   0.0387799 2.76504e-05 0.720638        0        0
             67.9998 0.320092 -4.48522 -56.4755 -16.4086 -17.4407 0.550319   -0.34867  -0.451637 0.00895283   0.00127829 -0.000393369 -0.000544339    0.0152219    0.0391272 -0.000522901 0.716162        0        0
             67.9998 0.284383 -4.41407 -56.5018 -16.4109 -17.4366 0.546577 -0.372734 -0.406683 -0.021325   0.00128904 -0.000414398 -0.000536492    0.0158189    0.0391015 -0.000218292 0.716179        0        0
             68.1004  0.51033 -4.52381 -56.3727 -16.4469 -17.4876 0.554933 -0.304329 -0.472125 0.0215081  0.00125642  -0.0003922 -0.00052955     0.015398    0.0394577 -0.000740044 0.717405        0        0
             68.1004 0.332487 -4.40441  -56.383 -16.4457 -17.4813 0.550593  -0.300795  -0.408394 -0.0136731   0.00130977 -0.000427333 -0.000526225    0.0160189    0.0390679 -0.000382159 0.717353        0        0
             68.2003 -0.119314  -6.36505  -56.5329 -16.4753  -17.535 0.556602  -0.257422  -0.473853 0.00734635   0.00129077  -0.00036407 -0.000522309    0.0154189    0.0394817 -0.000747494 0.71604       0       0
             68.2003 -0.229767  -6.24141  -56.5333 -16.4746 -17.5296 0.552016  -0.257336  -0.418812 -0.0295588   0.00132483 -0.000399258 -0.000522026    0.0159756     0.039171 -0.000369641 0.716022        0        0
             68.3001 0.0457783   -7.7756  -57.0268 -16.5016 -17.5801 0.560589 -0.224592  -0.44482 0.0266115   0.00128624 -0.000368064 -0.000514442    0.0155218    0.0395835 -0.000948277 0.714385        0        0
             68.3001 -0.00925417    -7.62878    -57.0487 -16.4984 -17.5759 0.551568  -0.201855  -0.401014 -0.0426539   0.00130546 -0.000411629 -0.000507322    0.0158887    0.0391224 -0.000198855 0.714389        0        0
                68.4 -0.199723  -8.73789  -57.5356 -16.5215 -17.6251 0.558062  -0.221997  -0.460868 0.00728888   0.00129259 -0.000364709 -0.000502892    0.0155019    0.0394851 -0.000637408 0.707689        0        0
                68.4 -0.324693  -8.53752  -57.5399  -16.522 -17.6247 0.550651  -0.227729  -0.451631 -0.0474612   0.00133005 -0.000424155 -0.000501571    0.0157164    0.0394987 -3.81099e-05 0.707682        0        0
             68.4998 -0.592853   -8.3012  -58.0429 -16.5496 -17.6759 0.554271  -0.270559  -0.496204 -0.0357607   0.00130324 -0.000391012 -0.000495519      0.01547    0.0397731 -0.000510558 0.705126        0        0
             68.4998 -0.682559  -8.09477  -58.0118   -16.55 -17.6751 0.548343  -0.275307  -0.484158 -0.0802956   0.00132853 -0.000451284 -0.000505379    0.0157009     0.039757 -3.59605e-05 0.7051      0      0
             68.6005 0.135534 -7.29558 -57.9631 -16.5723 -17.7235 0.550296   -0.25873  -0.516761 -0.0389518   0.00129792 -0.000428033 -0.000509043     0.015563    0.0394412 -0.000504317 0.708392        0        0
             68.6005 0.0460772  -7.19567  -57.9394  -16.577  -17.724 0.545361  -0.299287  -0.514389 -0.0756917   0.00131981 -0.000455105 -0.000515174    0.0158808    0.0398195 -0.000129937 0.708391        0        0
             68.7003 -0.609033   -6.7111  -57.0099 -16.6104 -17.7846 0.545273  -0.340279  -0.573885 -0.0452522   0.00128519 -0.000417315 -0.000516754    0.0154689    0.0401053 -0.000448747 0.708537        0        0
             68.7003 -0.793274  -6.58258  -56.9419 -16.6128 -17.7817 0.542518   -0.36288  -0.539508 -0.0677391    0.0013371  -0.00044922 -0.000536578    0.0159592    0.0401437 -0.000256374 0.708524        0        0
             68.8002 -1.99585 -6.54837 -56.1689  -16.651 -17.8394 0.546637  -0.383185  -0.521548 0.00410521    0.0013286 -0.000400953  -0.00053678    0.0155616    0.0403428 -0.000752394 0.708566        0        0
             68.8002 -2.07918 -6.40932 -56.1648 -16.6565 -17.8379  0.54019 -0.431586 -0.497609 -0.044999   0.00134859 -0.000436648 -0.000538793   0.0161353   0.0406615 -0.00026319 0.708611        0        0
                68.9 -1.10289 -7.31932 -55.5493  -16.696 -17.8936  0.55644 -0.402553  -0.54204 0.0907722  0.00128128 -0.00038227 -0.00053404    0.0155661    0.0407379 -0.000960758 0.709324        0        0
                68.9 -1.14259 -7.19134  -55.552 -16.6957 -17.8881  0.54898 -0.407603 -0.483025 0.0332377     0.001296 -0.000413779 -0.000534474    0.0162272    0.0404275 -0.000394862 0.709276        0        0
             68.9999 -1.94652 -5.45624   -54.77 -16.7369 -17.9451  0.55538 -0.352533 -0.525969 0.0485031   0.00127058 -0.000440222 -0.000531524    0.0159365    0.0407601 -0.000500396 0.710908        0        0
             68.9999 -2.17359 -5.38156 -54.7304 -16.7363 -17.9444  0.54975 -0.348359 -0.515315 0.0048687   0.00133723 -0.000460271 -0.000544418    0.0160738    0.0406635 -2.29327e-05 0.710892        0        0
             69.1001 -3.34029 -6.70714 -53.2641 -16.7506 -17.9905 0.557993   -0.180903   -0.461088 -0.00689575   0.00134387 -0.000378777 -0.000550691   0.0156425   0.0399344 -0.00049222 0.707584        0        0
             69.1001 -3.35097 -6.62247 -53.2399 -16.7569 -17.9882 0.553178  -0.238398  -0.429331 -0.0447205   0.00134114 -0.000393387 -0.000559689     0.016324    0.0402507 -0.000124793 0.707618        0        0
                69.2 -2.22827 -6.12591 -52.3361 -16.7843 -18.0444 0.557734  -0.201955  -0.508661 -0.0518319   0.00126595 -0.000389495 -0.000548821     0.015845    0.0409092 -0.000653876 0.713524        0        0
                69.2 -2.30371  -5.9775 -52.3651 -16.7847 -18.0407 0.551218 -0.210433 -0.467582 -0.102261   0.00129235 -0.000426592 -0.000543363   0.0163322   0.0407062 -0.00015663 0.71351       0       0
             69.2998 -1.83797 -6.25206 -51.8912 -16.8002 -18.0949 0.554169  -0.148385  -0.546907 -0.0804817   0.00125899 -0.000394935 -0.000538014   0.0158978   0.0407536 -0.00085471 0.717598        0        0
             69.2998 -2.01802 -6.16758 -51.9155 -16.8027 -18.0939 0.545713 -0.172524 -0.528851 -0.144287   0.00131135 -0.000416273 -0.000530643    0.0162938     0.040827 -0.000179387 0.717592        0        0
             69.4005 -1.62253 -5.42713 -51.9565   -16.82 -18.1565 0.544104  -0.132467  -0.551467 -0.0648492    0.0012758 -0.000406944 -0.000520429    0.0158134    0.0412389 -0.000722055 0.712901        0        0
             69.4005 -1.68864 -5.32816 -51.9655  -16.821 -18.1542 0.535631 -0.145548 -0.523048 -0.128638   0.00129661 -0.000430966 -0.000518789    0.0162296    0.0411436 -5.35534e-05 0.712884        0        0
             69.5003 -1.74046 -5.91043 -51.7332 -16.8289 -18.2016 0.535429   -0.102064   -0.465894 -0.00768911   0.00127439 -0.000402593 -0.000522275     0.016029    0.0409141 -0.000478751 0.712291        0        0
             69.5003 -1.93959 -5.89209 -51.6969 -16.8304 -18.1959 0.530938  -0.122078  -0.404378 -0.0439034   0.00133641 -0.000391834 -0.000533334    0.0167216    0.0406941 -0.000148207 0.712317        0        0
             69.6002 -2.39342 -7.48242 -51.7466 -16.8495 -18.2536 0.546448 -0.183234 -0.526175 0.0896813   0.00128926 -0.000347682 -0.000523478    0.0161005      0.04136 -0.000840476 0.717948        0        0
             69.6002 -2.52071  -7.3597 -51.7701 -16.8469 -18.2499 0.536788 -0.167982  -0.48796 0.0190492   0.00133644 -0.000375407 -0.000518236    0.0164061    0.0409726 -0.000102511 0.717959        0        0
             69.7001 -2.28386 -7.76007 -52.0787 -16.8696 -18.3071 0.549807 -0.239631 -0.525779 0.0439752   0.00128988  -0.00036151 -0.000513157    0.0160798    0.0413147 -0.000636725 0.708493        0        0
             69.7001 -2.35147 -7.57794 -52.0912 -16.8712  -18.306 0.542844   -0.256674   -0.510027 -0.00958985    0.0013074 -0.000407818 -0.000510789    0.0164003    0.0413386 -9.01773e-05 0.708493        0        0
             69.7999 -1.79752  -8.0294   -52.38 -16.8972   -18.36    0.547  -0.314217  -0.532441 -0.0187564   0.00127183 -0.000394943 -0.000512043    0.0160898    0.0413109 -0.000400266 0.706988        0        0
             69.7999 -1.92815 -7.94926 -52.3807 -16.8999  -18.356 0.543092 -0.343634  -0.48729 -0.050463   0.00130975 -0.000405367 -0.000510396    0.0167061    0.0412708 -0.000141267 0.706998        0        0
             69.8998 -2.24063 -9.13695 -52.4979 -16.9403 -18.4152 0.552418  -0.400657  -0.539105 -0.0186172   0.00127988 -0.000363979  -0.00050901    0.0162242    0.0417158 -0.000848416 0.703192        0        0
             69.8998 -2.35976  -9.0153 -52.4896 -16.9393 -18.4138 0.543606  -0.396214  -0.521657 -0.0840909    0.0013153 -0.000395986 -0.000512047     0.016454    0.0415465 -0.000165345 0.703198        0        0
             70.0004 -2.99496 -9.65143 -52.2083 -16.9743 -18.4668 0.537108 -0.382366 -0.512084 -0.076304   0.00129989 -0.000376758 -0.000515918    0.0161373    0.0413939 -0.000253409 0.706773        0        0
             70.0004 -3.08809   -9.512 -52.2157 -16.9777 -18.4642  0.53419 -0.415045 -0.480154 -0.100377   0.00132483 -0.000405229 -0.000514801    0.0166656    0.0414715 -7.10743e-05 0.706785        0        0
             70.1003  -3.9048 -9.25093  -52.651 -17.0191 -18.5174 0.544107 -0.402172  -0.53254 0.0148989   0.00130667 -0.000368987 -0.000509055    0.0163237    0.0416229 -0.000892465 0.70283       0       0
             70.1003 -4.00624 -9.01651 -52.6463 -17.0202 -18.5151 0.536012 -0.416208 -0.504039 -0.044929   0.00133568 -0.000423798 -0.000514508    0.0167731    0.0415393 -0.000314075 0.702852        0        0
             70.2001 -3.83858 -7.78493 -52.7221 -17.0592 -18.5707 0.541537 -0.352101 -0.508863 0.0127562   0.00129008 -0.000426882 -0.000510333    0.0164304    0.0417336 -0.000657497 0.702787        0        0
             70.2001 -3.88579 -7.76184 -52.7025 -17.0572 -18.5685 0.535923  -0.338905  -0.485015 -0.0296702   0.00131047 -0.000429181 -0.000517935    0.0166207    0.0414553 -0.000247812 0.702792        0        0
             70.2999 -2.77891 -7.74031 -52.8446 -17.0846  -18.626  0.54673 -0.208916  -0.51203 0.0254872   0.00127514 -0.000397898 -0.000510525    0.0160108     0.041762 -0.000793834 0.7046      0      0
             70.2999 -2.91936 -7.60727 -52.8238 -17.0903 -18.6231 0.536208  -0.264061  -0.470014 -0.0561319   0.00130823 -0.000415705 -0.000517382   0.0168234   0.0419199 -2.5431e-05 0.704628        0        0
             70.3998 -1.81483 -7.92579 -53.0652 -17.1109 -18.6739 0.544163   -0.16978  -0.467542 -0.0313293   0.00124933 -0.000393921 -0.000509809    0.0164513    0.0420811 -0.000663682 0.704897        0        0
             70.3998 -1.98394 -7.84448 -53.0634 -17.1129 -18.6708 0.537563  -0.192468  -0.430659 -0.0827532    0.0012989 -0.000405527   -0.0005117    0.0169771    0.0420311 -0.000188747 0.704876        0        0
             70.5004 -1.56541 -9.15369 -53.3399 -17.1324   -18.72 0.541896  -0.160827  -0.401618 -0.0595737   0.00126519 -0.000372217 -0.000502642    0.0164893    0.0424065 -0.000805625 0.703468        0        0
             70.5004 -1.69991 -9.07289 -53.3299 -17.1325 -18.7182 0.530773 -0.167151 -0.377498 -0.142153   0.00130938 -0.000394859 -0.000506574   0.0168609   0.0422888 2.42541e-05 0.703491        0        0
             70.6003 -0.535455  -9.69664  -53.1936 -17.1412 -18.7513 0.531982  -0.094248  -0.324481 -0.0398923   0.00126307 -0.000368515 -0.000503078    0.0166486    0.0420675 -0.000571421 0.702408        0        0
             70.6003 -0.651686  -9.53479  -53.1747 -17.1425 -18.7506 0.522753 -0.108815 -0.309823 -0.106472   0.00129788 -0.000420974 -0.000509313   0.0170087   0.0420935 0.000123616 0.702405        0        0
             70.7002 0.329989 -9.22569 -51.9959 -17.1478 -18.7785 0.525268 -0.0986751  -0.241722 -0.0491174   0.00126028 -0.000395635 -0.000509308    0.0167101    0.0418657 -0.000393834 0.701535        0        0
             70.7002 0.191004 -9.09693 -51.9436 -17.1509 -18.7787 0.522625  -0.125099   -0.23847 -0.0690533   0.00130149 -0.000435076 -0.000525605    0.0169693    0.0421003 -0.000196226 0.701531        0        0
                70.8 0.966537 -9.73111 -49.7202 -17.1625 -18.8032 0.529084   -0.13738  -0.194713 -0.0264852   0.00127107 -0.000395922 -0.000526928    0.0164541    0.0421593 -0.000847125 0.702381        0        0
                70.8 0.850263 -9.68105 -49.6597 -17.1682 -18.8027 0.521394  -0.190251  -0.176858 -0.0833564   0.00130112  -0.00040725 -0.000544238    0.0170788    0.0425293 -0.000278443 0.702371        0        0
             70.8999  1.33938 -8.83174 -46.6197 -17.1866 -18.8256 0.520175  -0.189689  -0.179825 -0.0327192   0.00125241 -0.000394802 -0.000543547    0.0166967     0.042703 -0.000508635 0.705507        0        0
             70.8999  1.24883 -8.69133 -46.5892 -17.1908 -18.8247 0.515544  -0.229383  -0.162628 -0.0680526   0.00127748 -0.000438107 -0.000551662    0.0171998    0.0429373 -0.000183583 0.705513        0        0
             71.0001 0.307037 -9.05429 -42.4972 -17.2036 -18.8322 0.522111  -0.201631 -0.0640062 0.00994208   0.0012696  -0.0004016 -0.00056225     0.016849    0.0423263 -0.000728997 0.707545        0        0
             71.0001 0.262284 -9.05372 -42.4635 -17.2103 -18.8337 0.515272  -0.262094 -0.0644488 -0.0403291   0.00127965 -0.000404301 -0.000572085    0.0173841    0.0428374 -0.000238824 0.707595        0        0
             71.0999 0.100133 -8.86571 -38.2789 -17.2278 -18.8378 0.528197  -0.177034 -0.0215555  0.0517128   0.00126204 -0.000360933 -0.000576625    0.0169666    0.0425898 -0.000928082 0.711457        0        0
             71.0999 0.00286193    -8.7598   -38.2667  -17.229  -18.837 0.521769   -0.190994 -0.00881194  0.00550786   0.00129056 -0.000392177 -0.000580743    0.0172684    0.0426041 -0.000437653 0.711455        0        0
             71.1998 -0.148012   -8.5905  -35.1652 -17.2519 -18.8486 0.523972  -0.140614 -0.0118599 -0.0124065     0.001221 -0.000372905  -0.00056618    0.0169898    0.0433519 -0.000545327 0.717423        0        0
             71.1998 -0.430435  -8.55038  -35.2182 -17.2485 -18.8443 0.522401 -0.115324 0.0233761 -0.023559   0.00131116 -0.000381498  -0.00054982    0.0170447    0.0428894 -0.000424039 0.717434        0        0
             71.3004 -0.910901   -7.5968  -32.6181 -17.2609   -18.85 0.523015 -0.0678512  0.0345734 -0.0262741   0.00125009  -0.00035807 -0.000536967    0.0167411    0.0434329 -0.000629561 0.721377        0        0
             71.3004 -1.12917 -7.48702 -32.5964 -17.2583 -18.8443 0.520874  -0.051051  0.0817364 -0.0419649   0.00131096 -0.000388588 -0.000544193    0.0169392    0.0428892 -0.000475487 0.721388        0        0
             71.4003 -0.372219  -7.19617  -30.1593 -17.2519  -18.837 0.511988  0.0552017   0.102375 -0.0424945   0.00121262 -0.000341045 -0.000527062    0.0164951     0.042761 -0.000140423 0.725986        0        0
             71.4003 -0.603379  -7.15335  -30.1271  -17.249 -18.8259 0.513541   0.072092   0.192738 -0.0331657   0.00128302 -0.000346279 -0.000538782    0.0168568    0.0418087 -0.000317745 0.726005        0        0
             71.5001 -0.308388  -7.49784  -28.1312 -17.2522 -18.8258 0.507847  0.0590318   0.145575 -0.0369229    0.0012065 -0.000304317 -0.000518172    0.0168503    0.0430297 -0.000147637 0.729991        0        0
             71.5001 -0.565941  -7.38864  -28.1321 -17.2455 -18.8095 0.513608   0.111091   0.271407 0.00300284   0.00129681 -0.000329436  -0.00052142    0.0169806    0.0415466 -0.000651083 0.730011        0        0
                71.6 -0.314444  -7.66736  -26.3636 -17.2419 -18.8013 0.509721    0.108612    0.198783 -0.00717635   0.00120962 -0.000279658 -0.000504374   0.0169422   0.0425986 -0.00040328 0.721392        0        0
                71.6 -0.451667  -7.49815  -26.3835 -17.2422  -18.793 0.515693   0.10218  0.265908 0.0327636   0.00125699  -0.00032484 -0.000499916    0.0172987    0.0419768 -0.000919255 0.721394        0        0
             71.6999 -0.616927  -7.47258  -24.8141 -17.2385 -18.7832 0.510549   0.0661874    0.191641 0.000514365   0.00120654 -0.000290642 -0.000490414    0.0172649    0.0428445 -0.000491959 0.718837        0        0
             71.6999 -0.731134  -7.35095  -24.8069 -17.2341 -18.7726 0.517565  0.107803  0.272449 0.0515098   0.00124858 -0.000324551 -0.000494197  0.0171561  0.0418433 -0.0010748 0.718829        0        0
             71.8001 -0.938627  -8.26976  -23.6751 -17.2257 -18.7563 0.522306  0.100928  0.208219 0.0525858   0.00120415   -0.0002657 -0.000478503   0.0170144   0.0423427 -0.00102809 0.719942        0        0
             71.8001 -1.22321 -8.09899 -23.6886 -17.2214 -18.7468 0.529339  0.14377 0.280999 0.103296   0.00129678 -0.000315181 -0.000475649   0.0168307   0.0414318 -0.00160131 0.719947        0        0
                71.9 -1.10452  -8.1132  -23.242 -17.2207 -18.7501 0.524372 0.0903836 0.0825451 0.0349346   0.00120564 -0.000264418  -0.00045863    0.0171526    0.0429561 -0.000880042 0.720209        0        0
                71.9 -1.29556 -7.88097 -23.2346 -17.2138 -18.7382 0.532764  0.159956  0.172303 0.0969426   0.00127724 -0.000336679 -0.000465017    0.016729   0.0417666 -0.00155134 0.72021       0       0
             71.9998  -1.0835 -7.46942 -22.6641  -17.216 -18.7464 0.527041   0.0449055   0.0632632 0.000528823   0.00120692 -0.000287879  -0.00044733    0.0172268    0.0431967 -0.000920258 0.722239        0        0
             71.9998 -1.34146 -7.28166 -22.5978  -17.205 -18.7295 0.533895  0.152352  0.191778 0.0538288   0.00130612 -0.000349357 -0.000474374   0.0165575   0.0414701 -0.00146568 0.722268        0        0
             72.1004 -1.05952  -7.9126   -23.28 -17.2121 -18.7393 0.519685  0.0463407  0.0524774 -0.0375067   0.00119807 -0.000288388 -0.000447854      0.01733    0.0431624 -0.000623705 0.727264        0        0
             72.1004 -1.19871 -7.81794 -23.3266 -17.2068  -18.726 0.528841 0.0991531  0.155449 0.0287933   0.00125911 -0.000318263 -0.000437134    0.017084   0.0419117 -0.00137763 0.727264        0        0
             72.2003 -1.20227 -7.05734 -24.2075 -17.2123 -18.7347 0.522498  0.0143808  0.0159567 -0.0124068   0.00121398 -0.000266752 -0.000422362    0.0175612    0.0431765 -0.000964427 0.724427        0        0
             72.2003 -1.61492  -6.7851 -24.1139 -17.1973 -18.7195 0.530357  0.165151  0.127504 0.0502207   0.00135938 -0.000367211 -0.000458909   0.0163836   0.0414791 -0.00154754 0.724421        0        0
             72.3001 -1.36122  -6.6255  -25.297 -17.2002 -18.7375 0.514093  0.0530873 -0.0221983 -0.0433867   0.00123278 -0.000309077 -0.000437741    0.0169316    0.0431067 -0.000572429 0.722771        0        0
             72.3001 -1.49036 -6.51003 -25.2638 -17.2012 -18.7308 0.525013 0.0462491 0.0294336 0.0325532   0.00127898 -0.000338977 -0.000449481   0.0171078   0.0426371 -0.00146886 0.722755        0        0
                72.4 -1.59994 -6.10071 -27.1229 -17.2046 -18.7453 0.522101 -0.0119109 -0.0949081 0.00523161   0.00121909 -0.000288334 -0.000435615   0.0172737    0.043399 -0.00118522 0.72373       0       0
                72.4 -1.78125 -5.92128 -27.1549 -17.2034 -18.7364 0.522819 -0.00499449  -0.0233163  0.00940232   0.00128577 -0.000338822 -0.000429487   0.0175179   0.0426566 -0.00127689 0.723723        0        0
             72.4998 -2.14678 -6.09669 -28.8369 -17.2086 -18.7485 0.519185 -0.0681838 -0.0754434 0.00734057   0.00125282 -0.000310267 -0.000422384   0.0174107   0.0430764 -0.00101734 0.724164        0        0
             72.4998 -2.31685 -6.02106  -28.783 -17.2056 -18.7383 0.521158 -0.0442704 0.00615963  0.0216988   0.00131982 -0.000331211 -0.000440414   0.0175314   0.0421768 -0.00121616 0.724154        0        0
             72.6005  -1.9563 -6.52127 -30.8051  -17.213 -18.7542  0.51618  -0.0791483   -0.118458 -0.00310232   0.00125978 -0.000274907 -0.000431725    0.0173856    0.0427894 -0.000814725 0.720169        0        0
             72.6005 -2.12948 -6.31692 -30.7626 -17.2109 -18.7477 0.518883  -0.061283 -0.0678294  0.0160312   0.00132058 -0.000333469 -0.000446881   0.0174525   0.0422334 -0.00105502 0.720163        0        0
             72.7004 -1.32347 -6.78926 -32.7434 -17.2293 -18.7743  0.51748  -0.15384 -0.192205 0.0105956   0.00123682 -0.000299121 -0.000428516    0.0175295    0.0431591 -0.000871191 0.724788        0        0
             72.7004 -1.57547 -6.67894 -32.6478 -17.2234 -18.7633 0.520067 -0.103794 -0.105608 0.0299007   0.00133216 -0.000334092 -0.000458931   0.0174915   0.0421177 -0.00111569 0.724777        0        0
             72.8002 -0.88252 -7.03185 -34.7506 -17.2474 -18.7983 0.523139 -0.171754 -0.243694 0.0333953    0.0012476 -0.000296732 -0.000440183   0.0175443   0.0433317 -0.00107452 0.7217      0      0
             72.8002 -0.997024  -6.85977  -34.7298 -17.2492 -18.7962 0.523443 -0.190481 -0.223793 0.0339229   0.00128167 -0.000340278 -0.000446246   0.0178372   0.0432649 -0.00111724 0.7217      0      0
                72.9 -0.710576  -7.20779   -36.853 -17.2655 -18.8252  0.52714 -0.192083 -0.275055 0.0422059   0.00126949 -0.000316723 -0.000441734  0.0175346  0.0433884 -0.0010689 0.722919        0        0
                72.9 -0.921061  -7.08789  -36.7971 -17.2632  -18.819 0.529994  -0.17406 -0.225686 0.0620646   0.00134106 -0.000350623 -0.000459436    0.017645   0.0428636 -0.00131267 0.722941        0        0
             72.9999 -0.659088  -7.11448  -38.6122 -17.2849  -18.852 0.531693 -0.220201  -0.26708 0.0376942   0.00128861 -0.000336379 -0.000449997   0.0174752   0.0433216 -0.00109244 0.721816        0        0
             72.9999 -0.837296  -7.02569  -38.5614 -17.2809 -18.8416 0.531613 -0.192744 -0.181807 0.0360615    0.0013651 -0.000357105 -0.000467717   0.0177843   0.0423964 -0.00112412 0.721873        0        0
             73.1001 -0.333761  -7.50631  -40.5077 -17.3067 -18.8723 0.540759 -0.235504 -0.244197 0.0556267   0.00130105  -0.00032868 -0.000456095   0.0175693   0.0430314 -0.00137753 0.714172        0        0
             73.1001 -0.38614 -7.37142 -40.4814 -17.3033 -18.8625   0.5358 -0.218273 -0.161082 0.0190248   0.00134197  -0.00035324 -0.000465113    0.018021    0.042204 -0.00103125 0.714217        0        0
                73.2 -0.358698  -7.52335  -42.4599 -17.3364 -18.8967 0.539628 -0.285473 -0.250085 0.0253275   0.00130112 -0.000341157 -0.000456569   0.0178519   0.0431522 -0.00110623 0.713873        0        0
                73.2 -0.541156  -7.40176  -42.4295 -17.3353 -18.8915 0.534262  -0.283731  -0.202514 -0.0141088   0.0013635 -0.00036842 -0.00046595    0.0182141    0.0427679 -0.000721547 0.713889        0        0
             73.2998 -0.373717  -7.76028  -44.4632  -17.366 -18.9203  0.54162 -0.299452 -0.245877 0.0344025   0.00132341 -0.000342092 -0.000459358   0.0179552   0.0431131 -0.00105459 0.712024        0        0
             73.2998 -0.500569  -7.65313  -44.4293 -17.3688 -18.9235 0.535317  -0.325268  -0.269563 -0.0147441   0.00134699 -0.000371099 -0.000467734    0.0180705    0.0434847 -0.000530397 0.712036        0        0
             73.4004 0.288045 -8.05157 -46.6031 -17.3988 -18.9559 0.542056 -0.326381 -0.288668 0.0142423   0.00130336 -0.000345961 -0.000466677    0.0176489    0.0435417 -0.000892707 0.708629        0        0
             73.4004 0.181258  -7.9206 -46.6215 -17.4007  -18.955  0.53459  -0.347836  -0.274042 -0.0419231   0.00133216  -0.00037504 -0.000460778    0.0180105    0.0435966 -0.000326027 0.708665        0        0
             73.5003  0.52736 -8.59141 -48.8927 -17.4306 -18.9783  0.53689  -0.321119  -0.240609 -0.0188827   0.00132345  -0.00034873 -0.000462274    0.017853   0.0433404 -0.00062718 0.704502        0        0
             73.5003 0.378858   -8.475 -48.9098 -17.4291 -18.9736 0.535886  -0.311739  -0.196282 -0.0285069   0.00137877 -0.000383625 -0.000457032    0.0181435    0.0429664 -0.000564406 0.704515        0        0
             73.6001 0.398789 -8.83644 -51.2086 -17.4545 -18.9979    0.541   -0.254077   -0.205109 -0.00947947   0.00135653 -0.000348162  -0.00045572    0.0176986    0.0430068 -0.000940487 0.703187        0        0
             73.6001 0.236629 -8.67281 -51.1956 -17.4557 -18.9958 0.535927  -0.269254  -0.179666 -0.0483915    0.0014052 -0.000404891 -0.000459073   0.0181297   0.0429691 -0.00054777 0.703204        0        0
                73.7 -0.0306082   -8.64989   -53.4498 -17.4815 -19.0145 0.536412  -0.250303  -0.167674 -0.0319426   0.00137916 -0.000376489  -0.00045454     0.017957    0.0430466 -0.000830253 0.702775        0        0
                73.7 -0.174611  -8.51898  -53.4131 -17.482 -19.012 0.53433  -0.257056  -0.141382 -0.0489296   0.00142115  -0.00041871 -0.000465745    0.0182822    0.0429378 -0.000678475 0.702767        0        0
             73.7999 -0.465119  -8.57829  -55.5634 -17.5067 -19.0305 0.541469 -0.247386 -0.175064 0.0121693   0.00139162 -0.000383859 -0.000458885   0.0179727   0.0430096 -0.00121108 0.696707        0        0
             73.7999 -0.669624  -8.44836  -55.5065 -17.5088 -19.0296 0.531672  -0.269051  -0.157956 -0.0602536   0.00145269 -0.000425126 -0.000476845    0.0184165    0.0431256 -0.000415313 0.696715        0        0
             73.9001 -0.899064  -8.18331  -58.0466 -17.5443 -19.0579  0.54249  -0.296015  -0.202459 0.00936024   0.00140723 -0.000403327 -0.000461603   0.0179126   0.0438812 -0.00118567 0.695261        0        0
             73.9001 -1.12281 -8.06982 -58.0031 -17.5455 -19.0569  0.53149  -0.309878  -0.184324 -0.0714008  0.00147415 -0.00044024 -0.00047568    0.0183268    0.0439221 -0.000287323 0.695234        0        0
                  74 -1.87182  -8.1136  -61.114 -17.5747 -19.0784 0.544902 -0.268414 -0.172131 0.0186934   0.00143353 -0.000415812 -0.000459114   0.0178591   0.0440655 -0.00126272 0.69606       0       0
                  74 -2.02512 -8.04339 -61.0798 -17.5734  -19.075 0.530383  -0.264529  -0.131547 -0.0868058   0.00147949 -0.000440263  -0.00047069    0.0184219    0.0437977 -9.80572e-05 0.696033        0        0
             74.0998  -2.4901 -8.35792 -64.6907  -17.601 -19.0946 0.544709  -0.22266 -0.158438  0.029586   0.00145626 -0.000406046 -0.000461949   0.0179721   0.0441699 -0.00111589 0.693617        0        0
             74.0998 -2.61925 -8.21011 -64.6733 -17.5967 -19.0863 0.531068  -0.195656 -0.0715725 -0.0721501    0.0014947  -0.00045958 -0.000470365   0.0188962   0.0434332 -6.5756e-05 0.6936      0      0
             74.2005 -2.14247 -8.34879 -68.4574 -17.6223 -19.1059 0.542954  -0.19094 -0.110147 0.0158076    0.0014466 -0.000430456 -0.000454999    0.0182312    0.0441265 -0.000880537 0.695211        0        0
             74.2005 -2.31966 -8.22785 -68.4182 -17.6209 -19.1032 0.532482  -0.182606 -0.0782172 -0.0622127    0.0014985  -0.00046878 -0.000468217    0.0186777    0.0438796 -2.18714e-05 0.695146        0        0
             74.3003 -1.53749 -9.17653 -72.4884 -17.6338  -19.114 0.540283   -0.133065  -0.0709508 0.000996849  0.00145924 -0.00041577 -0.00045464   0.0181682   0.0438258 -0.00067837 0.690381        0        0
             74.3003 -1.70536 -9.01292 -72.4404 -17.6382 -19.1095 0.535212   -0.17177 -0.0208066 -0.0395881   0.00150866 -0.000459735 -0.000470137    0.0189348    0.0440649 -0.000307251 0.690405        0        0
             74.4002 -1.19073 -9.21514  -76.521 -17.6528 -19.1193 0.540634  -0.150126 -0.0519751 0.00468543   0.00146149 -0.000422704  -0.00045204    0.0183842     0.044105 -0.000681665 0.687899        0        0
             74.4002 -1.40777 -9.00963 -76.4624 -17.6526  -19.114 0.537456  -0.151138 0.00152529  -0.021153   0.00152685  -0.00048272 -0.000470951    0.0190374    0.0439795 -0.000490114 0.687872        0        0
                74.5 -1.53928 -9.75704 -80.3636 -17.6658 -19.1238 0.532898  -0.113367 -0.0145724 -0.0408931    0.0015057 -0.000430354 -0.000450571   0.0183664   0.0440956 -0.00030822 0.684853        0        0
                74.5 -1.78095 -9.60597 -80.2718  -17.669 -19.1204 0.531566  -0.137884  0.0208189 -0.0529729   0.00157394 -0.000474025 -0.000478926   0.0188547   0.0443251 -0.00024402 0.684862        0        0
             74.5998 -0.85894 -9.79692 -83.8706 -17.6736 -19.1294 0.527367 -0.0618644 -0.0159671 -0.0544668   0.00150602 -0.000425979 -0.000454013    0.0180454    0.0440836 -0.000221928 0.679562        0        0
             74.5998 -1.03181 -9.55396 -83.7661 -17.6793  -19.122 0.531704 -0.104918 0.0542895 -0.027849   0.00155237 -0.000495103 -0.000487191    0.0188778    0.0445278 -0.000676158 0.679601        0        0
             74.7002 -1.22149 -9.67567 -87.1772 -17.6828  -19.136 0.524832  -0.016109 -0.0417867 -0.0394393   0.00150434 -0.000437824 -0.000452543   0.0178085   0.0444302 -0.00030434 0.679944        0        0
             74.7002 -1.48701 -9.41721 -87.0458 -17.6905 -19.1252  0.53539 -0.0722629  0.0578685  0.0296978   0.00157759 -0.000510373 -0.000493662   0.0188838   0.0450976 -0.00131353 0.680025        0        0
                74.8 -1.31169 -9.80087 -89.4366 -17.6895 -19.1319 0.523147 0.00414607  0.0258882 -0.0562764   0.00154948 -0.000444369 -0.000468947    0.0181216    0.0448355 -0.000537209 0.680474        0        0
                74.8 -1.44952 -9.57811 -89.2555 -17.6987 -19.1233 0.531585  -0.0613025    0.106045 -0.00106184   0.00157655 -0.000497385 -0.000524382  0.0189499  0.0456618 -0.0013296 0.680575        0        0
             74.8998 -1.05143 -9.33534 -90.9791 -17.6968 -19.1255 0.520921 0.00395809  0.0358192 -0.0508611   0.00153108 -0.000445291 -0.000506035    0.0183504    0.0453315 -0.000753883 0.679795        0        0
             74.8998 -1.28116 -9.08999  -90.875 -17.7065 -19.1234 0.527806 -0.0640936  0.0515668 -0.0031556   0.00158518 -0.000515141 -0.000536945    0.018409   0.0461763 -0.00131344 0.679777        0        0
             75.0005 -1.29313 -8.38507 -92.7039 -17.7005 -19.1322  0.51143 0.00462573 0.00219235 -0.0676922   0.00154903 -0.000466377 -0.000504017  0.0177501  0.0455521 -0.0004511 0.677594        0        0
             75.0005 -1.52896 -8.13786 -92.5867   -17.71 -19.1264 0.522888 -0.0616526   0.049931  0.0118905   0.00160324 -0.000531681 -0.000538388   0.0180892    0.046427 -0.00142893 0.677667        0        0
             75.1003 -1.69416 -8.01686  -93.896 -17.7063 -19.1328 0.506508  0.00693578 0.000629295  -0.0411511   0.00156057  -0.00046931 -0.000517955    0.0176143    0.0459226 -0.000462444 0.678295        0        0
             75.1003 -1.87956 -7.83274 -93.7522 -17.7163 -19.1247 0.521232 -0.0623973  0.0687181  0.0618081   0.00159766 -0.000510947 -0.000559466   0.0181172   0.0468772 -0.00172218 0.678379        0        0
             75.2001 -1.96223 -7.97461  -94.607 -17.7094 -19.1296 0.507683   0.037747 0.00888996 -0.0198478   0.00155667 -0.000446873 -0.000541395    0.0177249    0.0462819 -0.000712043 0.679203        0        0
             75.2001 -2.14678 -7.71512 -94.5085 -17.7168 -19.1221  0.52219 -0.0126938  0.0716275  0.0818533   0.00159782 -0.000512631 -0.000571599  0.0182024  0.0470302 -0.0019445 0.679201        0        0
                75.3 -2.01027 -7.92365 -94.7997 -17.7081 -19.1277  0.50785    0.0601352 -0.000942922   -0.0193163   0.00154937 -0.000447196 -0.000552649    0.0177751    0.0465228 -0.000833939 0.680555        0        0
                75.3 -2.16401 -7.65939 -94.7178 -17.7107 -19.1236 0.522496 0.0429146  0.029745  0.085326   0.00158769 -0.000519547 -0.000579318   0.0179451   0.0468423 -0.00207694 0.68054       0       0
             75.3998  -2.2939 -7.43027  -94.216 -17.7004 -19.1295  0.51164  0.0932576 -0.0169514 0.00351431   0.00155344 -0.000466777 -0.000571258   0.0176358   0.0465283 -0.00111726 0.680622        0        0
             75.3998 -2.43531 -7.20422 -94.1255 -17.7071 -19.1259 0.522381 0.0461156 0.0103127 0.0810879   0.00158032 -0.000526572 -0.000598443   0.0177449   0.0471782 -0.00201465 0.680651        0        0
             75.5005 -2.36296 -6.97632 -93.4856 -17.6979 -19.1351 0.510893   0.090067 -0.0290774  0.0145316   0.00154934 -0.000471474 -0.000582228    0.0173407    0.0468959 -0.000979793 0.681039        0        0
             75.5005 -2.49541  -6.7636 -93.4141 -17.7054 -19.1303 0.518964 0.0370068 0.0108002 0.0721473   0.00157171 -0.000524442 -0.000603279   0.0176162   0.0476243 -0.00165439 0.681031        0        0
             75.6003 -1.63836 -7.40195 -92.4103 -17.6909 -19.1377 0.507776    0.11022 -0.0194978 -0.0117301   0.00151655  -0.00046305 -0.000586117     0.017304    0.0470777 -0.000738325 0.679208        0        0
             75.6003 -1.82317 -7.21494 -92.3365 -17.7003 -19.1321 0.518547 0.0429569 0.0269842 0.0669398   0.00154943 -0.000506994 -0.000606266  0.0176026  0.0479775 -0.0016365 0.679223        0        0
             75.7002 -1.82034 -7.32027 -91.1563 -17.6896  -19.138 0.508201   0.0860297  -0.0135847 -0.00871248   0.00151437 -0.000456049 -0.000593189     0.017297    0.0476202 -0.000813865 0.678092        0        0
             75.7002 -2.02099 -7.07471 -91.1157 -17.6931 -19.1341 0.518439 0.0620989 0.0185743 0.0676068   0.00156484 -0.000519847  -0.00060621   0.0175287   0.0479937 -0.00169745 0.678062        0        0
             75.8001 -1.89761 -7.38905 -89.4181 -17.6821 -19.1397 0.503588   0.0948232 -0.00550546  -0.0351922   0.00152659 -0.000458882 -0.000598445    0.0172358    0.0477102 -0.000649281 0.676804        0        0
             75.8001  -2.0469 -7.21389 -89.3522 -17.6877 -19.1382 0.512221  0.0540354 0.00414512  0.0300379   0.00155891 -0.000507951 -0.000618191  0.0172083  0.0482262 -0.0013716 0.676766        0        0
             75.8999 -1.35248 -7.11721  -87.384  -17.677 -19.1441 0.510698  0.0947913 -0.0310842  0.0169595   0.00149769 -0.000467188 -0.000614742   0.0169237   0.0479695 -0.00111655 0.678336        0        0
             75.8999 -1.51632 -6.90005 -87.3659 -17.6822 -19.1392 0.516691 0.0577258 0.0133198  0.061697    0.0015351 -0.000519279  -0.00062019   0.0173414   0.0484698 -0.00167037 0.678321        0        0
             76.0002 -0.873735  -7.08699  -85.5932  -17.671 -19.1467 0.510925  0.0936759 -0.0374176  0.0133287   0.00148302 -0.000462532 -0.000609803   0.0169876   0.0481934 -0.00102208 0.678928        0        0
             76.0002 -1.06271  -6.8952 -85.5847 -17.6754 -19.1414  0.51463 0.0618291 0.0122032 0.0396423   0.00152704 -0.000501948  -0.00061135 0.0174938 0.0486038 -0.001375 0.678943        0        0
                76.1 -0.858213  -6.74489  -83.7898 -17.6643 -19.1477 0.509586   0.0881309  -0.0261057 -0.00881379   0.00148554 -0.000459474 -0.000604031     0.017157    0.0483472 -0.000931709 0.679814        0        0
                76.1 -1.01535 -6.55237 -83.7817 -17.6665 -19.1443  0.51237   0.072762 0.00528015  0.0111628   0.00152591 -0.000504625 -0.000606407  0.0174827  0.0485398 -0.0011921 0.679823        0        0
             76.1998 -0.823923  -6.46533  -82.5312 -17.6575 -19.1547 0.509994     0.075435   -0.0571438 -2.59515e-05   0.00148165 -0.000471572 -0.000596084    0.0169326    0.0484416 -0.000960621 0.681731        0        0
             76.1998 -0.989931  -6.31171  -82.5493 -17.6609 -19.1531 0.509093   0.0492824   -0.041446 -0.00787494   0.00152291 -0.000511261 -0.000590397    0.0171317    0.0487383 -0.000893124 0.681735        0        0
             76.3005 -0.684145  -5.76048  -82.0358 -17.6525 -19.1673 0.505818  0.0514765 -0.0912227 -0.0105109   0.00148129 -0.000480363 -0.000575791    0.0166234    0.0485412 -0.000697291 0.680158        0        0
             76.3005 -0.831573   -5.5984  -82.0449 -17.6584 -19.1631 0.505512 0.00676551 -0.0499412   -0.01477   0.00151148 -0.000513927 -0.000571654    0.0171171    0.0490227 -0.000699291 0.680194        0        0
             76.4003 -0.853376  -5.61773   -82.296 -17.6544 -19.1751 0.506905  0.0134542 -0.0603317 0.00234657   0.00146937 -0.000485214 -0.000555337   0.0165943   0.0488501 -0.00078128 0.683356        0        0
             76.4003  -1.0809 -5.51185 -82.2674 -17.6628 -19.1663 0.506716  -0.0513716   0.0270763 -0.00306277   0.00152934 -0.000503275 -0.000561709    0.0176002    0.0495203 -0.000817445 0.683421        0        0
             76.5002 -1.59587 -5.75769 -83.0149 -17.6626 -19.1746  0.50236 -0.0405847 -0.0380094 -0.0135941   0.00148496 -0.000451866 -0.000540448    0.0170358    0.0492528 -0.000556316 0.681592        0        0
             76.5002 -1.76477 -5.56896 -82.9812 -17.6666 -19.1676 0.504168  -0.0707347    0.030198 -0.00205629   0.00153574 -0.000517146 -0.000552608    0.0179033    0.0495824 -0.000771202 0.681597        0        0
                76.6 -1.81539 -5.47878 -84.2466  -17.674 -19.1762 0.505869 -0.0810869 -0.0149114 0.00529752   0.00148874 -0.000474918 -0.000532411   0.0171266   0.0495942 -0.00082045 0.683639        0        0
                76.6 -2.00211 -5.32567 -84.2108 -17.6762 -19.1713 0.506437  -0.097093  0.0335855 0.00797552   0.00154561   -0.0005241 -0.000545325    0.0177279    0.0497808 -0.000908909 0.683648        0        0
             76.6999 -1.79348    -5.43  -85.454 -17.6819 -19.1785 0.502703  -0.0667386 -0.00288512  -0.0213944   0.00149375 -0.000467795 -0.000526048    0.0170186    0.0496132 -0.000649648 0.682715        0        0
             76.6999 -1.94782 -5.24785 -85.3841 -17.6848 -19.1749 0.505232 -0.0882066  0.0311494 -0.0034104   0.00153493  -0.00051672 -0.000547347   0.0174239   0.0498823 -0.00089824 0.682737        0        0
             76.8001 -1.79442 -5.57497 -86.5351 -17.6887 -19.1832 0.499163 -0.0435385 -0.0320066 -0.0117317   0.00149537 -0.000470056  -0.00053074    0.0167901    0.0497036 -0.000509549 0.682997        0        0
             76.8001 -1.96871 -5.41793 -86.4699 -17.6916  -19.178 0.501887 -0.0646356  0.0184521 0.00747072   0.00154458 -0.000507198 -0.000551661    0.0173328     0.049966 -0.000772667 0.683035        0        0
                76.9 -1.39414 -5.24334 -86.8417 -17.6936  -19.184 0.497219 -0.0193613 -0.0249916 -0.0177638   0.00149756 -0.000463246 -0.000542175     0.016958    0.0498122 -0.000465177 0.684394        0        0
                76.9 -1.55052 -5.01546 -86.7575 -17.6985   -19.18  0.50333 -0.0556975  0.0107913  0.0279632    0.0015414 -0.000532808 -0.000570046   0.0173419   0.0502731 -0.00101433 0.684336        0        0
             76.9998 -0.836144  -4.90868  -86.4572 -17.6998 -19.1869  0.49952  0.00317168   -0.018524 -0.00817984   0.00149093 -0.000488089 -0.000558283    0.0168607    0.0501585 -0.000669225 0.683814        0        0
             76.9998 -0.997203  -4.78367  -86.3704 -17.7051 -19.1852 0.502406  -0.0361765 -0.00374086   0.0132968   0.00154228 -0.000528823 -0.000586743     0.017015    0.0506569 -0.000924697 0.68382       0       0
             77.1005 -0.0122779   -4.54961   -85.2856 -17.7044  -19.193 0.493859 0.0296575 -0.036295  -0.03675   0.00148311 -0.000466482 -0.000584893   0.0166238   0.0505594 -0.00041408 0.683646        0        0
             77.1005 -0.169642  -4.36215  -85.2491  -17.706 -19.1906 0.499419  0.0190477 -0.0153336 0.00538506   0.00153097 -0.000524418 -0.000596618    0.0168505    0.0507208 -0.000945576 0.683607        0        0
             77.2003 0.420171 -4.26393 -83.7394 -17.6988  -19.198 0.494173  0.0931083 -0.0206895 -0.0234384   0.00148187 -0.000471836 -0.000586673    0.0163995    0.0506012 -0.000639472 0.684215        0        0
             77.2003 0.220772 -4.11264  -83.686  -17.703  -19.194 0.498194  0.0630695  0.0167792 0.00640518   0.00154076 -0.000515862 -0.000602701   0.0168255    0.050984 -0.00102889 0.684196        0        0
             77.3001 0.260657 -4.02267 -81.4345 -17.6903 -19.1949 0.494179   0.146736 0.00257794 0.00221566   0.00149616 -0.000461329 -0.000604447    0.0166946    0.0508158 -0.000730391 0.684269        0        0
             77.3001 0.103467 -3.86109 -81.4041 -17.6935 -19.1932 0.497562  0.123454 0.0178836 0.0278244    0.0015425 -0.000509606 -0.000613593   0.0168729   0.0511008 -0.00104839 0.684278        0        0
                77.4 0.185613  -4.2061  -78.629 -17.6768 -19.1959 0.497563    0.213181 -0.00526769   0.0145078   0.00149078 -0.000457442  -0.00061955     0.016632    0.0511089 -0.000887422 0.685938        0        0
                77.4 0.0571337  -4.07002  -78.6195 -17.6801 -19.1957 0.500009    0.188088 -0.00482903   0.0336164    0.0015292 -0.000499211 -0.000622163    0.016652    0.051415 -0.00111687 0.685935        0        0
             77.4998 0.625582 -4.07582 -75.9739 -17.6594 -19.2027 0.504185   0.233276 -0.0424633  0.0336572   0.00147275 -0.000454263 -0.000628154   0.0162584   0.0514897 -0.00115885 0.690002        0        0
             77.4998 0.476648 -3.90284 -76.0143 -17.6638 -19.1997 0.500519   0.199223 -0.0107661 0.00321258   0.00151784 -0.000506612  -0.00061562    0.0167117    0.0518572 -0.000829539 0.69002       0       0
             77.6005 0.396954   -4.114 -74.1156 -17.6409 -19.2068 0.504335   0.229478 -0.0177665  0.0201532   0.00147216 -0.000469461 -0.000610044    0.0162643    0.0518019 -0.000997798 0.690636        0        0
             77.6005 0.193432  -4.0283 -74.1458  -17.645 -19.2027 0.500757    0.197035   0.0253417 -0.00953876   0.00153287 -0.000493623 -0.000600423     0.016859    0.0521108 -0.000683823 0.690648        0        0
             77.7004 0.629473 -4.74211 -72.0129 -17.6203  -19.205 0.503745  0.246901 0.0093457 0.0179622   0.00147012 -0.000436543 -0.000598907    0.0164349    0.0520097 -0.000828655 0.690737        0        0
             77.7004 0.540566  -4.5676 -72.0058 -17.6208 -19.2007  0.49949   0.242107  0.0554891 -0.0172009   0.00149758 -0.000480653 -0.000601037    0.0170103    0.0519607 -0.000451916 0.690738        0        0
             77.8002 0.369983 -4.85642 -69.9606  -17.602 -19.2005 0.506378  0.214759 0.0451151  0.014008   0.00144775 -0.000458221 -0.000605449    0.0166834    0.0523154 -0.000889099 0.692318        0        0
             77.8002 0.135427  -4.7838 -69.9863 -17.6006 -19.1997 0.498717   0.226322   0.056428 -0.0461645   0.00152159 -0.000477162 -0.000597358    0.0168305    0.0521817 -0.000192892 0.692312        0        0
             77.9001 0.475252 -5.13135 -67.5109 -17.5771 -19.1985 0.506241  0.207823 0.0506436 0.0176678   0.00146134 -0.000429187 -0.000604322    0.0163776    0.0521393 -0.000782146 0.689632        0        0
             77.9001 0.385969 -4.94339 -67.5069 -17.5788 -19.1962 0.500471   0.192751  0.0762159 -0.0280087   0.00148735 -0.000481774 -0.000605315    0.0167651    0.0522311 -0.000280359 0.689626        0        0
             77.9999   0.8949 -6.02081 -65.1065 -17.5647 -19.1946 0.511766  0.126586 0.0458739 0.0411239    0.0014296 -0.000460613  -0.00061223    0.0163738    0.0524431 -0.000925213 0.692408        0        0
             77.9999 0.732245 -5.99201  -65.162  -17.567 -19.1934 0.502298   0.105817  0.0637222 -0.0323162    0.0014775 -0.000465596 -0.000594268    0.0167167    0.0526171 -9.48579e-05 0.692436        0        0
             78.1001 0.616075 -6.17482 -63.0747 -17.5537 -19.1928 0.513896 0.0703756 0.0110846 0.0374421   0.00143516 -0.000429349 -0.000597026    0.0162554     0.052399 -0.000831628 0.692454        0        0
             78.1001 0.406176 -6.01591 -63.1172 -17.5579 -19.1905 0.502449  0.0326499  0.0429497 -0.0516391    0.0014955 -0.000471936 -0.000583086   0.0168647   0.0526874 0.000153016 0.692375        0        0
                78.2 -0.014468  -6.55608  -61.7182 -17.5589 -19.1979 0.512654  -0.0176933 -0.00845945   0.0205071   0.00144578 -0.000447643  -0.00058305    0.016172   0.0529862 -0.00056138 0.694446        0        0
                78.2 -0.179949  -6.49338  -61.7588 -17.5629 -19.1923  0.50245 -0.0560958  0.0568593 -0.0596106   0.00149479 -0.000452194 -0.000569288   0.0171542   0.0530936 0.000291508 0.694404        0        0
             78.2998 -0.338649  -6.78068  -59.7829 -17.5622 -19.1789 0.516149 -0.0252493   0.103509  0.0328439    0.0014362 -0.000427545  -0.00057935    0.0172139    0.0526092 -0.000672822 0.693027        0        0
             78.2998 -0.560735  -6.70323  -59.7823 -17.5618 -19.1784 0.503564 -0.0244014   0.115282 -0.0638936   0.00150258 -0.000445537 -0.000579516   0.0174581   0.0525628 0.000448613 0.692977        0        0
             78.4004 -1.18474  -7.0112 -57.9325 -17.5663 -19.1807 0.520216 -0.0214174   0.051121  0.0259698   0.00143105 -0.000424297 -0.000582455    0.0166047    0.0530255 -0.000700073 0.695629        0        0
             78.4004 -1.41704 -6.89291 -57.9562 -17.5674 -19.1803 0.505568 -0.0328738  0.0625961 -0.0847623   0.00149867  -0.00045518 -0.000576211   0.0169338   0.0530907 0.000558303 0.695571        0        0
             78.5003 -2.23031 -6.99573  -55.959 -17.5623 -19.1713 0.515212 0.00581241  0.0869188 -0.0181617   0.00144519 -0.000434329 -0.000575526    0.0166567    0.0526611 -0.000369826 0.695067        0        0
             78.5003 -2.43209 -6.94145 -55.9428 -17.5654 -19.1694 0.506719 -0.0244149   0.112855 -0.0836601   0.00150041 -0.000441243 -0.000580572   0.0171633    0.052807 0.000325364 0.695036        0        0
             78.6001 -1.73934 -6.92226 -53.4346 -17.5604 -19.1618 0.519852 0.0553934 0.0987178 0.0253812   0.00142069 -0.000419017 -0.000576762   0.0166457   0.0527041 -0.00064851 0.694907        0        0
             78.6001 -1.82315 -6.81929  -53.408 -17.5645 -19.1588 0.511021  0.0149188   0.136068 -0.0462706   0.00144066 -0.000437723 -0.000585241   0.0173414   0.0528365 9.41269e-05 0.694867        0        0
             78.7001 -0.786266  -6.18125  -50.6305 -17.5591 -19.1486  0.52085   0.0638789    0.157585 -0.00538251   0.00137224 -0.000420919 -0.000583656    0.0168992    0.0529225 -0.000646739 0.700635        0        0
             78.7001 -1.02802 -6.06023 -50.6187 -17.5658 -19.1463 0.514892 0.00166072   0.191255 -0.0528738   0.00143595 -0.000443603 -0.000586749     0.017674      0.05327 -0.000179321 0.700593        0        0
             78.7999 -0.494203  -6.28917  -47.9452 -17.5655 -19.1369 0.525175 0.0497892  0.192312 0.0105161   0.00136654 -0.000421827  -0.00058411    0.0169843    0.0537935 -0.000885781 0.707647        0        0
             78.7999 -0.68198 -6.27833 -47.9551 -17.5693 -19.1383  0.51327  0.0139556   0.189876 -0.0777637   0.00141681 -0.000418156 -0.000580346    0.017334   0.0541199 0.000129241 0.707598        0        0
             78.9001 -0.651096  -7.03865  -46.1174 -17.5582 -19.1229 0.522142   0.11028  0.182448 0.0148822   0.00136784 -0.000397719 -0.000578558    0.0167964    0.0540125 -0.000578939 0.709034        0        0
             78.9001 -0.905183  -6.97545  -46.1734 -17.5609  -19.119 0.514385  0.0795029   0.228204 -0.0455627   0.00144529 -0.000394747 -0.000563371 0.0174737 0.0539416 4.623e-05 0.708985        0        0
                  79 -1.72678 -6.88702 -45.2294 -17.5472 -19.0981 0.523944   0.150636   0.262686 0.00270924   0.00139075 -0.000373265 -0.000557955    0.0170552    0.0539915 -0.000678173 0.709929        0        0
                  79 -1.83476 -6.74705 -45.2847 -17.5502 -19.1013 0.512866   0.123509   0.241485 -0.0778439   0.00141579 -0.000414606  -0.00054226   0.0172041    0.054364 0.000227649 0.709907        0        0
             79.0998 -2.01419 -7.16136 -43.6876 -17.5135 -19.0542 0.517666   0.276825    0.40147 -0.0218334     0.001418 -0.000397643 -0.000549601   0.0170688   0.0529574 -0.00034031 0.712803        0        0
             79.0998 -2.12943 -7.13586 -43.6515 -17.5199 -19.0597 0.510669   0.221838   0.361253 -0.0731657   0.00143365 -0.000403039 -0.000558524   0.0172509    0.053687 0.000239105 0.712774        0        0
             79.2005 -2.16902 -7.67703 -42.5892 -17.4888 -19.0275 0.517138   0.326419   0.369444 -0.0197651   0.00137134 -0.000359662 -0.000553885    0.0166942    0.0537534 -0.000400917 0.711216        0        0
             79.2005  -2.3497 -7.52712 -42.6105 -17.4932 -19.0244 0.512233   0.280982   0.406237 -0.0589225   0.00142276 -0.000387166  -0.00055019    0.0173963    0.0538055 -4.38156e-05 0.711188        0        0
             79.3003 -2.49064 -7.34636 -41.3256 -17.4635 -18.9879 0.518857    0.333588    0.432226 -0.00288496   0.00137798 -0.000372572 -0.000545343    0.0170973    0.0541087 -0.000566316 0.718336        0        0
             79.3003 -2.59256 -7.20869 -41.2908 -17.4669 -18.9867 0.515113   0.299284   0.449396 -0.0326594   0.00140645 -0.000408161 -0.000558202    0.0175478    0.0542178 -0.000287032 0.718338        0        0
             79.4001 -2.04149 -7.25574   -39.28 -17.4223 -18.9316 0.517204    0.39061   0.544553 -0.0259549   0.00137347 -0.000373503  -0.00056094    0.0171957    0.0535688 -0.000580716 0.717177        0        0
             79.4001 -2.15914 -7.16731 -39.2422 -17.4223 -18.9263 0.516349   0.383879   0.593448 -0.0347808   0.00140888 -0.000401948 -0.000573773    0.0176509    0.0532031 -0.000552584 0.717196        0        0
                79.5  -1.7864 -7.10938 -36.9372 -17.3838 -18.8751 0.519075  0.414876  0.553011 -0.020465   0.00135038 -0.000361635 -0.000568239    0.0173066    0.0535874 -0.000859752 0.721641        0        0
                79.5 -2.01484 -7.00389 -36.9137 -17.3761 -18.8659 0.516017   0.476924   0.630913 -0.0450767   0.00141575 -0.000387319 -0.000575942    0.0173618    0.0524303 -0.000620258 0.72167       0       0
             79.5998  -1.9398 -6.61186 -33.6535 -17.3361 -18.8186 0.515209   0.458346   0.532112 -0.0178853   0.00135523 -0.000372815 -0.000568438    0.0171722    0.0532893 -0.000739035 0.723502        0        0
             79.5998  -2.2954 -6.54479 -33.5843 -17.3335 -18.8135 0.512894   0.476617   0.575784 -0.0346899   0.00146264 -0.000382692 -0.000590242     0.017318    0.0528043 -0.000581704 0.723496        0        0
             79.7001 -1.66483  -6.2437 -29.3386 -17.2866 -18.7671 0.502521   0.498087   0.500561 -0.0536088   0.00135859 -0.000350325 -0.000581023    0.0171379    0.0532208 -0.000183649 0.726109        0        0
             79.7001 -1.64628 -6.19542 -29.3039 -17.2918 -18.7694 0.499366   0.449207    0.48801 -0.0781538   0.00133923 -0.000355113 -0.000588135   0.0175333   0.0535986 5.76396e-05 0.726087        0        0
                79.8 -1.87977 -5.82672 -24.9982 -17.2428 -18.7311  0.48897  0.476704  0.398075 -0.101451   0.00130925 -0.000317117 -0.000585825   0.0171812   0.0538313 0.000187293 0.727308        0        0
                79.8  -2.1727 -5.64845 -25.0208 -17.2413  -18.721 0.501307   0.489644   0.479751 -0.0138849   0.00141899 -0.000348476 -0.000585186   0.0173807   0.0530644 -0.00082155 0.72733       0       0
             79.8998 -2.56984 -5.84867 -21.3541 -17.2007 -18.6902 0.498807    0.425492    0.345554 -0.00940965   0.00132629 -0.000311938 -0.000569981    0.0173463    0.0537398 -0.000747644 0.725581        0        0
             79.8998 -2.80453 -5.76498  -21.392 -17.2016 -18.6831  0.50506  0.415506  0.405619 0.0357151   0.00141251 -0.000325263 -0.000560128   0.0176595   0.0532293 -0.00129202 0.725565        0        0
             80.0005 -2.52051 -7.16194 -18.0691 -17.1682 -18.6555 0.493803   0.332553   0.323885 -0.0104535   0.00130134 -0.000257874 -0.000544703    0.0178276    0.0537883 -0.000521059 0.723092        0        0
             80.0005 -2.68817 -7.03748 -18.0692 -17.1622 -18.6486  0.50247  0.395742  0.373965 0.0540534   0.00135949 -0.000288541  -0.00054563   0.0172451   0.0530619 -0.00125048 0.723049        0        0
             80.1003 -2.21204 -8.87438 -15.5828 -17.1372 -18.6317 0.494086   0.300697   0.252788 -0.0101076   0.00127267 -0.000226239 -0.000530907    0.0177102    0.0541243 -0.000556579 0.72659       0       0
             80.1003 -2.27556 -8.64079 -15.6912 -17.1364 -18.6252 0.503287   0.31343  0.304232 0.0557173   0.00129974 -0.000297798 -0.000499717   0.0176624    0.053546 -0.00136841 0.726582        0        0
             80.2001 -1.29441 -9.26268  -15.066 -17.1212 -18.6118 0.497625    0.150512    0.204806 -0.00265343   0.00124912 -0.000278804 -0.000490462     0.018146    0.0544699 -0.000848516 0.726557        0        0
             80.2001 -1.29902  -9.1302 -15.1938 -17.1198 -18.6098 0.501989  0.169363  0.219685 0.0302618   0.00125772 -0.000321324 -0.000452558   0.0179254     0.05427 -0.00122029 0.726563        0        0
                80.3 -1.57935 -9.44216 -16.2684 -17.0929 -18.5927 0.504278 0.203608 0.150401 0.059334   0.00126396 -0.000267188  -0.00044858   0.0172004   0.0542185 -0.00106033 0.736454        0        0
                80.3 -1.66436  -9.2752 -16.3807 -17.0934 -18.5882 0.505384  0.199756   0.18774 0.0662885   0.00129639 -0.000319854 -0.000414815   0.0173354   0.0538028 -0.00118095 0.736467        0        0
             80.3998 -2.46206 -8.89704 -19.5385 -17.0723  -18.573 0.524202 0.150985 0.135171 0.143352   0.00130004 -0.000312896 -0.000403962 0.0170055 0.0538337 -0.001652 0.726499        0        0
             80.3998 -2.70253 -8.77422 -19.5956 -17.0693 -18.5636 0.516919  0.176995  0.216382 0.0893028   0.00137732 -0.000356407 -0.000388647   0.0170312   0.0528281 -0.00102416 0.72651       0       0
             80.5004 -2.50283 -9.49511 -24.4748 -17.0802 -18.5726 0.519048 -0.0368675  0.0431898  0.0734712   0.00132672 -0.000315376 -0.000370708    0.0181786    0.0546451 -0.000684492 0.726104        0        0
             80.5004  -2.8105  -9.4157 -24.5037 -17.0743  -18.559 0.520961 0.0207472  0.150027 0.0882674   0.00142493  -0.00035224 -0.000362843    0.0178292    0.0532526 -0.000862729 0.726111        0        0
             80.6003 -2.44064 -9.10398 -29.7816 -17.0725 -18.5522 0.522084 -0.0199427   0.093885  0.0569441   0.00134793  -0.00032224 -0.000354753     0.017692    0.0534962 -0.000415102 0.715667        0        0
             80.6003 -2.71173 -8.92573 -29.7115 -17.0642 -18.5414 0.525165 0.0660775  0.177539 0.0845082    0.0014345 -0.000396154 -0.000380842     0.017054    0.0522274 -0.000701527 0.715681        0        0
             80.7002  -2.1254 -9.51904 -34.2966 -17.0595 -18.5334 0.527312  0.0133236   0.120353 0.00475427   0.00136397 -0.000340392 -0.000359685    0.0168298    0.0526563 -0.000483077 0.718649        0        0
             80.7002 -2.50274  -9.3768 -34.1298 -17.0595 -18.5263 0.532741 0.0130278  0.177215 0.0420438   0.00147793 -0.000386685 -0.000412166    0.0170568    0.0521181 -0.000998369 0.718644        0        0
                80.8 -2.12823 -8.89486 -38.2922 -17.0833 -18.5361 0.524696  -0.155706  0.0235813 -0.0414463   0.00137464  -0.00033817 -0.000381653    0.0177152    0.0537399 -0.000508201 0.723064        0        0
                80.8  -2.5015 -8.68137 -38.1306 -17.0782 -18.5256 0.532318 -0.110444   0.10337 0.0126936    0.0014897 -0.000410801 -0.000435319    0.017658   0.0527309 -0.00119174 0.723081        0        0
             80.8999 -2.47802 -8.53152 -41.7251 -17.1056 -18.5384 0.534662  -0.214496 -0.0157638  0.0243337   0.00141199 -0.000372506 -0.000412172   0.0176979   0.0540372 -0.00117538 0.718834        0        0
             80.8999 -2.74258 -8.43464 -41.5873 -17.0989 -18.5258 0.535514 -0.165854  0.083892  0.029782   0.00149758 -0.000406755 -0.000457479   0.0179113   0.0528031 -0.00132455 0.718828        0        0
             81.0001 -2.38445 -8.73884 -44.7123 -17.1315 -18.5396 0.540887  -0.245061 -0.0339263  0.0565934   0.00141409 -0.000371114 -0.000440713    0.017895   0.0540791 -0.00133424 0.716036        0        0
             81.0001 -2.62145 -8.61476 -44.6319  -17.126 -18.5323 0.536783 -0.205416 0.0253193 0.0283383   0.00148836 -0.000412363 -0.000467795   0.0180457   0.0532688 -0.00105061 0.716044        0        0
             81.0999 -2.51384 -9.12341 -47.2256 -17.1533 -18.5411 0.552042  -0.231541 -0.0293506  0.0867202   0.00143318 -0.000384132 -0.000460411   0.0178155   0.0539175 -0.00157797 0.716082        0        0
             81.0999  -2.6182 -9.00857 -47.1892 -17.1425 -18.5318 0.539938   -0.15169  0.0473272 0.00205104   0.00147449 -0.000424068 -0.000474927    0.0179221    0.0526021 -0.000629038 0.715992        0        0
             81.1998 -2.48561 -9.71327 -49.0106 -17.1602  -18.541 0.547097  -0.153742 -0.0294604  0.0269945   0.00144668 -0.000391535 -0.000473839    0.0174126    0.0531939 -0.000897847 0.711316        0        0
             81.1998 -2.62968 -9.57763 -48.9694 -17.1604 -18.5384 0.540897    -0.161156 -0.000329726   -0.0191408   0.00149059 -0.000428034 -0.000487793    0.0178075    0.0530205 -0.000418025 0.711292        0        0
             81.3004 -2.52248 -9.92809 -50.0871 -17.1777 -18.5472 0.548761  -0.144402 -0.0510519  0.0189539   0.00144816 -0.000396789 -0.000481857   0.0174309   0.0534138 -0.00085649 0.705406        0        0
             81.3004 -2.68842 -9.77492 -50.0123 -17.1817 -18.5453 0.540805  -0.184491  -0.021953 -0.0404292   0.00149218 -0.000433106 -0.000505001     0.018107    0.0535314 -0.000260217 0.705404        0        0
             81.4003 -2.62044 -9.54076 -50.3943  -17.196 -18.5479 0.544121   -0.14916 -0.0322522  -0.019162   0.00145228 -0.000401091 -0.000504044   0.0179242   0.0534022 -0.00063896 0.705682        0        0
             81.4003 -2.75539 -9.39052 -50.3537 -17.2001 -18.5504 0.539488  -0.183128 -0.0487499 -0.0522222   0.00148303 -0.000443344 -0.000516462    0.0181046     0.053811 -0.000259694 0.705684        0        0
             81.5001  -2.2565  -9.3996 -50.1934 -17.2165  -18.554  0.54821  -0.143834 -0.0206726 0.00174395   0.00143604 -0.000420504 -0.000513565    0.0179138    0.0538425 -0.000929019 0.708675        0        0
             81.5001 -2.45812 -9.32722 -50.1294 -17.2192 -18.5564 0.540549  -0.166969 -0.0354274 -0.0530329   0.00148803 -0.000441041  -0.00053217    0.0180667    0.0541366 -0.000293165 0.708683        0        0
             81.5999 -2.07327 -9.60332 -49.5321 -17.2276 -18.5605 0.550659 -0.0716041 -0.0336875  0.0156896   0.00142961 -0.000406147  -0.00052941    0.0176495    0.0540072 -0.000997686 0.708643        0        0
             81.5999  -2.1649 -9.47117 -49.5227 -17.2309 -18.5614 0.542144  -0.102451 -0.0320931 -0.0463002    0.0014529  -0.00044271 -0.000532778    0.0180176    0.0542429 -0.000315285 0.708647        0        0
             81.6999 -2.25447 -9.24602 -48.1084 -17.2297   -18.56 0.542361   0.022787    0.03227 -0.0273015   0.00144587    -0.000413 -0.000533857    0.0178123    0.0539207 -0.000528741 0.708444        0        0
             81.6999 -2.43912 -9.11938 -48.0402 -17.2336 -18.5599 0.538418 -0.0126695  0.0411656 -0.0574048   0.00149477 -0.000441892 -0.000555829    0.0182311    0.0541737 -0.000223452 0.708436        0        0
             81.8001 -1.30536 -8.85038 -45.3891 -17.2212 -18.5502 0.545559     0.1192   0.127207 -0.0227961   0.00143291 -0.000411976 -0.000556879    0.0177622    0.0538105 -0.000887975 0.711596        0        0
             81.8001 -1.40314 -8.72521 -45.3263 -17.2255 -18.5463 0.540378  0.0750664   0.173741 -0.0643664   0.00145806 -0.000425308 -0.000578023    0.0185637    0.0538292 -0.000528825 0.711603        0        0
             81.8999 -0.337991  -8.61934  -42.3256 -17.2105 -18.5297 0.542949   0.166896   0.202853 -0.0265748   0.00139496 -0.000401848  -0.00057416    0.0181662    0.0538101 -0.000932884 0.717578        0        0
             81.8999 -0.536998  -8.56966  -42.2989 -17.2104 -18.5237 0.536138   0.156267   0.263786 -0.0785712    0.0014612 -0.000401444 -0.000584393     0.018825    0.0534169 -0.000445834 0.717579        0        0
             81.9998 -0.438182  -8.41384  -39.8731  -17.209 -18.5186 0.537505   0.139795   0.211884 -0.0293946   0.00138211 -0.000387454 -0.000567784    0.0183973    0.0548576 -0.000764524 0.719313        0        0
             81.9998 -0.634645  -8.34406  -39.8867 -17.2071  -18.517  0.53311   0.153377   0.227596 -0.0604203    0.0014468 -0.000406219 -0.000565161     0.018467    0.0546372 -0.000419607 0.719312        0        0
             82.1004  -1.0353 -8.40224 -37.6398 -17.1848  -18.496 0.531629   0.235837   0.272728 -0.0393214   0.00140478 -0.000377743 -0.000561904    0.0180513    0.0547026 -0.000575403 0.719364        0        0
             82.1004 -1.24165 -8.32344 -37.6437 -17.1834 -18.4916 0.527706  0.241502  0.312389 -0.068113   0.00147353 -0.000393115 -0.000563202     0.018342    0.0543338 -0.000290787 0.719381        0        0
             82.2003 -1.25644 -8.52724 -35.2983 -17.1496  -18.456 0.528626     0.3478   0.401798 -0.0324077   0.00141515 -0.000364912 -0.000554712    0.0179867    0.0541562 -0.000613918 0.724161        0        0
             82.2003 -1.28856 -8.46008 -35.2821  -17.149 -18.4508 0.525073   0.344061     0.4481 -0.0591729   0.00143052 -0.000381343 -0.000562427    0.0183793     0.053767 -0.000371491 0.724177        0        0
             82.3001 -1.56085 -8.60812 -33.6468  -17.116 -18.4158 0.523351 0.391912 0.439262 -0.03999   0.00138349 -0.000340216  -0.00054986     0.018126    0.0543939 -0.000530221 0.724881        0        0
             82.3001 -1.64367 -8.46774 -33.7086 -17.1197 -18.4143 0.522724   0.354971   0.456842 -0.0471402   0.00140889 -0.000381164 -0.000533547   0.0186394   0.0544722 -0.00051692 0.724877        0        0
             82.3999 -1.88408 -8.18254  -32.477 -17.0779 -18.3736 0.517989   0.402513   0.476694 -0.0310169   0.00140164 -0.000346214 -0.000527251   0.0181165   0.0546382 -0.00041619 0.727292        0        0
             82.3999  -2.1237  -8.0243 -32.4334 -17.0715 -18.3574 0.525143  0.453013  0.607589 0.0188931   0.00149451 -0.000380146 -0.000546568   0.0183483   0.0531319 -0.00108986 0.727341        0        0
             82.4998 -1.40725 -8.27793 -31.4552 -17.0297 -18.3091 0.522123   0.433383   0.567455 0.00211672   0.00138957 -0.000334025 -0.000524996   0.0181221   0.0537902 -0.00079149 0.728251        0        0
             82.4998 -1.68864 -8.11754 -31.4624 -17.0277 -18.2987 0.526867  0.445046  0.651796 0.0331379   0.00149182 -0.000367252 -0.000527428   0.0184423   0.0529722 -0.00122499 0.728248        0        0
             82.6004  -1.4347 -8.60365 -30.7317 -16.9975 -18.2606 0.528144  0.377814    0.4996 0.0302223   0.00138046 -0.000308146 -0.000502721  0.0183944   0.054342 -0.0010582 0.722467        0        0
             82.6004 -1.57292 -8.41992 -30.7286 -16.9978 -18.2545 0.526952  0.369284  0.551578 0.0196272   0.00143183 -0.000348605 -0.000505782   0.0187859   0.0539068 -0.00101032 0.722461        0        0
             82.7003  -1.5943 -8.91586 -29.4531 -16.9574 -18.2143 0.520474   0.402392   0.422577 -0.0222833   0.00138698 -0.000321856 -0.000502679    0.0184048    0.0543019 -0.000570575 0.722845        0        0
             82.7003 -1.87658 -8.77826 -29.4078 -16.9557 -18.2067 0.528005  0.418982  0.484027 0.0316002    0.0014858 -0.000352643  -0.00051901   0.0184875    0.053679 -0.00120382 0.722834        0        0
             82.8002 -1.82379 -8.08199 -28.1473 -16.9114 -18.1729 0.523931     0.4674    0.34593 -0.0120537   0.00139551   -0.0003168 -0.000506251    0.0182816    0.0540397 -0.000882741 0.718103        0        0
             82.8002  -2.0907 -7.84828  -28.083 -16.9074  -18.166 0.529263   0.50514  0.398203 0.0257701   0.00149364 -0.000387578 -0.000533627    0.018139   0.0533866 -0.00130397 0.718102        0        0
                82.9 -2.49654 -7.91061 -26.7439 -16.8683 -18.1519 0.519972   0.481065   0.243892 -0.0323946   0.00138803 -0.000339978 -0.000502879    0.0182997    0.0546057 -0.000774421 0.722552        0        0
                82.9 -2.64131 -7.80347 -26.7223 -16.8693 -18.1441 0.526596  0.468031  0.305515 0.0112973   0.00143593 -0.000370892 -0.000511951 0.0186928 0.0540638 -0.001365 0.722546        0        0
             82.9998 -3.31443 -8.06537 -25.4603 -16.8221 -18.1259 0.520387    0.491473    0.213779 -0.00674997    0.0013945 -0.000318571 -0.000507313    0.0185967    0.0544952 -0.000982365 0.723995        0        0
             82.9998  -3.5138 -7.89168 -25.4469 -16.8208  -18.119 0.527619  0.504302  0.266993 0.0441972   0.00145581  -0.00037108 -0.000514565   0.0186509   0.0539031 -0.00163885 0.724007        0        0
             83.1005 -2.80843 -9.07274 -23.8464 -16.7692 -18.0985 0.523784  0.489312   0.23979 0.0234707   0.00137225 -0.000309309 -0.000496616   0.0184823   0.0541018 -0.00112867 0.722201        0        0
             83.1005 -2.99126 -8.91161 -23.8123 -16.7715  -18.096 0.531604   0.46973  0.260101 0.0771889   0.00142762 -0.000358172 -0.000509324   0.0187121   0.0540272 -0.00182912 0.722205        0        0
             83.2003 -2.48621 -9.84945 -22.0589 -16.7225 -18.0755 0.528017  0.496489  0.264792 0.0353151   0.00134878 -0.000290212 -0.000492733   0.0185389   0.0542737 -0.00123606 0.72931       0       0
             83.2003 -2.77449 -9.57855 -22.0303 -16.7239 -18.0744 0.529751  0.484677  0.275358 0.0463797   0.00143804 -0.000372616  -0.00050523   0.0187197   0.0542443 -0.00140551 0.729311        0        0
             83.3002 -2.01232 -7.71784 -20.5667 -16.6857 -18.0567 0.517625    0.413613     0.27559 -0.00817742   0.00135947 -0.000346631 -0.000497977    0.0192112    0.0549761 -0.000496939 0.724905        0        0
             83.3002 -2.10313 -7.51021 -20.6023  -16.683 -18.0522 0.527007  0.447911  0.308751 0.0617864    0.0013914 -0.000410928 -0.000490634   0.0188427   0.0545229 -0.00131921 0.724882        0        0
                83.4 -1.65855 -7.24877 -19.3382 -16.6246 -18.0144 0.523996  0.482427  0.373993 0.0112605   0.00134491 -0.000351043 -0.000481202    0.0180848     0.053963 -0.000822745 0.731139        0        0
                83.4 -1.86094 -7.23694 -19.3324 -16.6272 -18.0115 0.528651  0.457579  0.398965 0.0423728    0.0014095 -0.000353492 -0.000483185   0.0184055   0.0538038 -0.00126432 0.731141        0        0
             83.4998 -2.09388 -6.60826 -19.0635 -16.5906 -17.9841 0.519229   0.385973   0.405792 -0.0237694   0.00137736 -0.000315508 -0.000474464  0.0186936  0.0546997 -0.0005836 0.735937        0        0
             83.4998 -2.28738 -6.39761 -19.0713 -16.5932 -17.9798 0.533072  0.368988  0.439916 0.0741339   0.00143887 -0.000379713 -0.000474785   0.0188676   0.0544215 -0.00183629 0.735935        0        0
             83.6005 -1.88995 -7.25474 -19.9342 -16.5538 -17.9345 0.525012    0.34919   0.484639 -0.0179036   0.00137416 -0.000297664 -0.000455423   0.0186833   0.0544491 -0.00109923 0.745127        0        0
             83.6005 -1.99124 -7.08548 -19.9805  -16.559 -17.9292 0.532623   0.29916  0.527849 0.0331071   0.00140848 -0.000346006 -0.000443472   0.0193369   0.0541446 -0.00181829 0.745133        0        0
             83.7004 -0.712953  -6.77032  -22.2597 -16.5422 -17.8924 0.524544   0.186416   0.486312 -0.0319577   0.00136084 -0.000308448 -0.000433862   0.0197111    0.055173 -0.00133946 0.735384        0        0
             83.7004 -0.845258  -6.55735  -22.3017 -16.5349 -17.8848 0.529035   0.263583   0.543879 0.00401526   0.00140816 -0.000382836 -0.000423337   0.0190052   0.0542771 -0.00171651 0.735332        0        0
             83.8002 0.230571 -6.68426 -25.6252 -16.5026 -17.8346 0.522511  0.324461  0.541145 0.0151447   0.00136584 -0.000325222  -0.00041154   0.0186988   0.0544596 -0.00126232 0.738681        0        0
             83.8002 -0.00914295    -6.54008    -25.6787 -16.4989 -17.8265 0.524726  0.362462    0.6046 0.0314427   0.00144745 -0.000376086 -0.000396209   0.0185065   0.0536288 -0.00145546 0.738684        0        0
             83.9001 0.605804 -4.02716   -27.92 -16.4642 -17.7684 0.515699   0.298956   0.587235 -0.0102986   0.00138045  -0.00038681 -0.000390298    0.0186212    0.0536631 -0.000761138 0.730598        0        0
             83.9001 0.171435 -3.85449 -27.7715 -16.4583 -17.7591 0.522857 0.361519 0.657123 0.043932   0.00151717  -0.00044947 -0.000440346   0.0181931   0.0526533 -0.00136807 0.730612        0        0
             83.9999 0.000747029    -4.01355     -28.372  -16.427 -17.7044 0.520204    0.278523    0.612004 -0.00491495   0.00144704 -0.000361965 -0.000427254   0.0179317   0.0531814 -0.00108844 0.733011        0        0
             83.9999 -0.200934  -3.92208   -28.197 -16.4285 -17.6947 0.524798  0.258476  0.690275 0.0252149   0.00151681 -0.000385338 -0.000483469   0.0185234   0.0524483 -0.00149592 0.732998        0        0
             84.1001 -0.182802  -4.19387  -28.4562 -16.4247 -17.6509 0.516038   0.15571   0.57158 -0.034291   0.00141895 -0.000332644 -0.000464884    0.0192022    0.0540681 -0.000976783 0.732603        0        0
             84.1001 -0.50972 -4.10035 -28.3774 -16.4204 -17.6438 0.519764    0.194104    0.624668 -0.00568594   0.00152932  -0.00036493 -0.000488652   0.0190581   0.0533266 -0.00130895 0.732582        0        0
                84.2 -0.415986  -4.57306  -28.3387  -16.412  -17.603 0.508489   0.159922   0.514516 -0.0597731   0.00143361 -0.000298664 -0.000475563    0.0192286    0.0545482 -0.000823132 0.733418        0        0
                84.2 -0.572939  -4.37792   -28.276 -16.4058 -17.5968 0.514858   0.220692   0.556692 -0.0109442   0.00149224 -0.000363682 -0.000495525   0.0187994   0.0538056 -0.00137676 0.73338       0       0
             84.2998 -0.33215 -4.57539 -28.4046 -16.3908 -17.5571 0.503873   0.173521   0.491586 -0.0233125   0.00141277 -0.000336824 -0.000486643    0.0187798    0.0546535 -0.000814067 0.730358        0        0
             84.2998 -0.645041  -4.45941  -28.3965 -16.3836  -17.542 0.512451  0.238656  0.607543 0.0433144   0.00153011 -0.000372689 -0.000490397   0.0186577    0.053147 -0.00160211 0.730375        0        0
             84.4001 -0.774762  -4.94452  -28.9996 -16.3748 -17.5061 0.507063  0.163036  0.493245 0.0378981    0.0014386 -0.000305151 -0.000476923    0.0188183    0.0545757 -0.000980076 0.729997        0        0
             84.4001 -1.00623 -4.73272 -28.9809 -16.3672 -17.4918  0.51373  0.231209  0.602101 0.0888097   0.00152842 -0.000371927 -0.000483926  0.0186467  0.0531208 -0.0015812 0.729996        0        0
             84.4999 -1.56678 -4.66477 -29.3674 -16.3534 -17.4456 0.514966  0.217485  0.556408 0.0720607   0.00145402 -0.000341033 -0.000473103   0.0188942   0.0540101 -0.00114748 0.73164       0       0
             84.4999  -1.8489 -4.55153 -29.3254 -16.3486 -17.4343 0.519928 0.259422 0.644264 0.109793   0.00155489 -0.000375464 -0.000487631   0.0188938   0.0529152 -0.00161077 0.731624        0        0
             84.5998 -2.41426 -5.52685 -29.9297 -16.3271 -17.3856 0.522278  0.299297  0.580284 0.0744103   0.00147253 -0.000312464 -0.000475139   0.0189364   0.0538206 -0.00114689 0.730239        0        0
             84.5998 -2.67993 -5.35599 -29.9004 -16.3176 -17.3732 0.526786 0.386069 0.672101 0.110419   0.00157124 -0.000370086 -0.000486805   0.0185099   0.0524464 -0.00157896 0.730197        0        0
             84.7005 -2.91208 -4.92949 -31.3466 -16.2998 -17.3319  0.52697 0.330697 0.564299 0.071499   0.00146795 -0.000339315 -0.000464154    0.0191953    0.0541471 -0.000965708 0.728053        0        0
             84.7005 -3.13097 -4.74873 -31.2977  -16.293 -17.3238 0.535282 0.395917 0.621219 0.133771   0.00154692 -0.000399776 -0.000483547   0.0187956   0.0532639 -0.00170522 0.728043        0        0
             84.8003 -3.35692 -6.95431 -32.9041 -16.2635 -17.2802   0.5433  0.379781  0.576342 0.0955469   0.00146336 -0.000329719  -0.00045851   0.0188615   0.0544354 -0.00143371 0.729355        0        0
             84.8003 -3.59432 -6.84503 -32.8019 -16.2581 -17.2708 0.545123 0.423894 0.647673 0.108477   0.00155047 -0.000363051 -0.000491462   0.0188139   0.0535182 -0.00163038 0.729369        0        0
             84.9002 -2.57503 -8.43589 -35.6748 -16.2328 -17.2346 0.545708  0.397355  0.519274 0.0614207   0.00144482 -0.000293401 -0.000465603   0.0191124   0.0551792 -0.00110955 0.725154        0        0
             84.9002 -2.88579 -8.17103  -35.754 -16.2202 -17.2145 0.546707 0.499783  0.67189 0.069043   0.00158328 -0.000381525 -0.000449249  0.0190125  0.0531494 -0.0013162 0.725173        0        0
                  85 -1.62572 -7.81227 -39.3429 -16.1885 -17.1697 0.550046  0.411818   0.56067 0.0764911   0.00147203 -0.000348766 -0.000422225   0.0193789   0.0544865 -0.00103167 0.727482        0        0
                  85 -1.80588 -7.59864  -39.266  -16.177 -17.1582  0.54776  0.508888  0.645544 0.0617903    0.0015494 -0.000425442 -0.000452403     0.019037    0.0530864 -0.000889392 0.727448        0        0
             85.0998 -0.993986  -6.43649  -40.5752 -16.1274 -17.0981 0.554522  0.438859  0.612404 0.0613054   0.00149076 -0.000408379 -0.000440505    0.0188032    0.0531428 -0.000857528 0.725377        0        0
             85.0998 -1.26006 -6.32441 -40.3791 -16.1293 -17.0985 0.555529  0.422552  0.611946 0.0677271   0.00156235 -0.000438446 -0.000500578   0.0189492   0.0532868 -0.00094572 0.725376        0        0
             85.2005 -1.53791 -7.20081 -41.9162 -16.1099 -17.0594 0.563885 0.262939 0.547785 0.039025   0.00149365   -0.0003879 -0.000481212   0.0189319   0.0548338 -0.00107322 0.730051        0        0
             85.2005 -1.85694  -7.1647  -41.865 -16.1051 -17.0473 0.561388  0.29021 0.649871 0.018706   0.00160638 -0.000389524 -0.000495622    0.0194618    0.0537627 -0.000919111 0.730049        0        0
             85.3003 -1.90981 -8.41629 -43.1208 -16.0803 -16.9977 0.561915  0.250462  0.553043 -0.023122   0.00152131 -0.000338705 -0.000480467    0.0190029    0.0543648 -0.000929655 0.724187        0        0
             85.3003 -2.20913 -8.20429 -43.0324 -16.0777 -16.9844 0.559821   0.258028   0.668618 -0.0427709    0.0016296 -0.000378483 -0.000506347    0.0198046    0.0533692 -0.000832739 0.724172        0        0
             85.4002 -2.42911 -7.93148 -44.7661  -16.077 -16.9463 0.555997   0.125812   0.520945 -0.0369501   0.00151467 -0.000355541 -0.000484068    0.0198359    0.0550885 -0.000838468 0.728733        0        0
             85.4002 -2.59728 -7.72836 -44.7339 -16.0702 -16.9405 0.558579   0.182181    0.56204 -0.0177728   0.00158119 -0.000419279  -0.00049793   0.0196762    0.054362 -0.00105355 0.728729        0        0
                85.5 -2.60233 -7.95962 -45.8085 -16.0511 -16.8891 0.562491  0.173844  0.526278 0.0138366   0.00153296 -0.000400346  -0.00049208   0.0193504   0.0544419 -0.00124834 0.725     0     0
                85.5 -2.92942 -7.89538 -45.7228 -16.0398 -16.8739 0.559049  0.256339  0.651151 -0.012529   0.00166745   -0.0004129 -0.000522266   0.0196979    0.052862 -0.00105903 0.724999        0        0
             85.5998 -2.86031 -6.90983 -48.0499 -16.0347 -16.8456 0.560355  0.186469  0.466926 0.0131223   0.00152826 -0.000382854 -0.000498975   0.0191873   0.0547576 -0.00105223 0.725559        0        0
             85.5998  -3.1703 -6.69486 -48.0604 -16.0235 -16.8293  0.55514   0.264567   0.602108 -0.0272556   0.00166078 -0.000438658  -0.00050672    0.0197273    0.0531228 -0.000740965 0.725482        0        0
             85.7002 -3.08143 -6.49363 -50.6941 -16.0151 -16.7963 0.565513   0.22375  0.429372 0.0784455   0.00154971 -0.000415009 -0.000478368   0.0194175   0.0546154 -0.00109069 0.723403        0        0
             85.7002  -3.2351 -6.43956 -50.6424 -16.0027 -16.7812 0.562251  0.312876  0.552668 0.0540514   0.00162902 -0.000433382  -0.00050418    0.0198066    0.0529661 -0.000941096 0.723411        0        0
                85.8  -3.1971 -6.33997 -54.3215 -15.9964 -16.7643 0.571072  0.241318  0.377578 0.0435686   0.00154712 -0.000399722 -0.000482805    0.0192595    0.0551124 -0.000974018 0.723339        0        0
                85.8 -3.30856 -6.21666 -54.3614 -15.9868 -16.7512 0.569023 0.306974 0.487829 0.026429   0.00158844 -0.000447886 -0.000474671    0.0198226     0.053695 -0.000905054 0.723296        0        0
             85.8998 -3.24715 -7.58632  -58.562  -15.968  -16.726 0.573993   0.310858   0.402976 0.00981501   0.00155844  -0.00038683 -0.000460907   0.0190988   0.0550973 -0.00100226 0.722828        0        0
             85.8998 -3.37351 -7.44411 -58.5546 -15.9602 -16.7104 0.572043        0.36    0.546786 -0.00949202   0.00159478  -0.00044368 -0.000465271    0.0201921    0.0536334 -0.000979691 0.722715        0        0
             86.0005 -3.93769 -8.10125 -63.6935  -15.937 -16.6802 0.579233  0.344194  0.430858 0.0444059   0.00158702 -0.000388535 -0.000453238   0.0195166   0.0551228 -0.00120158 0.717069        0        0
             86.0005 -4.10094 -7.86982 -63.7056 -15.9265 -16.6667 0.572094   0.419202   0.557345 -0.0123979   0.00163211 -0.000473492 -0.000452861    0.0204537    0.0535704 -0.000722936 0.717114        0        0
             86.1003 -3.61376 -7.76669 -67.9884 -15.8946 -16.6229 0.573401     0.362969      0.52407 -0.000333583   0.00160948  -0.00043268 -0.000442179     0.019961    0.0543675 -0.000784436 0.71666       0       0
             86.1003 -3.68038 -7.53669 -67.8375 -15.8945 -16.6195 0.571195   0.363139   0.560129 -0.0186623   0.00162363 -0.000503368 -0.000493972    0.0204026    0.0541867 -0.000634618 0.716662        0        0
             86.2001 -3.29695 -6.23208 -70.2467 -15.8719 -16.5796 0.567852   0.272628   0.521879 -0.0158045   0.00159438 -0.000455012 -0.000499454    0.0197114    0.0551663 -0.000366379 0.714694        0        0
             86.2001 -3.54504   -6.036 -70.1258 -15.8718 -16.5788 0.570382   0.275387   0.527964 0.00300567   0.00166697 -0.000515847 -0.000541631    0.0197571    0.0551511 -0.000605614 0.714713        0        0
                86.3 -3.62516 -7.41244 -71.2525 -15.8457 -16.5309 0.575768   0.27345  0.554997 0.0234978   0.00163175 -0.000433675 -0.000538907    0.0191757    0.0554015 -0.000787971 0.718045        0        0
                86.3  -3.7627 -7.30825 -71.1683 -15.8439  -16.526 0.577592  0.288015  0.604279 0.0348969   0.00167209 -0.000466005 -0.000566634   0.0196855   0.0550898 -0.00101177 0.71807       0       0
             86.3998 -3.46559 -7.77001 -71.0218 -15.8155 -16.4682 0.584038  0.297472   0.57118 0.0379542   0.00161982 -0.000399978 -0.000574428   0.0196003   0.0551779 -0.00117442 0.716139        0        0
             86.3998 -3.63801 -7.48593 -70.9929 -15.8193 -16.4671 0.581856  0.267851  0.583559 0.0206236   0.00167193 -0.000486881   -0.0005888    0.0198912    0.0554892 -0.000978271 0.716138        0        0
             86.5005 -3.45782 -7.70759 -69.8688 -15.7972 -16.4127 0.581563  0.248716   0.60285 -0.014833   0.00163278 -0.000433365  -0.00059252    0.0195661     0.055835 -0.000884174 0.717061        0        0
             86.5005 -3.55583 -7.51074 -69.8297 -15.7946 -16.4067 0.584706   0.269368   0.661659 0.00636937    0.0016634 -0.000489869 -0.000607966   0.0201631   0.0554377 -0.00125778 0.717096        0        0
             86.6003 -2.99165 -7.41107 -67.6033 -15.7627 -16.3433 0.590511 0.316257 0.609286 0.033497     0.001614 -0.000420906 -0.000611584   0.0199744   0.0552707 -0.00154229 0.718626        0        0
             86.6003 -3.08914 -7.15826 -67.5787 -15.7649 -16.3442 0.586397   0.300068   0.602205 0.00252348   0.00164315  -0.00049866 -0.000623775    0.020022   0.0554667 -0.00115644 0.718606        0        0
             86.7002 -2.03297 -5.79349  -65.383 -15.7333 -16.2898 0.590368  0.374845  0.562085 0.0227162   0.00160592 -0.000475451 -0.000624017   0.0198006   0.0556511 -0.00129141 0.721381        0        0
             86.7002 -2.10842  -5.7006 -65.3907 -15.7329 -16.2881 0.581559   0.37588  0.584414 -0.044719   0.00162977 -0.000502573 -0.000623067   0.0201642   0.0555073 -0.00051767 0.721362        0        0
             86.8001 -0.909035  -5.50237    -62.88 -15.6955 -16.2507 0.587372    0.43963   0.449364 0.00295147   0.00156922 -0.000443463 -0.000614578    0.0189924    0.0561313 -0.000884648 0.725101        0        0
             86.8001 -1.09996 -5.36991 -62.8496 -15.6946 -16.2395 0.580025   0.440049   0.568132 -0.0557626   0.00162775  -0.00047451 -0.000625303    0.0203959     0.055587 -0.000333589 0.725008        0        0
             86.8999 -0.897216  -4.71919  -60.6877  -15.656 -16.1998 0.583107   0.461977   0.491076 -0.0340589  0.00157429 -0.00044588 -0.00061415    0.0195367    0.0563609 -0.000717546 0.723625        0        0
             86.8999 -1.06436 -4.59999 -60.6978 -15.6551 -16.1908 0.580504   0.464708   0.583921 -0.0580827   0.00162893 -0.000472433 -0.000612567    0.0205885    0.0558705 -0.000526359 0.723579        0        0
             87.0002 -1.47779 -4.82371 -58.8496 -15.6158 -16.1502 0.576088   0.478734   0.521517 -0.0504705   0.00158575  -0.00042476 -0.000606849    0.0196497    0.0568344 -0.000548654 0.724201        0        0
             87.0002 -1.65819  -4.7208 -58.8504 -15.6124 -16.1395 0.575778   0.500803   0.627754 -0.0569414   0.00164933 -0.000438742  -0.00060938    0.0206726    0.0560352 -0.000570443 0.724164        0        0
                87.1 -1.66944 -5.30096 -57.4635 -15.5629 -16.0935 0.574279   0.565863   0.568301 -0.0346999   0.00159475 -0.000399091 -0.000603838    0.0197835      0.05671 -0.000694312 0.726636        0        0
                87.1 -1.73894 -5.16231 -57.5129  -15.555 -16.0825 0.576127   0.625061   0.673019 -0.0247245   0.00163211 -0.000429584 -0.000592039    0.0205236    0.0555083 -0.000910046 0.726598        0        0
             87.1998 -1.28066 -5.84944 -56.7502 -15.4988 -16.0374 0.580583     0.65652    0.559768 -0.00746694   0.00157136 -0.000394352 -0.000583093  0.0195332  0.0565877 -0.0012209 0.730433        0        0
             87.1998 -1.34954 -5.66145 -56.8098 -15.4898 -16.0219 0.580029   0.717981    0.70481 -0.0183781   0.00161099 -0.000438291 -0.000567974   0.0206619   0.0550989 -0.00124031 0.730394        0        0
             87.3005 -0.829218  -4.48957  -56.3278 -15.4315  -15.978 0.581423   0.698552    0.56747 0.00341339   0.00158615 -0.000428598 -0.000554297   0.0198038   0.0565548 -0.00131898 0.7288      0      0
             87.3005 -0.864753  -4.37149  -56.2906 -15.4214 -15.9636 0.570966   0.768961   0.708333 -0.0831776   0.00161405 -0.000452436 -0.000568712    0.0208926    0.0549577 -0.000418577 0.728817        0        0
             87.4003 -0.461738  -3.99066  -54.1899 -15.3545 -15.9119 0.566417   0.719965   0.572803 -0.0371987   0.00157683  -0.00043479 -0.000570859     0.020286    0.0558699 -0.000464311 0.727091        0        0
             87.4003 -0.545099  -3.96185  -54.1217 -15.3514 -15.9072 0.566324   0.742557   0.617072 -0.0397756   0.00160722 -0.000437862 -0.000592809    0.0205847    0.0553788 -0.000465078 0.727119        0        0
             87.5002 -0.786319  -3.33393   -52.705 -15.2982 -15.8879 0.560217    0.61904   0.353438 -0.0272318    0.0015624 -0.000407857 -0.000581863    0.0192484    0.0572809 -0.000224026 0.723376        0        0
             87.5002 -1.05834 -3.15231 -52.7233 -15.2938 -15.8706 0.566204    0.63792   0.513956 0.00988107    0.0016706 -0.000426133 -0.000577638   0.0206945   0.0560528 -0.00077333 0.723422        0        0
                87.6 -1.29633 -3.93102 -52.0001 -15.2484  -15.842 0.582328  0.521717  0.373419 0.0498908   0.00158957 -0.000400729 -0.000565991    0.020104   0.0573102 -0.00156504 0.727604        0        0
                87.6 -1.34584 -3.90313 -52.0152 -15.2412 -15.8305 0.578206  0.566031  0.477588 0.0165755   0.00163043 -0.000389923 -0.000562181   0.0208038   0.0561735 -0.00121278 0.72758       0       0
             87.6999 -1.25735 -5.09666 -51.4198  -15.206 -15.8087 0.582346     0.464268     0.359938 -0.000126813   0.00156536 -0.000373629 -0.000554637   0.0202268   0.0577672 -0.00140835 0.724586        0        0
             87.6999 -1.34245 -4.97455 -51.4136 -15.1906 -15.7928 0.575523   0.572208   0.494486 -0.0530712   0.00162896 -0.000400529 -0.000557783    0.0207659    0.0558291 -0.000844202 0.724602        0        0
             87.8002 -1.32773  -6.4104 -50.7375 -15.1448 -15.7665 0.570188    0.52058   0.413485 -0.0471615   0.00156627 -0.000369037 -0.000548512   0.0199594   0.0570228 -0.00079903 0.728546        0        0
             87.8002 -1.44426 -6.28614  -50.743 -15.1363 -15.7556 0.565291   0.577634   0.508938 -0.0852058   0.00162227 -0.000397197 -0.000546607    0.0204715    0.0558296 -0.000418255 0.72851       0       0
                87.9 -1.11904 -7.08313 -51.1862 -15.1025 -15.7425 0.552994   0.458153   0.390235 -0.0843352   0.00155163  -0.00037342 -0.000532184    0.0193184    0.0580014 -6.52298e-05 0.727068        0        0
                87.9    -1.22 -6.88071  -51.213 -15.0952 -15.7247 0.558864    0.49954   0.545334 -0.0490127   0.00161018 -0.000412941 -0.000524042   0.0203965   0.0565481 -0.00064368 0.727018        0        0
             87.9998 -1.34476 -5.31283  -51.482 -15.0467 -15.6748 0.554649    0.496645    0.489635 -0.00175044    0.0015741 -0.000398583 -0.000521002     0.020334    0.0566731 -0.000555523 0.723467        0        0
             87.9998 -1.54454 -5.06476 -51.4521 -15.0407 -15.6607 0.562426  0.535592  0.617232 0.0505314   0.00165769 -0.000455444 -0.000533001   0.0211563   0.0554545 -0.00130906 0.723446        0        0
             88.1005  -1.5455 -4.72924 -52.9634 -15.0125 -15.6428 0.568941  0.415921  0.445688 0.0802657   0.00157117 -0.000436769 -0.000506389   0.0198869   0.0578751 -0.00110561 0.731722        0        0
             88.1005 -1.73097 -4.68432 -52.9372 -15.0047  -15.627 0.569743  0.465713   0.58731 0.0828129   0.00166052 -0.000426703 -0.000518301   0.0207952   0.0564703 -0.00125432 0.731714        0        0
             88.2003 -1.04173 -5.87199 -55.6157 -14.9803 -15.5972 0.582907  0.334228  0.505746 0.0910756   0.00155838 -0.000399011 -0.000493187   0.0199682   0.0582251 -0.00143988 0.728255        0        0
             88.2003 -1.14963 -5.76314 -55.6398 -14.9701  -15.581 0.581243  0.401425   0.64897 0.0755431   0.00163409 -0.000411257 -0.000488127   0.0208121   0.0566961 -0.00137222 0.728229        0        0
             88.3001 -0.46771 -6.13473 -58.3357 -14.9481 -15.5451 0.587994  0.331452  0.533074 0.0596924   0.00157766 -0.000386983 -0.000473931   0.0199776    0.058283 -0.00130078 0.723978        0        0
             88.3001 -0.507109  -5.89813  -58.3099 -14.9348 -15.5258 0.584203  0.422275  0.706874 0.0282152   0.00164095 -0.000436162 -0.000480607   0.0210554   0.0563913 -0.00109511 0.723938        0        0
                88.4 0.211422 -4.63964 -60.1371 -14.9059 -15.4726 0.586952  0.326371  0.618838 0.0344332   0.00159569 -0.000456611 -0.000469877     0.020644    0.0573245 -0.000995295 0.728782        0        0
                88.4 0.0490416  -4.58443   -60.012 -14.8975 -15.4637 0.583457   0.388898   0.701317 0.00626553   0.00166757 -0.000466411 -0.000508155    0.0211097    0.0562736 -0.000729888 0.728747        0        0
             88.4998 -0.266182  -4.33081  -60.2955 -14.8746 -15.4196 0.575431   0.272915    0.58677 -0.0416865   0.00161384 -0.000441379  -0.00050966     0.020167    0.0574394 -0.000297993 0.724907        0        0
             88.4998 -0.453201    -4.233  -60.1722 -14.8716 -15.4105 0.580554    0.293201    0.674745 -0.00686425   0.00168406 -0.000454067   -0.0005458    0.0209001    0.0567911 -0.000757553 0.724906        0        0
             88.6005 -0.150355  -4.21952  -60.4493 -14.8593 -15.3818  0.58691   0.19534  0.459538 0.0242216   0.00159137 -0.000417599 -0.000539449    0.019364   0.0583907 -0.00104318 0.730494        0        0
             88.6005 -0.302641  -3.99781  -60.4275 -14.8553 -15.3627 0.586613  0.213729  0.641976 0.0140417   0.00165955  -0.00046826 -0.000547711   0.0211488   0.0572491 -0.00104739 0.730423        0        0
             88.7004 -0.627344  -3.87873  -60.5542 -14.8575 -15.3229 0.595988 0.0694676  0.544799 0.0614877   0.00159668 -0.000456791 -0.000539965   0.0203417    0.058738 -0.00140392 0.731866        0        0
             88.7004 -0.760406  -3.77588   -60.504 -14.8491 -15.3078 0.594367  0.126412   0.69326 0.0438603   0.00163989 -0.000493679 -0.000555725   0.0216751   0.0573033 -0.00127022 0.731802        0        0
             88.8002 -1.51882 -4.36136  -59.829 -14.8483 -15.2616 0.597773 0.0598499  0.608531 0.0446354   0.00161953 -0.000436738   -0.0005519  0.0205164  0.0584512 -0.0011575 0.732218        0        0
             88.8002 -1.63521 -4.25823 -59.7653 -14.8417 -15.2525 0.595731  0.107389  0.696369 0.0257754   0.00165143 -0.000470226 -0.000572172    0.0212174    0.0574514 -0.000975172 0.732223        0        0
             88.9001 -1.72873 -4.01718 -59.8581 -14.8412  -15.209 0.596855  0.060586  0.558928 0.0209041   0.00162056 -0.000410956 -0.000568091    0.0200842    0.0585407 -0.000864506 0.725945        0        0
             88.9001 -1.79394 -3.78526 -59.9225  -14.834 -15.1957 0.595416   0.107522   0.685146 0.00510041   0.00163596 -0.000487995  -0.00054998    0.0211988    0.0573173 -0.000776393 0.725907        0        0
             88.9999 -0.640404  -3.35193  -60.7511 -14.8416 -15.1574 0.588584  0.0519618   0.565769 -0.0345999     0.001579 -0.000459038 -0.000538931    0.0200143    0.0590059 -0.000354899 0.729494        0        0
             88.9999 -0.722287  -3.25911  -60.7488 -14.8338 -15.1437 0.595748 0.107386  0.69487 0.017859   0.00159787 -0.000493964 -0.000539696    0.021042   0.0577039 -0.00111615 0.729391        0        0
             89.1002 -0.553966  -3.89538  -61.3356 -14.8238 -15.0956  0.59317  0.170622  0.554305 0.0196465   0.00159385 -0.000403905  -0.00053559    0.0200598    0.0584437 -0.000765089 0.731949        0        0
             89.1002 -0.685982  -3.69794  -61.3134 -14.8194 -15.0809 0.596978   0.19658  0.696556 0.0416088   0.00162903 -0.000474577 -0.000542033  0.0214438  0.0573966 -0.0011398 0.731887        0        0
                89.2 -0.85302 -3.67989 -63.1131  -14.815 -15.0452 0.600821  0.197203  0.546226 0.0444154   0.00160894 -0.000451506 -0.000528975   0.0201557   0.0591306 -0.00103058 0.728782        0        0
                89.2 -0.962545  -3.58408  -63.1512 -14.8089 -15.0329 0.607017 0.237095 0.660601 0.084447  0.00164067 -0.00048712 -0.00051695    0.021167   0.0580913 -0.00160609 0.728778        0        0
             89.2999 -1.54426 -5.29646 -65.0487 -14.7903 -14.9876 0.605692  0.292974  0.594456 0.0246428   0.00163693 -0.000404478 -0.000509273   0.0201327   0.0591172 -0.00113337 0.734197        0        0
             89.2999 -1.61746 -5.10391 -65.0358 -14.7818 -14.9729 0.609753  0.352509  0.733369 0.0491839    0.0016621 -0.000463961 -0.000515005   0.0213579   0.0577599 -0.00154437 0.734172        0        0
             89.4001 -1.41422 -6.38547 -66.6289 -14.7591 -14.9274 0.610622  0.345061  0.584399 0.0340603   0.00164213 -0.000416682 -0.000504739     0.02025    0.059159 -0.00124273 0.729903        0        0
             89.4001   -1.464 -6.17972 -66.5718 -14.7513 -14.9117 0.611273  0.401395  0.740755 0.0322425   0.00166111 -0.000480426 -0.000523735   0.0217473   0.0578093 -0.00139423 0.729858        0        0
             89.4999 -1.03204 -5.28503 -67.0399 -14.7127  -14.849 0.608157   0.410485   0.695682 0.00348314   0.00164336 -0.000455476 -0.000519699   0.0211782   0.0581948 -0.00106248 0.725381        0        0
             89.4999 -1.09211 -5.01776 -66.9651 -14.7124 -14.8475 0.610829  0.413161  0.708298 0.0232594   0.00165994 -0.000538594 -0.000545022    0.021311   0.0581237 -0.00132422 0.725378        0        0
             89.5998 -0.470659  -5.07385  -66.8843 -14.6887 -14.8078 0.612321   0.30235  0.555856 0.0645392    0.0016318 -0.000480198 -0.000540852    0.0197918    0.0596212 -0.000986401 0.72963       0       0
             89.5998 -0.530132  -4.97237  -66.8189 -14.6881 -14.7979 0.614566 0.304037 0.656209 0.076216   0.00164952 -0.000509796 -0.000561426   0.0209157   0.0591958 -0.00124636 0.729595        0        0
             89.7005 -0.92021 -5.38483 -65.9407 -14.6639  -14.745 0.615129   0.21914  0.574501 0.0633241   0.00163993 -0.000450501 -0.000559273    0.0203004    0.0595393 -0.000753922 0.735478        0        0
             89.7005 -1.00892 -5.19117 -65.8926 -14.6659 -14.7402 0.621935 0.202476 0.620422  0.11217    0.0016665 -0.000509481 -0.000574353   0.0208549   0.0595568 -0.00140793 0.735522        0        0
             89.8003 -1.59634 -6.08998 -63.8675 -14.6475 -14.6897  0.62384   0.19239  0.538807 0.0555837   0.00166641 -0.000431624 -0.000576617    0.0203362    0.0598027 -0.000933802 0.732134        0        0
             89.8003 -1.64775 -5.87444 -63.7846 -14.6472 -14.6814 0.628137  0.192242  0.621057 0.0832917   0.00168298 -0.000489272 -0.000603999   0.0212634   0.0594505 -0.00137137 0.732112        0        0
             89.9001 -2.20228 -5.60383 -61.5484 -14.6363  -14.633 0.646991 0.171083 0.529186 0.112864   0.00164912 -0.000461887 -0.000609903   0.0206807   0.0601846 -0.00198589 0.732808        0        0
             89.9001 -2.24271 -5.42571 -61.5944 -14.6302 -14.6299 0.640269  0.233582  0.563196 0.0469602   0.00167531 -0.000514176 -0.000599067  0.0208535  0.0593112 -0.0012126 0.732762        0        0
                  90  -3.3047 -4.63216  -60.539 -14.6212 -14.5934  0.64223  0.178209  0.448916 0.0392832   0.00166752 -0.000491288 -0.000600419    0.0201953     0.060624 -0.000939183 0.731168        0        0
                  90 -3.25751 -4.51167 -60.6458 -14.6128 -14.5882 0.639773  0.264002  0.507579 0.0136555   0.00166874 -0.000526644 -0.000572264    0.0204117    0.0593786 -0.000698589 0.731186        0        0
             90.0998 -2.74263 -4.83791 -60.4319  -14.599 -14.5535 0.646959  0.220418  0.436255 0.0294145   0.00164943 -0.000489173 -0.000569525    0.0197439    0.0606288 -0.000982877 0.735114        0        0
             90.0998 -2.67768 -4.78981 -60.4732 -14.5935 -14.5432 0.643084     0.27944    0.551068 -0.00980711    0.0016409 -0.000496078 -0.000558883   0.0206739   0.0593427 -0.00065479 0.735127        0        0
             90.2004 -3.18419 -5.42507 -61.0461 -14.5655 -14.5003 0.639789   0.327098    0.45255 -0.0232221   0.00164778 -0.000441901 -0.000552972    0.0201644     0.059791 -0.000497199 0.734036        0        0
             90.2004 -3.13166 -5.24288 -61.1312 -14.5635 -14.4926 0.640923   0.344759   0.532785 -0.0141394    0.0016396 -0.000492281 -0.000529721     0.020925    0.0591641 -0.000709234 0.734046        0        0
             90.3003 -3.09674 -5.84054 -62.6264 -14.5354 -14.4606 0.631579   0.370763   0.429581 -0.0465058   0.00166169 -0.000457241 -0.000517378    0.0201194     0.060257 -4.45115e-05 0.735278        0        0
             90.3003 -3.07775 -5.71523  -62.619 -14.5351 -14.4478 0.635315   0.368682   0.558584 -0.0195062   0.00166506 -0.000478846 -0.000523427    0.0214692    0.0596142 -0.000539398 0.735278        0        0
             90.4001 -2.45801 -7.41439 -64.6831 -14.5041 -14.4152 0.627912   0.391235   0.438837 -0.0864972   0.00164276 -0.000408144 -0.000513505    0.0204546    0.0606376 -0.000244218 0.730563        0        0
             90.4001 -2.51403 -7.21994 -64.7128 -14.5018 -14.4036 0.631045   0.412137   0.555948 -0.0612135   0.00167807 -0.000448152 -0.000508398    0.0216197    0.0598297 -0.000733896 0.730565        0        0
                90.5 -1.61995 -7.66358 -68.5148 -14.4709 -14.3783 0.623324   0.382633   0.406421 -0.0379699   0.00164599 -0.000436668 -0.000477001    0.0202554    0.0612277 -0.000358074 0.721054        0        0
                90.5 -1.67968 -7.42264 -68.5268 -14.4659 -14.3621 0.629037  0.434075  0.575168 0.0140004   0.00169751 -0.000479499 -0.000478624  0.0217852  0.0599438 -0.0012581 0.720954        0        0
             90.5998 0.214339 -7.15732 -71.0541 -14.4248 -14.3238 0.629665  0.428742  0.492896 0.0640192   0.00164278 -0.000452976 -0.000458897    0.0207673    0.0605485 -0.000815827 0.719537        0        0
             90.5998 0.0933403  -6.93337  -70.8798 -14.4255 -14.3152 0.633813 0.425397 0.582813 0.102858   0.00168146 -0.000504807 -0.000511792    0.021727   0.0602778 -0.00142611 0.719541        0        0
             90.7001 0.562362 -7.11703 -72.7532 -14.3914 -14.2786 0.639842  0.361675  0.515358 0.0835551   0.00165272 -0.000461044 -0.000499291    0.0205012    0.0611595 -0.000981383 0.731008        0        0
             90.7001 0.372254 -6.93775  -72.684 -14.3915 -14.2732 0.640952  0.364902  0.572446 0.0943416   0.00171244  -0.00050676 -0.000519242   0.0211368   0.0609572 -0.00119217 0.730994        0        0
             90.7999 0.0170952  -8.01851  -73.4454 -14.3574   -14.23 0.641633  0.337115  0.520523 0.0571556   0.00168286 -0.000450945 -0.000511036    0.0202947    0.0613068 -0.000531482 0.739749        0        0
             90.7999 -0.167807  -7.82536  -73.3256 -14.3584 -14.2224 0.645766   0.33152  0.598916 0.0987671   0.00173885 -0.000495672 -0.000546509   0.0211588   0.0611601 -0.00114545 0.739743        0        0
             90.8998 -0.863677  -8.71469  -72.8244 -14.3237 -14.1682 0.650558   0.34024  0.582375 0.0806029   0.00170466 -0.000434621 -0.000546135    0.0208028    0.0611729 -0.000759635 0.737513        0        0
             90.8998 -0.993646  -8.48796  -72.7272 -14.3256  -14.164 0.655162 0.324948 0.623269 0.123237   0.00174103 -0.000498884 -0.000577537   0.0212659   0.0612519 -0.00135067 0.737515        0        0
             91.0004 -1.29184 -9.79928 -71.2077 -14.2936 -14.1117 0.659607  0.327531  0.610538 0.0780109    0.0016931 -0.000430747 -0.000572553   0.0205621   0.0614977 -0.00080672 0.738767        0        0
             91.0004   -1.358 -9.57819 -71.1461 -14.2923 -14.1068 0.666619 0.339982 0.658598 0.135777   0.00171539 -0.000485613 -0.000592247   0.0209971   0.0612298 -0.00159848 0.738751        0        0
             91.1003 -1.92925 -10.4857 -69.0129   -14.26 -14.0547 0.672594 0.357877 0.570806 0.077993   0.00167837 -0.000430994 -0.000591673   0.0202941    0.061593 -0.00113118 0.742396        0        0
             91.1003 -1.98005 -10.2001 -69.0109 -14.2603 -14.0511 0.677412 0.355718 0.605331 0.117973   0.00169584  -0.00050462 -0.000595143   0.0206174   0.0615308 -0.00167224 0.742385        0        0
             91.2001 -1.69799 -9.48602 -67.8876 -14.2342 -13.9998 0.679591  0.354318  0.563933 0.0450065   0.00166349 -0.000475342 -0.000588098   0.0203808   0.0622805 -0.00121083 0.741714        0        0
             91.2001 -1.63761 -9.27452 -67.9605 -14.2276 -13.9979 0.683238  0.413297  0.580719 0.0738436    0.0016658 -0.000537356 -0.000572607   0.0203181   0.0615875 -0.00156192 0.74169       0       0
             91.2999 -0.70299 -8.82234 -66.7534  -14.189 -13.9562 0.680396   0.46718  0.479505 0.0282265   0.00163709 -0.000496601 -0.000567138    0.0196391      0.06219 -0.000921675 0.743885        0        0
             91.2999 -0.745569  -8.64202  -66.7664 -14.1852 -13.9481 0.683478  0.507543   0.56483 0.0576247   0.00166586 -0.000531667 -0.000569058   0.0203509   0.0614488 -0.00141906 0.743911        0        0
             91.4002 -0.791179   -8.8679  -65.9311 -14.1317 -13.9005  0.67914   0.581553   0.499159 -0.0106777   0.00165083 -0.000475304 -0.000569399    0.0200907     0.061653 -0.000797161 0.744344        0        0
             91.4002 -0.859116  -8.69545  -65.9869 -14.1294 -13.8905 0.685785  0.601275  0.597865 0.0397122   0.00168513 -0.000502189  -0.00055792   0.0209801   0.0610627 -0.00155063 0.744316        0        0
                91.5 -1.72942 -9.34257 -65.8346 -14.0904  -13.857 0.671001   0.565318   0.472552 -0.0441583   0.00164672 -0.000457071 -0.000553143   0.0201951   0.0628258 -0.00047584 0.754005        0        0
                91.5 -1.78042 -9.16588 -65.8997 -14.0848 -13.8469 0.679798  0.622999  0.578367 0.0356675   0.00168859 -0.000484518 -0.000542815   0.0209349   0.0617824 -0.00156147 0.753979        0        0
             91.5998 -2.01169 -10.8871 -66.4518  -14.024 -13.8012 0.667318    0.64559   0.544155 -0.0757042   0.00169278 -0.000426848 -0.000538872    0.0203873    0.0622954 -0.000641186 0.749602        0        0
             91.5998 -1.96533 -10.6754 -66.5125 -14.0186 -13.7914  0.67285   0.691283   0.638893 -0.0348066   0.00170616 -0.000465119 -0.000529722   0.0211097   0.0614405 -0.00127105 0.749493        0        0
             91.7002 -0.337712  -9.86572  -67.7285 -13.9565 -13.7461 0.663801   0.660009   0.540545 -0.0404893   0.00165931 -0.000448234 -0.000511496   0.0203334   0.0621382 -0.00086522 0.747934        0        0
             91.7002 -0.349789  -9.53202  -67.7287 -13.9535 -13.7346 0.668946    0.682288    0.653219 -0.00442635   0.00167577 -0.000536082 -0.000514955   0.0213611   0.0614782 -0.00151178 0.747895        0        0
                91.8   1.0829 -8.80929  -67.896 -13.8868 -13.6785 0.670079  0.649789  0.616627 0.0355598   0.00163869 -0.000500597 -0.000509342   0.0208597   0.0616703 -0.00138742 0.745879        0        0
                91.8 0.978689 -8.68607 -67.8197 -13.8913 -13.6787  0.66876  0.610657  0.616756 0.0251056   0.00166243  -0.00053519 -0.000529785   0.0210547   0.0621176 -0.00128914 0.745867        0        0
             91.8998 0.760515 -7.94998 -67.3493 -13.8432 -13.6357 0.663717  0.513721   0.56377 0.0120972   0.00166101 -0.000494376 -0.000526705    0.0201764    0.0630183 -0.000679032 0.745749        0        0
             91.8998 0.633208 -7.81732 -67.2776 -13.8457 -13.6312 0.665253   0.49176  0.609391 0.0215595   0.00169465 -0.000517801 -0.000545587    0.0207237    0.0630945 -0.000882378 0.745736        0        0
             92.0005 0.145955 -8.92122  -65.837 -13.8083  -13.579 0.665414   0.435218   0.587148 -0.0129385   0.00167514 -0.000434219 -0.000559324    0.0203301    0.0638811 -0.000803949 0.750316        0        0
             92.0005 0.0946334  -8.70719  -65.8155 -13.7992 -13.5693 0.671039  0.529637  0.684197 0.0309897   0.00171899 -0.000488246 -0.000568505   0.0209287   0.0625148 -0.00137559 0.750338        0        0
             92.1003  0.10398 -8.73589 -63.8952 -13.7448 -13.5118 0.658264   0.546984    0.65276 -0.0348177   0.00167825 -0.000451862 -0.000563031    0.0203804    0.0626546 -0.000540626 0.759825        0        0
             92.1003 0.100664 -8.52379 -63.8772 -13.7439 -13.5075 0.665989  0.557938  0.692808 0.0238062   0.00167839 -0.000519749  -0.00056861   0.0206983   0.0623406 -0.00131219 0.759785        0        0
             92.2002 -0.784977  -8.22401  -60.9086 -13.6942 -13.4441 0.679691 0.521738 0.609973 0.147726   0.00167878  -0.00047081 -0.000588929   0.0206649   0.0628125 -0.00160909 0.759607        0        0
             92.2002 -0.779884  -8.06011  -60.9469 -13.6915 -13.4453  0.68114 0.551473 0.595295 0.162398   0.00168177 -0.000522859 -0.000577674   0.0203426   0.0625529 -0.00174647 0.759637        0        0
                92.3 -0.754287  -7.74077  -59.8967 -13.6514 -13.4036 0.694497 0.469638 0.538479 0.116708   0.00167087 -0.000503724 -0.000560175   0.0196615   0.0638575 -0.00156668 0.756176        0        0
                92.3 -0.758955  -7.67904  -59.9755 -13.6485 -13.3978 0.687752  0.487252  0.598537 0.0654525   0.00167546 -0.000521068 -0.000536489   0.0203163   0.0633286 -0.00101496 0.756144        0        0
             92.3999 -0.0463073   -7.90662   -59.3416 -13.5974 -13.3403 0.691929  0.545245  0.584182 0.0531488   0.00165912 -0.000469964 -0.000531603    0.0201375     0.063387 -0.000908303 0.754821        0        0
             92.3999 -0.107092  -7.77007  -59.3863 -13.5986 -13.3357 0.687255  0.531095  0.634723 0.0158992   0.00167978 -0.000513069 -0.000517578    0.0208355    0.0632461 -0.000538503 0.754807        0        0
             92.5001 -0.70682 -8.55557 -59.6858 -13.5438 -13.2858 0.690551   0.596446   0.561637 -0.0230299    0.0016706 -0.000446775 -0.000510263    0.0201472    0.0637126 -0.000663071 0.760136        0        0
             92.5001 -0.841388  -8.41421  -59.7019 -13.5427 -13.2732 0.686325   0.593807   0.688593 -0.0604894  0.00171273 -0.00049204 -0.00050554    0.0215884    0.0630013 -0.000400325 0.760105        0        0
                92.6 -2.29257 -9.13898  -61.125 -13.4978 -13.2291 0.670842 0.569488  0.57807 -0.12125   0.00171661 -0.000448787  -0.00049314   0.0207499   0.0644624 5.34199e-05 0.762416        0        0
                92.6 -2.36254 -8.97628   -61.17 -13.4934 -13.2218 0.677234  0.602843  0.643521 -0.078182   0.00174006 -0.000501086 -0.000480972    0.0211871    0.0637332 -0.000566259 0.762387        0        0
             92.6999 -2.06912 -9.80635 -63.3087 -13.4304 -13.1671 0.677003   0.604964   0.566408 -0.0314152   0.00170453 -0.000430098 -0.000470627    0.0205961     0.063776 -0.000869251 0.753969        0        0
             92.6999 -2.07478 -9.53176 -63.3261 -13.4259 -13.1581 0.678381   0.635299   0.650234 -0.0251424    0.0017103 -0.000516251  -0.00046931   0.0213623   0.0629694 -0.00110199 0.753937        0        0
             92.8001 -1.15107 -9.39233  -64.203 -13.3698 -13.1076 0.686845  0.585343  0.568114 0.0775924   0.00167171 -0.000488608 -0.000456973    0.020668   0.0636624 -0.00138737 0.757851        0        0
             92.8001 -1.22746 -9.22475 -64.0739 -13.3681 -13.1039 0.680193  0.596232   0.60752 0.0273381   0.00169251 -0.000535453 -0.000497838     0.021166    0.0633264 -0.000843071 0.757823        0        0
             92.8999 -0.941141  -8.91292   -64.419 -13.3199 -13.0582 0.684181   0.47811  0.556845 0.0520137   0.00168141 -0.000491446 -0.000494232    0.0205028    0.0640527 -0.000688446 0.759917        0        0
             92.8999 -0.999192  -8.73976  -64.3831 -13.3196 -13.0539 0.685238  0.478696  0.599128 0.0572918   0.00170021 -0.000541339  -0.00050603    0.0209636    0.0638534 -0.000839709 0.759909        0        0
             92.9998 -1.67759 -9.70045 -64.0439 -13.2808 -13.0076 0.690528  0.387633  0.572684 0.0402684   0.00169339 -0.000484015 -0.000500976    0.0201546    0.0644647 -0.000721408 0.756986        0        0
             92.9998 -1.76899 -9.57634 -63.9706 -13.2845 -13.0014 0.690385  0.353337  0.637374 0.0347565   0.00171792 -0.000516123 -0.000523343     0.021048    0.0645468 -0.000801618 0.756989        0        0
             93.1004 -1.84448  -9.8016  -63.378 -13.2502 -12.9425 0.687023   0.311958   0.639888 -0.0100231   0.00170414 -0.000455441 -0.000520403    0.0206843    0.0646353 -0.000470496 0.762011        0        0
             93.1004 -1.92595 -9.55053 -63.3647 -13.2489 -12.9354 0.688182    0.318742    0.708951 -0.00517755   0.00173153  -0.00052775 -0.000526897   0.0214253   0.0642375 -0.00067133 0.761968        0        0
             93.2003 -1.53617 -10.2059  -61.952 -13.2196 -12.8766  0.69578  0.281894   0.67123 0.0234738    0.0016797 -0.000479141 -0.000524032    0.0205704    0.0645719 -0.000985624 0.760836        0        0
             93.2003 -1.57532  -10.042 -61.8979 -13.2218 -12.8708  0.69732  0.260597  0.729904 0.0303466   0.00168964 -0.000522086  -0.00054137  0.0213092  0.0645243 -0.0012097 0.760818        0        0
             93.3001 -1.20266 -10.3536 -59.8284 -13.1948 -12.8061 0.710226 0.269838 0.640032  0.10239   0.00167625 -0.000462485 -0.000540844   0.0207977   0.0645955 -0.00160529 0.767857        0        0
             93.3001 -1.25841 -10.1171 -59.8272  -13.194 -12.8041 0.704932  0.274838  0.662785 0.0634491   0.00169608 -0.000531558 -0.000543045   0.0211273     0.06441 -0.00118077 0.767824        0        0
                93.4 0.123725 -9.13863 -59.2904 -13.1804 -12.7661 0.709411 0.238354 0.509212 0.039698    0.0016478 -0.000508806  -0.00053085   0.0201114   0.0658076 -0.00089853 0.773116        0        0
                93.4 0.0564885  -8.99877   -59.345 -13.1724 -12.7549 0.701572   0.294356   0.619104 -0.0231008    0.0016905 -0.000534179 -0.000519205   0.0210987   0.0645849 -0.00032445 0.773087        0        0
             93.4998  1.49014 -8.84904 -58.8382 -13.1468 -12.7092 0.694128   0.321371   0.556611 -0.0720768   0.00162942   -0.0005117 -0.000513621    0.0203315    0.0653084 -6.45514e-05 0.776575        0        0
             93.4998  1.36971 -8.76143 -58.8573  -13.144 -12.6971 0.697829   0.335549   0.674651 -0.0502281   0.00167914 -0.000521493 -0.000509802    0.0214207    0.0644929 -0.000521601 0.776511        0        0
             93.6004   1.2112 -8.83624 -58.2656  -13.108 -12.6457 0.691103   0.404138   0.568071 -0.0379764    0.0016832 -0.000448417 -0.000509381    0.0207319    0.0649152 -0.000286554 0.775429        0        0
             93.6004  1.17762 -8.55516 -58.2686 -13.1053 -12.6348  0.69647    0.418237     0.66885 -0.00475762   0.00170349 -0.000519113 -0.000509984    0.0216395    0.0641733 -0.000829399 0.775429        0        0
             93.7003 0.787808 -9.18079 -57.6422 -13.0636 -12.5751 0.703164   0.485066   0.641812 0.00643738   0.00168726   -0.0004849 -0.000509067   0.0212631   0.0645446 -0.00117166 0.775664        0        0
             93.7003 0.743128 -9.12302 -57.5922 -13.0636 -12.5688 0.703112   0.479956    0.70434 0.00245676   0.00170332 -0.000491023 -0.000526373   0.0219321   0.0642283 -0.00122108 0.775618        0        0
             93.8001 -0.254518  -9.46271  -58.1915 -13.0305 -12.5394 0.694258   0.483461   0.544473 -0.0606977   0.00168447 -0.000449135 -0.000493718    0.0203257    0.0662608 -0.000723833 0.776896        0        0
             93.8001 -0.336492   -9.1982  -58.2423  -13.024   -12.53 0.693138   0.529546   0.627548 -0.0725387   0.00172627 -0.000525737 -0.000482323    0.0209393    0.0652922 -0.000660528 0.776876        0        0
                93.9 0.0471968  -9.33456  -59.9025 -12.9716  -12.473 0.684691   0.578783   0.653459 -0.0634967   0.00168746 -0.000499564 -0.000474734    0.0205919    0.0656996 -0.000561988 0.77829       0       0
                93.9 0.0340543  -9.23537  -59.9416 -12.9642 -12.4588 0.687739   0.628348   0.788171 -0.0466418   0.00171441 -0.000512511 -0.000469108    0.0216488    0.0643661 -0.000951089 0.778231        0        0
             93.9998  1.31121 -8.97142 -60.8893 -12.9019 -12.3986 0.685773   0.636871   0.669208 0.00223811    0.0016841 -0.000455698 -0.000459314    0.0207771    0.0649255 -0.000838238 0.77418       0       0
             93.9998  1.25068 -8.63677  -60.833 -12.9031 -12.3912 0.687196   0.621366   0.741496 0.00765305   0.00170525 -0.000539166 -0.000476461   0.0216028   0.0646849 -0.00104993 0.774171        0        0
             94.1005 1.40395 -7.0447 -60.153 -12.8541 -12.3272 0.693254  0.528229  0.698145 0.0592237   0.00167157 -0.000528598 -0.000483596   0.0213407   0.0654538 -0.00122442 0.780666        0        0
             94.1005  1.18908 -6.97289 -60.0201 -12.8478  -12.319 0.691483  0.575034  0.778028 0.0433538   0.00175027  -0.00053867 -0.000526467   0.0219358   0.0645682 -0.00110755 0.780612        0        0
             94.2003  1.42656 -7.72936 -58.1342 -12.8014 -12.2634 0.699708   0.49326  0.684089 0.0510491   0.00169399 -0.000507587 -0.000523048   0.0208509   0.0655384 -0.00116727 0.780313        0        0
             94.2003  1.32727 -7.68813 -58.0487 -12.7999 -12.2543 0.697922  0.497179  0.774751 0.0340593   0.00173214 -0.000496927 -0.000549061   0.0217658   0.0650185 -0.00106813 0.780223        0        0
             94.3001 0.844162 -9.13056 -57.1145 -12.7624 -12.2092 0.697914   0.402678   0.589442 -0.0241205   0.00166648 -0.000455903  -0.00052733    0.0204188    0.0661788 -0.000956598 0.780545        0        0
             94.3001  0.68882 -8.91602 -57.1467 -12.7612 -12.1953 0.698643   0.399588   0.724948 -0.0254691    0.0017292 -0.000488759 -0.000516301   0.0217999   0.0654342 -0.00110701 0.780529        0        0
                94.4 0.550184  -8.9608 -55.8042 -12.7374 -12.1436 0.691813   0.304278   0.628586 -0.0522203   0.00167999 -0.000474989 -0.000511086    0.0211703    0.0665538 -0.000893243 0.792055        0        0
                94.4 0.496054 -8.78434 -55.7321 -12.7328 -12.1325 0.691935   0.333797   0.736392 -0.0549075   0.00171304 -0.000507405   -0.0005331    0.0220797    0.0656049 -0.000982702 0.792051        0        0
             94.4998 0.615302 -8.24643 -54.1629 -12.7028 -12.0754 0.691355    0.345973    0.612947 -0.00483607   0.00167256   -0.0004749 -0.000535669  0.0214733  0.0661851 -0.0010999 0.787184        0        0
             94.4998 0.541466 -8.04073 -54.1757 -12.6926 -12.0645 0.693255   0.423836    0.70767 0.00479906   0.00172886 -0.000520575 -0.000537072   0.0218974   0.0648481 -0.00126182 0.787183        0        0
             94.6005  1.57337 -6.88307 -52.9977  -12.665 -12.0247 0.692251    0.401569    0.579662 -0.00325473   0.00164353 -0.000525739 -0.000524085   0.0208617   0.0664872 -0.00110707 0.794073        0        0
             94.6005   1.4718 -6.81152 -53.0155 -12.6582 -12.0161 0.689387   0.449212   0.658124 -0.0262492   0.00169502 -0.000539607 -0.000523637    0.0213298    0.0655492 -0.000888506 0.794018        0        0
             94.7004  1.53955 -6.62158 -52.1509 -12.6162 -11.9678  0.69256  0.498484  0.539235 0.0372609   0.00164996  -0.00050505 -0.000518744   0.0207254   0.0662787 -0.00101083 0.796598        0        0
             94.7004  1.37222 -6.55243 -52.1708 -12.6155 -11.9594 0.690686  0.493814  0.620992 0.0192828   0.00170277 -0.000520238 -0.000514194    0.0215966    0.0657671 -0.000877801 0.796577        0        0
             94.8002 0.827079 -7.02571 -52.3345 -12.5719 -11.9244  0.69061    0.53759   0.485942 0.00859256   0.00167759 -0.000487002 -0.000506656    0.0206769    0.0669768 -0.000701432 0.786775        0        0
             94.8002 0.778996 -6.93637  -52.353 -12.5665 -11.9043 0.691937  0.559664  0.670014 0.0098963    0.0017218 -0.000469408 -0.000511624    0.0221597    0.0655073 -0.000851116 0.786754        0        0
                94.9 0.301127 -8.73939 -53.0861 -12.5203 -11.8644 0.692938  0.578041   0.56341 -0.017865    0.0016717 -0.000440974  -0.00049186    0.0212624    0.0668813 -0.000921017 0.78975       0       0
                94.9 0.184446 -8.61341 -53.1026 -12.5138 -11.8486 0.694165   0.615195    0.70273 -0.0150165   0.00173887 -0.000450949 -0.000494862   0.0222471   0.0656147 -0.00105201 0.789766        0        0
             94.9999 -0.244757  -10.2811  -54.5393 -12.4517 -11.7965 0.690894    0.678134    0.586488 -0.00195115   0.00171477 -0.000404266 -0.000482671    0.0216421    0.0662391 -0.000903668 0.790305        0        0
             94.9999 -0.296545  -10.0292  -54.5702 -12.4456 -11.7865 0.688053    0.71833   0.674632 -0.0256938   0.00175258 -0.000477738  -0.00047697   0.0222315   0.0652975 -0.00071013 0.790302        0        0
             95.1001  0.94115 -9.84867 -56.2247 -12.3947 -11.7547 0.688665   0.624192   0.505284 0.00203559   0.00168105  -0.00045833 -0.000447344    0.021316   0.0671482 -0.00069601 0.796782        0        0
             95.1001 0.941216 -9.61375 -56.1589 -12.3821 -11.7373 0.691089  0.710699  0.654121 0.0135847   0.00168788 -0.000538317  -0.00046744    0.0221883     0.065294 -0.000988527 0.79673       0       0
                95.2  2.29345 -8.34007 -56.2314 -12.3191 -11.6858 0.692268   0.628583   0.588013 0.00180097   0.00164758 -0.000495824 -0.000469409     0.021695    0.0659222 -0.000937702 0.790871        0        0
                95.2  2.09798 -8.12499 -56.1464 -12.3112  -11.676 0.693578  0.686923  0.675825 0.0085688   0.00170371 -0.000567514 -0.000494474  0.0222008   0.064756 -0.0010954 0.790887        0        0
             95.2998  2.28247 -7.08435 -55.8492 -12.2676 -11.6374 0.698469  0.524391  0.583114 0.0219173   0.00167356 -0.000557274  -0.00048368   0.0211721   0.0666404 -0.00121984 0.792207        0        0
             95.2998   2.0401 -7.13916 -55.7665 -12.2659 -11.6317 0.696565   0.532147   0.640045 0.00536882   0.00174579  -0.00054173 -0.000510381  0.0217301  0.0662099 -0.0010757 0.792193        0        0
             95.4005  1.21204 -8.07702 -54.5925 -12.2258 -11.5924 0.699134   0.456605   0.541549 -0.0113506   0.00171962 -0.000440636 -0.000516447   0.0206146   0.0675167 -0.00123089 0.794969        0        0
             95.4005  1.11755 -7.87166 -54.5581  -12.222 -11.5761 0.696606   0.470912   0.698759 -0.0378856   0.00174362 -0.000507463 -0.000526473  0.0221928   0.066326 -0.0010453 0.794988        0        0
             95.5003   0.5632 -7.52747 -52.9809 -12.1871 -11.5146 0.689494  0.396001  0.690559 -0.037802   0.00171276 -0.000497266 -0.000522729    0.0220557    0.0671071 -0.000879903 0.79449       0       0
             95.5003 0.384926 -7.46233 -52.9165 -12.1846 -11.5109 0.685509   0.411944   0.728061 -0.0680725   0.00176617 -0.000516299 -0.000543119     0.022381    0.0667141 -0.000526384 0.794484        0        0
             95.6001 0.546417 -7.66911 -51.1042 -12.1408 -11.4519  0.68655   0.432394   0.623691 -0.0222399   0.00172287  -0.00045456 -0.000533388    0.0215869    0.0669477 -0.000779337 0.799677        0        0
             95.6001 0.541302 -7.48707 -51.0722 -12.1363  -11.443 0.690441    0.46138   0.699889 0.00177717   0.00172695 -0.000508198 -0.000544267  0.0221271  0.0660871 -0.0011461 0.799655        0        0
             95.7001  1.08484 -6.97843 -50.3453  -12.107 -11.4047 0.689445   0.436923    0.53812 -0.0089976   0.00168478 -0.000507185 -0.000526181   0.0212079   0.0679164 -0.00109327 0.802185        0        0
             95.7001 0.964063 -6.93322 -50.3738 -12.1034  -11.394 0.687174   0.452692   0.637516 -0.0298908   0.00173121 -0.000509504 -0.000518336    0.0220901    0.0670132 -0.000930716 0.802134        0        0
             95.7999  1.08565 -6.40949 -50.1471 -12.0639 -11.3554 0.689001    0.5036  0.462966 0.0339968   0.00169002  -0.00047828 -0.000507205    0.0213478    0.0681402 -0.000986631 0.814557        0        0
             95.7999 0.914188 -6.30552 -50.1402 -12.0589 -11.3448 0.684327    0.531259    0.558015 -0.00289228   0.00175132 -0.000506306 -0.000511606    0.0220963    0.0671671 -0.000592264 0.814535        0        0
             95.9001 -0.0691182   -6.42209   -50.7872 -12.0099 -11.3054 0.683062   0.561264   0.489064 -0.0481153   0.00170361 -0.000475415 -0.000506248    0.0216083    0.0680019 -0.000617954 0.817449        0        0
             95.9001 -0.256494   -6.3767  -50.8182 -12.0016 -11.2917 0.682414   0.613785   0.608199 -0.0572174   0.00177163 -0.000486561 -0.000500396    0.0223329    0.0666058 -0.000555162 0.817455        0        0
             95.9999 -1.37177 -7.47515 -52.3186 -11.9513 -11.2572 0.676787   0.625727   0.512743 -0.0764034   0.00174632 -0.000443371 -0.000479797    0.0214836    0.0681145 -0.000647525 0.812602        0        0
             95.9999 -1.43952 -7.36475 -52.3224 -11.9433 -11.2428 0.679475   0.675567   0.633373 -0.0614262   0.00177504 -0.000475474 -0.000482048    0.0222255    0.0667238 -0.000910821 0.812647        0        0
             96.0998 -0.683948  -8.69251  -54.2897 -11.8747 -11.1929 0.677662   0.731846   0.541184 -0.0168711   0.00173412 -0.000428772 -0.000462442 0.0217082 0.0672051 -0.001051 0.810596        0        0
             96.0998 -0.744634   -8.5235  -54.2625 -11.8746 -11.1832 0.674718   0.719142   0.634124 -0.0434523   0.00175597 -0.000478787 -0.000472923    0.0227509    0.0666498 -0.000862866 0.81058       0       0
             96.2004 0.970363 -7.53627 -55.3057 -11.8159 -11.1443 0.673149   0.650718   0.510913 0.00782275   0.00167698 -0.000467469 -0.000449175    0.0220754    0.0679569 -0.000809839 0.812324        0        0
             96.2004  0.73711 -7.32638 -55.1975 -11.8094 -11.1351 0.675591   0.69718  0.589597 0.0226772   0.00175147  -0.00053046 -0.000482635   0.0225142   0.0669696 -0.00107797 0.812304        0        0
             96.3003 0.512793  -6.0885 -54.8943 -11.7407 -11.0809 0.683351  0.630673  0.571092 0.0471459    0.0017177 -0.000493841 -0.000480467   0.0220918   0.0669957 -0.00134167 0.801209        0        0
             96.3003 0.376904 -5.92128 -54.7824  -11.742 -11.0778 0.680424  0.616385  0.604379 0.0237357   0.00175666 -0.000538221 -0.000513965   0.0225645   0.0669304 -0.00111287 0.801197        0        0
             96.4001 -0.0712408     -5.609   -54.3523 -11.6984  -11.045 0.685418  0.492105  0.478925 0.0484225   0.00171992 -0.000519565 -0.000499902   0.0216378   0.0683759 -0.00110267 0.812987        0        0
             96.4001 -0.24022 -5.61367 -54.2836 -11.6982 -11.0396 0.682341  0.487041  0.534112 0.0236049  0.00177413 -0.00050866 -0.00052132    0.0222454    0.0680751 -0.000857867 0.812983        0        0
                96.5 -0.811596  -5.39596  -53.1918 -11.6544 -10.9971 0.685833   0.433774   0.495542 0.00513703   0.00171081 -0.000481222 -0.000516255     0.021714    0.0685156 -0.000960886 0.816693        0        0
                96.5 -1.07725 -5.31686 -53.1317 -11.6526 -10.9889 0.681547   0.439248   0.577364 -0.0290475   0.00179877 -0.000494071 -0.000535657    0.0225281    0.0679279 -0.000610936 0.816695        0        0
             96.5998 -1.19286 -5.72543 -52.2325 -11.6219 -10.9497 0.684268   0.359822   0.518947 -0.0238974   0.00172693 -0.000469876 -0.000526726    0.0218076    0.0690236 -0.000947079 0.823519        0        0
             96.5998 -1.23302 -5.63791 -52.2168  -11.617 -10.9358 0.683023  0.38355 0.648088   -0.038   0.00175178 -0.000482918 -0.000532486   0.0229249   0.0678839 -0.00088524 0.823571        0        0
             96.7001 -0.545483  -6.20401  -51.2395 -11.5816 -10.8841 0.683493     0.37718    0.541963 -0.00255891   0.00168724 -0.000448564 -0.000524755   0.0223778   0.0683867 -0.00105289 0.811893        0        0
             96.7001 -0.689805  -6.07938  -51.2182 -11.5778 -10.8761 0.681958   0.399719   0.614197 -0.0162831   0.00173928 -0.000478285 -0.000531316    0.0229387    0.0676554 -0.000949773 0.811901        0        0
             96.7999 -0.128763  -4.16886  -51.8359 -11.5557 -10.8419 0.686644 0.342453 0.483598 0.051272   0.00167303 -0.000504803 -0.000511998   0.0223629   0.0692247 -0.00107941 0.831796        0        0
             96.7999 -0.322468  -4.08995  -51.8679 -11.5452 -10.8343 0.681245  0.420958  0.545103 0.0123544   0.00175217 -0.000528078 -0.000506112    0.0224195    0.0680528 -0.000620917 0.831785        0        0
             96.8998 -1.63085 -5.44206 -52.9115 -11.5124 -10.8088 0.685238  0.409456  0.395069 0.0480225   0.00170875 -0.000465717 -0.000489811   0.0213951   0.0693825 -0.00061582 0.833636        0        0
             96.8998 -1.86851 -5.37869 -52.8691 -11.5051 -10.7909 0.685577  0.449476  0.554156 0.0453347   0.00181028 -0.000462445 -0.000507523    0.0225792    0.0678946 -0.000685835 0.833709        0        0
             97.0004 -1.61385 -5.88375  -53.672 -11.4617 -10.7504 0.691099  0.478875  0.431588 0.0534388  0.00174118 -0.00043836 -0.00049956    0.0221811    0.0684043 -0.000658493 0.827047        0        0
             97.0004 -1.75128 -5.72571 -53.6444 -11.4565 -10.7383 0.692623   0.50898  0.540196 0.0605208   0.00180294 -0.000470981 -0.000512061    0.0229933    0.0673774 -0.000836027 0.827056        0        0
             97.1002 -1.77776 -7.18553 -54.9104 -11.4212 -10.7157 0.701064 0.490129 0.406488 0.030353   0.00170645 -0.000461216  -0.00048535    0.0220602    0.0690756 -0.000978927 0.814265        0        0
             97.1002  -1.9875 -7.15755 -54.8911 -11.4129 -10.7024  0.69943  0.543456   0.52405 0.0143441   0.00179667 -0.000456461 -0.000493606    0.0228213    0.0677874 -0.000900486 0.814281        0        0
             97.2001 -1.82198 -9.21607 -56.7637 -11.3657 -10.6723 0.700957   0.559046    0.43147 -0.0181096   0.00173502 -0.000422905  -0.00047423    0.0219778       0.0689 -0.000973427 0.823468        0        0
             97.2001 -1.93453 -9.02995 -56.7616 -11.3616  -10.658 0.699882  0.576127   0.56427 -0.032368   0.00179032 -0.000459702 -0.000478986    0.0231763    0.0678732 -0.000990769 0.823442        0        0
             97.2999 -0.301108  -8.98996  -58.8106  -11.318 -10.6318 0.699386    0.510037     0.39553 -0.00810445   0.00170463 -0.000444968 -0.000453087    0.0222401    0.0692343 -0.000975946 0.804489        0        0
             97.2999 -0.47856 -8.69988  -58.766  -11.311 -10.6173 0.695955   0.551876   0.528719 -0.0384173   0.00178303  -0.00051944 -0.000470545   0.0233863   0.0679832 -0.00082968 0.80447       0       0
             97.4002  1.22668 -7.36696 -59.1268 -11.2631 -10.5642  0.70575  0.479713  0.539014 0.0246008   0.00170701 -0.000523199 -0.000473558   0.0234132   0.0682294 -0.00150113 0.81987       0       0
             97.4002  1.06442 -7.29697 -59.0181 -11.2574 -10.5642 0.700799    0.52656   0.536607 -0.0098377   0.00176012 -0.000552881 -0.000507942   0.0231835   0.0677689 -0.00104121 0.819852        0        0
                97.5  1.24613 -6.80112 -60.1794 -11.2312 -10.5545 0.700508  0.351277  0.341077 0.0108928   0.00167303 -0.000559548 -0.000483965    0.0215248    0.0699879 -0.000789496 0.809608        0        0
                97.5 0.987234 -6.73392 -60.1395 -11.2248 -10.5398 0.700956   0.391543   0.480108 0.00920794   0.00178055 -0.000550827 -0.000497306    0.0226668    0.0688282 -0.000906792 0.809598        0        0
             97.5999 0.520081 -7.12984 -60.1185 -11.1962 -10.5066 0.704518  0.315172  0.430265 0.0103112   0.00173092 -0.000529748 -0.000490653   0.0219981    0.069561 -0.00100842 0.811686        0        0
             97.5999 0.331149 -7.08331 -59.9968 -11.1945 -10.4932 0.700531   0.317033   0.566263 -0.0255789   0.00180296 -0.000510598 -0.000526394    0.0233936    0.0688306 -0.000731604 0.811647        0        0
             97.6998 0.321427 -6.87458 -59.8075 -11.1721 -10.4579 0.701296   0.272596   0.465616 -0.0248527   0.00173015 -0.000499024 -0.000516756   0.0224939   0.0697312 -0.00093089 0.810061        0        0
             97.6998 0.221366 -6.68507 -59.7723 -11.1653 -10.4421 0.700577   0.316814     0.6199 -0.0359077   0.00178935 -0.000525431 -0.000529711    0.0238461     0.068457 -0.000940652 0.81002       0       0
             97.8004 0.0491115  -6.67269  -59.0303 -11.1442  -10.401 0.706002  0.267084  0.510378 0.0129616   0.00173157 -0.000511746 -0.000522359   0.0229708   0.0694279 -0.00128458 0.810023        0        0
             97.8004 -0.0415926   -6.55923   -58.9764 -11.1397 -10.3941 0.703377    0.298828    0.576377 -0.00893836    0.0017729 -0.000532018 -0.000539919   0.0235038   0.0687525 -0.00107996 0.810009        0        0
             97.9003 0.830116 -5.12646 -58.8149 -11.1281 -10.3685 0.711264  0.220621  0.423728 0.0427874   0.00170218  -0.00055855 -0.000522609   0.0222907   0.0703384 -0.00139645 0.82422       0       0
             97.9003 0.765488 -5.04694 -58.8192 -11.1192 -10.3586 0.701903  0.283014  0.519203 -0.027953   0.00174684 -0.000573172 -0.000524942    0.0229945    0.0691868 -0.000626243 0.824145        0        0
             98.0001  1.43132 -5.11945 -59.1601 -11.1037 -10.3339 0.702111   0.262239   0.350774 -0.0264372   0.00166632 -0.000539091 -0.000510249    0.0220168    0.0704605 -0.000776468 0.815624        0        0
             98.0001  1.23572 -5.05878 -59.1538 -11.0958 -10.3183 0.698804   0.312627   0.502201 -0.0562178   0.00173542 -0.000561217 -0.000513032   0.0233933   0.0690385 -0.00050107 0.81556       0       0
                98.1  2.26214 -4.05763 -59.4639 -11.0708 -10.2886 0.700796   0.35701  0.344684 0.0130095   0.00169054 -0.000542984 -0.000502138    0.0227888    0.0699618 -0.000747658 0.82419       0       0
                98.1  2.16762 -3.94679 -59.4321 -11.0659 -10.2798 0.698165    0.388731    0.430853 -0.00976086    0.0017176 -0.000581934 -0.000511511    0.0235625    0.0691117 -0.000496364 0.824189        0        0
             98.1998  1.79814 -4.85475 -59.9449 -11.0367 -10.2633 0.699927    0.394855    0.303761 -0.00862619   0.00168207 -0.000527861 -0.000499765    0.0224065    0.0704099 -0.000655044 0.823964        0        0
             98.1998  1.59497 -4.83052 -59.9042 -11.0266 -10.2456 0.699782  0.462555  0.471712 -0.015974   0.00173746 -0.000542457 -0.000511693    0.0238203    0.0686863 -0.000589525 0.823888        0        0
             98.3004 0.864642 -5.78665 -60.5902 -10.9909 -10.2298 0.698289    0.511765    0.324581 -0.00829569   0.00173034 -0.000483517 -0.000496445     0.022526    0.0703278 -0.000627683 0.829342        0        0
             98.3004 0.748015 -5.62113 -60.5621  -10.983 -10.2155 0.699996     0.56419    0.458925 -0.00152066   0.00175964 -0.000541778 -0.000503832    0.0236871    0.0689662 -0.000758478 0.82931       0       0
             98.4003 0.753849 -6.27748 -61.5496 -10.9334 -10.1955 0.697686   0.579516   0.347283 -0.0250883   0.00171686 -0.000499267 -0.000484816    0.0224903    0.0701471 -0.000673282 0.825092        0        0
             98.4003 0.543248 -6.13924   -61.48 -10.9326 -10.1815  0.70104    0.575289    0.485778 -0.00684528   0.00178033 -0.000547324 -0.000507095   0.0240191   0.0694059 -0.00103943 0.825039        0        0
             98.5001 0.908436 -5.59554 -61.7449 -10.8858 -10.1554 0.706906  0.520294  0.369824 0.0228107   0.00172397 -0.000523855 -0.000493164   0.0230057   0.0704698 -0.00138261 0.819039        0        0
             98.5001 0.812308 -5.42478 -61.6623 -10.8784 -10.1406 0.702136   0.566552   0.514011 -0.0170242   0.00175203 -0.000578621 -0.000518381    0.0244099    0.0691669 -0.000999479 0.818962        0        0
                98.6 0.943395 -4.56213 -61.6043 -10.8416 -10.1211 0.704819  0.431203   0.37523 0.0135834   0.00171285 -0.000555164 -0.000502471   0.0229968   0.0707676 -0.00111267 0.826159        0        0
                98.6 0.762825 -4.47934 -61.5306 -10.8341 -10.1105 0.703946   0.484963   0.477326 0.00472299   0.00177194 -0.000577876 -0.000526142   0.0238432   0.0696288 -0.00105835 0.826158        0        0
             98.6999  0.23157 -4.22371 -61.1554 -10.8046 -10.0894  0.70722  0.356281   0.38764 0.0164425   0.00173415 -0.000552099  -0.00051737   0.0225706   0.0711259 -0.00115131 0.830442        0        0
             98.6999 0.0857352  -4.16458  -61.0698 -10.7992 -10.0722 0.706158   0.388203    0.55938 0.00214123   0.00178248  -0.00056471 -0.000544944   0.0243048   0.0698413 -0.00107815 0.830338        0        0
             98.8001 -0.539252  -4.14375  -60.1095 -10.7776 -10.0468  0.70422  0.291054  0.435775 -0.012911   0.00174385 -0.000514603 -0.000532397    0.0228863    0.0714083 -0.000956281 0.82644       0       0
             98.8001 -0.583354  -3.99578  -60.0534 -10.7671 -10.0309 0.701229   0.363554   0.587776 -0.0388429   0.00176074 -0.000556077  -0.00055091    0.0241906    0.0697622 -0.000701094 0.826413        0        0
                98.9 -0.681614  -3.72301  -58.4957 -10.7455 -9.98747 0.698989   0.275236   0.570444 -0.0457563   0.00172953 -0.000536838 -0.000547183    0.0234648    0.0708711 -0.000817516 0.832784        0        0
                98.9 -0.819965  -3.66113  -58.4329 -10.7379 -9.97864 0.699541   0.332681   0.654678 -0.0441475    0.0017752 -0.000551917 -0.000567168   0.0240546   0.0697668 -0.00088199 0.832816        0        0
             98.9998 -0.829825  -3.81453  -56.9155 -10.7177 -9.94233 0.699631   0.286676     0.4977 -0.0317152   0.00171363  -0.00051087 -0.000556992   0.0227503   0.0711804 -0.00110881 0.831973        0        0
             98.9998 -0.871918  -3.66838  -56.8804 -10.7142 -9.92946 0.700525   0.304707   0.623166 -0.0298194   0.00172719 -0.000551739 -0.000568329  0.0239998  0.0702172 -0.0012222 0.832069        0        0
             99.1004 -0.308066  -2.01915  -55.9237 -10.7031 -9.90057  0.69536   0.226654   0.454457 -0.0323293   0.00171086 -0.000542628 -0.000552307   0.0227815   0.0720801 -0.00105892 0.843617        0        0
             99.1004 -0.36744 -1.87757 -55.8978 -10.6929 -9.88362 0.695129   0.296074   0.614209 -0.0389256   0.00174569 -0.000568116 -0.000562379   0.0240824   0.0702728 -0.00106803 0.843558        0        0
             99.2003  0.25257 -1.88083 -55.8698 -10.6708 -9.85145 0.694568   0.298791   0.454491 0.00662366   0.00168547 -0.000543545 -0.000528306    0.022717   0.0715491 -0.00112377 0.851205        0        0
             99.2003 0.0736699  -1.85868  -55.8567  -10.668 -9.83877 0.693475    0.314025    0.582848 -0.00670057    0.0017585 -0.000524727 -0.000532779    0.023925   0.0705566 -0.00100082 0.851249        0        0
             99.3001 -0.106613    -1.827   -56.537 -10.6455 -9.80998 0.696767  0.338207  0.398988 0.0380668   0.00169683 -0.000514536 -0.000510222   0.0229464   0.0719731 -0.00109221 0.83958       0       0
             99.3001 -0.284742  -1.71233  -56.5048 -10.6404 -9.79597 0.695418  0.369843  0.534765 0.0237893   0.00177091 -0.000534965  -0.00052253    0.0241173      0.07078 -0.000935496 0.839549        0        0
                99.4 -1.06305 -3.06819 -57.3412 -10.6191 -9.77508 0.698771  0.374227  0.366434 0.0352203   0.00172266 -0.000503363 -0.000507669    0.0230908     0.072633 -0.000961011 0.841881        0        0
                99.4 -1.09861 -3.01297 -57.3082 -10.6074 -9.75999 0.698409  0.462585  0.509282 0.0303268   0.00175704 -0.000512513 -0.000521187    0.0239755    0.0708181 -0.000922588 0.841961        0        0
             99.4998 -1.06957  -4.2132 -58.4854 -10.5689 -9.73359 0.699414   0.504753   0.378363 0.00739811   0.00172525 -0.000462695 -0.000506374    0.0231749    0.0720823 -0.000857146 0.845755        0        0
             99.4998 -1.20337 -3.98706 -58.4663 -10.5609 -9.72048 0.700687  0.562095   0.50184 0.0149733   0.00178139 -0.000526217 -0.000515177   0.0241051   0.0707233 -0.00101607 0.845809        0        0
             99.6005 -0.823246  -5.12265  -60.2471  -10.515 -9.69933  0.70159  0.559483  0.347982 0.0117264   0.00171054 -0.000501525 -0.000494671    0.0229992    0.0721925 -0.000954979 0.846968        0        0
             99.6005 -0.963637   -5.0042   -60.238 -10.5044 -9.68362 0.701337   0.632314   0.493226 0.00824025    0.0017704 -0.000534607 -0.000498363 0.0241037 0.0705392 -0.001024 0.846913        0        0
             99.7004 0.146707 -4.74355 -61.0238   -10.46 -9.65934 0.707379  0.517231  0.394046 0.0531196   0.00172437 -0.000529309 -0.000482312   0.0232244   0.0720296 -0.00116019 0.838376        0        0
             99.7004 0.104692  -4.6162 -60.9247 -10.4472 -9.64177 0.703847  0.607705  0.563112 0.0223716  0.00176347 -0.00055001 -0.00051134    0.0245459    0.0700691 -0.000914425 0.83836       0       0
             99.8002 0.976987 -5.62725 -60.8963 -10.3978 -9.60344 0.704657  0.497739  0.472599 0.0220721   0.00170313  -0.00050125 -0.000502878    0.0237493    0.0708859 -0.000734991 0.832504        0        0
             99.8002 0.708121 -5.47878 -60.8022 -10.3995 -9.59618 0.707203   0.48094  0.546519 0.0377584   0.00178732 -0.000529283 -0.000528297   0.0246098   0.0706889 -0.00100204 0.832523        0        0
             99.9001  1.09596 -5.61076  -60.879 -10.3872 -9.59302 0.717975  0.283273  0.289126 0.0726891   0.00168862 -0.000550448 -0.000507136   0.0227007   0.0735203 -0.00123738 0.829404        0        0
             99.9001 0.915866 -5.52443 -60.8085 -10.3792 -9.57765 0.716757 0.338482 0.438935 0.058368   0.00176834 -0.000553954 -0.000525652   0.023997  0.0721425 -0.0011578 0.829346        0        0
             99.9999 0.202479 -5.89918 -60.2344 -10.3555 -9.55175 0.725911  0.265056  0.350031 0.0476847   0.00172894 -0.000530436 -0.000519429   0.0232286   0.0729605 -0.00137677 0.83956       0       0
             99.9999 0.062763 -5.78312 -60.1599  -10.347 -9.53604 0.719366    0.32745   0.510721 -0.0094477   0.00179553 -0.000542928 -0.000542464    0.0246618    0.0714424 -0.000775798 0.83958       0       0
               100.1 -0.177537  -5.81284  -58.5665 -10.3255 -9.50527 0.721295    0.256017    0.390163 -0.00425938   0.00174202 -0.000527869 -0.000532628    0.0238217    0.0724085 -0.000924743 0.846183        0        0
               100.1 -0.240495  -5.67562   -58.453 -10.3226 -9.49776 0.722041     0.27588    0.464522 -0.00159878   0.00176806 -0.000557882 -0.000567805    0.024505   0.0717822 -0.00101808 0.846169        0        0
               100.2 -0.255131  -5.51779   -56.799 -10.3125 -9.48312 0.719232   0.190865   0.304194 -0.0185332   0.00171411 -0.000545274 -0.000557631    0.0232808    0.0733868 -0.000828947 0.846563        0        0
               100.2 -0.281717  -5.44619  -56.8018 -10.3018 -9.47407 0.720279   0.273459   0.386273 -0.0116127   0.00174653 -0.000557405 -0.000559135    0.0236453    0.0720415 -0.000946285 0.846524        0        0
               100.3  1.14993 -5.17572 -55.4463 -10.2777 -9.45295 0.718568   0.281893   0.269137 -0.0430628   0.00169165 -0.000526215 -0.000548156    0.0228795    0.0726787 -0.000973318 0.847149        0        0
               100.3  1.13361 -5.01388 -55.4711 -10.2738 -9.44207 0.719256   0.306585   0.374347 -0.0418173   0.00171586 -0.000551991 -0.000541625   0.0237846   0.0717784 -0.00107672 0.847125        0        0
               100.4  2.02391 -4.31673 -55.4177 -10.2579 -9.43646 0.718415   0.312425   0.218272 -0.0246981   0.00166026 -0.000564056 -0.000518974   0.0227333   0.0734851 -0.00121238 0.857529        0        0
               100.4  1.88593 -4.26418 -55.4496 -10.2527 -9.42098 0.714631   0.342667   0.370314 -0.0595394   0.00173031  -0.00054791 -0.000513884    0.0240604    0.0722301 -0.000885683 0.857546        0        0
               100.5  2.03343 -4.58701 -55.6748 -10.2208  -9.3991 0.709074  0.410335  0.292679 -0.049963   0.00169491 -0.000527486 -0.000504062    0.0235398     0.073012 -0.000858425 0.859002        0        0
               100.5  1.94096 -4.53592  -55.676 -10.2137 -9.38414 0.709223   0.459515    0.43767 -0.0536041   0.00175891 -0.000513538 -0.000512558    0.0246051    0.0716328 -0.000846082 0.859017        0        0
               100.6  1.06589 -5.18351 -57.4721 -10.1872 -9.37838 0.703894   0.43844  0.257855 -0.035585    0.0016894 -0.000506272 -0.000474794    0.0234842    0.0737265 -0.000845149 0.855086        0        0
               100.6 0.866726 -5.07319 -57.4629 -10.1819 -9.36791 0.704184   0.474713   0.356408 -0.0361525   0.00177317 -0.000522889 -0.000482196    0.0242047    0.0727809 -0.000856322 0.855188        0        0
               100.7 0.591526 -5.82485 -59.2855 -10.1335 -9.34293 0.698491    0.539453    0.320653 -0.00711307   0.00174175 -0.000493007 -0.000466928    0.0237616    0.0732653 -0.000633809 0.854023        0        0
               100.7 0.541524 -5.67958 -59.2261 -10.1249 -9.32975 0.702731  0.603378  0.442701 0.0230887   0.00178919 -0.000519722 -0.000490405   0.0245458   0.0719003 -0.00102661 0.854086        0        0
               100.8   1.3106 -5.80868  -59.899 -10.0779 -9.30711  0.70487  0.536557   0.36294 0.0354991   0.00172145 -0.000505174 -0.000467456    0.0237625      0.07313 -0.000934595 0.862668        0        0
               100.8  1.22501 -5.64352  -59.776 -10.0714 -9.29839 0.708178  0.585894  0.442558 0.0583983   0.00176297 -0.000554209 -0.000509383  0.0242704   0.072176 -0.0012455 0.862667        0        0
               100.9  1.43793 -5.47193 -59.7379 -10.0217 -9.27065 0.712987  0.512592   0.39857 0.0454623   0.00170664 -0.000531678  -0.00049454   0.0234956   0.0729603 -0.00116499 0.853992        0        0
               100.9  1.31936 -5.34658 -59.6502 -10.0209 -9.26269 0.714693  0.514259  0.478568 0.0548422   0.00174139 -0.000577022 -0.000520781   0.0243718   0.0724751 -0.00135611 0.853989        0        0
                 101 0.845466 -5.29815 -59.1651 -9.98622 -9.23761 0.714807  0.402632  0.399833 0.0227571   0.00172924 -0.000530945 -0.000510842  0.0233722  0.0738664 -0.0010628 0.850499        0        0
                 101 0.739342  -5.1979 -59.0819 -9.98393 -9.22585  0.71545  0.413365  0.517665 0.0217849   0.00175522 -0.000570659 -0.000536502   0.0246114   0.0730456 -0.00114528 0.850487        0        0
               101.1 0.0638893  -5.16425  -57.9164 -9.96367 -9.19671 0.715581   0.293733   0.457829 0.00582812   0.00175019 -0.000535079 -0.000532987    0.023729   0.0746727 -0.00106217 0.848652        0        0
               101.1 0.0979082  -5.07174  -57.8543 -9.95725 -9.19018 0.717297  0.343577  0.518236 0.0179051   0.00173915 -0.000559672 -0.000550165   0.0240774   0.0737504 -0.00122941 0.848647        0        0
               101.2 0.0430629  -5.37017  -56.2629 -9.92782 -9.14537 0.707984    0.30977   0.498157 -0.0226591   0.00172968 -0.000499507 -0.000553439    0.0237707    0.0742281 -0.000603156 0.862639        0        0
               101.2 -0.0885231   -5.19765   -56.2507 -9.92223 -9.13751 0.714032  0.355976  0.570803 0.0238748     0.001784 -0.000544584 -0.000557709   0.0241834   0.0733428 -0.00119962 0.862642        0        0
               101.3 -0.157109  -5.16752  -55.0358  -9.8872 -9.09991 0.718704  0.371617  0.459029 0.0704236   0.00172319 -0.000526734 -0.000529648   0.0232856   0.0739099 -0.00114051 0.857736        0        0
               101.3 -0.25371 -5.05376 -54.9803 -9.88786 -9.09086 0.720862  0.360574  0.550352 0.0826951   0.00175139 -0.000564303 -0.000547493   0.0243074   0.0734339 -0.00138103 0.857706        0        0
               101.4 0.529193 -4.79766 -53.9859 -9.86069 -9.05426  0.72499  0.333967   0.47713 0.0760707    0.0017143 -0.000538539  -0.00053971   0.0236229    0.074465 -0.00105601 0.864786        0        0
               101.4 0.503801 -4.71366 -53.9931 -9.86151 -9.04839 0.728611 0.324566 0.535187 0.101926   0.00172173 -0.000566193 -0.000537225   0.0242839   0.0741531 -0.00144669 0.864738        0        0
               101.5 0.997908  -5.9688 -54.0849 -9.83621 -9.01959 0.735945  0.321509  0.405767 0.0754538    0.0016974 -0.000504204 -0.000516663   0.0232243    0.075402 -0.00127774 0.868988        0        0
               101.5 0.908248    -5.87 -54.0975 -9.83518 -9.00936 0.735887   0.32458  0.508349 0.0707939   0.00172922 -0.000528449 -0.000511396   0.0242707   0.0746326 -0.00130002 0.869021        0        0
               101.6  1.18564 -6.01414 -55.1368 -9.80372 -8.96181 0.735623   0.337315   0.469651 0.00555504   0.00172519  -0.00050179 -0.000506359    0.0243379    0.0748119 -0.000987279 0.873279        0        0
               101.6  1.14888 -5.84593 -55.2091 -9.79456 -8.95341 0.738847  0.407556  0.542562 0.0286956   0.00174182 -0.000555023 -0.000482035   0.0245618    0.073565 -0.00128939 0.873314        0        0
               101.7  1.16017 -6.57277 -58.4834 -9.76577 -8.92569 0.740743  0.334306  0.434934 0.0215021   0.00172946 -0.000528202 -0.000448911   0.0234477   0.0749656 -0.00126183 0.86768       0       0
               101.7  0.98099 -6.50041 -58.5167  -9.7606 -8.91665 0.738626   0.368466    0.52067 0.00299402   0.00178899  -0.00055431 -0.000437253   0.0241202   0.0740404 -0.00107221 0.867665        0        0
               101.8  1.26393 -7.48777 -62.1349  -9.7312 -8.87903 0.739293  0.302847  0.444476 0.0349574   0.00175578 -0.000514877 -0.000419143    0.0235186     0.074731 -0.000972785 0.872665        0        0
               101.8  1.01608 -7.35766 -62.0663 -9.72859 -8.86662 0.736603   0.316359   0.570485 0.00827186   0.00183714 -0.000560176 -0.000438773    0.0248156    0.0738322 -0.000755543 0.872687        0        0
               101.9  1.22738  -7.0005 -65.5373 -9.70763  -8.8329 0.731359   0.212493   0.425061 0.00409587   0.00176621 -0.000502889 -0.000420117     0.023979    0.0748028 -0.000288644 0.855438        0        0
               101.9  1.01486 -6.72339 -65.4382 -9.70347 -8.82029 0.735524  0.245138  0.549416 0.0319969   0.00183348  -0.00059719 -0.000449548    0.0251524      0.07377 -0.000768773 0.85537       0       0
                 102 0.306711 -7.54979 -69.1088 -9.70132 -8.79417 0.736518    0.0923682       0.4443 -0.000774097   0.00180321 -0.000569011 -0.000427437    0.0239026    0.0755015 -0.000615073 0.85217       0       0
                 102 0.151808 -7.54159 -69.0172  -9.6932 -8.77954 0.741793   0.15934  0.590355 0.0361622   0.00185848 -0.000574237   -0.0004557    0.025204   0.0740352 -0.00121547 0.852143        0        0
               102.1 -0.352372  -8.27121  -71.3403 -9.68508 -8.74431 0.735958   0.106059   0.470437 -0.0102792   0.00181016 -0.000518409 -0.000439371    0.0239529    0.0749443 -0.000629443 0.842404        0        0
               102.1 -0.519639  -8.02215  -71.1948 -9.68169 -8.73248 0.741589  0.133159  0.586687 0.0283602   0.00186724 -0.000586144 -0.000484866    0.025152   0.0741818 -0.00127473 0.842384        0        0
               102.2 -0.903313  -8.33963  -73.3791 -9.68191 -8.70118 0.740205 0.0707514  0.468894   0.01051   0.00182295 -0.000552513  -0.00047004    0.0238317    0.0754081 -0.000908654 0.832491        0        0
               102.2 -0.968105  -8.15266  -73.2886 -9.68059 -8.69093 0.746366 0.0839981  0.571685 0.0549984   0.00184752 -0.000599664 -0.000500077   0.0249386   0.0749196 -0.00163824 0.832522        0        0
               102.3 -1.17053 -9.21456 -74.4405 -9.68274 -8.65665 0.734971  0.0316637   0.481304 -0.0465448   0.00179748 -0.000544842 -0.000487229    0.0237142    0.0758815 -0.000629291 0.841424        0        0
               102.3 -1.31849 -9.03631 -74.2964 -9.68538 -8.64491 0.745177 0.0122634  0.596799 0.0278409    0.0018408 -0.000587039 -0.000533202   0.0250315   0.0758128 -0.00177933 0.841469        0        0
               102.4 -1.55224 -9.55387 -75.0933 -9.69764 -8.61268  0.73652 -0.0153247   0.429026 -0.0173943   0.00181162 -0.000526782  -0.00052723    0.0237338    0.0770389 -0.000990063 0.846412        0        0
               102.4 -1.54332 -9.24901 -75.0706 -9.68593 -8.60048 0.744182 0.0846478  0.547514 0.0354733   0.00182061 -0.000615018 -0.000538518    0.024826    0.075528 -0.00187959 0.846298        0        0
               102.5 -0.961713  -8.88037  -77.0018 -9.68737 -8.57614 0.733896 0.0965186  0.329437 0.0241174   0.00178797 -0.000569991 -0.000523213   0.0235604   0.0765929 -0.00075496 0.848047        0        0
               102.5 -1.03365 -8.64648 -77.0316 -9.67879 -8.56755 0.744591  0.170078  0.408826 0.0995371   0.00181427 -0.000651013 -0.000516069   0.0242117   0.0755287 -0.00186906 0.848042        0        0
               102.6 -0.854703  -9.02115  -78.4567 -9.66114 -8.54335 0.745214  0.240673  0.306757 0.0443011    0.0017995 -0.000585311 -0.000505936   0.0234388   0.0758943 -0.00124167 0.858005        0        0
               102.6 -0.905816  -8.84839  -78.3776 -9.66081 -8.53378 0.755202 0.244449 0.397466 0.111428   0.00181048 -0.000645606 -0.000530551   0.0244779   0.0756771 -0.00231148 0.857938        0        0
               102.7 -1.06424 -9.35573 -80.0875 -9.63802 -8.51734 0.750098  0.303448  0.247522 0.0336346   0.00180945 -0.000571698 -0.000518188   0.0233193    0.076236 -0.00131315 0.849425        0        0
               102.7 -1.16823 -9.13627 -80.0776 -9.63352 -8.50263 0.755809 0.341738 0.393282 0.069913   0.00185025 -0.000615518 -0.000526969    0.024958   0.0755444 -0.00206899 0.849491        0        0
               102.8 -1.06801 -9.48675 -81.9971 -9.60897  -8.4957   0.7513   0.358287      0.217 0.00748793   0.00181288 -0.000576019 -0.000508525   0.0232872   0.0765446 -0.00122484 0.837203        0        0
               102.8 -1.15468 -9.23438   -81.96 -9.60759 -8.48008 0.755006 0.371016 0.372444 0.028264   0.00184673 -0.000622076 -0.000526139   0.0251144   0.0762191 -0.00180475 0.837092        0        0
               102.9 -0.568606  -9.89545  -84.0115 -9.57817  -8.4694 0.744541    0.36094    0.24294 -0.0357998   0.00180297 -0.000587494 -0.000505378    0.0236242    0.0769376 -0.000921488 0.839607        0        0
               102.9 -0.660081  -9.71034  -83.9598 -9.57591 -8.45611 0.749295    0.381912    0.373616 -0.00492933   0.00183689  -0.00062167 -0.000524825  0.0251485  0.0765975 -0.0015785 0.839569        0        0
                 103 0.748806 -9.20641 -85.3062 -9.55063 -8.44583 0.744711   0.308333   0.211638 -0.0170253   0.00178601 -0.000575771 -0.000511381   0.0236906   0.0773834 -0.00110756 0.844455        0        0
                 103 0.676027 -8.84922 -85.2248 -9.54757 -8.43635 0.751854  0.336771  0.301433 0.0323225    0.0018112 -0.000669903  -0.00053655   0.0247069   0.0770194 -0.00191316 0.844426        0        0
               103.1  0.43769 -6.97263 -85.9208  -9.5255 -8.40864 0.748496    0.268756     0.35938 -0.00494512   0.00180626 -0.000649437 -0.000536795   0.0244594   0.0775926 -0.00152691 0.842824        0        0
               103.1 0.272122 -6.83057 -85.8539 -9.51846 -8.40723 0.749944   0.331054   0.374464 0.00691297    0.0018666 -0.000692203 -0.000560585    0.024631   0.0768309 -0.00169345 0.842795        0        0
               103.2  0.20676 -6.78099 -86.1532 -9.49822 -8.38891 0.741612   0.255607   0.352078 -0.0185395   0.00182068 -0.000635509 -0.000554166    0.0231103    0.0775765 -0.000978851 0.848534        0        0
               103.2 0.125017 -6.61686 -86.1016   -9.491 -8.38043 0.746925  0.318166  0.434353 0.0180753   0.00185998 -0.000666542 -0.000571317   0.0240765   0.0768201 -0.00155391 0.848512        0        0
               103.3 -0.0967153    -6.6262   -85.4009 -9.46836 -8.34614 0.743774  0.243809  0.407756 0.0323192   0.00182608  -0.00061232 -0.000573074   0.0234952   0.0772173 -0.00108327 0.8451      0      0
               103.3 -0.171497  -6.42177   -85.341 -9.46529 -8.33759  0.74746  0.271541  0.490121 0.0570282   0.00185526 -0.000650695 -0.000590772   0.0244756    0.076903 -0.00150431 0.845096        0        0
               103.4 -0.470479  -6.92125  -84.5297 -9.44765 -8.30587 0.745034  0.217308  0.458388 0.0378983   0.00182463 -0.000614879 -0.000581252    0.0232667    0.0773926 -0.000914233 0.841578        0        0
               103.4 -0.541719  -6.74132  -84.4797 -9.44986 -8.29475 0.750738  0.201031  0.565161 0.0771806   0.00184074 -0.000636344 -0.000595204   0.0244881   0.0776025 -0.00153631 0.841613        0        0
               103.5 -0.384424  -7.59907  -84.1011 -9.44181 -8.26009 0.746723  0.127215  0.457644 0.0637591   0.00179373 -0.000588942 -0.000587544    0.0232435    0.0781869 -0.000715207 0.841866        0        0
               103.5 -0.452165   -7.3691  -84.1391 -9.43587 -8.24806  0.75288 0.179669 0.575046 0.106266   0.00183208 -0.000625089 -0.000576627  0.0245901  0.0775596 -0.0013984 0.841863        0        0
               103.6 0.233107 -8.44142 -84.4674 -9.42825 -8.21685 0.759863 0.142995 0.451272 0.114312   0.00178567 -0.000604859 -0.000562195     0.023023    0.0781417 -0.000948077 0.848856        0        0
               103.6 0.161408 -8.28388   -84.48 -9.42405 -8.20486   0.7636 0.180512 0.568674  0.13823   0.00182032 -0.000620493 -0.000558097   0.0243864   0.0776761 -0.00142185 0.84887       0       0
               103.7 0.678192 -9.47666 -84.7341  -9.4122 -8.17231   0.7707 0.219348 0.430684 0.090096   0.00177825   -0.0005793 -0.000548709    0.0230113    0.0782668 -0.000958295 0.852235        0        0
               103.7 0.520638 -9.23212 -84.6939 -9.41006 -8.15667 0.773154 0.239647 0.583939 0.102819   0.00183187 -0.000610098 -0.000561935   0.0248477   0.0780066 -0.00138819 0.852232        0        0
               103.8 0.635381 -10.0787 -85.0021 -9.38957  -8.1208 0.775864  0.277235  0.451369 0.0147207   0.00179234 -0.000582184 -0.000549611  0.0235821  0.0784545 -0.0010175 0.846398        0        0
               103.8 0.579909  -9.8428 -84.9874 -9.38572 -8.11201 0.781157 0.311334 0.535614 0.051959    0.0018168  -0.00063911 -0.000557043   0.0245185   0.0780354 -0.00162528 0.846406        0        0
               103.9 0.301701 -10.4775 -86.1953 -9.36362  -8.0887 0.777147 0.321935 0.356873  0.01628   0.00178863 -0.000607586 -0.000539057    0.0229475    0.0787388 -0.000941647 0.845202        0        0
               103.9 0.113851 -10.2606 -86.2071 -9.35881 -8.07674 0.780607  0.365019  0.473111 0.0380708   0.00184841 -0.000681486 -0.000535558    0.024388   0.0781998 -0.00146774 0.845203        0        0
                 104 -0.020155  -11.2248  -87.1355 -9.32505 -8.04986 0.780293  0.418502  0.368787 0.0430821   0.00180679 -0.000615326 -0.000525061     0.023169    0.0786085 -0.000989754 0.844354        0        0
                 104 -0.115673  -11.0515  -87.0798 -9.32354 -8.04163 0.782667 0.432987 0.447958 0.058388   0.00183277 -0.000677474 -0.000542583   0.0241613   0.0784436 -0.00137612 0.844414        0        0
               104.1 0.652838 -12.1591 -88.8157 -9.28846 -8.01974 0.777294   0.423619   0.345851 -0.0169931   0.00179339 -0.000590903 -0.000534585    0.0227952    0.0790762 -0.000581173 0.845895        0        0
               104.1 0.561829 -11.9261 -88.8757 -9.28317 -8.01117 0.779665    0.470432    0.429017 -0.00144111   0.00182348 -0.000657165 -0.000517062    0.0238484    0.0785162 -0.000998287 0.845918        0        0
               104.2  1.28014 -11.3421 -90.4376 -9.24233 -7.98831 0.779844   0.440109   0.338712 -0.0104536   0.00179257 -0.000623321 -0.000501303    0.0224814    0.0788387 -0.000856796 0.82929       0       0
               104.2  1.08661 -11.0456 -90.3284 -9.24563 -7.97354  0.78348  0.418502  0.480566 0.0103572   0.00184153 -0.000671415 -0.000531285   0.0240873   0.0792306 -0.00148527 0.829312        0        0
               104.3   1.9261  -11.587 -91.3233 -9.20731 -7.94327 0.769868   0.402929   0.385624 -0.0445915   0.00179125 -0.000620174 -0.000522932    0.0232286    0.0794092 -0.000495338 0.834249        0        0
               104.3  1.80275 -11.4025  -91.264 -9.20846  -7.9354 0.781851  0.399249   0.45639 0.0429638   0.00182744  -0.00066173 -0.000539915   0.0238498   0.0795242 -0.00171006 0.834312        0        0
               104.4  1.96931 -10.9484 -91.0317 -9.17773 -7.90476 0.781396  0.327013  0.377414 0.0295803   0.00177566 -0.000611351 -0.000534543   0.0230196   0.0798491 -0.00129904 0.838519        0        0
               104.4  1.79036  -10.677 -90.9358 -9.17696 -7.90222 0.785097  0.335451  0.399385 0.0565006   0.00182779 -0.000696603 -0.000562267  0.0232646  0.0797811 -0.0016924 0.838526        0        0
               104.5 0.993659 -10.9094 -90.0347 -9.14191 -7.86497 0.782578  0.336116  0.384087 0.0391328   0.00181152 -0.000638698 -0.000567434   0.0232516    0.079671 -0.00113587 0.841418        0        0
               104.5 0.862214 -10.8047 -89.9981 -9.14432 -7.86969 0.786997  0.316494  0.334953 0.0729947   0.00185213 -0.000671435 -0.000577586   0.0225154   0.0798577 -0.00144387 0.84144       0       0
               104.6 0.843313 -11.0335 -88.3605 -9.12136  -7.8489 0.783069  0.275456  0.299961 0.0122588   0.00180408 -0.000607401 -0.000576656    0.0216639    0.0803273 -0.000726713 0.837701        0        0
               104.6 0.772578 -10.7986  -88.312  -9.1164 -7.83954 0.789789  0.321322  0.389942 0.0620698   0.00182214 -0.000681047 -0.000591729   0.0227527   0.0798281 -0.00158066 0.837782        0        0
               104.7 0.765843 -11.0105 -85.8358 -9.08204 -7.79595  0.78396    0.313192    0.450195 -0.00532133   0.00178597 -0.000601663 -0.000599876   0.0230127   0.0796645 -0.00100861 0.841202        0        0
               104.7  0.65571 -10.8028 -85.8165 -9.08441 -7.79658 0.787433  0.295373  0.440692 0.0202994   0.00182195 -0.000667901 -0.000605445   0.0228292   0.0798966 -0.00131442 0.841215        0        0
               104.8   1.1474 -10.9299 -83.7228 -9.05649 -7.76363 0.781868   0.275286   0.398079 -0.0279081   0.00177929 -0.000613091 -0.000599702    0.0221116    0.0799043 -0.000805483 0.841533        0        0
               104.8  1.10493 -10.7771 -83.7487 -9.06053 -7.75751 0.786185    0.245241     0.45461 0.000976157   0.00179338 -0.000663582 -0.000590432  0.0227562  0.0803045 -0.0013268 0.841549        0        0
               104.9  1.95013 -9.56073 -82.5726  -9.0382 -7.72475  0.77556   0.240021   0.351209 -0.0455964   0.00176031 -0.000606299 -0.000585763      0.02221    0.0804505 -0.000667353 0.855863        0        0
               104.9  1.85471 -9.30236 -82.6428 -9.03744 -7.71766 0.782754   0.248647   0.415911 0.00366434   0.00179419 -0.000683812 -0.000561908  0.0229367  0.0803122 -0.0014635 0.855835        0        0
                 105  2.54762 -8.10116 -82.0904 -9.01543 -7.69476 0.770236  0.301913  0.337045 -0.051554   0.00176719 -0.000645573 -0.000552091    0.0219292    0.0807558 -0.000558325 0.84857       0       0
                 105  2.35099 -8.00127 -82.0545 -9.01716 -7.68388 0.777874   0.291667   0.442408 0.00175933   0.00182588 -0.000660486 -0.000562748   0.0231307   0.0808103 -0.00146836 0.848531        0        0
               105.1  2.24894 -7.70163 -81.5529 -8.98679 -7.65503 0.766452   0.358413   0.356886 -0.0609167   0.00179332 -0.000586107 -0.000557789    0.0222779    0.0810672 -0.000789044 0.852303        0        0
               105.1  2.10427   -7.482 -81.5522 -8.98511 -7.64614 0.773735   0.375156   0.439937 -0.0101298   0.00183999 -0.000644985 -0.000557859   0.0232146   0.0807689 -0.00156962 0.852395        0        0
               105.2  1.85089 -7.20198 -81.9408 -8.94562 -7.62195 0.763694   0.440311   0.354833 -0.0403991   0.00180108 -0.000601041 -0.000539282    0.0220868    0.0809675 -0.000908757 0.873557        0        0
               105.2  1.74387 -7.05387 -81.9223 -8.94456 -7.61189 0.770305   0.450755   0.450228 0.00394048   0.00183427 -0.000639042 -0.000546163   0.0232042    0.080725 -0.00161702 0.873529        0        0
               105.3  1.53007  -7.1885 -82.7233 -8.89901 -7.58041 0.766349    0.520464    0.404703 -0.00820788    0.0018146 -0.000588241 -0.000535233  0.0222988  0.0810356 -0.0012967 0.868205        0        0
               105.3  1.45069 -6.99298 -82.7168 -8.89973 -7.57273 0.768598   0.516282   0.478021 0.00518018   0.00183899 -0.000643711 -0.000537304   0.0232201   0.0810225 -0.00158454 0.868203        0        0
               105.4  2.16985 -6.73335  -83.448 -8.85371 -7.54584 0.762668   0.501539   0.369226 0.00814841   0.00179488 -0.000586047 -0.000524977   0.0220361   0.0815646 -0.00102819 0.85926       0       0
               105.4   2.0842 -6.48154 -83.3826 -8.85193   -7.534 0.768451  0.517536  0.481616 0.0453222    0.0018219 -0.000653213 -0.000545318      0.0234   0.0812721 -0.00166554 0.85922       0       0
               105.5  2.76271  -6.0357 -83.2865 -8.80281 -7.49992 0.775705  0.478234  0.444869 0.0681853  0.00179306 -0.00062171 -0.00053712   0.0224075   0.0813883 -0.00167522 0.854164        0        0
               105.5  2.63109  -5.9023 -83.2046 -8.80374  -7.4937 0.772242   0.47192  0.507186 0.0379512   0.00183169  -0.00065441 -0.000560582   0.0232441   0.0814634 -0.00138712 0.854143        0        0
             105.601  2.28294  -5.2442 -83.1414 -8.77626 -7.46674 0.770171  0.329544  0.429955 0.0477019   0.00181617 -0.000615432 -0.000553144    0.0216824    0.0825495 -0.000865703 0.861904        0        0
             105.601   2.1637  -5.0573 -83.1024 -8.77332 -7.45606 0.770208  0.355877  0.534366 0.0431881    0.0018577 -0.000654278 -0.000563103    0.0229886     0.082181 -0.000921727 0.861858        0        0
               105.7  1.33481 -5.97877 -82.3783 -8.73617 -7.40986 0.773922  0.332109  0.536112 0.0615836   0.00183951 -0.000595229 -0.000558695    0.0223818    0.0819748 -0.000729777 0.858882        0        0
               105.7  1.29616 -5.84334 -82.3128 -8.73426 -7.40131 0.777732    0.3495  0.618995 0.0880735   0.00185524 -0.000619645 -0.000577777   0.0233683    0.081702 -0.00113997 0.858955        0        0
               105.8 0.911232  -6.5733  -80.849 -8.70074 -7.34895 0.778363  0.341548  0.595822 0.0344811   0.00183368 -0.000560566 -0.000575142    0.0227273    0.0818192 -0.000714365 0.859242        0        0
               105.8 0.845253 -6.34053 -80.7877 -8.70195 -7.34713 0.781953  0.33252 0.611097 0.060687   0.00185138 -0.000629602 -0.000592839   0.0229114   0.0819159 -0.00106399 0.859241        0        0
               105.9 0.360059 -6.58233 -78.2903 -8.67067 -7.29593 0.784654  0.332518  0.583635 0.0416368    0.0018275 -0.000594236 -0.000589096    0.0222135    0.0820849 -0.000862424 0.868432        0        0
               105.9 0.286896 -6.40921 -78.2206 -8.66908 -7.29197 0.790852 0.346929 0.619547  0.08672   0.00185162  -0.00064134 -0.000610486   0.0225982   0.0818635 -0.00146696 0.868399        0        0
                 106 0.406087 -6.60217 -75.4873 -8.63538 -7.24403 0.791418  0.374304  0.537346 0.0520205   0.00181161 -0.000573038 -0.000611203    0.0218547    0.0820842 -0.000955028 0.858937        0        0
                 106 0.318702 -6.34972 -75.4944 -8.63672 -7.23698 0.797524  0.364609  0.603474 0.0955245   0.00183859 -0.000641919 -0.000609273   0.0226463   0.0820968 -0.00159919 0.858919        0        0
               106.1 0.665883 -6.93747 -73.2725 -8.61032 -7.20053 0.799887  0.368196  0.472284 0.0702847   0.00178371 -0.000594496 -0.000599991   0.0213042   0.0830261 -0.00110329 0.865794        0        0
               106.1 0.570343 -6.81172 -73.3068 -8.60759 -7.18924 0.802126  0.392125  0.584072 0.0823332   0.00181997 -0.000608424 -0.000591622   0.0226059   0.0824775 -0.00140313 0.865729        0        0
               106.2 0.569743 -7.04608 -70.8507 -8.56513 -7.14215 0.803536  0.463442  0.496135 0.0629788   0.00179844 -0.000568765 -0.000589892    0.0221461    0.0826109 -0.000923196 0.871239        0        0
               106.2 0.532624 -6.89041 -70.8761  -8.5583 -7.13353 0.806201  0.524377  0.582749 0.0791184   0.00182912 -0.000594736 -0.000586735  0.0229718  0.0816517 -0.0012159 0.871211        0        0
               106.3 -0.229469  -7.87555  -69.1458 -8.51425 -7.09875 0.797834    0.53174    0.47706 -0.0197123   0.00180883 -0.000564012 -0.000577721    0.0218246    0.0826296 -0.000335849 0.873551        0        0
               106.3 -0.239478  -7.74035  -69.2405 -8.50922 -7.09358 0.807846   0.57481  0.524217 0.0554626   0.00182677 -0.000594159 -0.000551734   0.0221224   0.0819659 -0.00129676 0.873536        0        0
               106.4 -1.03063 -8.67197 -68.2229 -8.45546 -7.06352 0.799064   0.634012   0.413674 -0.0133317    0.0018161 -0.000546975 -0.000542969    0.0210137    0.0828048 -0.000488997 0.87551       0       0
               106.4 -0.928055  -8.43363  -68.2882 -8.45877 -7.05516 0.810043  0.605165  0.491589 0.0640422   0.00178516 -0.000598311 -0.000526554   0.0219022   0.0828301 -0.00157302 0.87548       0       0
               106.5 -1.30765 -9.25498 -68.0178 -8.39353 -7.01347 0.804454   0.673133   0.474254 0.00736023   0.00179123 -0.000558581  -0.00052012    0.0214957    0.0829316 -0.000931089 0.886802        0        0
               106.5 -1.31275 -9.07033  -68.059 -8.39914 -7.00413 0.814931  0.623632  0.564729 0.0803576   0.00178805 -0.000585804 -0.000511417   0.0225733   0.0831437 -0.00199762 0.886796        0        0
               106.6 -0.474823  -9.36912  -66.8351 -8.33077 -6.95657 0.807957  0.655707  0.527705 0.0198467   0.00178257 -0.000536164  -0.00050008   0.0220917   0.0830304 -0.00113245 0.8978      0      0
               106.6 -0.453926  -9.13716  -66.7323 -8.33588 -6.94864 0.811145  0.610596   0.60767 0.0383229    0.0017675  -0.00057864 -0.000531019  0.0231379  0.0832211 -0.0015334 0.897762        0        0
               106.7 -0.474112  -9.12992   -65.172 -8.27632 -6.89406  0.81777  0.575472  0.580359 0.0562351   0.00174699 -0.000564995 -0.000529652    0.022721    0.083328 -0.00164567 0.890242        0        0
               106.7 -0.633584   -9.0358  -65.1584 -8.28129 -6.89616 0.815557  0.535454  0.562491 0.0398027   0.00178004 -0.000593321 -0.000531569   0.0227319   0.0838508 -0.00143947 0.890246        0        0
               106.8 -1.81389 -8.50038  -64.359 -8.24769 -6.86623  0.81641   0.37893  0.450691 0.0752303   0.00175766 -0.000581215 -0.000521163    0.0216503    0.0851604 -0.000953171 0.900326        0        0
               106.8 -1.76162 -8.34704 -64.3868 -8.23966  -6.8579 0.817272  0.443395  0.529811 0.0785736   0.00177132 -0.000610465 -0.000517488   0.0222129   0.0841165 -0.00109469 0.900288        0        0
               106.9 -2.28233 -9.29347 -63.0011 -8.19887 -6.80649 0.821144  0.397183  0.546256 0.0566169   0.00176634 -0.000581084 -0.000530564    0.0220897     0.084212 -0.000842548 0.905923        0        0
               106.9 -2.29756  -9.3069 -63.0101   -8.196 -6.80292 0.823211  0.419696  0.579627 0.0707799   0.00178209 -0.000570355 -0.000528354   0.0223089   0.0838242 -0.00105772 0.905928        0        0
                 107 -2.19402 -10.0697 -61.6004 -8.15034  -6.7504 0.823164    0.432855    0.573667 -0.00966139   0.00177107 -0.000530774 -0.000523115    0.0218741     0.083773 -0.000810553 0.912007        0        0
                 107 -2.24641  -9.9123 -61.5872 -8.15181 -6.74482 0.822348   0.416875   0.630602 -0.0187975   0.00178854  -0.00055947 -0.000527993     0.022572    0.0836628 -0.000823628 0.912013        0        0
               107.1 -2.38812 -10.2706 -59.8987 -8.10993 -6.68757 0.819003   0.426896   0.585778 -0.0444724  0.00176191 -0.00055084 -0.00052421    0.0222643    0.0837894 -0.000793568 0.91406       0       0
               107.1 -2.37662 -10.1968 -59.9046 -8.11299 -6.68738 0.820636   0.402131    0.58854 -0.0336033   0.00175328 -0.000569435 -0.000522425    0.0224036     0.084039 -0.000941569 0.914064        0        0
               107.2 -1.52263 -9.34325 -59.2031 -8.07735 -6.64734  0.81077   0.419638   0.472668 -0.0554759   0.00172402 -0.000561086 -0.000518436    0.0217606    0.0847348 -0.000479688 0.919028        0        0
               107.2   -1.552 -9.17261 -59.2792 -8.07852 -6.64202 0.818099     0.40854     0.52144 -0.00518539   0.00174048 -0.000607304 -0.000495483   0.0222312   0.0846084 -0.00119709 0.91903       0       0
               107.3 -0.876537  -9.41021  -59.4499 -8.03612 -6.59951 0.816903    0.480513    0.462527 -0.00404306    0.0017016 -0.000586915 -0.000480551   0.0218053   0.0849323 -0.00108596 0.925234        0        0
               107.3 -0.960898  -9.38824  -59.4601 -8.03511 -6.59192 0.819223   0.483003   0.536964 0.00927563  0.00173184  -0.0005909 -0.00047785  0.0225796  0.0844614 -0.0014049 0.925205        0        0
               107.4 -1.44824 -9.74911 -60.3052 -7.98362 -6.54989 0.813954   0.563025   0.428206 -0.0139389   0.00174134 -0.000549821  -0.00047556    0.0222292    0.0847218 -0.000978235 0.928792        0        0
               107.4 -1.42559  -9.6125 -60.3842 -7.98108   -6.547 0.816582   0.583014   0.452737 0.00482728     0.001738 -0.000594007 -0.000451743   0.0223429   0.0843511 -0.00125567 0.928782        0        0
               107.5 -2.31289 -10.3033 -63.2187 -7.93105 -6.52202 0.810189   0.588315   0.363852 -0.0324351   0.00176044 -0.000576663 -0.000443265    0.0216496    0.0854551 -0.000777895 0.922777        0        0
               107.5 -2.33406 -10.2583 -63.2885 -7.92627 -6.51013 0.813586   0.621313   0.479156 -0.0122991   0.00177047 -0.000595453 -0.000422935   0.0226695   0.0844063 -0.00125273 0.922699        0        0
               107.6 -2.23232 -11.9588 -66.6509 -7.86902 -6.48016 0.802307   0.636098   0.392748 -0.0251498    0.0017761 -0.000531665 -0.000413787    0.0219521    0.0852646 -0.000501086 0.926402        0        0
               107.6 -2.25483 -11.7923 -66.6112  -7.8646 -6.46609 0.806548     0.662604     0.527286 -0.000939391   0.00178105 -0.000592072 -0.000428919  0.0232685   0.084257 -0.0011159 0.926384        0        0
               107.7 -1.01157 -11.6356 -68.0293  -7.8016 -6.41876 0.809475  0.628816  0.504419 0.0530639   0.00175999 -0.000579232 -0.000423567  0.0230013  0.0845523 -0.0010724 0.911799        0        0
               107.7 -1.01489 -11.4308 -67.8743 -7.79771 -6.41297  0.80994  0.658958   0.55994 0.0536334   0.00174972  -0.00064737 -0.000472819   0.0235159   0.0839465 -0.00121777 0.911783        0        0
               107.8 -1.26283 -11.3235 -69.4702 -7.74197 -6.37705 0.811565  0.576488  0.466054 0.0280782   0.00176641 -0.000592108 -0.000469366   0.0225653   0.0847319 -0.00080189 0.912977        0        0
               107.8 -1.25581 -11.1158 -69.4982 -7.74181 -6.37651 0.819439  0.579651  0.465026 0.0845325    0.0017652 -0.000660887 -0.000461624    0.022399   0.0847206 -0.00152886 0.912994        0        0
               107.9 -2.18212 -11.6021 -70.4502 -7.69979 -6.35409 0.814818    0.498769    0.388113 -0.00259505   0.00179781 -0.000612586 -0.000455748   0.0211906   0.0860342 -0.00066267 0.913259        0        0
               107.9 -2.21142  -11.502 -70.3643 -7.69532 -6.34413 0.820225  0.531307  0.482706 0.0309395   0.00180857 -0.000636709 -0.000484648   0.0221051   0.0852781 -0.00132683 0.913287        0        0
                 108 -2.36561 -11.5531  -70.635 -7.63268 -6.29473 0.809614   0.598706   0.496799 -0.0682216   0.00181223 -0.000578007 -0.000495164    0.0221256    0.0848414 -0.000741497 0.9194      0      0
                 108 -2.29304 -11.3041 -70.6296  -7.6373 -6.28734  0.81605  0.559246   0.56815 -0.027133   0.00178853 -0.000651225 -0.000500064   0.0230286   0.0850769 -0.00148237 0.919435        0        0
               108.1  -2.1383 -11.0618 -69.7864  -7.5858 -6.24408 0.807948   0.595613   0.542041 -0.0775044   0.00178876 -0.000607912 -0.000495281   0.0222077   0.0857578 -0.00113691 0.906938        0        0
               108.1 -2.13529 -10.9215 -69.6845 -7.58975 -6.24199 0.811105   0.562648   0.562914 -0.0552271   0.00177994 -0.000648498 -0.000528209   0.0225227   0.0860955 -0.00148601 0.906948        0        0
               108.2 -2.85105  -10.294 -67.6888 -7.51904 -6.18067  0.80032   0.667539   0.553785 -0.0349323   0.00179449 -0.000588025 -0.000540807   0.0228392   0.0853472 -0.00117794 0.918686        0        0
               108.2 -2.84869 -10.0511  -67.673 -7.52099 -6.18192 0.804835    0.653655    0.537443 -0.00238779   0.00179247 -0.000665767 -0.000548783   0.0226373   0.0855957 -0.00155401 0.918705        0        0
               108.3 -1.99326  -8.0522  -67.064 -7.47056 -6.14909 0.809567  0.581174  0.452198 0.0628498   0.00177068 -0.000685785 -0.000533543   0.0215125   0.0867977 -0.00145051 0.926151        0        0
               108.3 -1.98766 -8.11174 -67.0794 -7.46661 -6.14191 0.807893  0.609851  0.526148 0.0469617   0.00177231 -0.000661171 -0.000529566   0.0222869   0.0861412 -0.00141814 0.92618       0       0
               108.4 -1.20247 -7.43022 -65.4533 -7.41071 -6.09964 0.806067  0.585779  0.445341 0.0425244   0.00177351 -0.000596868   -0.0005388    0.0219698    0.0865501 -0.000868448 0.938733        0        0
               108.4 -1.24858 -7.32525 -65.4369 -7.40667 -6.09202 0.805238  0.615297  0.521163 0.0320893    0.0017915 -0.000622658 -0.000545721    0.0227518    0.0858687 -0.000877073 0.938668        0        0
               108.5 -1.16331 -6.81895 -65.0563 -7.34478 -6.04608 0.809625  0.608377  0.513142 0.0300044   0.00177276 -0.000624276 -0.000530812    0.0223155    0.0859838 -0.000902882 0.934815        0        0
               108.5  -1.1671 -6.79405 -65.1101 -7.34569 -6.04692 0.814145  0.601703  0.502168 0.0658232   0.00177484 -0.000633637 -0.000514192   0.0221613   0.0861285 -0.00134213 0.934833        0        0
               108.6 -1.34398 -8.33035 -64.5612 -7.28927 -6.00738 0.811875    0.606674    0.461313 0.000458972   0.00177853 -0.000581093 -0.000512681    0.0215841     0.086629 -0.000876626 0.93601       0       0
               108.6 -1.39859 -8.30279 -64.5427 -7.29291 -6.00144 0.809158   0.573244   0.525385 -0.0231508   0.00179369 -0.000576319 -0.000518073    0.0224995    0.0866979 -0.000690035 0.936001        0        0
               108.7 -0.668032  -8.36577  -65.3187 -7.24212 -5.96231 0.802841   0.543865   0.449245 -0.0375504   0.00175562 -0.000575058  -0.00050612   0.0219811   0.0872899 -0.00043284 0.928536        0        0
               108.7 -0.791294  -8.23934  -65.3588 -7.23982 -5.95214 0.803169   0.557428   0.551588 -0.0424908   0.00180488 -0.000600792 -0.000494713    0.0230841    0.0866486 -0.000544094 0.928538        0        0
               108.8 0.168794  -7.2851  -65.105 -7.18769 -5.90528 0.806689   0.534281   0.505871 0.00469859   0.00176877 -0.000585488 -0.000494904    0.0226397     0.087009 -0.000913482 0.938636        0        0
               108.8 0.180418 -7.09571 -65.0414 -7.18585 -5.90299 0.808742  0.548544  0.525859 0.0192668   0.00176618 -0.000642568 -0.000515268   0.0227883    0.086754 -0.00112543 0.938637        0        0
               108.9 0.995893 -6.51501 -64.8519 -7.14039 -5.85542 0.804938    0.464631    0.514527 -0.00469892   0.00174727 -0.000618183 -0.000525036    0.0226873    0.0872178 -0.000787328 0.928967        0        0
               108.9 0.921004 -6.48521 -64.9016 -7.13225 -5.85214 0.809003  0.527803  0.540654 0.0256324   0.00178302 -0.000627568 -0.000511736    0.022629   0.0863807 -0.00116736 0.928929        0        0
                 109 0.302303 -5.55268 -64.4358 -7.09333 -5.80185 0.815324  0.410945  0.543487 0.0607069   0.00177376 -0.000627755 -0.000507709  0.0225379  0.0870044 -0.0013163 0.926179        0        0
                 109 0.194165 -5.50831 -64.3897 -7.08759 -5.80147 0.816734  0.456786  0.542466 0.0722213   0.00181256 -0.000644867    -0.000523   0.0222918   0.0864976 -0.00142671 0.926171        0        0
               109.1 -1.02081 -6.41518 -63.4577 -7.05019 -5.75286 0.819826  0.400968  0.553805 0.0523667    0.0018313 -0.000595974 -0.000529048    0.022037    0.086995 -0.00116332 0.933247        0        0
               109.1 -0.995014  -6.36133  -63.4359 -7.04634 -5.74452 0.818351  0.424849   0.63541 0.0378011   0.00183457 -0.000595977 -0.000536648   0.0228376   0.0863281 -0.00105331 0.933231        0        0
               109.2 -0.55102 -7.17271 -62.4044 -7.01471 -5.69119 0.826764  0.355937  0.627116 0.0259873   0.00178324 -0.000590578 -0.000533516   0.0222683   0.0870512 -0.00138129 0.933885        0        0
               109.2 -0.545498  -7.13563  -62.4172  -7.0127 -5.68873 0.819355   0.369041   0.654739 -0.0308315   0.00178654 -0.000596645 -0.000529704    0.0225784    0.0867606 -0.000707735 0.933849        0        0
               109.3 -0.535662  -7.66644  -60.9823 -6.97413 -5.62586 0.813086   0.388993   0.637743 -0.0367242   0.00177773 -0.000576042 -0.000521197    0.0223508     0.086795 -0.000532872 0.933593        0        0
               109.3 -0.485992  -7.56088  -60.9742 -6.97913 -5.62769 0.813232   0.350051   0.621901 -0.0359199   0.00175339 -0.000607967 -0.000523908    0.0223916       0.0873 -0.000542584 0.933601        0        0
               109.4 0.0462195  -6.94961  -59.9986 -6.93805 -5.56314 0.809754   0.401588   0.619887 -0.0339744   0.00175113 -0.000600587 -0.000515466    0.0224924    0.0869985 -0.000555537 0.924099        0        0
               109.4 -0.00292741    -6.90868    -60.0021 -6.94606 -5.56803  0.80942 0.340159 0.576644 -0.03578   0.00174773 -0.000616826 -0.000512045    0.0223768    0.0878963 -0.000508792 0.924117        0        0
               109.5 0.685806 -6.97782 -60.0949  -6.9192 -5.53081 0.807868    0.351848    0.457857 -0.00518013   0.00170791 -0.000612141 -0.000499218    0.0215348    0.0888273 -0.000492599 0.928926        0        0
               109.5 0.670861 -6.96109 -60.1517 -6.92351 -5.52949 0.807321    0.31576   0.474557 -0.0106064   0.00170864  -0.00060958 -0.000480433  0.0219262  0.0891121 -0.0004721 0.928941        0        0
               109.6 -0.336143  -6.95927  -60.3251 -6.88645 -5.48797 0.809434  0.410467  0.410201 0.0218464   0.00170898 -0.000592996  -0.00049311    0.0217289    0.0891303 -0.000512708 0.928953        0        0
               109.6 -0.316744  -6.84477   -60.391 -6.88718 -5.48236 0.816493  0.401927  0.461756 0.0695737   0.00171037 -0.000610988 -0.000475162   0.0222497   0.0889149 -0.00117026 0.928947        0        0
               109.7 -1.53662 -7.91082 -61.3212 -6.83368 -5.42779 0.818016  0.512647  0.546643 0.0141394   0.00175444  -0.00057975 -0.000491415    0.0223179    0.0883181 -0.000964034 0.928102        0        0
               109.7 -1.59779 -7.90958 -61.3711 -6.83344 -5.41904 0.816387    0.507795    0.633795 -0.00178528   0.00178621 -0.000559129 -0.000481483    0.0232596    0.0878842 -0.000885636 0.928127        0        0
               109.8  -1.0713 -9.72034 -62.9792 -6.77447 -5.35133 0.821908  0.580815  0.661416 0.0101857    0.0017961 -0.000536099 -0.000478682   0.0231856   0.0875725 -0.00123579 0.938406        0        0
               109.8 -0.954596  -9.62141  -63.0169 -6.77687 -5.35122 0.820128   0.560468   0.664628 -0.0031742   0.00175891 -0.000561599 -0.000468612 0.0233601 0.0877559 -0.001093 0.938395        0        0
               109.9 0.229727 -9.37062 -63.8697 -6.72117 -5.29343 0.812215   0.564874    0.59793 -0.0127424   0.00175895 -0.000546764 -0.000469212    0.0230829    0.0879719 -0.000626922 0.941283        0        0
               109.9  0.29493 -9.09855 -63.8408 -6.72186 -5.29572 0.815203   0.562042   0.572594 0.00971785    0.0017332 -0.000632952 -0.000477699   0.0228167   0.0881286 -0.00085328 0.941274        0        0
                 110 0.694621 -8.64664 -63.7645 -6.65979  -5.2296 0.809349   0.533371   0.605047 -0.0113077   0.00176276 -0.000619911 -0.000492128    0.0232006    0.0874937 -0.000501771 0.935993        0        0
                 110 0.804146 -8.62705  -63.775 -6.66062 -5.23829 0.821341  0.533258  0.510967 0.0806677   0.00171905 -0.000648623 -0.000489379   0.0220268   0.0879512 -0.00143163 0.935968        0        0
               110.1 0.948094 -7.53418 -63.7387 -6.61376 -5.19698 0.815392  0.426868  0.476061 0.0104295   0.00173983 -0.000614914 -0.000491173    0.0216086    0.0882778 -0.000727573 0.936937        0        0
               110.1 0.892546 -7.33162  -63.718 -6.61966  -5.1926 0.820175  0.378395  0.519769 0.0414057     0.001752 -0.000667767 -0.000494129   0.0222711   0.0885892 -0.00121714 0.936932        0        0
               110.2 0.414824 -7.81209 -63.3404  -6.5803  -5.1426 0.812937   0.368147   0.532951 -0.0203589    0.0017501 -0.000616018 -0.000499574    0.0221095    0.0884953 -0.000648568 0.950394        0        0
               110.2 0.384015 -7.72848 -63.3256 -6.59136 -5.14135 0.820792 0.282108 0.548671 0.031663    0.0017551 -0.000641726 -0.000502306   0.0226468   0.0893806 -0.00141022 0.95038       0       0
               110.3 -0.102174  -7.81208  -62.2971 -6.55846 -5.07884 0.823482  0.258075  0.587794 0.0255239   0.00177776 -0.000613539 -0.000510643   0.0228848   0.0889059 -0.00145146 0.934146        0        0
               110.3 0.0023772  -7.68854  -62.2822 -6.56354  -5.0805 0.826345  0.219115  0.572162 0.0455473   0.00174476  -0.00065402 -0.000515471   0.0228913   0.0894271 -0.00172464 0.934186        0        0
               110.4 -0.187705  -7.54774  -61.4848  -6.5441 -5.02392 0.828246  0.146769  0.580321 0.0334753   0.00176195  -0.00062732 -0.000525204   0.0227279   0.0893194 -0.00161592 0.933482        0        0
               110.4 -0.178565   -7.5044  -61.5268 -6.54115 -5.02128 0.818634   0.166052   0.609782 -0.0361079   0.00175884 -0.000641482 -0.000511575    0.0230804    0.0889318 -0.000742777 0.93346       0       0
               110.5 -1.15496 -5.99549 -61.4375 -6.51932  -4.9663 0.825979  0.232499  0.551993 0.0944147   0.00176624 -0.000625927 -0.000515897     0.022875    0.0889086 -0.000959818 0.935642        0        0
               110.5  -1.0789 -5.80489 -61.4973 -6.52269 -4.97019 0.829264 0.209027   0.5128 0.119228   0.00174632 -0.000686726 -0.000496705    0.022549   0.0893956 -0.00124517 0.935701        0        0
             110.601 -1.01562 -6.18454 -61.5842 -6.49954 -4.91749 0.835723  0.228202  0.538708 0.0867592   0.00177156  -0.00065432 -0.000497734     0.022393    0.0893397 -0.000954395 0.944203        0        0
             110.601 -0.980014  -6.30976  -61.5536 -6.49821 -4.91244 0.826453  0.232029  0.593121 0.0189523   0.00175737 -0.000616517 -0.000507375    0.0230672    0.0889649 -0.000138035 0.944126        0        0
               110.7 -0.885943   -6.4812  -61.7242 -6.46328  -4.8554 0.827995  0.360042  0.502866 0.0418208   0.00175543 -0.000571398 -0.000511293    0.0230751    0.0885073 -5.10743e-05 0.945127        0        0
               110.7 -0.779108  -6.27837  -61.7932 -6.46678 -4.85811 0.838455 0.336082 0.471996 0.116686   0.00172415 -0.000636425 -0.000490003   0.0227824   0.0889624 -0.00100088 0.945157        0        0
               110.8 -2.57069 -7.14664 -62.4097 -6.43374 -4.81511 0.837731  0.361628  0.483505 0.0245474   0.00177279 -0.000616665 -0.000487485   0.0226226   0.0892515 -0.00039918 0.945877        0        0
               110.8 -2.59458 -7.14127  -62.416 -6.43709 -4.81524 0.841617   0.33551   0.48291 0.0521291   0.00177955  -0.00061742 -0.000485173    0.0227263    0.0895586 -0.000765005 0.945884        0        0
               110.9 -3.23122  -8.8288 -62.4061 -6.39907 -4.77103 0.837244   0.423647   0.482409 -0.0315805   0.00180855  -0.00056532 -0.000493617    0.0224013    0.0896677 -0.000365321 0.944053        0        0
               110.9 -3.11787  -8.7253 -62.3866  -6.4029 -4.76641 0.843428   0.390553   0.527369 0.00978537   0.00177097 -0.000594665 -0.000503027    0.0230409    0.0898014 -0.000982463 0.944043        0        0
                 111 -2.56515 -9.54974 -62.8922 -6.35136 -4.70632 0.840269   0.509786    0.55049 -0.0581819   0.00177743 -0.000573975 -0.000506291     0.023277     0.089185 -0.000998364 0.93902       0       0
                 111 -2.46813 -9.41101 -62.9787 -6.35747 -4.71096 0.844016    0.46386   0.505252 -0.0295807   0.00174771 -0.000619501 -0.000481594   0.0229816   0.0899686 -0.00128068 0.939084        0        0
               111.1 -1.16243 -8.83528 -64.4945 -6.30881 -4.66947 0.835918   0.515655   0.436924 -0.0533705   0.00177064 -0.000610413 -0.000473497   0.0225798   0.0902137 -0.00101322 0.946117        0        0
               111.1 -0.962287  -8.64356  -64.5462 -6.30783 -4.66525 0.836667   0.520174   0.476656 -0.0503296   0.00170984 -0.000670412 -0.000458292   0.0230185   0.0899298 -0.00114567 0.946107        0        0
               111.2   1.1114 -7.01356  -65.472 -6.24534 -4.60902  0.83881   0.546265   0.499144 0.00421758   0.00171422  -0.00067452 -0.000460565   0.0232816   0.0891392 -0.00150984 0.954331        0        0
               111.2  1.09138 -6.96432 -65.4238 -6.25169 -4.61272 0.835814   0.496391   0.467797 -0.0175001   0.00171858 -0.000690402 -0.000475202  0.0232346  0.0898701 -0.0011945 0.954364        0        0
               111.3  1.32915 -5.72698 -65.7176 -6.20188 -4.56966 0.826255   0.440554    0.47328 -0.0500509   0.00174345 -0.000636506 -0.000482524    0.0229194    0.0897823 -0.000756791 0.959399        0        0
               111.3  1.20045 -5.58389 -65.6669 -6.20941  -4.5697  0.82715   0.381487   0.476505 -0.0456247   0.00178365 -0.000683013  -0.00049703    0.0232749    0.0905015 -0.000864759 0.959423        0        0
               111.4 0.800876  -4.1024 -65.6928 -6.17367 -4.51927 0.835619  0.32072 0.496339 0.058666    0.0018071 -0.000706875 -0.000499713   0.0232704   0.0904133 -0.00142327 0.966217        0        0
               111.4 0.838197 -4.18167 -65.6551 -6.17659 -4.52131 0.834562  0.297033   0.47801 0.0511507   0.00179029 -0.000683755 -0.000511251  0.0231741  0.0907825 -0.0013242 0.966237        0        0
               111.5 0.593079 -4.80648 -64.8985 -6.14299 -4.47327 0.830471 0.303201 0.509683 0.018783   0.00181349 -0.000629064 -0.000513827   0.0230132   0.0905377 -0.00075102 0.956002        0        0
               111.5 0.674714 -4.75219 -64.8459 -6.14589 -4.47485 0.832124  0.280821   0.49446 0.0303795   0.00178203 -0.000647629  -0.00052981    0.0229403    0.0908568 -0.000904356 0.956029        0        0
               111.6 0.597954 -5.05519 -63.7888 -6.11537 -4.42681 0.829519   0.270257   0.498622 -0.0217443    0.0018031 -0.000618367 -0.000538962    0.0227834    0.0907367 -0.000684562 0.964336        0        0
               111.6 0.671039 -4.96966 -63.8134 -6.11677  -4.4242 0.832012    0.257706    0.523778 -0.00539937   0.00178059 -0.000641151  -0.00053096    0.0231246    0.0907459 -0.000920688 0.964314        0        0
               111.7 0.782618 -5.10819 -61.9964 -6.08158 -4.36862 0.817806  0.296193  0.526432 -0.066485   0.00177913 -0.000617724 -0.000532628    0.0231192     0.090197 -0.000200715 0.980133        0        0
               111.7 0.836116 -5.04226 -61.9501 -6.09086 -4.37153 0.823644   0.222263   0.499211 -0.0239585    0.0017506 -0.000639472 -0.000546939    0.0231542    0.0911634 -0.000761472 0.980173        0        0
               111.8  2.18726 -4.00266 -60.4464 -6.05737 -4.31858  0.82065 0.314196 0.498858 -0.04212    0.0017334 -0.000628875 -0.000549438    0.023216   0.0905662 -0.00076222 0.984936        0        0
               111.8  2.21352 -3.90138 -60.4903 -6.06495 -4.31922 0.827498   0.254582   0.494064 0.00519466   0.00172138 -0.000661692 -0.000533091   0.0234511   0.0912496 -0.00140121 0.984953        0        0
               111.9  3.66596 -3.29306   -59.33 -6.03221 -4.26939 0.825241     0.347726     0.512229 -0.000559326   0.00172271 -0.000649093 -0.000528253   0.0232645   0.0911275 -0.00125313 0.982388        0        0
               111.9  3.73624 -3.28431 -59.3456 -6.03519  -4.2697 0.829783  0.324678  0.509177 0.0309603   0.00170085 -0.000652272 -0.000523067   0.0233408   0.0913882 -0.00168407 0.982401        0        0
                 112  2.88395 -3.01226 -58.9144 -5.99967 -4.22763 0.838271 0.421302 0.427653 0.113439    0.0017397 -0.000643246 -0.000526844   0.0230191   0.0916525 -0.00176087 0.983176        0        0
                 112  2.86524 -3.02214 -58.9781 -6.00045 -4.22659 0.835691  0.413134  0.440055 0.0941725   0.00174669 -0.000635788 -0.000507855  0.0232112  0.0916804 -0.0015221 0.983164        0        0
               112.1  0.91262 -3.68398 -59.0117 -5.94735 -4.18013 0.849422 0.526073 0.479818   0.0978   0.00174431 -0.000630481 -0.000513444   0.0230397   0.0912563 -0.00173151 0.96402       0       0
               112.1 0.813867 -3.70641 -59.0663 -5.94922 -4.18041 0.842069  0.509138  0.482641 0.0443589   0.00177423 -0.000621249 -0.000496967   0.0232006   0.0914703 -0.00107237 0.963996        0        0
               112.2 -0.127844  -5.22345  -59.4118 -5.88922  -4.1379 0.845317  0.611081  0.482156 0.0131563   0.00175279 -0.000600751 -0.000504023   0.0225773   0.0914762 -0.00110431 0.977445        0        0
               112.2 -0.227206  -5.20919  -59.4464  -5.8921 -4.12819 0.836022   0.575255    0.58503 -0.0592865   0.00179056  -0.00058426 -0.000499056     0.023937     0.091268 -0.000261476 0.977392        0        0
               112.3 0.165154 -6.87847 -60.2403 -5.82497 -4.06541 0.835133  0.659382   0.59747 -0.046929   0.00179703 -0.000581981 -0.000505749    0.0239224    0.0908401 -0.000562698 0.964907        0        0
               112.3 0.316791 -6.84926  -60.318  -5.8279 -4.06489 0.831536   0.632923   0.606827 -0.0743035   0.00175001  -0.00058554 -0.000483207    0.0242063    0.0910537 -0.000245891 0.964901        0        0
               112.4  1.40813 -6.51337 -60.5175  -5.7603 -4.00778 0.830327   0.678319   0.580143 -0.0217815   0.00175834 -0.000585701 -0.000489258   0.0240047   0.0910051 -0.00047555 0.96113       0       0
               112.4  1.50067 -6.28677  -60.523 -5.76016 -4.00881  0.83223   0.681333   0.567677 -0.0075426   0.00172925 -0.000657662 -0.000486282    0.0238591     0.091036 -0.000637984 0.961143        0        0
               112.5  1.56301 -7.01265  -59.671 -5.68874 -3.95691 0.832683  0.627932   0.54798 0.0143439   0.00170611 -0.000636687 -0.000484319    0.0233576    0.0908649 -0.000578944 0.975833        0        0
               112.5   1.3556 -7.05228 -59.5539 -5.69394 -3.95794 0.832955  0.587168  0.543103 0.0149774   0.00175396 -0.000621015 -0.000517874    0.0235354    0.0913425 -0.000614765 0.975838        0        0
               112.6  1.63424 -6.17811 -59.2822 -5.64861 -3.91058 0.843493  0.458773   0.52376 0.0383423   0.00175817 -0.000649421 -0.000520039   0.0232956   0.0918955 -0.00112747 0.965777        0        0
               112.6  1.69547 -6.13315 -59.3789 -5.65027 -3.91368 0.843496  0.447679  0.493992 0.0395095   0.00173663 -0.000667899 -0.000490673   0.0230544   0.0921794 -0.00112265 0.965789        0        0
               112.7  0.98798 -6.42533 -59.2536 -5.59691  -3.8612 0.838541   0.452385    0.54573 -0.0348594    0.0017634 -0.000628236 -0.000505753    0.0228387    0.0916842 -0.000747324 0.967015        0        0
               112.7 0.962595 -6.34894 -59.3057 -5.59896 -3.85305 0.835585   0.426899   0.629452 -0.0602587   0.00177761 -0.000628147 -0.000489009    0.0238948    0.0914591 -0.000544264 0.966995        0        0
               112.8 0.488948 -6.25568 -59.1943 -5.56407 -3.79566 0.842669   0.382668    0.65165 -0.0169707   0.00176335 -0.000646592 -0.000500253   0.0235141   0.0919517 -0.00124654 0.985144        0        0
               112.8 0.487654 -6.27391 -59.2085 -5.56538 -3.79017 0.838675   0.364933    0.70955 -0.0493038   0.00176768 -0.000624642 -0.000496891    0.0242524    0.0917995 -0.000927564 0.985115        0        0
               112.9 -0.435523  -6.42529  -59.5539 -5.52895 -3.73383 0.833346   0.406657   0.599204 -0.0489473   0.00170819 -0.000607027 -0.000505217     0.023601    0.0922519 -0.000923396 0.984778        0        0
               112.9 -0.593744  -6.30113   -59.623 -5.52363 -3.72366 0.831602  0.440974  0.696143 -0.064153   0.00177874 -0.000627501 -0.000487096    0.0244249    0.0913371 -0.000812433 0.98476       0       0
                 113 0.0381603  -4.15704  -60.6132 -5.49859 -3.69485 0.819655   0.377795   0.485178 -0.0379226   0.00163951 -0.000634326 -0.000455445    0.0229754    0.0933298 -0.000305318 0.984621        0        0
                 113 -0.21354 -3.96021  -60.509 -5.49094 -3.67868 0.824233   0.429028   0.635859 -0.0106337   0.00174306  -0.00068603 -0.000499009    0.0242364    0.0919232 -0.000772772 0.984503        0        0
               113.1 -0.395658  -4.47633  -60.7996 -5.44086 -3.61929   0.8303   0.50572  0.564453 0.0937047   0.00176183 -0.000654784 -0.000508802    0.0240025    0.0917315 -0.000858925 0.986991        0        0
               113.1 -0.43985 -4.55664 -60.7749 -5.43362 -3.60684 0.832691 0.553666 0.681317 0.107928    0.0017782 -0.000633688  -0.00051875   0.0250061   0.0904948 -0.00111454 0.987067        0        0
               113.2 -1.09838 -4.78366 -60.6482 -5.36351 -3.53367 0.840205  0.669948  0.653248 0.0744841   0.00180887 -0.000624463 -0.000527536   0.0252203   0.0897221 -0.00094069 0.982973        0        0
               113.2 -0.956511  -4.69602  -60.7006 -5.36749 -3.54507  0.84713 0.649697 0.538052 0.128608   0.00176816 -0.000647129 -0.000510613   0.0240042   0.0906352 -0.00157118 0.983054        0        0
               113.3 -2.11524 -5.74496 -61.1905 -5.31217 -3.50879 0.864674  0.648643  0.445365 0.0863211   0.00183739  -0.00064888 -0.000518994   0.0233394   0.0916753 -0.00201164 0.984643        0        0
               113.3 -1.97766 -5.79897 -61.2435 -5.31388 -3.50795 0.858703 0.631328 0.458324 0.041847   0.00179507 -0.000632977 -0.000502403   0.0236292   0.0917698 -0.00144302 0.98462       0       0
               113.4 -1.18216 -6.91374 -61.7951 -5.24911 -3.46414 0.861587  0.699449  0.421815 0.0302416   0.00181255  -0.00061583 -0.000514348   0.0236163   0.0918984 -0.00149666 0.983904        0        0
               113.4 -1.00267 -6.84271 -61.8629 -5.25239 -3.46573 0.853005   0.671105   0.412623 -0.0328262   0.00176211 -0.000635893 -0.000495885    0.0237605    0.0922334 -0.000666081 0.983892        0        0
               113.5  1.03381 -6.02816  -60.994 -5.17948 -3.42148 0.869105 0.714234 0.410072 0.104158   0.00174406 -0.000646939 -0.000497848   0.0238564   0.0919769 -0.00152958 0.972305        0        0
               113.5  1.06307 -5.88455 -60.9167 -5.18089 -3.42097 0.858924  0.699729  0.420742 0.0266722   0.00173195  -0.00069018 -0.000521443    0.0241545    0.0920484 -0.000596186 0.972272        0        0
               113.6  1.57974 -6.97434 -58.1183 -5.12393 -3.40388 0.853048   0.605061   0.363967 -0.0399856   0.00163358 -0.000634079 -0.000512439    0.0229275    0.0932231 -8.84634e-05 0.987651        0        0
               113.6  1.22686 -6.91966 -57.9342 -5.12672 -3.39396 0.852164   0.574838   0.465914 -0.0515201    0.0017417 -0.000650218  -0.00056968    0.0242901    0.0929901 -7.97927e-05 0.987616        0        0
               113.7  2.30354 -5.98334 -55.1429 -5.08443 -3.37242 0.849464   0.477494    0.38679 -0.0680788   0.00166675 -0.000629517 -0.000580849    0.0230236    0.0943122 -0.000212092 1.00239       0       0
               113.7  2.19264 -5.81581 -55.2032 -5.07628 -3.35056 0.854247   0.522494   0.590958 -0.0430979   0.00170814 -0.000667243 -0.000557895    0.0249979    0.0924614 -0.000721417 1.00238       0       0
               113.8  1.83613 -5.22215 -51.8178 -5.02513 -3.30661  0.84872  0.450936  0.537993 -0.060569   0.00163904 -0.000612975 -0.000550464    0.0238659    0.0928032 -0.000660222 1.01413       0       0
               113.8  1.61836 -5.06928 -51.7746 -5.01729   -3.286 0.853679   0.493536   0.728766 -0.0332163   0.00170887 -0.000649686 -0.000562386   0.0255631    0.090969 -0.00112625 1.01404       0       0
               113.9    1.569 -5.67088  -49.049 -4.98074  -3.2409 0.844972  0.367796  0.581532 -0.051147   0.00162481 -0.000572922 -0.000549018    0.0243805    0.0921973 -0.000781188 1.02115       0       0
               113.9  1.36754  -5.5345 -49.0594 -4.97476 -3.22893 0.847876    0.40365    0.68811 -0.0339981   0.00169024 -0.000609872  -0.00054434   0.0251764   0.0910034 -0.00102553 1.0212      0      0
                 114  2.35531 -5.23941  -47.343 -4.95031 -3.18701  0.84459   0.259712   0.472433 -0.0330018    0.0016279 -0.000560946 -0.000533682   0.0243985   0.0922586 -0.00107995 1.03124       0       0
                 114  2.31669 -4.99074 -47.3963 -4.94433  -3.1786   0.8491    0.301578    0.540462 -0.00315112   0.00164323 -0.000636636 -0.000513743   0.0247019   0.0912742 -0.00145925 1.03125       0       0
               114.1  2.95352 -3.06515 -48.4319 -4.94008 -3.16297 0.847967   0.123525   0.288466 0.00860862   0.00157615 -0.000612687 -0.000487781   0.0239148   0.0933161 -0.00147598 1.02659       0       0
               114.1  2.66523 -2.90421 -48.5334 -4.92725 -3.14658 0.848119   0.210881   0.422895 0.00727629   0.00167307 -0.000660405 -0.000454729   0.0244311   0.0913621 -0.00139668 1.02655       0       0
               114.2  2.15647 -2.87766 -50.6213 -4.92446 -3.13376 0.846056 0.126648 0.280284 0.052468   0.00164005   -0.0005973 -0.000429421   0.0237988    0.093079 -0.00113618 1.03365       0       0
               114.2  1.96746 -2.78484 -50.5902 -4.90853  -3.1122 0.847595  0.232603  0.455823 0.0590474   0.00170945  -0.00062689 -0.000441078   0.0245229   0.0905931 -0.00110639 1.03354       0       0
               114.3  2.22009 -3.87095 -52.1785  -4.8894 -3.09046 0.850048   0.25813  0.311448 0.0908819   0.00166446 -0.000549441 -0.000436096    0.0237931    0.0916839 -0.000777708 1.04126       0       0
               114.3  2.07037 -3.67228 -52.1275 -4.88134 -3.07371  0.85585 0.306935 0.455028 0.127792   0.00172502 -0.000606286 -0.000451483    0.024746   0.0900409 -0.00121329 1.04128       0       0
               114.4  1.94863  -4.8218 -53.3363 -4.86015 -3.05382 0.858834  0.305434  0.373567 0.0905736   0.00164973 -0.000567468 -0.000443826    0.0239371    0.0914653 -0.000719108 1.0278      0      0
               114.4  1.68125 -4.69456  -53.258 -4.85357 -3.03704 0.863628 0.342642 0.524318 0.120157   0.00175105 -0.000597488 -0.000467728   0.0250969   0.0899475 -0.00109952 1.02787       0       0
               114.5  1.51703 -7.51688 -54.0844 -4.83515 -3.01788 0.868477 0.346382 0.397998 0.091049   0.00166216 -0.000506859 -0.000448383    0.0240841    0.0919913 -0.000801939 1.03206       0       0
               114.5  1.23513 -7.27654 -54.0062 -4.82712 -3.00176 0.875672 0.398352 0.540573 0.136063   0.00176646 -0.000575371 -0.000469851   0.0250976   0.0904073 -0.00140819 1.03203       0       0
               114.6  1.54239 -9.18099 -54.6263 -4.79966 -2.98181 0.881711 0.420347 0.374674 0.116976   0.00167176 -0.000518806 -0.000461224   0.0240221   0.0922538 -0.00100251 1.01932       0       0
               114.6  1.27807 -8.89455 -54.5704 -4.78903 -2.96578 0.884883 0.491989 0.513751 0.134382   0.00177053 -0.000603954 -0.000475572   0.024905  0.0905214 -0.0012913 1.01918       0       0
               114.7   1.9907 -9.15809  -54.124 -4.74361 -2.93442 0.897035 0.498437 0.404991 0.138814   0.00166031 -0.000557765 -0.000456209   0.0241342   0.0913884 -0.00117834 1.01701       0       0
               114.7  1.63232 -8.86284 -54.0085 -4.73082 -2.92006 0.896508 0.589534 0.528755 0.131313   0.00178424 -0.000647953 -0.000491208   0.0247776   0.0895932 -0.00113239 1.01697       0       0
               114.8  2.27715 -10.3462 -53.2848 -4.68584  -2.8943 0.911275 0.484221 0.419546 0.142371   0.00165149 -0.000609179 -0.000458831   0.0237149   0.0909671 -0.00108436 1.01831       0       0
               114.8   1.9582 -10.2954 -53.1864 -4.68608 -2.88704 0.913395 0.476237  0.48934 0.153574   0.00175401 -0.000612034 -0.000487976   0.0244825   0.0905467 -0.00134592 1.01832       0       0
               114.9  1.69591 -11.8374 -50.9276  -4.6463 -2.85945 0.928654 0.402518 0.412223 0.115525   0.00166837 -0.000553452 -0.000468244  0.0233403  0.0915272 -0.0013627 1.02248       0       0
               114.9  1.42752 -11.5938 -50.7997  -4.6482  -2.8493 0.918682  0.372274  0.518026 0.0381684   0.00175153 -0.000598942 -0.000504225    0.0247956    0.0910888 -0.000606673 1.02247       0       0
                 115 0.566412 -12.0783 -47.3887 -4.61237 -2.80801 0.915561   0.328501   0.467241 -0.0267918   0.00166156 -0.000562504 -0.000487074    0.0242555    0.0914066 -0.000304218 1.04031       0       0
                 115 0.216451  -11.902 -47.2381 -4.61564 -2.80147 0.917952   0.296325   0.532603 -0.0153804   0.00176283 -0.000602145 -0.000532339    0.0251028    0.0912206 -0.000635832 1.04031       0       0
               115.1 -0.164266  -12.2654  -43.2421 -4.58397 -2.76856 0.912972   0.262846   0.404439 -0.0526875   0.00162903 -0.000531802 -0.000503628     0.023997      0.09167 -0.000372842 1.05303       0       0
               115.1 -0.39119 -11.9558 -43.1404 -4.58764 -2.75915 0.920237   0.225206    0.49171 -0.0095568   0.00169741 -0.000607512 -0.000534959   0.0249966   0.0912706 -0.00115914 1.05306       0       0
               115.2 -0.619586  -11.8795  -38.8922 -4.57033 -2.73505 0.917074   0.149496   0.369101 -0.0322712   0.00158386  -0.00055639 -0.000504853    0.0239428    0.0922249 -0.000928747 1.06463       0       0
               115.2 -0.851884  -11.6772  -38.7519  -4.5681 -2.72156  0.92167    0.155222    0.485865 -0.00639679   0.00166258 -0.000594241 -0.000550115   0.0247974   0.0911252 -0.00145712 1.06462       0       0
               115.3 -0.622873  -11.8227  -34.1785 -4.55508 -2.69558 0.911703    0.11092   0.350429 -0.0495993   0.00155126 -0.000528492 -0.000522134    0.0239716    0.0919534 -0.000850174 1.07245       0       0
               115.3 -0.988141  -11.5354  -34.0882 -4.55222  -2.6821 0.920197   0.126531   0.459647 0.00468991   0.00167885 -0.000597372 -0.000554404   0.0245164    0.090806 -0.00168359 1.07244       0       0
               115.4 0.134822 -11.0357  -31.307 -4.55455 -2.66626 0.905468  0.0106525   0.301574 -0.0947563   0.00153272 -0.000531487  -0.00049249     0.024195    0.0923368 -0.000926802 1.07873       0       0
               115.4 -0.202788  -10.7497  -31.3006 -4.54252 -2.64656 0.912859   0.100546   0.444781 -0.0429347   0.00166581 -0.000604035 -0.000502022   0.0241303   0.0902688 -0.00160937 1.0787      0      0
               115.5 0.839415 -9.91485 -28.1506 -4.54118 -2.62333 0.886821 0.0143154  0.350892 -0.167282   0.00151794 -0.000528878 -0.000461434    0.0239351    0.0913083 -0.000546065 1.07408       0       0
               115.5 0.535171 -9.64389  -28.053 -4.53222 -2.60688 0.897728   0.087515   0.470356 -0.0882399   0.00163766 -0.000603224  -0.00049765   0.0236915   0.0896158 -0.00151689 1.07405       0       0
             115.601 0.322836 -9.16199 -25.4082 -4.53727 -2.58562 0.868513 0.0402067  0.340169 -0.170654   0.00153971 -0.000517313 -0.000459581    0.0238805    0.0911266 -0.000494635 1.07292       0       0
             115.601 -0.0124134   -8.92776   -25.4001 -4.52779 -2.56749  0.88242   0.11836  0.467752 -0.073141   0.00167891 -0.000582152 -0.000469588  0.0234914  0.0893246 -0.0016525 1.07287       0       0
               115.7 0.342989  -6.9928 -24.6423 -4.53594 -2.55275 0.855886 0.0650529  0.305112 -0.136758   0.00157261  -0.00049863 -0.000411977    0.0241555    0.0911859 -0.000723662 1.0824      0      0
               115.7 0.244457 -6.65177 -24.6055 -4.53217 -2.54546 0.873175   0.107057   0.352181 -0.0144828   0.00161967 -0.000602598 -0.000427939   0.0236857   0.0904649 -0.00217404 1.08243       0       0
               115.8 0.711831 -5.52026 -25.0146 -4.52939 -2.53071 0.851427   0.102222   0.225722 -0.0809282   0.00155389 -0.000508092 -0.000385374   0.0240464    0.091499 -0.00112103 1.08034       0       0
               115.8 0.433104 -5.24501 -24.9261 -4.50906 -2.50675 0.870016  0.280704  0.379949 0.0549787   0.00169585 -0.000613571 -0.000431846   0.0224955   0.0890031 -0.00258561 1.08021       0       0
               115.9 -0.441681   -4.5441  -26.5109 -4.50906 -2.50357  0.85172   0.174703   0.228206 -0.0255019   0.00159211 -0.000509897 -0.000361605   0.0236558   0.0910698 -0.00144206 1.08774       0       0
               115.9 -0.777274  -4.30761  -26.4076 -4.50091 -2.49142  0.86541  0.249335  0.308873 0.0739312  0.00171876 -0.00059052 -0.00040115     0.02304    0.089844 -0.00260446 1.08771       0       0
                 116 -1.50394 -4.45456 -29.4017 -4.49244 -2.48344 0.852039  0.204049  0.210911 0.0310478   0.00160759 -0.000497321   -0.0003507  0.0237731  0.0912424 -0.0014465 1.07683       0       0
                 116 -1.68061 -4.22404 -29.3157 -4.48233 -2.46926  0.86497 0.290645 0.303129 0.126534   0.00169077 -0.000580133 -0.000382772   0.0231426   0.0898239 -0.00257107 1.07679       0       0
               116.1 -1.82895 -5.18834  -33.925 -4.48306 -2.47867 0.857616  0.166491  0.140797 0.0635078  0.00158453 -0.00046913 -0.00032386   0.0240574   0.0921967 -0.00150153 1.07474       0       0
               116.1 -2.09422 -4.91617 -33.8045 -4.46603 -2.45457 0.861895  0.299664  0.303954 0.0990521   0.00171943 -0.000573667 -0.000368564   0.0234075   0.0897901 -0.00191882 1.07476       0       0
               116.2 -1.54861 -5.48975 -39.3694 -4.45449 -2.45782 0.853226   0.23337  0.173455 0.0465651   0.00159466  -0.00049342 -0.000318026    0.0236944    0.0916735 -0.000868152 1.07902       0       0
               116.2  -1.8719 -5.19673 -39.2303 -4.43529 -2.42638 0.861425 0.375855 0.395505 0.108481   0.00176766 -0.000601331 -0.000368372  0.0234413  0.0886299 -0.0016838 1.07899       0       0
               116.3 -0.767256  -4.66572  -43.9369  -4.4209 -2.42029 0.868168  0.249921  0.260488 0.0925165   0.00161951 -0.000557269 -0.000326729   0.0236511    0.090561 -0.00137627 1.07618       0       0
               116.3 -1.24517 -4.50731 -43.7622 -4.41702 -2.40903 0.872096 0.273854 0.349671 0.119055   0.00178395 -0.000603689 -0.000381283   0.0240017   0.0896111 -0.00175585 1.07619       0       0
               116.4 -0.906702  -5.76718  -47.3766 -4.40417  -2.3984 0.878036  0.192768  0.279059 0.0421295   0.00165303 -0.000516809 -0.000345116    0.023738   0.0910106 -0.00154439 1.07299       0       0
               116.4 -1.14887 -5.50559 -47.1477  -4.3914 -2.37122 0.881427  0.270431  0.494605 0.0619839   0.00177814 -0.000600918 -0.000421844   0.0246828   0.0885481 -0.00191804 1.07307       0       0
               116.5 -0.905391  -4.92041  -48.7743 -4.37423 -2.33882 0.882923 0.220299 0.433962 0.021072   0.00170324 -0.000567562 -0.000398857    0.024381   0.0895191 -0.00176841 1.07999       0       0
               116.5 -1.10544 -4.67003  -48.576 -4.36671 -2.33134  0.88209  0.276023  0.490218 0.0155878   0.00176702 -0.000656883 -0.000467527   0.0244201   0.0885353 -0.00171789 1.07999       0       0
               116.6 -1.76012 -4.10758 -49.4348 -4.36357 -2.32117 0.887565 0.164314 0.332272 0.064847   0.00172299 -0.000598791 -0.000436492   0.0236074   0.0909437 -0.00172804 1.0632      0      0
               116.6 -2.02319 -3.96527 -49.2662 -4.35383 -2.31104 0.881083  0.232894  0.415644 0.0187958   0.00180265    -0.000645 -0.000491749   0.0238752   0.0895587 -0.00115066 1.06315       0       0
               116.7 -2.70929 -4.49303 -49.9305 -4.34123 -2.29258 0.879133  0.135506  0.333009 0.0168792   0.00175318  -0.00057437 -0.000471357     0.023021    0.0907652 -0.000843027 1.06615       0       0
               116.7 -2.90728  -4.3624 -49.8786  -4.3345 -2.27548 0.879437  0.171029  0.483137 0.0145088   0.00181503 -0.000616677 -0.000489976  0.0241775  0.0891552 -0.0009355 1.06625       0       0
               116.8 -2.51135 -5.84433 -50.2833 -4.33123 -2.25305 0.875416 0.0842849  0.348822 0.0172789   0.00172168 -0.000530142 -0.000471666    0.0233701    0.0905643 -0.000538203 1.06758       0       0
               116.8 -2.75976  -5.6458 -50.1956 -4.32586 -2.23685 0.876229  0.109958   0.49346 0.0181795    0.0017985 -0.000594998 -0.000500664   0.0245773   0.0891359 -0.00070201 1.06757       0       0
               116.9 -0.956513  -5.43833  -51.2037 -4.33251 -2.21625 0.883171 0.0462262  0.331237  0.093035   0.00171006 -0.000546736 -0.000475141    0.0239934    0.0907433 -0.000684705 1.06639       0       0
               116.9 -1.14199 -5.14951 -51.1672 -4.32223  -2.2001 0.888172 0.116445 0.466093 0.124247    0.0017667  -0.00064224 -0.000487208   0.0247296   0.0889939 -0.00125029 1.06637       0       0
                 117 -0.690006  -5.30841  -51.1876 -4.31294 -2.17727 0.902288 0.170668 0.384793 0.124504   0.00169326 -0.000568007  -0.00046972  0.0237298  0.0901491 -0.0012151 1.05615       0       0
                 117 -1.07357 -5.12567 -51.0763 -4.30174 -2.16231 0.899946 0.248262  0.51344 0.104743   0.00181294 -0.000628074 -0.000505271   0.0244055   0.0883778 -0.00107483 1.05617       0       0
               117.1 -1.57569 -8.14125  -51.261 -4.27948 -2.13626 0.900662   0.30936  0.397979 0.0350286   0.00178104 -0.000529374 -0.000489403    0.0233202     0.089592 -0.000555364 1.05079       0       0
               117.1 -1.79395 -8.02713 -51.2233 -4.27457 -2.11951 0.906059  0.331797  0.548225 0.0687876   0.00184973 -0.000565548 -0.000500802   0.0246068   0.0881837 -0.00115757 1.05073       0       0
               117.2 -1.05429 -7.51589  -52.228 -4.25718 -2.10337 0.911636  0.348361  0.319637 0.0511314   0.00176101 -0.000531047 -0.000458975   0.0236747    0.090284 -0.00101883 1.04186       0       0
               117.2 -1.26884 -7.15396 -52.1729 -4.24815 -2.08852 0.912643  0.407306  0.445507 0.0544116   0.00183184 -0.000641513 -0.000479775   0.0244801   0.0887059 -0.00121396 1.04186       0       0
               117.3 -1.93008 -8.20874 -52.9714 -4.21736 -2.07387 0.913211   0.453092   0.348216 -0.0124781   0.00177094 -0.000578919 -0.000451769    0.0234463    0.0904388 -0.000954048 1.04732       0       0
               117.3 -2.26227 -8.10721 -52.8584 -4.20797 -2.05696 0.915118     0.51393     0.49755 -0.00433328   0.00188515 -0.000602944 -0.000491197   0.0244374   0.0886997 -0.00124697 1.04728       0       0
               117.4 -2.23059 -9.26539 -54.0937 -4.16455 -2.03706 0.908896   0.560806   0.373179 -0.0470021   0.00177698 -0.000527494  -0.00045732    0.0233999    0.0903126 -0.000898799 1.04692       0       0
               117.4 -2.43974 -8.95399 -54.0381 -4.15977 -2.02164 0.914015   0.586419    0.51177 -0.0166247   0.00185065 -0.000618328 -0.000482354   0.0245618   0.0890318 -0.00151706 1.04689       0       0
               117.5 -1.57076 -9.63292 -55.5453 -4.10543 -1.99511 0.909094   0.621627   0.399018 -0.0104217   0.00177341 -0.000561043 -0.000448326   0.0235865    0.090173 -0.00115716 1.03594       0       0
               117.5 -1.83378 -9.40726 -55.4674 -4.09522 -1.97586 0.908883   0.687952   0.573173 -0.0180602   0.00186838 -0.000627254 -0.000477852   0.0248972   0.0882337 -0.00136162 1.03592       0       0
               117.6 -0.230029  -8.46936  -56.2497 -4.03792 -1.94904 0.911578   0.65053  0.431019 0.0473631     0.001762 -0.000582843 -0.000440052  0.0237673  0.0898033 -0.0012463 1.03801       0       0
               117.6 -0.481817  -8.20293  -56.0845 -4.03072 -1.93643 0.908948  0.698047  0.547767 0.0247366   0.00184349 -0.000664163 -0.000495932   0.0247075   0.0884992 -0.00115725 1.03792       0       0
               117.7 0.910158  -8.0925 -55.6867 -3.96866 -1.89874 0.914139    0.61432   0.494968 0.00445936   0.00175511  -0.00062357 -0.000473794    0.023798   0.0893143 -0.00118639 1.02953       0       0
               117.7 0.575201 -8.02147 -55.5514 -3.96658 -1.89105 0.911487   0.624272   0.570005 -0.0176349   0.00186438  -0.00063558 -0.000516303 0.0245931  0.088698 -0.001016 1.02951       0       0
               117.8 0.889552 -7.71867 -55.0228 -3.92791  -1.8701 0.902831   0.484964   0.427164 -0.0873925   0.00177134 -0.000589709 -0.000485862    0.0232191    0.0908971 -0.000662921 1.02845       0       0
               117.8 0.584243 -7.50221 -54.9265 -3.92167 -1.85188 0.905484   0.520404   0.595584 -0.0763398   0.00189016 -0.000624701 -0.000514511   0.0247107    0.089362 -0.00101679 1.02843       0       0
               117.9 -0.193708  -6.91046  -53.8455 -3.87447 -1.80933 0.901694  0.487943  0.488008 -0.041351   0.00180337 -0.000577628  -0.00050121   0.0239899   0.0899814 -0.00109835 1.05007       0       0
               117.9 -0.422741  -6.69942    -53.76 -3.86741 -1.79521 0.903069   0.533116   0.616663 -0.0365793   0.00189407 -0.000626566 -0.000530595   0.0249911    0.088625 -0.00127447 1.05007       0       0
                 118 -0.70983 -6.43959 -52.9208  -3.8316 -1.76467   0.9027    0.444254    0.511339 -0.00435619   0.00178786 -0.000610311 -0.000499604  0.0237652   0.090384 -0.0012781 1.05783       0       0
                 118 -0.909226  -6.35684  -52.8421 -3.82362 -1.75176 0.901021      0.496   0.627114 -0.0197259   0.00186723 -0.000622586 -0.000527666   0.0245863   0.0890417 -0.00116692 1.05774       0       0
               118.1 -1.19898 -6.90366 -51.6811 -3.78148 -1.71638 0.900577   0.488741   0.466377 0.00226649   0.00177129 -0.000534325 -0.000507512    0.023477   0.0902218 -0.00111541 1.06305       0       0
               118.1 -1.53516 -6.61958 -51.5717  -3.7781 -1.70168 0.899997    0.500894    0.603277 -0.00809636     0.001887 -0.000603442 -0.000546069 0.0247883 0.0891075 -0.001141 1.06301       0       0
               118.2 0.0284065  -5.35898  -50.5221 -3.73725 -1.66767 0.906906   0.49477  0.479198 0.0275652    0.0017547 -0.000621106 -0.000517866    0.023828     0.09047 -0.00141253 1.07127       0       0
               118.2 -0.113693  -5.27693  -50.4938 -3.72658 -1.65119 0.902595    0.563215    0.622761 -0.00646273   0.00181512 -0.000640101 -0.000530749     0.02477   0.0886915 -0.00110804 1.07119       0       0
               118.3 0.0875689   -4.9278  -49.1961 -3.67296 -1.61277 0.898619   0.601167    0.47365 -0.0209575   0.00172252 -0.000550641 -0.000511429    0.0238205     0.089642 -0.000911337 1.06964       0       0
               118.3 -0.31589  -4.6772 -49.1203 -3.66785 -1.59951 0.898596   0.627983   0.590838 -0.0242508   0.00184986 -0.000621487 -0.000536696    0.0248277    0.0884345 -0.000967937 1.06966       0       0
               118.4 -0.572897   -3.6483  -49.0173  -3.6181 -1.57528 0.913945    0.6205  0.410162 0.0588777   0.00177742 -0.000609714 -0.000510034   0.0236775   0.0902695 -0.00175738 1.07408       0       0
               118.4 -0.773845  -3.56199  -49.0087 -3.61147 -1.56177 0.906337   0.655579   0.529696 0.00140428   0.00185802 -0.000614644 -0.000518669   0.0245614   0.0889689 -0.00108307 1.07403       0       0
               118.5 -1.61444 -5.36922 -50.1512 -3.55829  -1.5437 0.896288  0.616021  0.390963 -0.066421    0.0017589  -0.00053727 -0.000484904    0.0233847    0.0907306 -0.000608777 1.06749       0       0
               118.5 -1.94134 -5.20671 -50.1345 -3.54851 -1.51999 0.895473   0.666424   0.596471 -0.0756058   0.00190032 -0.000556151 -0.000497311    0.0248598    0.0886346 -0.000596188 1.06746       0       0
               118.6 -1.38854   -6.827 -52.0764 -3.48477 -1.49166 0.888817   0.690836   0.456281 -0.0307278   0.00176578 -0.000516125 -0.000468257    0.0235566    0.0899004 -0.000482569 1.06754       0       0
               118.6 -1.67302 -6.58157 -52.0648 -3.48077  -1.4713 0.891134   0.699638   0.639296 -0.0197973   0.00188494 -0.000563105 -0.000475331    0.0251837    0.0884149 -0.000793662 1.06757       0       0
               118.7  0.17532 -5.87242 -53.1522 -3.42782 -1.43803 0.894228  0.603866  0.502394 0.0279845   0.00175363 -0.000527942 -0.000448538    0.0243306    0.0900813 -0.000857867 1.06542       0       0
               118.7 -0.123966  -5.54218  -53.0203 -3.41718 -1.42131 0.895111  0.674499  0.644878 0.0314775   0.00187684 -0.000615788 -0.000491185   0.0251623   0.0883676 -0.00104072 1.06545       0       0
               118.8 0.264458  -5.8482 -53.1319 -3.35935 -1.37221 0.903056  0.564849  0.584401 0.0392983   0.00177792 -0.000586525 -0.000481245    0.024544   0.0891026 -0.00120288 1.06818       0       0
               118.8 -0.116598  -5.79842  -53.0462 -3.35239 -1.36677 0.903135  0.618885  0.628994 0.0401224   0.00190909 -0.000602328 -0.000507758   0.0245787   0.0882848 -0.00122034 1.0682      0      0
               118.9 -0.234087  -5.61056  -53.2763  -3.3135 -1.34133 0.909396  0.458401  0.472347 0.0187813   0.00179147 -0.000567619 -0.000483257   0.0232895    0.090292 -0.00136527 1.06609       0       0
               118.9 -0.523902  -5.37687  -53.1767 -3.30471 -1.32297 0.904421   0.507733   0.637711 -0.0202167   0.00190959 -0.000609923 -0.000511534    0.0245953    0.0886342 -0.000995492 1.06611       0       0
                 119 0.113224 -5.37184 -52.5492 -3.26468  -1.2815 0.907553   0.420419   0.523799 -0.0181416   0.00179907 -0.000574126 -0.000500077     0.02368   0.0896507 -0.00128713 1.07597       0       0
                 119 -0.0813864   -5.21761   -52.4931 -3.26174 -1.27109 0.901873   0.431372   0.622804 -0.0625907   0.00187329 -0.000610196 -0.000517597    0.0246121    0.0888498 -0.000821947 1.07601       0       0
               119.1 0.159379 -4.60128 -51.9913 -3.22789 -1.23056 0.902402   0.350409   0.538922 -0.0374756   0.00177679 -0.000584258 -0.000503435   0.0236827   0.0898032 -0.00114797 1.07612       0       0
               119.1 -0.198475  -4.43844  -51.9323 -3.22411 -1.21511 0.896748    0.36008   0.685334 -0.0834716    0.0018888 -0.000626114 -0.000519709    0.0251738    0.0886211 -0.000673441 1.07616       0       0
               119.2 0.902002 -4.64626 -51.6413 -3.19907 -1.17542 0.894519   0.280609     0.5139 -0.0540286   0.00178515 -0.000559555 -0.000503682   0.0239313   0.0898885 -0.00094893 1.07786       0       0
               119.2 0.719208 -4.45476 -51.6085 -3.19384 -1.15998  0.89333   0.304363   0.654836 -0.0677374   0.00186049 -0.000585199 -0.000511612    0.0250907    0.0886289 -0.000865997 1.07781       0       0
               119.3  3.32479 -2.82295 -52.6852 -3.17435 -1.12777 0.892547   0.271092   0.451899 -0.0345695   0.00172389 -0.000604725 -0.000485704   0.0241024   0.0899954 -0.00114229 1.07398       0       0
               119.3  3.09567 -2.67391 -52.7017  -3.1659 -1.11299 0.890338  0.321015  0.579786 -0.052501   0.00182501 -0.000627431  -0.00047993    0.0249406    0.0886154 -0.000952782 1.07391       0       0
               119.4  3.78372 -2.95414  -53.284  -3.1482 -1.09256 0.884733   0.330263   0.388738 -0.0118418   0.00172449 -0.000567965 -0.000469661    0.0237812    0.0904644 -0.000789639 1.07061       0       0
               119.4  3.33213 -2.78778  -53.185 -3.13677 -1.07298  0.88573    0.402252    0.556887 -0.00813807   0.00191036 -0.000614122 -0.000504401    0.0248569     0.088618 -0.000791061 1.0706      0      0
               119.5  2.56988 -2.38171 -54.1696 -3.09585 -1.03718 0.889856  0.479481  0.443319 0.0551572   0.00181439 -0.000584792 -0.000488596    0.0241663    0.0893337 -0.000895773 1.07446       0       0
               119.5  2.31613 -2.23362 -54.1564 -3.08442 -1.02222 0.893707  0.556428  0.567856 0.0800699   0.00190006 -0.000639265 -0.000491774   0.0248711   0.0876165 -0.00112777 1.07447       0       0
               119.6  1.73353 -3.90946  -55.467 -3.03809 -1.00099 0.895841  0.593014  0.424927 0.0382564   0.00181657 -0.000539432 -0.000479408     0.023379    0.0893802 -0.000975378 1.07999       0       0
               119.6  1.36183 -3.76003 -55.4055  -3.03642 -0.984364  0.896439  0.585256  0.581121 0.0361432   0.00193525 -0.000593254 -0.000499043    0.0250821    0.0883215 -0.000941098 1.07997       0       0
               119.7   1.1452 -5.33721 -56.9631  -2.98675 -0.955198     0.899   0.625829   0.463372 0.00729078   0.00183635 -0.000521509 -0.000482912   0.0239764   0.0898712 -0.00108805 1.077     0     0
               119.7 0.880319 -5.08843 -56.9379  -2.97835 -0.938204  0.900193  0.674342  0.614708 0.0134879   0.00191839 -0.000606666 -0.000487879   0.0252451   0.0882678 -0.00118057 1.07697       0       0
               119.8  1.81123 -4.96234 -57.9295  -2.91719 -0.897301  0.904321   0.65293  0.508662 0.0434727   0.00184372 -0.000548521 -0.000462401   0.0243838    0.089207 -0.00131689 1.07544       0       0
               119.8  1.68077 -4.65497 -57.7968  -2.90563 -0.881046  0.901683  0.729226  0.653237 0.0205311   0.00187924 -0.000653754 -0.000501015   0.0254626   0.0873935 -0.00105384 1.07553       0       0
               119.9  2.68292 -3.84484 -56.9631  -2.83865 -0.834213  0.904129  0.659159  0.560818 0.0086695   0.00179368 -0.000604048  -0.00049628   0.0246113   0.0880525 -0.00103177 1.07544       0       0
               119.9  2.32894  -3.6504 -56.8554  -2.83689 -0.830695  0.902471    0.671186    0.594451 -0.00406045   0.00190535 -0.000668637 -0.000529278    0.0249303    0.0877351 -0.000874683 1.07542       0       0
                 120  1.98287 -2.56589 -55.7787  -2.78944 -0.796876  0.907481    0.525157    0.510083 -0.00355559   0.00183909 -0.000641936 -0.000516374   0.0237799   0.0892991 -0.00125661 1.07622       0       0
                 120  1.62097 -2.48791 -55.6873  -2.78974 -0.790057  0.908334    0.516502    0.576927 9.39169e-05   0.00195152 -0.000667892 -0.000544882   0.0245767    0.088964 -0.00133407 1.07623       0       0
               120.1  1.04641 -2.38531 -54.7742  -2.75025 -0.758788  0.910855  0.434261  0.439954 0.0072718   0.00184792 -0.000576818  -0.00053629   0.0234038   0.0901654 -0.00154772 1.07492       0       0
               120.1 0.779054  -2.1551 -54.7482  -2.74514 -0.743942  0.906334   0.457321   0.580592 -0.0304316   0.00193586 -0.000638591 -0.000544461   0.0247872   0.0889608 -0.00104341 1.07493       0       0
               120.2 0.0674499   -2.0497  -54.0978  -2.71015 -0.702972   0.90889   0.35438  0.524214 0.0217571   0.00186935 -0.000596303 -0.000536519    0.024026   0.0898263 -0.00132075 1.08647       0       0
               120.2 -0.148271  -1.93651  -54.0752  -2.70371 -0.690859  0.902426   0.391409   0.637145 -0.0289568   0.00194456 -0.000623476 -0.000544221    0.0249746    0.0886524 -0.000641816 1.08643       0       0
               120.3 -0.435399  -2.79581  -53.2894  -2.66839 -0.643049  0.902202   0.343312   0.564103 0.00186846   0.00184914 -0.000559479 -0.000542782     0.024083    0.0892063 -0.000723707 1.09329       0       0
               120.3 -0.68751 -2.64667 -53.2726  -2.66464 -0.631299  0.901277    0.359725    0.674771 -0.00838304   0.00193525 -0.000599839 -0.000547279    0.0251277    0.0882381 -0.000603029 1.09332       0       0
               120.4 -0.525837  -3.68584  -52.7086  -2.64165 -0.598994  0.903788   0.335699   0.466614 0.00573606   0.00184709 -0.000526125 -0.000537313    0.0238295    0.0898843 -0.000804765 1.08518       0       0
               120.4 -0.778051  -3.44993  -52.6801  -2.63547 -0.584752  0.904086   0.369043   0.595626 0.00380943   0.00193336 -0.000596132 -0.000545574     0.024932    0.0885824 -0.000824366 1.08516       0       0
               120.5 -0.16973 -3.29317    -52.5   -2.6102 -0.558271  0.921691  0.357511  0.389668 0.0876042   0.00182453 -0.000584672 -0.000546306   0.0237561   0.0901878 -0.00175337 1.08024       0       0
               120.5 -0.444385  -3.12966  -52.5461  -2.60051 -0.541473  0.913939  0.413533  0.541794 0.0249489   0.00191933 -0.000631214 -0.000530985    0.0249329    0.0884539 -0.000998133 1.0802      0      0
               120.6 -0.967495  -3.23964  -53.3301  -2.55611 -0.508619  0.916226  0.501502  0.376938 0.0452516   0.00183062 -0.000559325 -0.000525449     0.024086    0.0890404 -0.000903442 1.08699       0       0
               120.6 -1.32125 -3.02137 -53.3806  -2.54846 -0.495216  0.914376  0.547357  0.494696 0.0284849    0.0019599 -0.000620311 -0.000512512    0.0249776    0.0876719 -0.000729433 1.087     0     0
               120.7 -2.75625 -3.78539  -54.578  -2.49673 -0.472856  0.919849  0.586738  0.367226 0.0160407   0.00188011 -0.000572057 -0.000495103    0.0237907    0.0888396 -0.000912307 1.08538       0       0
               120.7 -3.04427 -3.63783 -54.5423   -2.4933 -0.460192   0.91896   0.598692   0.484909 0.00538111   0.00198699 -0.000598582 -0.000511935    0.0249124    0.0878433 -0.000839466 1.08539       0       0
               120.8 -2.75631 -5.36111  -56.735  -2.44754 -0.441475  0.925323  0.549754  0.351075 0.0576908   0.00188089 -0.000544344 -0.000487554 0.0238328 0.0894734 -0.001114 1.08948       0       0
               120.8 -2.93976 -5.16041 -56.7466  -2.44031 -0.425351  0.922296  0.588911  0.499699 0.0314777   0.00196152 -0.000596833 -0.000489087    0.0250971    0.0879992 -0.000907038 1.08944       0       0
               120.9 -1.38905 -6.48041 -58.5488  -2.39422 -0.403149  0.937025  0.555596   0.35093 0.0843785   0.00184728 -0.000524385 -0.000466256   0.0240943   0.0894375 -0.00141125 1.08732       0       0
               120.9 -1.69433 -6.15859  -58.485  -2.38044 -0.385998  0.926442   0.647334   0.507526 0.00398971   0.00196829 -0.000620624 -0.000487155    0.0251989    0.0873927 -0.000576239 1.0873      0      0
                 121 -0.260402  -5.11412  -59.0243  -2.31982 -0.346525  0.929815    0.601343    0.449148 -0.00132168   0.00186979 -0.000605968 -0.000487492    0.0247582    0.0878845 -0.000726515 1.07329       0       0
                 121 -0.547889  -4.91953   -58.941  -2.31573 -0.343285  0.929727     0.63397    0.477584 -0.00248826   0.00196288 -0.000666442 -0.000515312    0.0248713     0.087376 -0.000741035 1.07329       0       0
               121.1 0.657784 -5.17294 -59.0221   -2.2712 -0.335524  0.926917   0.484999   0.307001 -0.0463174   0.00183027 -0.000598953 -0.000500937    0.0229813    0.0892326 -0.000521579 1.07349       0       0
               121.1 0.338406 -4.98107  -58.936  -2.26963 -0.320934  0.929901   0.486581   0.451168 -0.0308283   0.00194247 -0.000651802 -0.000527289    0.0245299    0.0883492 -0.000873523 1.07351       0       0
               121.2 0.657422 -4.16371 -58.1562  -2.23013 -0.287656  0.934053    0.395301    0.395985 -0.00535879   0.00186626 -0.000626585 -0.000525849   0.0239695   0.0889386 -0.00126744 1.07864       0       0
               121.2 0.295855 -4.00581  -58.076  -2.22971 -0.276153  0.933051   0.389672   0.513486 -0.0175088   0.00198112 -0.000670448 -0.000549754   0.0254224   0.0882521 -0.00120654 1.07862       0       0
               121.3   0.5547 -4.00946 -57.6402 -2.21175  -0.2579 0.935402   0.264242   0.355113 0.00529197   0.00188548 -0.000603498 -0.000537828   0.0239236   0.0901947 -0.00136203 1.08007       0       0
               121.3 0.315722 -3.82894 -57.6075  -2.20556 -0.244883  0.931977   0.301678   0.481124 -0.0241252   0.00197765 -0.000631279 -0.000546725   0.0250651    0.088988 -0.00103697 1.08    0    0
               121.4 0.0574425  -4.14018  -57.9789  -2.18169 -0.219315  0.929916   0.230699    0.33069 -0.0378072   0.00188473 -0.000602386  -0.00054417   0.0240098   0.0897336 -0.00107183 1.08438       0       0
               121.4 -0.264779  -3.97295   -58.036  -2.16965 -0.201952   0.93057   0.311434   0.491745 -0.0377129   0.00202053 -0.000632047 -0.000526202   0.0251915   0.0878639 -0.00111657 1.08444       0       0
               121.5 0.968008 -4.20159 -59.1724  -2.16086 -0.200809  0.926896   0.189943   0.236829 -0.0387532   0.00187998 -0.000587315 -0.000508251   0.0233457   0.0900966 -0.00109407 1.087     0     0
               121.5 0.743677 -3.94149 -59.1182 -2.15358 -0.17958 0.925819  0.225565  0.440115 -0.053781   0.00197921 -0.000636046 -0.000522587   0.0253012   0.0884432 -0.00101129 1.08696       0       0
               121.6  1.60463 -2.72458 -60.6458  -2.13474 -0.141601  0.943627 0.246792 0.413376 0.113088   0.00189032 -0.000660033  -0.00050906   0.0250353   0.0888231 -0.00205939 1.08139       0       0
               121.6  1.31667 -2.68214 -60.6626  -2.12106 -0.132414  0.934065  0.349006  0.497564 0.0407556   0.00200855 -0.000671696 -0.000505816   0.0253512   0.0872653 -0.00113572 1.08131       0       0
               121.7   0.2033 -3.98837 -60.5445  -2.09417 -0.117722  0.936605 0.389627 0.272523 0.117258    0.0019232 -0.000589315 -0.000505393    0.0239502    0.0887186 -0.000734247 1.07943       0       0
               121.7 -0.189164  -3.81545  -60.3976  -2.08714 -0.106744  0.934634  0.438556  0.377851 0.0995516   0.00206703 -0.000639282 -0.000555723    0.0248222    0.0876277 -0.000519772 1.07947       0       0
               121.8 -0.31965 -4.51411 -60.3976  -2.05858 -0.104504  0.953935 0.409627 0.209913 0.189407    0.0019433 -0.000607188 -0.000542804    0.0233619    0.0893533 -0.000872115 1.07469       0       0
               121.8 -0.502819  -4.34249  -60.3782   -2.05133 -0.0871169    0.95326 0.451376 0.377951 0.177669   0.00200588 -0.000653964 -0.000549541    0.0250722    0.0878832 -0.000786797 1.07468       0       0
               121.9 -0.444355  -7.06976  -59.5326   -2.00999 -0.0699588   0.973575    0.492 0.255413 0.232305   0.00192559 -0.000560221 -0.000548973    0.0240005    0.0887185 -0.000838077 1.08125       0       0
               121.9 -0.730485  -6.87047  -59.4944   -2.00495 -0.0557344   0.973162 0.521978 0.395351 0.224565   0.00203215 -0.000581625 -0.000560828    0.0252994    0.0876173 -0.000854052 1.08126       0       0
                 122 -0.447255  -10.1745  -58.4531   -1.96627 -0.0482858   0.994831  0.45967 0.261934 0.179888   0.00194124 -0.000570917  -0.00053774    0.0238483    0.0890913 -0.000745712 1.07017       0       0
                 122 -0.611295  -10.0615  -58.4046    -1.9645 -0.0386713   0.992841 0.465067 0.357594 0.161599   0.00200326 -0.000577319 -0.000552359    0.0248282    0.0884916 -0.000648654 1.07019       0       0
               122.1 0.677441 -11.9303  -57.194   -1.92188 -0.0236162    1.00536  0.454569  0.256004 0.0859465   0.00189341 -0.000546282 -0.000534258    0.0237982    0.0892038 -0.000606062 1.05929       0       0
               122.1 0.405596 -11.5964 -57.1551    -1.91809 -0.00875754     1.00594  0.473453  0.400469 0.0835211   0.00199655  -0.00061472 -0.000544054    0.0251996    0.0881572 -0.000843022 1.05927       0       0
               122.2  2.35278 -12.9957 -54.5189  -1.86262 0.0224876   1.01939  0.504391  0.334284 0.0648483   0.00188353 -0.000564238 -0.000535554   0.0244608   0.0880016 -0.00113901 1.0625      0      0
               122.2  2.09792  -12.762 -54.4371  -1.86561 0.0253872   1.01625   0.47841  0.367756 0.0389092   0.00195412  -0.00062315 -0.000556102    0.0250429     0.088074 -0.000940871 1.06249       0       0
               122.3  2.31911 -14.1215 -51.6049  -1.81766 0.0407725    1.0182    0.435575    0.215297 -0.00453251   0.00189336 -0.000567658 -0.000547997     0.023992    0.0885117 -0.000759647 1.0445      0      0
               122.3  1.97917 -13.8318 -51.6072  -1.82126 0.0449783   1.01869    0.404935     0.25825 -0.00470907   0.00200702 -0.000655221   -0.0005417     0.024646    0.0885458 -0.000914937 1.0445      0      0
               122.4  1.53717 -13.9305 -48.7106  -1.79027 0.0432405   1.02424   0.306284   0.084543 -0.0110352    0.0019244 -0.000608774 -0.000521002   0.0234188   0.0895203 -0.00111955 1.05154       0       0
               122.4  1.29629 -13.6743 -48.6544  -1.79424 0.0530705   1.02108   0.263138   0.184594 -0.0417301   0.00199397 -0.000698439 -0.000535917 0.0249179 0.0891679  -0.00107 1.05154       0       0
               122.5  1.62701 -13.6657  -45.929  -1.75539 0.0674017   1.02861    0.245092     0.12576 -0.00316132   0.00189929 -0.000628411  -0.00050211   0.0238875   0.0885015 -0.00150731 1.06362       0       0
               122.5 1.35848 -13.488 -45.869  -1.76135 0.0743029   1.02268  0.190721  0.202723 -0.056845   0.00197853 -0.000688945 -0.000519459   0.0252736   0.0884011 -0.00112892 1.06369       0       0
               122.6  1.31338 -12.9617 -43.0598   -1.7225 0.0939674   1.02169   0.234254   0.169084 -0.0446551   0.00187938 -0.000625104 -0.000477284   0.0242713   0.0871829 -0.00113849 1.07203       0       0
               122.6  1.14775 -12.7897 -43.0141  -1.73245 0.0932227   1.01594   0.140853   0.164604 -0.0945158   0.00193266  -0.00068609 -0.000489906    0.0252469    0.0881179 -0.000739298 1.07202       0       0
               122.7 -0.311351  -12.1936   -41.308  -1.71628 0.0895318     1.014   0.102587  0.0269178 -0.0735482   0.00191452 -0.000610978  -0.00046782    0.0240352    0.0887337 -0.000997029 1.07867       0       0
               122.7 -0.442659  -12.0001  -41.3243  -1.72688 0.0897896   1.01145 0.00121746  0.0329346 -0.0972044   0.00196071 -0.000680493 -0.000462775    0.0251348    0.0895681 -0.000968913 1.07863       0       0
               122.8 -1.29223 -11.2164 -39.9565 -1.71608 0.084994  1.00916 -0.00585606  -0.0339984  -0.0640529   0.00193782 -0.000628005 -0.000438119  0.0240071  0.0892409 -0.0012151 1.08598       0       0
               122.8  -1.3661 -11.0946 -39.8813   -1.7252 0.0895101   1.00554 -0.0960623  0.0163392 -0.0980766   0.00195685 -0.000674404 -0.000464142   0.0254145   0.0894865 -0.00107757 1.08608       0       0
               122.9 -1.56456 -10.9934 -39.0805  -1.72048 0.0890404  0.999495 -0.0418736 -0.0319805 -0.0872072    0.0019126 -0.000591258 -0.000436135   0.0245735   0.0888487 -0.00113603 1.10342       0       0
               122.9 -1.73995 -10.7708 -39.0058  -1.72656 0.0914225  0.995937   -0.100548 -0.00599293   -0.120441   0.00196587 -0.000666675 -0.000462488    0.0254932    0.0890632 -0.000870357 1.10349       0       0
                 123 -1.81683 -9.11977 -39.0207 -1.72903 0.082528 0.981948  -0.101628 -0.0682794  -0.152453   0.00190461 -0.000609947 -0.000420163    0.0247585     0.089005 -0.000694731 1.09647       0       0
                 123  -1.9711  -8.9027 -38.9486   -1.7323 0.0813972  0.984477  -0.132727 -0.0804367  -0.128777   0.00194991 -0.000678818 -0.000445207   0.0249444   0.0894055 -0.00104298 1.09644       0       0
               123.1 -1.41073 -7.84427 -39.3077  -1.73977 0.0583268  0.966963 -0.134826 -0.177543 -0.133286   0.00189851 -0.000597928 -0.000417809   0.0239774   0.0898113 -0.00051982 1.11574       0       0
               123.1 -1.60409 -7.59443 -39.2247  -1.74694 0.0644248  0.973701  -0.200561  -0.117161 -0.0892599   0.00195723 -0.000673937  -0.00044641   0.0250374   0.0897409 -0.00130314 1.11592       0       0
               123.2 -1.19769 -6.74909 -40.3132  -1.75729 0.0424891  0.961483  -0.212228  -0.184282 -0.0763178   0.00189915 -0.000602287 -0.000423433     0.024087    0.0896829 -0.000895012 1.11332       0       0
               123.2 -1.37788 -6.57458 -40.2729  -1.76279 0.0506851  0.970532  -0.266245   -0.11048 -0.0215122    0.0019579 -0.000652668  -0.00043726   0.0251103   0.0893922 -0.00178333 1.11346       0       0
               123.3 -0.753015  -7.40905  -41.2224   -1.7814 0.0275471   0.95894  -0.277798  -0.199307 -0.0279025   0.00192068 -0.000563139 -0.000433498   0.0241461   0.0894463 -0.00109756 1.11608       0       0
               123.3 -0.914037  -7.21789   -41.206  -1.78843 0.0353447  0.966028 -0.345456 -0.121229 0.0215127   0.00197471 -0.000619051 -0.000438093   0.0253806    0.089232 -0.00191089 1.1163      0      0
               123.4 0.291503 -8.07445   -43.53  -1.81002 0.0142474  0.960956  -0.300728  -0.164634 -0.0058394    0.0018819 -0.000550743 -0.000403133  0.0243489  0.0891139 -0.0013457 1.09131       0       0
               123.4 -0.0214829   -7.82342   -43.5133   -1.8144 0.0242162  0.965289  -0.344643 -0.0638408  0.0248662   0.00198545 -0.000630156 -0.000406308  0.0255803  0.0885119 -0.0019211 1.09151       0       0
               123.5 0.615017 -8.18986  -46.094   -1.83555 0.00731669   0.969169 -0.270006 -0.115493 0.0294344   0.00190619 -0.000556402 -0.000387405   0.0244863    0.088524 -0.00192403 1.0787      0      0
               123.5 0.230349 -7.88437 -46.0235  -1.83865 0.0145504  0.967475  -0.299884 -0.0416457  0.0128106   0.00203207 -0.000658082 -0.000409561   0.0254877   0.0881005 -0.00184088 1.07876       0       0
               123.6 0.721925  -8.0622 -48.3366   -1.86209 -0.0027135    0.96373   -0.245678   -0.105032 -0.00150606   0.00193692 -0.000604825 -0.000400307   0.0246745   0.0884712 -0.00141146 1.07527       0       0
               123.6 0.444397 -7.86773 -48.2542    -1.8624 0.00285028   0.963587   -0.249707  -0.0482444 -0.00504374   0.00202598 -0.000662451 -0.000426093   0.0252538   0.0880108 -0.00144483 1.07531       0       0
               123.7 0.545459 -7.61584 -50.5347   -1.88055 -0.0168316    0.96289 -0.179831 -0.119557 -0.012101   0.00194205 -0.000602557 -0.000410811   0.0243376   0.0884553 -0.00138105 1.06634       0       0
               123.7 0.188117 -7.35107 -50.4426   -1.88104 -0.0122674   0.961826  -0.184149 -0.0722125 -0.0223686   0.00205472 -0.000682985 -0.000440703   0.0248556   0.0881266 -0.00131732 1.06638       0       0
               123.8 0.890177 -8.27775 -51.9752   -1.89228 -0.0339408   0.966556 -0.086916 -0.135756 0.0238609   0.00195323 -0.000626543  -0.00042568   0.0239098   0.0886463 -0.00154315 1.06693       0       0
               123.8 0.600438 -8.13257 -51.8555   -1.89464 -0.0247873   0.961141  -0.118596 -0.0440098 -0.0201791   0.00204687 -0.000661784 -0.000464787   0.0251316   0.0882453 -0.00113065 1.06692       0       0
               123.9  2.47348 -10.4026 -53.2219   -1.90617 -0.0456887   0.982401 -0.0428843  -0.110255   0.070737   0.00194446 -0.000628852 -0.000457617   0.0242077   0.0889665 -0.00223103 1.06491       0       0
               123.9  2.27793 -10.3442 -53.2349   -1.90066 -0.0343472    0.96697   -0.0177164 -0.000783435   -0.0432579   0.00202161 -0.000642261 -0.000453327    0.0252998    0.0879125 -0.000877437 1.06496       0       0
                 124  2.46546 -10.8317 -55.0403   -1.89547 -0.0509968   0.959853   0.106532 -0.0401842 -0.0875008   0.00193894  -0.00057577 -0.000440397     0.024249    0.0885293 -0.000781014 1.07569       0       0
                 124  2.09315 -10.4393 -54.9827   -1.89268 -0.0381669   0.951712  0.113939 0.0831044 -0.153011   0.00206406 -0.000695419 -0.000455668    0.0256175    0.0875799 -0.000141352 1.07573       0       0
               124.1  2.30895 -8.90469 -56.8117   -1.88051 -0.0407477   0.941798   0.15436 0.0575681 -0.162785   0.00198386 -0.000666387 -0.000440329     0.024925    0.0880769 -0.000465957 1.06711       0       0
               124.1 2.04396 -8.6778 -56.763   -1.87365 -0.0332955   0.942462  0.202428  0.120148 -0.160996   0.00207646 -0.000738036 -0.000457423    0.0252441    0.0871223 -0.000511631 1.06707       0       0
               124.2  3.26734  -6.6387 -58.4608   -1.85634 -0.0393719   0.944367   0.221357  0.0419774 -0.0948408     0.001984 -0.000715859 -0.000440479   0.0240825   0.0879005 -0.00144446 1.06703       0       0
               124.2  3.07889 -6.49971 -58.4068   -1.84841 -0.0257657    0.93857  0.268645  0.170369 -0.142005   0.00206817 -0.000738654 -0.000464456     0.025201    0.0865608 -0.000936581 1.06701       0       0
               124.3  3.47384 -5.30831 -60.0703    -1.8264 -0.0334241   0.932482   0.289561  0.0514023 -0.0830341    0.0019807  -0.00071028 -0.000439743   0.0240043   0.0875939 -0.00122494 1.08273       0       0
               124.3  3.24401 -5.18953 -59.9944   -1.82594 -0.0217751   0.931101   0.28234  0.168238 -0.098451   0.00206396  -0.00072728 -0.000466461   0.0253067   0.0869598 -0.00114167 1.08275       0       0
               124.4  2.97168 -4.31062 -61.6506   -1.80719 -0.0359085   0.920554  0.286174 0.0251675 -0.083661    0.0019844 -0.000678865  -0.00045144   0.0240434   0.0883933 -0.00100519 1.08379       0       0
               124.4  2.70214 -4.09732 -61.6039   -1.80385 -0.0206072   0.922432   0.300134   0.172779 -0.0763248    0.0020873 -0.000723382  -0.00047124   0.0255538   0.0873768 -0.00116401 1.08388       0       0
               124.5  2.51979 -3.70435 -62.6698    -1.7775 -0.0127972   0.921592   0.294744   0.121577 -0.0522946   0.00201361 -0.000679261 -0.000467199  0.0250811   0.087795 -0.0015277 1.08733       0       0
               124.5  2.27539 -3.57519  -62.578    -1.77287 -0.00398813    0.917888  0.324769  0.209354 -0.082378   0.00210258 -0.000710826  -0.00049824   0.0259194   0.0870155 -0.00114669 1.0873      0      0
               124.6  1.95935 -3.25955 -63.1621   -1.75752 -0.0175497   0.912889    0.26987  0.0136772 -0.0527952   0.00200114 -0.000685847 -0.000484523   0.0244531   0.0887309 -0.00135176 1.08334       0       0
               124.6  1.71409 -3.11462 -63.0831    -1.74886 -0.00509508    0.911846   0.329769   0.133465 -0.0646509   0.00209718 -0.000717045 -0.000510989   0.0254934   0.0874352 -0.00118334 1.08336       0       0
               124.7  1.32741 -2.57686  -63.358   -1.72335 -0.0161298    0.91011   0.313968 -0.0373711 -0.0255737   0.00201154 -0.000675417 -0.000511185  0.0245118  0.0883253 -0.0014087 1.08389       0       0
               124.7  1.05842 -2.39196 -63.3338   -1.71501 -0.0059966    0.90628    0.37493  0.0626586 -0.0571836   0.00211847 -0.000713971 -0.000521785    0.0253443    0.0871516 -0.000987143 1.0839      0      0
               124.8  1.05535 -2.96158 -63.5689   -1.68538 -0.0254439    0.90482   0.357482   -0.10322 -0.0590529   0.00200521  -0.00067898 -0.000517909   0.0241595   0.0881345 -0.00128242 1.08622       0       0
               124.8 0.790728 -2.82452 -63.5494   -1.68007 -0.0129486   0.901734   0.391949  0.0221298 -0.0856826   0.00211047  -0.00069028 -0.000526553    0.0253728    0.0871447 -0.000957532 1.08621       0       0
               124.9 0.322041 -2.64077  -63.891   -1.65827 -0.0438337   0.897094   0.337585  -0.175413 -0.0747163   0.00200527 -0.000669181 -0.000514596  0.0240924  0.0887306 -0.0012941 1.08767       0       0
               124.9 0.0499267  -2.42422  -63.8496   -1.65068 -0.0273143   0.892056    0.387046 -0.00966518   -0.118275   0.00211925 -0.000702979 -0.000531359    0.0257046    0.0873845 -0.000779152 1.08765       0       0
                 125 0.927509 -2.82606 -63.0896    -1.6087 -0.0384586   0.890691   0.418366 -0.0554237 -0.0648834   0.00202703 -0.000667383 -0.000529336   0.0250251   0.0874798 -0.00127717 1.09326       0       0
                 125 0.751221 -2.68936 -63.0443   -1.60658 -0.0330531   0.887471    0.432438 0.000381279  -0.0907942   0.00208958 -0.000697228 -0.000543612    0.0255947    0.0870649 -0.000968607 1.09325       0       0
               125.1  1.81027 -2.99101 -62.3105   -1.57647 -0.0601535   0.884836   0.410798  -0.105939 -0.0553266   0.00196921 -0.000671918 -0.000542202   0.0242718   0.0884519 -0.00130415 1.08507       0       0
               125.1  1.54403 -2.81632 -62.3245  -1.57011 -0.046395  0.880282   0.452695  0.0327698 -0.0932228   0.00207492 -0.000693169 -0.000537663    0.0256213    0.0873007 -0.000864602 1.08505       0       0
               125.2  2.13513 -1.93522 -61.4618   -1.53134 -0.0538717   0.879613   0.442244  0.0556154 -0.0265335   0.00200695 -0.000694041  -0.00053184   0.0248657    0.088058 -0.00127161 1.08365       0       0
               125.2  1.95882 -1.81581 -61.4487   -1.52454 -0.0460736   0.873765   0.490932   0.133474 -0.0722155   0.00208093 -0.000726956  -0.00053675    0.0254829    0.0871491 -0.000701215 1.08364       0       0
               125.3  1.39773 -2.72051  -61.776   -1.48891 -0.0595384    0.87039   0.420375  0.0235043 -0.0332017   0.00199553 -0.000617456 -0.000526709    0.0241247    0.0884432 -0.000874962 1.08763       0       0
               125.3  1.07778 -2.49166 -61.8214   -1.48208 -0.0435873   0.867952   0.460237   0.181297 -0.0574742   0.00209587 -0.000710211 -0.000508938    0.0258575    0.0870731 -0.000533888 1.0877      0      0
               125.4 0.564092 -2.32335  -62.776   -1.44973 -0.0512573   0.876592 0.424631 0.093129 0.041398   0.00203883 -0.000670397 -0.000497577 0.0244247 0.0884971 -0.001246 1.08739       0       0
               125.4 0.393942  -2.1923 -62.7626   -1.44286 -0.0347414   0.874429  0.464528  0.255692 0.0169915   0.00208819 -0.000719365 -0.000501863    0.0261169    0.0870854 -0.000930538 1.08744       0       0
               125.5 0.156161 -2.39146 -64.6822    -1.4115 -0.0354555   0.885304  0.441447  0.200934 0.0656103   0.00203091 -0.000660055 -0.000494355   0.0247357   0.0887801 -0.00152879 1.07896       0       0
               125.5 -0.0571929   -2.22979   -64.7133  -1.40142 -0.020585  0.879874  0.507633   0.34669 0.0210869   0.00209639 -0.000702793 -0.000484936    0.0260809    0.0872097 -0.000946544 1.07894       0       0
             125.601 0.119766   -3.173 -67.1086    -1.36189 -0.00593822    0.890084  0.475188   0.29495 0.0504747     0.002023 -0.000640335 -0.000482051   0.0249256   0.0884024 -0.00144222 1.08407       0       0
             125.601 -0.121833  -2.94268  -67.1253   -1.35147 0.00837819   0.888184  0.549189  0.432789 0.0326153   0.00212219  -0.00069787 -0.000476694   0.0260787   0.0869286 -0.00125948 1.08408       0       0
               125.7 0.861579 -2.99358 -69.5396   -1.3056 0.0315812  0.905623  0.544845  0.344656 0.0946872   0.00206868 -0.000684469 -0.000472063   0.0251201    0.087915 -0.00200278 1.08034       0       0
               125.7 0.744748 -2.83073 -69.4961  -1.30085 0.0410714  0.893653  0.578302  0.444154 0.0040398   0.00211067 -0.000743819  -0.00048436    0.0262263    0.0870928 -0.000876032 1.08028       0       0
               125.8  1.90439 -2.64817 -71.0849  -1.26541 0.0539394  0.900658  0.475826   0.31825 0.0254539   0.00202098  -0.00068211 -0.000476028   0.0246301   0.0889511 -0.00123651 1.07725       0       0
               125.8  1.60899  -2.4817 -70.9844  -1.25549 0.0660771  0.891729   0.552601    0.44373 -0.0437987    0.0021141 -0.000748016 -0.000505244  0.0259413  0.0875332 -0.0003516 1.07717       0       0
               125.9  0.89653 -2.57801 -70.8178  -1.1973 0.113753 0.887351   0.542752   0.484348 -0.0548571   0.00205925 -0.000688738 -0.000512768    0.0259201    0.0872503 -0.000400948 1.07953       0       0
               125.9 0.562093 -2.43353 -70.7082  -1.1949 0.115984 0.887091   0.563652   0.506811 -0.0575133   0.00216562 -0.000735876 -0.000546817    0.0261415    0.0869382 -0.000363151 1.07952       0       0
                 126 -0.118983  -3.63279  -69.8677 -1.16552 0.129078 0.892631    0.429326    0.309512 -0.00719591   0.00207548 -0.000664734 -0.000545871   0.024095  0.0890205 -0.0010526 1.07549       0       0
                 126 -0.382923  -3.49062  -69.7987 -1.15939 0.138946 0.889319   0.478452   0.412382 -0.0349884   0.00215969 -0.000707418 -0.000567621    0.0252315    0.0880555 -0.000699421 1.07549       0       0
               126.1 -0.764112  -4.28709  -68.0681 -1.11476 0.169904 0.892309   0.477701   0.339491 -0.0228383   0.00206002 -0.000646285 -0.000569913   0.0246819    0.088405 -0.00110628 1.07201       0       0
               126.1 -1.04526 -4.05894 -68.0264 -1.10888 0.180224  0.89204    0.52481   0.443625 -0.0292387   0.00214929 -0.000716047 -0.000583551   0.0258271   0.0874352 -0.00108028 1.07197       0       0
               126.2 -1.07772 -4.81189 -65.7382 -1.06608 0.207199  0.89537   0.491212   0.357498 -0.0514919   0.00206076 -0.000673926 -0.000580744   0.0248742   0.0883407 -0.00157116 1.09509       0       0
               126.2 -1.24036 -4.66544 -65.7094 -1.06093  0.21409  0.89257   0.530532    0.42625 -0.0746382   0.00211253 -0.000717597 -0.000590187   0.0255884   0.0875682 -0.00131995 1.09503       0       0
               126.3 -1.61857  -4.9084 -63.2604 -1.02057 0.227427 0.873988  0.500043  0.250749 -0.118045   0.00202429 -0.000635432 -0.000590062     0.024182    0.0888563 -0.000684271 1.08417       0       0
               126.3 -1.92895 -4.63385 -63.2664   -1.016 0.237655 0.876208  0.539695  0.355317 -0.101943   0.00212397 -0.000719028 -0.000590447  0.0252674  0.0878996 -0.0010081 1.08415       0       0
               126.4 -1.65125 -5.30708 -60.3708 -0.956327  0.260034  0.884021    0.578728    0.229471 -0.00125293    0.0020382 -0.000664023 -0.000586055   0.024379  0.0879632 -0.0019997 1.09667       0       0
               126.4 -1.79699 -5.18939 -60.3724 -0.956036  0.269869  0.879554   0.579457   0.331124 -0.0419702   0.00208302  -0.00069719 -0.000586322   0.0256376   0.0873902 -0.00156825 1.09676       0       0
               126.5 -1.84381 -4.70096  -57.516 -0.90961 0.272674 0.900719 0.539897 0.094292 0.099553   0.00205304 -0.000678937 -0.000582134   0.0242953   0.0887533 -0.00289123 1.10293       0       0
               126.5 -1.93605 -4.55446 -57.5071 -0.913144  0.281198  0.881708   0.500285   0.192238 -0.0434021   0.00207899 -0.000710428  -0.00058468   0.0258134   0.0885437 -0.00110996 1.10287       0       0
               126.6 -1.77811 -3.76825 -54.2224 -0.85518 0.286147 0.888927    0.532343   0.0676254 -0.00339193   0.00201073 -0.000701801 -0.000580871   0.0248608   0.0884756 -0.00174116 1.10628       0       0
               126.6 -1.95614 -3.75713 -54.2103 -0.857665  0.292897  0.875869  0.507569  0.142561 -0.137001    0.0020646 -0.000695677 -0.000583874    0.0259763    0.0881906 -6.99889e-05 1.10634       0       0
               126.7 -2.06842 -5.51896 -51.6663 -0.78737 0.292655 0.868296  0.621022 0.0169453 -0.134693   0.00199537 -0.000609518 -0.000555431    0.0246997    0.0875594 -0.000524149 1.11019       0       0
               126.7 -2.32334 -5.35872 -51.6625 -0.794654  0.300444  0.862013  0.546914 0.0968293 -0.200672    0.0020701 -0.000648808 -0.000555606   0.0261561   0.0877346 0.000260138 1.11008       0       0
               126.8 -0.867993  -5.14305  -48.9824 -0.733375  0.286163  0.849915  0.583189 -0.049919 -0.177316   0.00197628  -0.00062338 -0.000539724    0.0247375    0.0882432 -0.000239153 1.1011      0      0
               126.8 -1.03843 -4.93636 -48.9587 -0.74223 0.294042 0.848596  0.491755 0.0308147 -0.194447   0.00202489 -0.000677855 -0.000547076   0.0263207   0.0885277 -0.00013595 1.10102       0       0
               126.9  0.24378 -5.18422 -45.6694 -0.697567  0.279669  0.839204   0.421344 -0.0779891  -0.161577    0.0019353 -0.000637237 -0.000534104    0.0254711     0.089327 -0.000827165 1.09795       0       0
               126.9 -0.0255176    -5.0682   -45.6082 -0.70099 0.285145 0.838731    0.38755 -0.0227543  -0.167598   0.00201835 -0.000665614 -0.000551553   0.0263077   0.0892067 -0.00081924 1.09796       0       0
                 127 0.108755 -4.14478 -41.8145 -0.655362  0.269271  0.826477   0.388344  -0.132056 -0.0975035   0.00196841 -0.000603611 -0.000543002    0.0253398     0.089186 -0.000902131 1.11121       0       0
                 127 0.00454718   -3.86829   -41.8063 -0.655351  0.273127  0.827747   0.390737 -0.0942086   -0.08502   0.00200765 -0.000687471  -0.00054573  0.0256786  0.0888245 -0.0010969 1.11127       0       0
               127.1 -0.0380691   -3.48092   -37.9628 -0.604792  0.249453  0.824918   0.433781  -0.177032 0.00210408    0.0019813 -0.000644827 -0.000552079  0.0244673  0.0888228 -0.0010764 1.11447       0       0
               127.1 -0.146979  -3.37037   -37.975 -0.60664 0.259503 0.829558   0.406049 -0.0878125  0.0303174   0.00202271 -0.000655914 -0.000547505   0.0254713    0.088187 -0.00152045 1.11463       0       0
               127.2 -0.161487  -4.25276  -33.5491 -0.564141  0.238309  0.835416  0.395284 -0.145387 0.0701243   0.00198568  -0.00059849 -0.000552756    0.024765   0.0885908 -0.00151859 1.12923       0       0
               127.2 -0.151225  -4.12575  -33.5621 -0.566358  0.247647  0.836134  0.361344 -0.070517  0.070291   0.00198769 -0.000619997   -0.0005484   0.0256979   0.0880679 -0.00157163 1.12929       0       0
               127.3 -0.386022  -6.35656  -28.6305 -0.532381  0.224786  0.845643  0.349124 -0.135935 0.0609671   0.00196466 -0.000548464 -0.000559918  0.0250712  0.0887619 -0.0017211 1.13998       0       0
               127.3 -0.411762  -6.22709  -28.6922 -0.529338  0.234741   0.84268   0.356158 -0.0632921  0.0398964   0.00198705  -0.00057589 -0.000540518   0.0255244   0.0879255 -0.00147768 1.13997       0       0
               127.4 -1.07643 -6.99651 -23.3848 -0.490939  0.213923  0.848409  0.392798 -0.161185 0.0300947   0.00197374 -0.000557918 -0.000550203    0.024939   0.0884227 -0.00162049 1.1533      0      0
               127.4 -1.01159 -6.85298 -23.4624 -0.490719  0.220449   0.84208   0.381129  -0.108469 -0.0144342   0.00196335 -0.000593611 -0.000526433   0.0254381   0.0878628 -0.00110225 1.15333       0       0
               127.5 -1.33603 -5.77537 -18.6605 -0.446604  0.198407  0.842681   0.396069  -0.152574 -0.0184679   0.00197213 -0.000582539 -0.000541726   0.0247786   0.0882359 -0.00121478 1.15126       0       0
               127.5 -1.19189 -5.66628 -18.7632 -0.446529  0.204226   0.83713   0.385853  -0.106405 -0.0573866   0.00193678 -0.000610995 -0.000510324    0.0251805    0.0876918 -0.000765685 1.15129       0       0
               127.6  -1.6813 -5.60826 -14.7342 -0.40781 0.188257 0.840779   0.360197  -0.112985 -0.0323871   0.00196631 -0.000569644 -0.000509006   0.0247228   0.0880207 -0.00127368 1.15647       0       0
               127.6 -1.63544 -5.59701 -14.7879 -0.408909  0.190103  0.834364   0.345774  -0.096157 -0.0768872   0.00195463 -0.000568488 -0.000492185    0.0250261    0.0878304 -0.000725554 1.15647       0       0
               127.7 -2.12453 -5.15362 -11.1333 -0.384177  0.174662  0.838639   0.285078 -0.0895469 -0.0486488   0.00196406  -0.00056281 -0.000491742   0.0253751   0.0884015 -0.00143849 1.15441       0       0
               127.7 -2.01534 -5.17847 -11.2049 -0.386341  0.174144  0.832939   0.258427  -0.095836 -0.0930194   0.00192773 -0.000549307 -0.000469327    0.0257565    0.0885072 -0.000893011 1.15441       0       0
               127.8 -1.71029 -4.64208 -8.90523 -0.353844  0.174763  0.831522   0.297646 -0.0207736 -0.0835148   0.00195584 -0.000540756 -0.000469812   0.0253313    0.087977 -0.00144713 1.15939       0       0
               127.8 -1.53178 -4.62155 -9.01851 -0.352772  0.173273  0.822797   0.303243 -0.0334896  -0.148227   0.00190238 -0.000550536 -0.000435014     0.025315    0.0880821 -0.000612271 1.15936       0       0
               127.9 -0.578478   -2.9615   -7.9629 -0.319087  0.170741  0.826306    0.33657 -0.0382951 -0.0866443   0.00191047 -0.000577324 -0.000423768    0.025046   0.0880363 -0.00166366 1.15726       0       0
               127.9 -0.567794  -3.00616  -8.01445 -0.317248   0.16973  0.815601  0.348784 -0.046785 -0.167308   0.00190733  -0.00056687 -0.000407588    0.0249553    0.0880999 -0.000628421 1.15724       0       0
                 128 -0.595796  -2.46509  -7.84888 -0.272806  0.171593  0.811336    0.38099 0.00331102  -0.113099    0.0019462 -0.000595059 -0.000400815   0.0242085     0.08772 -0.00129436 1.15752       0       0
                 128 -0.600864  -2.62755  -7.87451 -0.275571  0.169526  0.801019   0.345926 -0.0140274  -0.189298    0.0019424 -0.000537345 -0.000391517    0.0246907    0.0879408 -0.000344871 1.15742       0       0
               128.1 -0.495359  -2.52115  -8.54613 -0.242028  0.171559  0.798075   0.329061 -0.0089698  -0.136932   0.00195253 -0.000536658 -0.000376431  0.024624 0.0877948 -0.001228 1.16665       0       0
               128.1 -0.418291  -2.53554  -8.55265 -0.24456 0.170538 0.788074    0.29775 -0.0185067  -0.213487   0.00192515 -0.000526883 -0.000374306    0.0250493    0.0879101 -0.000277611 1.16657       0       0
               128.2 -0.998196  -4.74805  -8.91577 -0.222261  0.168527  0.780115   0.204872 -0.0477169  -0.222771    0.0019647  -0.00054426 -0.000356734    0.025229   0.0878675 -0.00117684 1.1673      0      0
               128.2 -0.942214  -4.98267  -8.83991 -0.221241  0.166159  0.769201   0.208159 -0.0658167  -0.302564   0.00194473 -0.000471307  -0.00037971    0.0251892    0.0881072 -9.88329e-05 1.16726       0       0
               128.3 -1.35724 -6.63272 -7.67143 -0.189125   0.16595  0.744569   0.264213 -0.0743407  -0.398092   0.00195994 -0.000453299  -0.00038392    0.0242027    0.0875435 -0.000830358 1.15901       0       0
               128.3 -1.32136 -6.46808 -7.65784 -0.192675  0.167344  0.742304   0.230012 -0.0649325  -0.415841   0.00194931 -0.000490725   -0.0003877    0.0246722    0.0874279 -0.000639229 1.15901       0       0
               128.4  -1.2506 -5.98668  -6.8374 -0.172023   0.16641  0.716032   0.19953 -0.055308 -0.422974   0.00197712 -0.000552535 -0.000388468   0.0246541   0.0870439 -0.00170353 1.14658       0       0
               128.4 -1.11738 -6.08944 -6.86628 -0.170134  0.165982  0.702705  0.211448 -0.055844 -0.521797   0.00193603 -0.000524289 -0.000379436    0.0245995    0.0870082 -0.000466158 1.14651       0       0
               128.5 -0.370141  -4.63408  -5.88212 -0.149042  0.158657  0.651781   0.180395 -0.0500933  -0.630355   0.00193395 -0.000561532 -0.000385712    0.0244475    0.0871393 -0.000910361 1.14874       0       0
               128.5 -0.303348  -4.66779  -5.88423 -0.150165  0.158865  0.645707   0.165528 -0.0498384   -0.67643   0.00191136 -0.000548452 -0.000384361     0.024691    0.0871182 -0.000365093 1.14867       0       0
               128.6 0.310018 -4.56466 -5.03127 -0.134412  0.147237   0.59276   0.165246 -0.0855647  -0.686551   0.00193251 -0.000542909 -0.000399859   0.0245849   0.0875115 -0.00138958 1.15579       0       0
               128.6 0.351963 -4.64167 -5.11281 -0.136887   0.15052  0.583208   0.138571 -0.0605535  -0.759147  0.00192135 -0.00051932 -0.00037332    0.0250273    0.0871546 -0.000483678 1.15577       0       0
               128.7 0.796886 -5.40138 -4.43305 -0.120189  0.140381  0.516726   0.148604 -0.0722541  -0.722202    0.0019282 -0.000539613 -0.000380053   0.0247734   0.0874188 -0.00104254 1.14905       0       0
               128.7 0.801142 -5.56128 -4.45051 -0.120777  0.143783  0.510893   0.141827 -0.0417752  -0.768057   0.00192326 -0.000487089  -0.00037435    0.0248866    0.0869902 -0.000428835 1.14903       0       0
               128.8 0.980323  -5.9765 -4.07879 -0.098264  0.143811  0.452961   0.201644 -0.0197409  -0.655472   0.00194153 -0.000483299 -0.000388552   0.0243249   0.0867233 -0.00139618 1.1458      0      0
               128.8  1.04928 -5.91409  -4.1805 -0.0996002   0.146337   0.445612    0.185846 5.38051e-05   -0.711897   0.00192056 -0.000504477 -0.000354912    0.0246114    0.0864329 -0.000636229 1.14576       0       0
               128.9   0.6924 -3.92111 -4.42966 -0.0715414   0.145128   0.390507   0.241934 -0.0290531  -0.630831   0.00192599 -0.000534137 -0.000367456  0.0239394  0.0864316 -0.0015352 1.14387       0       0
               128.9 0.643457 -3.90763 -4.51037 -0.0734869   0.147994   0.379534    0.217316 -0.00796526   -0.714169   0.00194349 -0.000538001 -0.000341644    0.0243682    0.0861483 -0.000433227 1.14381       0       0
                 129 -0.0723306   -2.32029   -4.37456 -0.0587014   0.144145   0.325426   0.138895 -0.0644067  -0.571143   0.00196888 -0.000589439 -0.000350587    0.024499   0.0861508 -0.00121843 1.1562      0      0
                 129 -0.0474313   -2.55544   -4.32711 -0.0559663   0.145097   0.313886   0.156049 -0.0566013  -0.649938   0.00195979 -0.000512985 -0.000366265   0.0243043   0.0860744 -0.00013544 1.15606       0       0
               129.1 0.203116 -2.04565 -3.86265 -0.0457516   0.137974   0.266187   0.116312 -0.0675897  -0.483854    0.0019532 -0.000531406 -0.000374825    0.0245268    0.0861016 -0.000784167 1.1468      0      0
               129.1  0.23473 -2.16517 -3.86835 -0.0430015   0.137192    0.26197   0.140096 -0.0719259  -0.514463   0.00194269 -0.000492416 -0.000372876    0.0242055    0.0861754 -0.000360406 1.14674       0       0
               129.2 -0.113316  -1.14801   -2.6379 -0.0292078    0.13813   0.230916   0.108194 -0.0317683  -0.332603   0.00196368 -0.000507561 -0.000384748   0.0240216   0.0856685 -0.00117933 1.15924       0       0
               129.2 -0.0617841   -1.15953   -2.60652 -0.0276552   0.133667   0.227404   0.117999 -0.0661344   -0.35699   0.00194661 -0.000503843 -0.000394545    0.0239136    0.0861393 -0.000853981 1.15922       0       0
               129.3 -1.22071 -1.33603 -1.50932 -0.0210673   0.129781   0.211509 0.000939773  -0.0528729   -0.215411   0.00197033 -0.000531684 -0.000401818    0.023788   0.0859935 -0.00169825 1.15603       0       0
               129.3 -1.18455 -1.52578  -1.5286 -0.0220769   0.126623   0.203053 -0.0141534 -0.0789482    -0.2754   0.00195765  -0.00047006 -0.000395401    0.0239978    0.0863354 -0.000903096 1.15604       0       0
               129.4  -1.89182  -3.72306 -0.782064 -0.0301768   0.108647   0.190935 -0.0810305  -0.142151  -0.187657   0.00197682 -0.000458249 -0.000419887   0.0243015    0.086905 -0.00167094 1.15783       0       0
               129.4 -1.81706 -3.82953 -0.89825 -0.0303127   0.112044   0.179875 -0.0851233  -0.117593  -0.263776   0.00195524 -0.000423018 -0.000381598    0.0243161    0.0865462 -0.000653336 1.1578      0      0
               129.5 -2.69175 -5.00323 -1.01379 -0.031979  0.113426  0.166027 -0.0436143 -0.0896855   -0.21129   0.00196623 -0.000458508  -0.00037478   0.0237385   0.0856564 -0.00134962 1.15082       0       0
               129.5 -2.69207 -4.99517 -1.08545 -0.0325892   0.113872   0.158677 -0.0514629 -0.0871175  -0.265132   0.00196792 -0.000460263 -0.000352128    0.0238624    0.0855884 -0.000638845 1.15082       0       0
               129.6  -3.67784  -6.08661 -0.481736 -0.0374865   0.110547   0.152138 -0.0394302 -0.0473644  -0.137369  0.00198736 -0.00049168 -0.00036796   0.0237636   0.0853198 -0.00155656 1.14298       0       0
               129.6  -3.61363  -6.17947 -0.488316 -0.0364251   0.108245   0.141546 -0.0367673 -0.0666448  -0.212821   0.00196394 -0.000462039 -0.000364706    0.0238023    0.0855347 -0.000550213 1.14293       0       0
               129.7 -3.92294 -6.12497 0.321126 -0.0324033   0.110034   0.129402  0.0381821 -0.0354609  -0.200978   0.00196186 -0.000485908 -0.000390611   0.0233324   0.0850826 -0.00111205 1.14295       0       0
               129.7 -3.92388 -6.11827 0.233935 -0.0322007   0.105214   0.121297  0.0329914 -0.0744844  -0.259622  0.00196024 -0.00048922 -0.00036315    0.0235318    0.0855565 -0.000323671 1.14283       0       0
               129.8 -4.16836  -5.4272 0.710597 -0.0306705  0.0921589   0.108372  0.024004 -0.112142 -0.212458   0.00196525 -0.000522806 -0.000379254    0.023619   0.0859176 -0.00106693 1.13854       0       0
               129.8 -4.08847 -5.49401 0.657493 -0.0323393    0.09462   0.102234 0.00628108 -0.0918913  -0.261127     0.001943  -0.00050142 -0.000360833   0.0238867   0.0855552 -0.00046977 1.13853       0       0
               129.9 -4.89016 -4.20406  1.20498 -0.0250768  0.0846342  0.0909042 0.0336345 -0.113273 -0.191006   0.00195495 -0.000537152 -0.000399381   0.0233028   0.0856656 -0.00128664 1.14668       0       0
               129.9 -4.96081 -4.27874  1.11459 -0.0265203  0.0869135  0.0844409  0.0185749 -0.0953816  -0.237466   0.00198147 -0.000513821 -0.000368408    0.0235308    0.0853493 -0.000703156 1.14666       0       0
                 130 -4.89498 -3.61649  1.05798 -0.0242579  0.0734523  0.0576152 -0.00555495   -0.137842   -0.227382   0.00200231 -0.000518003 -0.000389144    0.0234541    0.0854672 -0.000450309 1.14925       0       0
                 130 -4.73204 -3.69432 0.983639 -0.0263942  0.0774561   0.058668 -0.0226217   -0.10756  -0.220078   0.00195739 -0.000493607 -0.000363723    0.0236118    0.0850102 -0.000599376 1.14929       0       0
               130.1 -3.63953   -3.511 0.251522 -0.0333057  0.0643864  0.0461515 -0.0731516  -0.119714  -0.155094   0.00195574  -0.00049782 -0.000376842   0.0237472   0.0851507 -0.00102559 1.15175       0       0
               130.1 -3.60103  -3.5547  0.17141 -0.0317465  0.0671586  0.0471024 -0.0562979 -0.0949181  -0.146998   0.00194967 -0.000489661 -0.000351593   0.0234643   0.0848556 -0.00114267 1.15174       0       0
               130.2  -2.74451  -4.40149 -0.356075 -0.0322153  0.0665508  0.0450572 -0.00979916  -0.0686148  -0.0556495   0.00196866 -0.000507604 -0.000366075   0.0229629   0.0843851 -0.00180231 1.14921       0       0
               130.2   -2.7076  -4.47606 -0.392077 -0.0325152  0.0656646  0.0405595  -0.015334 -0.0763674 -0.0886247   0.00195641 -0.000483221 -0.000353306   0.0230619   0.0844407 -0.00136958 1.1492      0      0
               130.3  -1.85191  -3.97036 -0.880314 -0.0363386   0.054008  0.0404921 -0.0143327  -0.108465 -0.0606711   0.00195602 -0.000482985 -0.000358833   0.0232438    0.084617 -0.00185678 1.14433       0       0
               130.3  -1.84164  -3.82988 -0.881693 -0.0347375  0.0523949  0.0352179 -0.00204059   -0.120669  -0.0997402   0.00194993  -0.00052844 -0.000360239   0.0231427   0.0847642 -0.00132976 1.14428       0       0
               130.4 -2.20991 -1.70035  -1.3064 -0.0344083  0.0468096  0.0433244   0.001303 -0.0650152 -0.0161889   0.00197452 -0.000596413 -0.000377378   0.0230107   0.0845242 -0.00239554 1.15689       0       0
               130.4  -2.2615   -1.834 -1.33467 -0.033165 0.0462435 0.0287405 0.00363336 -0.0693119  -0.115753   0.00198954 -0.000555268 -0.000367453   0.0230457   0.0845332 -0.00109813 1.15686       0       0
               130.5 -1.70357 -0.96562 -1.49407 -0.0289693  0.0406998  0.0155739 0.00601451 -0.0520509 -0.0684779   0.00200457 -0.000561804 -0.000380502    0.0227657     0.084495 -0.000889313 1.15374       0       0
               130.5  -1.5882 -1.08852 -1.49002 -0.0294662  0.0406154 0.00903267 -0.00174935  -0.0538757   -0.113423   0.00196735 -0.000520401 -0.000380225    0.0228775    0.0844762 -0.000300245 1.15373       0       0
               130.6 -0.623544  -1.77065  -1.10142 -0.0313772  0.0355284  0.0120188 -0.0169117 -0.0394776 -0.0481764   0.00196753  -0.00051828 -0.000396186  0.0229017  0.0844754 -0.0010069 1.16781       0       0
               130.6 -0.622533  -1.85722  -1.11926 -0.0314699  0.0365905 0.00829976 -0.0198895 -0.0301902  -0.075038   0.00197024 -0.000490385 -0.000390096    0.0229239     0.084338 -0.000658655 1.16781       0       0
               130.7 -0.0106361  -0.511266  -0.747086 -0.0316513  0.0418006  0.0114289  0.0272653 0.00364628 -0.0516296    0.0019821   -0.0005237 -0.000401731   0.0228652   0.0838956 -0.00133709 1.16161       0       0
               130.7 -0.0221736  -0.515901  -0.812596 -0.0300427  0.0409078 0.00252332   0.0365783 -0.00135532   -0.115281   0.00198477  -0.00052425 -0.000381581    0.0227516    0.0839593 -0.000512491 1.16154       0       0
               130.8  0.38776  1.26191 -0.80241 -0.0323849  0.0368258 0.00234939 -0.0259264 -0.0429544 -0.0267193   0.00198633 -0.000567031 -0.000393492    0.023129   0.0840923 -0.00104196 1.16024       0       0
               130.8  0.377593   1.09003 -0.833393 -0.0302178  0.0352503 -0.0019312 -0.0122073 -0.0541242 -0.0544667   0.00198647 -0.000517696 -0.000384346    0.0229422    0.0842587 -0.000686217 1.1602      0      0
               130.9  0.331557  0.847238 -0.665916 -0.0320441  0.0354758 0.00129758 -0.0205957 -0.0484784  -0.043934   0.00200853 -0.000511177 -0.000391548   0.0228433    0.083961 -0.00115251 1.17219       0       0
               130.9  0.373854  0.739676 -0.650896  -0.0280281   0.0330239 -0.00391454 0.00958075 -0.0653565 -0.0783629   0.00199102 -0.000485225 -0.000396869     0.022448    0.0842228 -0.000723211 1.17216       0       0
                 131  0.654506  0.311739 -0.408677  -0.03193 0.0256777  0.012741 -0.0219255  -0.078048  0.0456042   0.00197696 -0.000524894 -0.000409251    0.022696   0.0842177 -0.00189998 1.17958       0       0
                 131  0.609557  0.174617 -0.442763 -0.0295435  0.0281159 0.00200917 -0.00727854  -0.0554471  -0.0278447   0.00199467 -0.000484737 -0.000398692    0.0224186    0.0839593 -0.000957878 1.1795      0      0
               131.1  0.825908 -0.448239 -0.253823 -0.0282717  0.0261161 0.00153305 0.00574786 -0.0351322 -0.0229732   0.00200782 -0.000501815 -0.000410037   0.0222326   0.0837701 -0.00111813 1.17053       0       0
               131.1  0.830673 -0.500333 -0.306521 -0.0277991  0.0279358 -0.0026344  0.0079751 -0.0204743 -0.0518754   0.00200865 -0.000484656 -0.000392491     0.022162    0.0835851 -0.000741087 1.17056       0       0
               131.2  0.550468 -0.212254 -0.430663  -0.0273821    0.031693 -0.00191338  0.00854739 0.000304116   -0.024984   0.00202947 -0.000516522  -0.00039623   0.0222288   0.0832044 -0.00103305 1.16793       0       0
               131.2  0.594627 -0.254419  -0.46925  -0.0275592    0.031707 -0.00378675   0.00598559 -1.47157e-05   -0.0377216   0.00201664 -0.000503474 -0.000384856    0.0222555     0.083204 -0.000864544 1.16794       0       0
               131.3  0.411277 -0.108043 -0.506146   -0.0292145    0.0279332 -0.000295766 -0.00453528  -0.0230962 -0.00926196   0.00202797 -0.000518944  -0.00039916   0.0224134   0.0833732 -0.00126228 1.16672       0       0
               131.3  0.434965 -0.163097 -0.537015  -0.0286517    0.028799 -0.00199522 -0.000150642   -0.0163697   -0.0207091    0.0020226 -0.000503582 -0.000389974   0.0223383   0.0832931 -0.00111336 1.16673       0       0
               131.4   0.35482 -0.080614 -0.526587  -0.0251771   0.0233393 -0.00143479   0.0100924  -0.0385213 -0.00933516   0.00203076 -0.000525952 -0.000402532   0.0220976   0.0834939 -0.00125954 1.16446       0       0
               131.4  0.392698 -0.169663 -0.556795  -0.0247287   0.0270097 -0.00472688   0.0130583 -0.00971455  -0.0324073   0.00202806 -0.000500303 -0.000393358    0.0220054     0.083135 -0.000963289 1.16447       0       0
               131.5   0.329552 -0.0881923  -0.527374  -0.0233151   0.0259282 -0.00423791  0.0130532 -0.0197651   -0.01675   0.00204158 -0.000523764 -0.000405152   0.0219623    0.083107 -0.00115626 1.16801       0       0
               131.5  0.359585 -0.160824 -0.575989  -0.0253788   0.0292486 -0.00534803 -0.0040984 0.00450495 -0.0247635   0.00204021 -0.000496794 -0.000390422   0.0221362   0.0827758 -0.00104885 1.16803       0       0
               131.6  0.280513 0.0125853 -0.562012 -0.0253587  0.0221634 0.00877181 -0.00981149  -0.0352165   0.0430023   0.00203511 -0.000532426 -0.000409936   0.0221386   0.0831509 -0.00188824 1.17029       0       0
               131.6  0.300679 -0.064884 -0.620552 -0.0266667  0.0278624 0.00140164  -0.0237245  0.00871066 -0.00870669   0.00203764 -0.000504365 -0.000390523   0.0222333    0.082577 -0.00123128 1.1703      0      0
               131.7   0.292526 -0.0135583  -0.581065 -0.0301054  0.0249537 0.00710782 -0.0330277 -0.0159407    0.01824   0.00203438 -0.000525596 -0.000410834    0.022318   0.0827567 -0.00156631 1.16878       0       0
               131.7  0.277792 -0.080709 -0.633919  -0.0284706   0.0275514 0.000299262 -0.0224128 0.00482099 -0.0282043   0.00204011 -0.000503737 -0.000393018    0.0221182    0.0824907 -0.000939374 1.16881       0       0
               131.8   0.244874 -0.0229779  -0.600104 -0.0315017  0.0303237 0.00295015  -0.0273797  0.00748807 -0.00580674   0.00204759  -0.00052481 -0.000402796   0.0221413   0.0823147 -0.00123461 1.16855       0       0
               131.8   0.250887 -0.0680688  -0.645286  -0.0292663   0.0326294 0.000203552 -0.00903829   0.0249109  -0.0230902   0.00204577  -0.00051034 -0.000387931    0.0218437    0.0820983 -0.000995855 1.16857       0       0
               131.9   0.210636 -0.0234533  -0.598768  -0.0303856   0.0318242 7.37396e-06 -0.0164453 0.00305447 -0.0148155   0.00205058  -0.00052416 -0.000402014   0.0218656    0.082262 -0.00111081 1.16807       0       0
               131.9   0.199992 -0.0920347  -0.645226  -0.0282826   0.0312953 -0.00267174 -0.000365401 -0.000536904   -0.0327055   0.00205404 -0.000501184 -0.000387116    0.0216323    0.0823412 -0.000869161 1.16809       0       0
                 132   0.193254 -0.0514303  -0.573753  -0.0297353   0.0249572 0.000382234 -0.00978664   -0.037156 -0.00646835   0.00205935 -0.000520319 -0.000406952   0.0217677   0.0826662 -0.00121737 1.16738       0       0
                 132  0.227751 -0.103336 -0.598521  -0.0286545   0.0259753 -0.00255324 -0.00215537  -0.0293297  -0.0264794   0.00204781 -0.000502971 -0.000398855    0.0216373    0.0825682 -0.000944857 1.16739       0       0
               132.1  0.179645 -0.059794 -0.556098 -0.0256126  0.0212866 0.00114779   0.0101134  -0.0449921 0.000376058   0.00206447 -0.000520215 -0.000412037   0.0214252   0.0826611 -0.00131175 1.17018       0       0
               132.1  0.231197 -0.125004 -0.607732  -0.0264533   0.0266335 -0.00299998  0.00200972 -0.00481189  -0.0291556   0.00204616 -0.000499509 -0.000394991     0.021461    0.0820915 -0.000902072 1.17022       0       0
               132.2   0.195679 -0.0657507  -0.581317  -0.0266613   0.0305448 -0.00272257 -0.00227877  0.00599682  -0.0160431   0.00205779 -0.000520153 -0.000404591  0.0214347  0.0817998 -0.0010731 1.16843       0       0
               132.2  0.241472 -0.121883 -0.614261   -0.026833   0.0321455 -0.00415304 -0.00409815   0.0178683  -0.0256788   0.00204178 -0.000501365 -0.000393409    0.0214322     0.081629 -0.000939865 1.16844       0       0
               132.3   0.194186 -0.0671569  -0.550135  -0.0244995   0.0214583 -0.00112792 0.00448535  -0.044818 -0.0032378   0.00206319 -0.000520201 -0.000414284   0.0213314   0.0823631 -0.00125812 1.16937       0       0
               132.3  0.209249 -0.123172 -0.603651  -0.0260203   0.0261343 -0.00314376 -0.00790288 -0.00923059  -0.0180484   0.00205584 -0.000503154 -0.000396699   0.0214425   0.0818406 -0.00104342 1.16938       0       0
               132.4   0.180011 -0.0546886   -0.55925 -0.0261995  0.0222988 0.00207811 -0.00759484   -0.029053   0.0108983   0.00206832 -0.000525079 -0.000411504   0.0214002   0.0819993 -0.00144564 1.16886       0       0
               132.4  0.213574 -0.127733  -0.61231   -0.026981   0.0265666 -0.00233897 -0.0160705 0.00320833 -0.0205337   0.00205776  -0.00050124 -0.000394211   0.0214517   0.0815371 -0.00100864 1.16891       0       0
               132.5    0.18008 -0.0729483  -0.576745  -0.0269175   0.0291664 -0.00383097 -0.0127519 0.00620729 -0.0175476   0.00207106 -0.000520202 -0.000406069   0.0213022   0.0813844 -0.00104292 1.17115       0       0
               132.5   0.22571  -0.12904 -0.615621  -0.0279646   0.0307327 -0.00512644 -0.0217703  0.0171057 -0.0264741   0.00205703 -0.000501563 -0.000393507    0.0214003    0.0812177 -0.000919378 1.17116       0       0
               132.6   0.188117 -0.0902641  -0.570014  -0.0302327    0.028452 -0.00925573  -0.0260872 -0.00835257  -0.0325503   0.00206981 -0.000513998 -0.000408257    0.0214204    0.0814228 -0.000840786 1.16948       0       0
               132.6  0.205607 -0.136494 -0.620338 -0.0283139  0.0299646 -0.0072872 -0.00808345  0.00460022  -0.0179779   0.00206476 -0.000500369 -0.000391957    0.021154   0.0812689 -0.00103475 1.16946       0       0
               132.7   0.169171 -0.0920294  -0.571692  -0.0283229    0.026498 -0.00739642 -0.00877082  -0.0204529  -0.0107376   0.00207624 -0.000515703 -0.000407367   0.0211122    0.081476 -0.00112788 1.16839       0       0
               132.7  0.221978  -0.14632 -0.602957  -0.0281141    0.027733 -0.00659359 -0.00626955  -0.0110203 -0.00499045   0.00205999 -0.000498617  -0.00039737   0.0210591   0.0813445 -0.00120305 1.16839       0       0
               132.8   0.183633 -0.0981246  -0.569082  -0.0273874   0.0253588 -0.00651596 -0.00432724  -0.0241894 -0.00208983   0.00207325 -0.000515683  -0.00040863 0.0209646 0.0814012 -0.001237 1.16841       0       0
               132.8  0.206122 -0.147826 -0.616166  -0.0267462   0.0274772 -0.00598372  0.00222334 -0.00769313  0.00212774    0.0020676 -0.000500761 -0.000393578   0.0208469   0.0811831 -0.00129021 1.1684      0      0
               132.9   0.183564 -0.0687265  -0.560212 -0.0229448  0.0224619 0.00377489  0.0159714 -0.0330238  0.0414493   0.00207373 -0.000529056 -0.000412167   0.0206341   0.0814116 -0.00181684 1.16849       0       0
               132.9  0.212861 -0.121502 -0.591833  -0.0245696    0.025879 -0.00059495 0.000374844 -0.00655529  0.00988621   0.00206804 -0.000509889 -0.000401939   0.0207921   0.0810315 -0.00139046 1.16853       0       0
                 133   0.188068 -0.0773189  -0.544676  -0.0219882   0.0226366 -0.00149509  0.0077363 -0.0248316 0.00347486   0.00207507 -0.000526515 -0.000416439   0.0206351   0.0811771 -0.00129366 1.16844       0       0
                 133  0.220723 -0.136088 -0.601533   -0.024696    0.028151 -0.00410917 -0.0136335  0.0149441 -0.0144822   0.00207116 -0.000504547 -0.000397997   0.0208544   0.0806101 -0.00104539 1.16848       0       0
               133.1    0.19867 -0.0842779   -0.56411  -0.0249236   0.0275617 -0.00372885  -0.0122284 -0.00159527 -0.00681585   0.00207945 -0.000523418 -0.000411331   0.0207846   0.0807071 -0.00114532 1.1695      0      0
               133.1  0.208121 -0.136659 -0.615521  -0.0263896   0.0298932 -0.00480339 -0.0246841  0.0156175 -0.0145164   0.00207934 -0.000504855 -0.000394769   0.0209199   0.0804581 -0.00103861 1.1695      0      0
               133.2   0.186767 -0.0740334  -0.544927 -0.0263178  0.0210095 -0.0017758 -0.0180826 -0.0370415 0.00411689   0.00208259 -0.000525893 -0.000416857   0.0208257   0.0810525 -0.00128764 1.16927       0       0
               133.2  0.225094 -0.120248 -0.593769  -0.0272506    0.026347 -0.00282707 -0.0246936 0.00456062 -0.0034719   0.00207652 -0.000510486 -0.000400961   0.0208484   0.0804785 -0.00117694 1.16928       0       0
               133.3    0.19557 -0.0605826  -0.548703 -0.0222265  0.0218453 0.00433625 0.00734129 -0.0239693  0.0290767    0.0020845 -0.000535343  -0.00041615   0.0203959   0.0807789 -0.00160721 1.17    0    0
               133.3  0.208287 -0.119648 -0.602024   -0.0259242    0.0254378 -4.30544e-05  -0.0265681  0.00255724 -0.00410345   0.00208448 -0.000511374 -0.000398939   0.0207998   0.0803755 -0.00115935 1.17003       0       0
               133.4    0.18961 -0.0682302  -0.563056    -0.027255     0.026715 -0.000574996   -0.0235813 -0.000751992  -0.00378052   0.00209117  -0.00053027 -0.000411194   0.0206938   0.0802909 -0.00115374 1.1692      0      0
               133.4  0.233075 -0.126719 -0.595912   -0.027891   0.0287416 -0.00317571 -0.0294552  0.0137418 -0.0213837    0.0020791 -0.000510448 -0.000400454     0.020741    0.0800835 -0.000915602 1.16922       0       0
               133.5   0.182614 -0.0672675  -0.558187   -0.0272845    0.0237224 -0.000484497   -0.017424  -0.0209401 -0.00229153   0.00209459 -0.000532126 -0.000414903   0.0205494   0.0804424 -0.00118813 1.17183       0       0
               133.5  0.211854  -0.13602 -0.616365  -0.0280036   0.0282576 -0.00385511 -0.0239937   0.013741 -0.0261216    0.0020923 -0.000509616 -0.000396533    0.0205749    0.0799617 -0.000861263 1.17185       0       0
               133.6   0.168052 -0.0720576  -0.582654   -0.025625    0.033778 -0.00169775 -0.00438434   0.0246362 -0.00501037   0.00210843 -0.000535007 -0.000405503   0.0202213   0.0797107 -0.00112999 1.17068       0       0
               133.6  0.200247  -0.12509 -0.622762   -0.026716   0.0343969 -0.00315167 -0.0145181  0.0284148 -0.0154598   0.00209945 -0.000516053 -0.000393112    0.0203402    0.0796447 -0.000992201 1.17069       0       0
               133.7   0.177961 -0.0818106  -0.576457  -0.0294742   0.0283979 -0.00587479 -0.0258314 -0.0172304 -0.0212524   0.00209962 -0.000527607  -0.00040881     0.020467    0.0801149 -0.000929652 1.17253       0       0
               133.7  0.209075 -0.135612 -0.611708   -0.028021   0.0300503 -0.00624923  -0.0130607 -0.00400151  -0.0230178   0.00209329 -0.000514293 -0.000397883   0.0202762   0.0799574 -0.00090513 1.17252       0       0
               133.8   0.169359 -0.0945564   -0.56563  -0.0287502   0.0243735 -0.00921786  -0.015144 -0.0339282 -0.0256016   0.00210135 -0.000527234 -0.000412636    0.0202667    0.0802344 -0.000873291 1.17064       0       0
               133.8  0.206795 -0.143805 -0.620742  -0.0278456   0.0281621 -0.00753568 -0.00477014  -0.0040259  -0.0130111   0.00209684 -0.000514643   -0.0003953   0.0200881   0.0798533 -0.00102951 1.17062       0       0
               133.9   0.171489 -0.0967004  -0.571064   -0.025893   0.0269598 -0.00718682  0.00241551  -0.0135867 -0.00605936   0.00210887 -0.000532211 -0.000410691   0.0199267   0.0798836 -0.00112245 1.16886       0       0
               133.9  0.221026 -0.138557 -0.600947  -0.0260527   0.0289508 -0.00586719 0.00248272 0.00166724 0.00334462   0.00209699  -0.00051939 -0.000401243   0.0199025   0.0796777 -0.00124044 1.16885       0       0
                 134  0.174479 -0.102895 -0.569529  -0.0253021   0.0277944 -0.00574694 0.000116249  -0.0122804   0.0016903   0.00211277 -0.000533134 -0.000411079   0.0198619   0.0797289 -0.00123177 1.1715      0      0
                 134  0.211404 -0.147125 -0.601963  -0.0250658   0.0285897 -0.00564878  0.00227531 -0.00632833  0.00255486   0.00210265 -0.000519808 -0.000400862   0.0198199   0.0796492 -0.00124216 1.1715      0      0
               134.1   0.179386 -0.0962451   -0.56985   -0.025758   0.0278581 -0.00498575 -0.00664769  -0.0140413  0.00424103   0.00211404 -0.000536585 -0.000411331    0.019857   0.0796295 -0.00125933 1.16849       0       0
               134.1  0.220486 -0.130413 -0.599484  -0.0255733    0.029796 -0.00469522 -0.00434955  0.00106812  0.00691276   0.00210634 -0.000527166 -0.000402125   0.0198033   0.0794301 -0.00129078 1.16848       0       0
               134.2  0.182569 -0.089901 -0.569135 -0.0196299  0.0285618 -0.0023857  0.0211133 -0.0120348  0.0148919   0.00211913 -0.000550562 -0.000411711  0.0193982  0.0795118 -0.0013907 1.16909       0       0
               134.2  0.205993   -0.1343 -0.610981  -0.0235941   0.0307648 -0.00304069 -0.0138868 0.00175416 0.00958568   0.00211634 -0.000526893 -0.000398699   0.0198237   0.0792846 -0.00131736 1.16908       0       0
               134.3   0.184036 -0.0835493  -0.557398  -0.0244813   0.0246277 -0.00218506 -0.0161852 -0.0338375 0.00912659   0.00211561 -0.000543041 -0.000414717   0.0198327   0.0796156 -0.00131419 1.16965       0       0
               134.3  0.217255 -0.138217 -0.605932   -0.026405    0.028143 -0.00398729  -0.0322134 -0.00836083 -0.00368143   0.00211324 -0.000522041  -0.00039982   0.0199957   0.0792655 -0.00114501 1.16967       0       0
               134.4   0.177145 -0.0639803  -0.555997 -0.0288452  0.0210968 0.00197789 -0.0324376 -0.0421938  0.0226914   0.00211854 -0.000546469 -0.000415551  0.0199745  0.0795846 -0.0014763 1.16892       0       0
               134.4  0.217136 -0.123147 -0.603452  -0.0290507   0.0271069 -0.00180328  -0.0343554  0.00585537 -0.00399498   0.00212132 -0.000528237 -0.000400799   0.0199229   0.0789734 -0.00113222 1.16894       0       0
               134.5   0.187577 -0.0556312  -0.565145 -0.0221707  0.0276086 0.00515672   0.0108796 -0.00143972    0.027461   0.00213252 -0.000564916 -0.000412159   0.0192931   0.0790044 -0.00153255 1.17094       0       0
               134.5   0.21839 -0.122679 -0.610936   -0.0242003    0.0312888 -0.000275086 -0.00906687    0.026822   -0.012593   0.00213164 -0.000538558 -0.000398045   0.0194912   0.0786227 -0.00102555 1.17099       0       0
               134.6    0.18926 -0.0740072  -0.561994  -0.0288746   0.0294025 -0.00389483  -0.0314632 -0.00143506  -0.0231751   0.00213552 -0.000547943 -0.000411256   0.0197353   0.0788374 -0.00089498 1.17118       0       0
               134.6  0.223169 -0.122364 -0.604021  -0.0289581   0.0296724 -0.00425943  -0.0325286 0.000373907  -0.0256751  0.00212497 -0.00053183 -0.00039744    0.0197403    0.0788103 -0.000863247 1.17118       0       0
               134.7   0.177379 -0.0868421  -0.563924  -0.0307973   0.0255235 -0.00828353 -0.0303749 -0.0257095 -0.0320807   0.00213721 -0.000545059 -0.000411246    0.0196715    0.0790295 -0.000792458 1.17017       0       0
               134.7  0.199743 -0.131034 -0.613847  -0.0286935   0.0284251 -0.00604792  -0.0103503 -0.00216891  -0.0155701   0.00213044  -0.00053053 -0.000394739   0.0193631   0.0787351 -0.00100723 1.17015       0       0
               134.8   0.163301 -0.0724807  -0.564865 -0.0223569  0.0250449 0.00195017  0.0212992 -0.0214763  0.0236187   0.00214137  -0.00055157 -0.000411157  0.0189053  0.0789109 -0.0015317 1.17021       0       0
               134.8  0.212433 -0.136589 -0.601051   -0.024643   0.0282973 -0.00237948 -4.35362e-05   0.00282266  -0.00817508   0.00212434 -0.000532483 -0.000399474   0.019151  0.0785431 -0.0010943 1.17026       0       0
               134.9   0.181784 -0.0817804  -0.563572  -0.0248459   0.0269632 -0.00297989 -0.00506263  -0.0123638 -0.00678253   0.00213773 -0.000551171 -0.000411455   0.0191596   0.0786124 -0.00110549 1.17095       0       0
               134.9  0.235712  -0.14557 -0.601758  -0.0264671   0.0291873 -0.00520997 -0.0187465 0.00286416  -0.022277   0.00211941 -0.000531138 -0.000399025    0.0193152     0.078378 -0.000890296 1.17097       0       0
                 135   0.180329 -0.0785966  -0.541176  -0.0253814   0.0201167 -0.00229434 -0.0097982 -0.0440107 -0.0015284   0.00214161 -0.000552418 -0.000417804   0.0191856   0.0789146 -0.00118236 1.17066       0       0
                 135  0.202082 -0.132565 -0.609137  -0.0266261   0.0261796 -0.00433184 -0.0193954 0.00341263 -0.0164092   0.00213267 -0.000535496 -0.000395387     0.019241    0.0782447 -0.000968504 1.17066       0       0
               135.1   0.176834 -0.0848041  -0.561053  -0.0286247   0.0254897 -0.00412625  -0.0229216 -0.00882508 -0.00828323   0.00214194 -0.000552753 -0.000411243   0.0192369    0.078279 -0.00107002 1.1684      0      0
               135.1  0.207703 -0.141402 -0.603522  -0.0285051   0.0283381 -0.00505068 -0.0213791  0.0123916 -0.0139478   0.00213098 -0.000534364 -0.000397309     0.019177    0.0779859 -0.000988606 1.16841       0       0
               135.2     0.1779 -0.0947197  -0.570661  -0.0301975   0.0303245 -0.00709424 -0.0240479 0.00865806 -0.0169789   0.00214139  -0.00055027 -0.000408357    0.0191218    0.0779202 -0.000956175 1.17171       0       0
               135.2  0.202243 -0.139444 -0.610956 -0.0291668  0.0294557 -0.0056403  -0.0152511  0.00250651 -0.00693819   0.00213312 -0.000535636 -0.000394936   0.0190032   0.0780165 -0.00109764 1.1717      0      0
               135.3   0.192775 -0.0897086  -0.567136  -0.0316376   0.0264272 -0.00506758  -0.0240601  -0.0193703 -0.00111949   0.00213889 -0.000553072 -0.000409806   0.0190715    0.078182 -0.00116645 1.16957       0       0
               135.3  0.204923 -0.142856 -0.594704  -0.0289391    0.027644 -0.00546165 -0.000833596  -0.00950069  -0.00237448   0.00213578 -0.000538351 -0.000400938   0.0187266   0.0780767 -0.00114918 1.16956       0       0
               135.4  0.171368  -0.09646 -0.570804  -0.0269484   0.0264161 -0.00651872  0.00430064   -0.018902 -0.00537286   0.00214827 -0.000554824 -0.000410961   0.0185731   0.0780751 -0.00110805 1.17037       0       0
