            0.300473   0.0769901  -0.0200046 -0.00933608   0.00165806   0.00529067 -0.000953828 -0.00103695 -0.00172172 -0.00116846 -1.09374e-07  3.72166e-08  4.97657e-09  -8.1349e-09 -2.56385e-08  4.25853e-09 1 0 0 24038
            0.300473   0.0769901  -0.0200046 -0.00933608   0.00165806   0.00529067 -0.000953828 -0.00103695 -0.00172172 -0.00116846 -1.09374e-07  3.72166e-08  4.97657e-09  -8.1349e-09 -2.56385e-08  4.25853e-09 1 0 0 0
            0.400317 0.0912374 -0.236531 -0.172586  0.0132202  0.0262628 -0.0113464  0.0479124  0.0787931 -0.0684399 1.00659e-06 2.01591e-05 1.24602e-05 -7.43623e-06 -1.19872e-05  9.70155e-06 1 0 0 24002
            0.400317    0.0682419   -0.0263189 -0.000175711  0.00429878  0.00304417 -0.00162735   0.0220044  -0.0179038 -0.00404547 3.05827e-06 9.75513e-07 -8.0076e-07 -3.37463e-06  1.89992e-06  4.64354e-07 0.999911        0        0 0
            0.500152   0.113951  -0.127783 -0.0927244  0.00633778   0.0112442 -0.00595075 0.0274633 0.0691822 -0.037095 -6.7807e-06 1.56932e-05  1.3359e-05 8.94512e-07 -2.6459e-05  1.4091e-05 0.999926        0        0 23998
            0.500152   0.0805695  -0.0183352 -0.00220613   0.00355179   0.00380798 -0.000374882 -0.00120688  -0.0008238  0.00804413 3.64111e-06 -2.3942e-06  5.9208e-07  7.78883e-06 -5.86922e-06 -4.01574e-06 0.999748        0        0 0
            0.599994   0.096154 -0.0785771 -0.0565257 0.00200537 0.00840852 -0.0018681  -0.0106793   0.0337128 -0.00746173 2.14757e-06 5.19574e-06  9.4331e-06  1.99634e-05 -6.64929e-05  2.09449e-05 0.999781        0        0 23984
            0.599994  0.0830809 -0.0177224  -0.009888   0.00176704   0.00549726 -0.000383381 -0.0137127  0.0107106 0.00223357  3.61954e-06 -1.96653e-06  2.96893e-06  3.25512e-05 -2.49618e-05  7.04059e-06 1.00053       0       0 0
            0.699904   0.196587  -0.176238 -0.0592233 0.000706794  0.00929532 -0.00639538 -0.0111728  0.0346919   -0.04461 -6.0375e-06 1.77435e-05  8.9965e-06  2.15611e-05 -0.000116029  0.000155598 1.00052       0       0 23978
            0.699904  0.0905459 -0.0117527 -0.0196518 3.63653e-05  0.00746165 0.000639025 -0.0158345  0.0176144 0.00800365  5.09443e-06 -3.34033e-06  4.37535e-06  3.82576e-05 -5.11444e-05 -1.00127e-05 1.00028       0       0 0
            0.800154   0.172027  -0.131314 -0.0679827 -0.000269975    0.0100193  -0.00454374 -0.00826757   0.0244004  -0.0312648 -1.25225e-06  9.27274e-06  8.78198e-06   1.1121e-05 -8.82833e-05  0.000135097 1.0003      0      0 24036
            0.800154  0.0872871  -0.011148 -0.0193289 0.000153885  0.00735446 0.000515353 -0.00295934   0.0036627  0.00314307  5.50454e-06 -5.55835e-06  3.33405e-06 -6.33613e-06 -8.73862e-06  5.86712e-06 1.00099       0       0 0
            0.900005   0.143839  -0.138223 -0.0794193  0.00180937   0.0101521 -0.00413521  0.0130148  0.0233294 -0.0287631 4.57571e-06 6.15968e-06 9.01345e-06 -6.94002e-05 -9.12552e-05  0.000128942 1.001     0     0 24000
            0.900005   0.0907569 -0.00946976  -0.0182326 0.000912819  0.00734065   0.0012013   0.0059887 0.000293117  0.00573402  7.20588e-06 -7.19289e-06  2.31602e-06 -4.05416e-05  -5.5021e-06 -5.74943e-06 1.00065       0       0 0
            0.999858    0.12681  -0.112752 -0.0618797   0.0029181   0.0100752 -0.00314009  0.0174266  0.0208846 -0.0263027 8.69656e-06 2.32464e-06 5.86346e-06 -8.61755e-05 -9.01864e-05  0.000119232 1.00067       0       0 23964
            0.999858  0.0856694 -0.0104461 -0.0141846  0.00142196  0.00636433 0.000983301  0.00404189 -0.00898427 0.000251318 9.08055e-06 -7.0739e-06 5.56482e-07 -3.45869e-05  1.90789e-05    1.534e-05 1.0009      0      0 0
             1.10011   0.103583  -0.104224 -0.0699734   0.0016385  0.00853485 -0.00282132 0.00343772  0.0144452 -0.0252519 1.12592e-05 3.84808e-06 7.05243e-06  -3.4341e-05 -7.48942e-05  0.000117669 1.00092       0       0 24040
             1.10011  0.0860813 -0.0121622 -0.0145147  0.00105635  0.00640234 0.000534784 -0.00168122 -0.00322043 -0.00285961  1.13378e-05 -6.74356e-06  2.17018e-07 -1.19877e-05 -9.52007e-06  2.99727e-05 1.00078       0       0 0
             1.19994   0.129356  -0.113917 -0.0647197  0.00212622  0.00989198 -0.00357253  0.0108761  0.0268456 -0.0279108 9.68412e-06 4.63728e-06 6.37293e-06 -6.82204e-05 -0.000138054  0.000132051 1.00081       0       0 23995
             1.19994  0.0901612 -0.0120019 -0.0167788  0.00102164  0.00694367 0.000705729 0.000593369  0.00224214 0.000373965 1.30797e-05  -7.258e-06  5.0993e-07 -2.33553e-05  -4.0848e-05  1.73122e-05 1.00165       0       0 0
              1.2998   0.121605  -0.111112 -0.0491915  0.00269509  0.00816627 -0.00268424  0.0127997  0.0119311 -0.0229934 1.14023e-05  4.2391e-06 3.62247e-06 -7.85758e-05 -8.64953e-05  0.000114513 1.00165       0       0 23965
              1.2998  0.0876606 -0.0144695 -0.0131815  0.00139772  0.00637531 0.000354549  0.00231978  -0.0047608 -0.00193677  1.52938e-05 -7.36694e-06 -7.74304e-07  -3.3251e-05 -1.87799e-05   2.6858e-05 1.00132       0       0 0
             1.40044   0.165058  -0.148416 -0.0660192  0.00398036   0.0107016 -0.00544478  0.0216137  0.0361396 -0.0422646 7.47047e-06  8.2868e-06 5.41205e-06 -0.000115856 -0.000195271  0.000197604 1.00129       0       0 24036
             1.40044   0.095737 -0.0116356 -0.0212192  0.00192926  0.00779572 0.000962719 0.00642642 0.00972503 0.00386014  1.56425e-05 -8.14083e-06 -2.97305e-08 -5.01014e-05 -8.75073e-05   3.5697e-06 1.00142       0       0 0
              1.5003   0.154641  -0.108352 -0.0633436  0.00170721   0.0106068 -0.00320468 -0.00347358   0.0235714  -0.0296086  1.0651e-05  3.4222e-06 4.61876e-06  -1.4735e-05 -0.000155561  0.000141384 1.00146       0       0 24002
              1.5003  0.0887855 -0.0119634  -0.018663 0.00075796 0.00735259 0.00053325  -0.0113382 -0.00455756 -0.00301616  1.80688e-05 -8.16078e-06 -8.61327e-07  2.02097e-05 -4.10152e-05  2.92407e-05 1.00188       0       0 0
             1.60014    0.13955   -0.11181 -0.0706306  0.00195249   0.0103491 -0.00373348 0.0109197 0.0234969 -0.028862 1.45884e-05 3.08854e-06 5.15082e-06 -7.66149e-05 -0.000167037   0.00013922 1.00193       0       0 23987
             1.60014   0.0937933 -0.00760435  -0.0210025 0.00081827 0.00795767 0.00153674 0.00044714 0.00301117 0.00568233  1.95704e-05 -9.35978e-06 -9.43308e-07 -3.03483e-05  -8.3763e-05 -6.56621e-06 1.00095       0       0 0
             1.70004  0.156916 -0.107577 -0.063423 0.00157871 0.00976391 -0.0027115 0.00418359  0.0160721 -0.0290227 1.42366e-05  2.0085e-06 3.96203e-06 -5.43466e-05 -0.000148969   0.00013703 1.00097       0       0 24014
             1.70004   0.0958719 -0.00604987  -0.0194174 0.000732872  0.00763247  0.00170725 -0.00227458 -0.00387646  0.00236325  2.08829e-05 -1.01785e-05 -1.44835e-06 -2.44935e-05 -6.68944e-05  4.09436e-06 1.00171       0       0 0
             1.79988   0.150772  -0.109047 -0.0565572  0.00160439  0.00974951 -0.00293532 0.00735853  0.0160171 -0.0300889 1.67115e-05 1.18635e-06 2.42388e-06 -7.13472e-05 -0.000157509  0.000142194 1.00173       0       0 23961
             1.79988   0.0947568 -0.00976516  -0.0197417 0.00074638 0.00765276 0.00107755 -0.000432632  -0.00174388  -0.00325933  2.27608e-05 -1.06779e-05 -2.11085e-06 -3.61958e-05 -8.43672e-05  2.84884e-05 1.00201       0       0 0
             1.90012   0.129038  -0.127695 -0.0691922  0.00311157  0.00983927 -0.00465536  0.0205378  0.0174409 -0.0389612 2.08374e-05 2.32675e-06 4.02149e-06 -0.000125999 -0.000173187   0.00017994 1.00205       0       0 24043
             1.90012  0.0855674 -0.0138233  -0.024616 0.00133886 0.00833947 0.00025825  0.00583978  0.00405499 -0.00627996  2.55518e-05 -1.10086e-05 -1.46125e-06 -6.21076e-05 -0.000118016  4.11244e-05 1.00239       0       0 0
             1.99995   0.170264   -0.10671 -0.0586975  0.00224896   0.0103585 -0.00362706 0.00741859  0.0172137 -0.0295465 1.81713e-05 -5.6764e-07 2.27783e-06 -7.13892e-05 -0.000180543  0.000140437 1.00241       0       0 23996
             1.99995  0.0903132 -0.0130789 -0.0169697  0.0012662 0.00710666 0.00048868 -0.000689714    -0.011348 -0.000155754  2.66444e-05 -1.17991e-05 -2.90863e-06 -3.50161e-05 -6.23386e-05  1.51155e-05 1.00212       0       0 0
             2.09979   0.159433  -0.105722 -0.0491797 0.000650324  0.00827095 -0.00335477 -0.0052465 0.00571843 -0.0279972  2.06827e-05 -7.84669e-07  6.01801e-07 -2.19338e-05  -0.00014362  0.000131183 1.00211       0       0 23961
             2.09979  0.0892267 -0.0135623 -0.0184913  0.00056935  0.00737555 0.000195804 -0.00555007 -0.00153794 -0.00257938  2.91214e-05 -1.23025e-05 -3.22512e-06 -1.73675e-05 -0.000112052  2.25395e-05 1.00234       0       0 0
             2.20042   0.138291  -0.102408 -0.0666075  0.00112948  0.00951798 -0.00335923 0.00545966  0.0180247 -0.0252221  2.56315e-05 -2.33114e-06  1.96302e-06 -6.74104e-05  -0.00020149  0.000123421 1.00235       0       0 24039
             2.20042   0.087488 -0.0138001 -0.0195907 0.000810179  0.00758481 0.000244012  0.00215247  0.00167605 0.000386942  3.11534e-05 -1.32079e-05  -3.9288e-06 -5.04909e-05 -0.000132725  1.28339e-05 1.00188       0       0 0
             2.30026   0.102226 -0.0914964 -0.0783128  0.00112803   0.0101831 -0.00200572  0.0044777  0.0203927 -0.0147759  3.23789e-05 -4.17498e-06  3.02692e-06 -6.27093e-05 -0.000218103  8.09042e-05 1.0019      0      0 23998
             2.30026  0.0865448 -0.0114752 -0.0242909 0.000678328  0.00848864 0.000730507 5.55807e-05  0.00610427  0.00375918  3.31259e-05 -1.36041e-05 -3.65188e-06 -4.17884e-05 -0.000159369  9.46192e-07 1.00217       0       0 0
              2.4001   0.118838 -0.0895503 -0.0725345  0.00111876   0.0101208 -0.00190437  0.0018119  0.0143509 -0.0181664 3.19929e-05 -4.2833e-06   1.781e-06 -5.72889e-05 -0.000203326  9.26976e-05 1.00217       0       0 24000
              2.4001  0.0892386 -0.0121749 -0.0214168 0.000910442  0.00785505 0.000471327  2.72604e-05  -0.00545165 -0.000742837  3.37711e-05 -1.36837e-05 -4.58145e-06 -4.74542e-05 -0.000122355  1.81615e-05 1.00231       0       0 0
             2.49995  0.140928  -0.10529 -0.063069  0.00196806  0.00963954 -0.00358729 0.00856072  0.0151734  -0.030207  3.08403e-05 -3.80672e-06  8.45729e-07 -9.13606e-05 -0.000218143   0.00014652 1.00232       0       0 24004
             2.49995  0.0812866 -0.0161043 -0.0190224   0.00110589   0.00712332 -0.000321787  0.00046419 -0.00820014 -0.00561277  3.61352e-05 -1.42096e-05 -4.65717e-06 -5.5339e-05 -0.00012153 4.14562e-05 1.00289       0       0 0
             2.59978   0.126463 -0.0938187 -0.0617814 0.000607538  0.00780901  -0.0023962 -0.00456111  0.00339043  -0.0174548  3.38927e-05 -4.78205e-06   1.2672e-07 -3.82649e-05 -0.000178115  9.16614e-05 1.00289       0       0 23959
             2.59978  0.0845356  -0.014515 -0.0217753 0.000802617  0.00768472 0.000138847 -0.00120877  0.00215415  0.00143247  3.90817e-05 -1.50339e-05 -4.90784e-06 -4.92743e-05  -0.00017198  1.07527e-05 1.00237       0       0 0
             2.70048   0.118149  -0.107208 -0.0632591  0.00284766  0.00869849 -0.00311491  0.0174415  0.0110197 -0.0235096  3.74934e-05 -5.73358e-06 -2.15388e-07 -0.000130957 -0.000214603  0.000116043 1.00239       0       0 24038
             2.70048  0.0858383 -0.0143137 -0.0183452   0.0015173  0.00731565 0.000188892  0.00594386 -0.00282153 0.000794548  4.03677e-05 -1.63426e-05 -5.81563e-06 -8.01817e-05 -0.000156631  1.08869e-05 1.00228       0       0 0
             2.80032   0.138887  -0.103761 -0.0688362  0.00241821   0.0100803 -0.00267525 0.00936818  0.0209302 -0.0186832  3.82744e-05 -6.47161e-06  3.41607e-07 -0.000100594 -0.000263321  9.63638e-05 1.0023      0      0 24000
             2.80032   0.0898553 -0.00158806  -0.0228389 0.000655343  0.00801674  0.00219719 -0.00559005  0.00286437   0.0135176  4.24695e-05 -1.76247e-05 -5.43374e-06   -3.471e-05 -0.000187362 -4.37705e-05 1.00346       0       0 0
             2.90017   0.152015  -0.104423 -0.0435669  0.00188783  0.00887998 -0.00188879 0.00922743 0.00816055 -0.0228689  3.74966e-05 -7.34885e-06 -3.09922e-06 -9.59302e-05 -0.000219591  0.000114081 1.00347       0       0 23999
             2.90017  0.0807316 -0.0121023 -0.0167982 0.000819177   0.0067846 0.000514518 -0.00123736 -0.00987183 -0.00660961  4.37926e-05 -1.72288e-05 -6.40782e-06 -5.02437e-05 -0.000144061  4.38606e-05 1.00229       0       0 0
             3.00002   0.140492 -0.0923263 -0.0675524  0.00163225  0.00903169 -0.00271833 0.00804451  0.0186204 -0.0265964  4.14136e-05 -8.94785e-06 -4.95721e-07 -9.23106e-05 -0.000268878   0.00012571 1.0023      0      0 24003
             3.00002   0.0922648 -0.00868254  -0.0227965 0.00102124 0.00813762 0.00125917 0.00381067 0.00947842 0.00295586  4.62482e-05 -1.88083e-05 -6.09313e-06  -7.2156e-05 -0.000230805 -5.42398e-07 1.00368       0       0 0
             3.09985   0.131835  -0.125967 -0.0726271   0.0028744   0.0100983 -0.00427188  0.0149822  0.0192387 -0.0390068  4.45107e-05 -5.71516e-06 -8.72017e-07 -0.000122167 -0.000280768  0.000177914 1.00372       0       0 23960
             3.09985  0.0847928 -0.0111111 -0.0274704 0.00122184 0.00872208  0.0006728  0.00137856  0.00493924 -0.00368353  4.88029e-05 -1.85121e-05  -6.5265e-06 -6.25567e-05 -0.000221421  2.67311e-05 1.00251       0       0 0
             3.20009   0.150541  -0.105492 -0.0655402 0.00191504  0.0110946 -0.0035294 0.00546164  0.0193889 -0.0296057  4.46226e-05 -7.65667e-06 -1.97379e-06 -8.59799e-05  -0.00029065  0.000136364 1.00252       0       0 24040
             3.20009  0.0799122 -0.0173818 -0.0191641   0.00102622   0.00714896 -0.000402452 -0.00395132  -0.0129353 -0.00871989  4.97429e-05 -1.76132e-05  -7.8151e-06 -4.39455e-05  -0.00015574  4.61669e-05 1.00217       0       0 0
             3.29993   0.107541  -0.118927 -0.0637103  0.00112495  0.00690641 -0.00482132 -0.000483012  -0.00455635   -0.0355771  4.93491e-05 -5.86464e-06 -3.19648e-06 -6.08962e-05 -0.000201427  0.000159962 1.00218       0       0 23996
             3.29993  0.0756866 -0.0185641 -0.0242447  0.000708851   0.00795923 -0.000660882 -0.00124748  0.00382916 -0.00483516  5.44076e-05 -1.84459e-05 -8.15687e-06 -5.42022e-05 -0.000235367  2.72349e-05 1.00313       0       0 0
             3.39978   0.148328  -0.111734 -0.0624507  0.00158865   0.0099737 -0.00447553 0.00692677  0.0168456 -0.0269807  4.93699e-05 -8.21673e-06 -3.96062e-06 -9.34626e-05 -0.000297377  0.000125648 1.00313       0       0 23964
             3.39978  0.0896865 -0.0170422 -0.0231336  0.000468206   0.00834392 -0.000273531 -0.00168201  0.00308167  0.00126356  5.48751e-05 -1.89941e-05 -8.95641e-06 -5.39068e-05 -0.000238188  1.75457e-06 1.00314       0       0 0
             3.50042    0.12501  -0.115926 -0.0728757 0.00298648  0.0108866  -0.004128  0.0227674  0.0231086 -0.0255245  5.67676e-05 -1.18009e-05 -3.39323e-06 -0.000159158 -0.000327762  0.000116693 1.00316       0       0 24040
             3.50042   0.085719 -0.0108155 -0.0245073 0.000587719  0.00837298 0.000763463 0.000941565 0.000295134  0.00720035  5.76826e-05 -2.09213e-05 -9.31712e-06 -6.59528e-05 -0.000233389 -2.57643e-05 1.00341       0       0 0
             3.60025   0.105757 -0.0911751 -0.0630125   0.00158962   0.00856656 -0.000968636 0.00795292 0.00250821 -0.0100412  5.63261e-05 -1.32087e-05 -5.01495e-06   -9.635e-05 -0.000247813  4.82601e-05 1.00342       0       0 23981
             3.60025  0.0852664 -0.0126018 -0.0190768  0.00131592   0.0075813 0.000826304  0.00596041 -0.00659869  0.00290845  5.73565e-05 -2.25279e-05 -1.04364e-05 -8.58744e-05 -0.000210979 -6.81659e-06 1.00331       0       0 0
             3.70016   0.128234  -0.115133 -0.0707789 0.00279053 0.00973643 -0.0036545  0.0139961  0.0163767 -0.0317068  5.78102e-05 -1.16221e-05  -4.5091e-06  -0.00012189 -0.000314441  0.000138435 1.00329       0       0 24019
             3.70016  0.0923556 -0.0116909 -0.0230915 0.00149853 0.00824373 0.00094734 0.00341407 0.00273986 0.00135182  6.02321e-05    -2.28e-05 -1.04193e-05 -7.57758e-05 -0.000258977 -1.51299e-06 1.00391       0       0 0
                 3.8   0.136292 -0.0980525 -0.0674334  0.0024644  0.0109052 -0.0024673 0.00834183  0.0204739 -0.0230487  5.97195e-05 -1.38302e-05 -5.42836e-06 -0.000102946 -0.000343546  9.87367e-05 1.00393       0       0 23999
                 3.8  0.0837837 -0.0151623 -0.0202838  0.00109372  0.00755342 2.85099e-05  -0.0046811 -0.00726915 -0.00664315  6.21675e-05  -2.2245e-05 -1.13405e-05 -4.72244e-05 -0.000229796  2.88115e-05 1.0038      0      0 0
             3.89984   0.127799  -0.101771 -0.0647355 0.000946798  0.00751988 -0.00334701 -0.00315013 -0.00234673  -0.0266975  5.89383e-05 -1.04157e-05 -5.95763e-06 -5.93164e-05 -0.000265474  0.000116614 1.00381       0       0 23961
             3.89984  0.0804135 -0.0151994   -0.02307  0.00122309  0.00795951 3.72717e-05  0.00184615  0.00146607 -0.00111824   6.6116e-05 -2.29392e-05 -1.18479e-05 -7.67971e-05 -0.000279841  6.61312e-06 1.00377       0       0 0
             4.00048   0.134871  -0.106798 -0.0702893  0.00167531  0.00940998 -0.00330075   0.003553  0.0102176 -0.0227303  6.12159e-05 -1.13338e-05 -5.78354e-06 -9.11899e-05 -0.000330894  0.000107134 1.00379       0       0 24038
             4.00048  0.0916983  -0.004435 -0.0255822 0.000631174  0.00856623  0.00179493 -0.00398089  0.00301203   0.0114482  6.71003e-05  -2.5206e-05 -1.17842e-05 -5.3139e-05  -0.0002974 -4.9078e-05 1.00418       0       0 0
             4.10032   0.127064 -0.0970624 -0.0599024  0.00102629  0.00861499 -0.00165263 -6.09309e-05    0.0016323   -0.0202572  6.46458e-05  -1.2831e-05 -8.05066e-06 -7.47729e-05 -0.000301045   0.00010031 1.00419       0       0 24003
             4.10032  0.0846787  -0.011577 -0.0213643  0.00105304  0.00800926 0.000603331    0.001432 -0.00392435  -0.0041662  7.04311e-05 -2.44524e-05 -1.32696e-05  -7.8208e-05 -0.000274723   2.4919e-05 1.00369       0       0 0
             4.20015   0.163195 -0.0998606  -0.061722 0.000959431   0.0090083 -0.00295034 -0.00225201  0.00716156  -0.0277746  6.22771e-05 -1.33485e-05 -8.07419e-06 -6.95515e-05 -0.000334089  0.000134901 1.00369       0       0 23998
             4.20015   0.0913091 -0.00282052  -0.0247492 0.000621812  0.00836497  0.00224437 -0.00278818 0.000601771   0.0103171  7.19926e-05 -2.66346e-05 -1.30931e-05 -6.30386e-05 -0.000302738 -4.39439e-05 1.00392       0       0 0
             4.29999   0.126341  -0.111983 -0.0669093  0.00204544  0.00953613 -0.00258339  0.0114978 0.00991649 -0.0289953  6.93979e-05 -1.27125e-05  -7.6986e-06  -0.00013325 -0.000357135   0.00014443 1.00397       0       0 24001
             4.29999   0.0854498 -0.00870834  -0.0251059 0.000973191  0.00851528   0.0010318  0.00236691 0.000599111 -0.00441026  7.48622e-05 -2.67646e-05  -1.3402e-05 -8.81257e-05 -0.000314423  2.90149e-05 1.0038      0      0 0
             4.39982   0.137768 -0.0899916 -0.0634198 8.23286e-05  0.00867724 -0.00171275  -0.00943253 -0.000437876   -0.0216122   6.9633e-05 -1.63997e-05 -9.30821e-06 -3.83853e-05 -0.000322191  0.000107548 1.0038      0      0 23960
             4.39982  0.0875263 -0.0116226 -0.0207408 0.000703528  0.00776092 0.000564656 -0.00279684 -0.00794408  -0.0050736  7.64813e-05 -2.72441e-05 -1.51614e-05 -6.50269e-05 -0.000286992  2.98823e-05 1.00386       0       0 0
             4.50046   0.13425 -0.109611 -0.068161 0.00213446 0.00919095 -0.0033468  0.0131535  0.0110958 -0.0289488  7.21676e-05 -1.38582e-05 -8.86576e-06 -0.000144173  -0.00038485  0.000143699 1.00387       0       0 24037
             4.50046  0.0860597 -0.0085812 -0.0248104 0.00118394 0.00852309 0.00121012 0.00580085 0.00486979 0.00321096  7.91084e-05 -2.82939e-05   -1.503e-05 -0.000106158  -0.00035495 -9.83693e-06 1.00392       0       0 0
              4.6003  0.115775  -0.10946 -0.068402  0.00213947  0.00972781 -0.00277217 0.00775172 0.00981016 -0.0255174  7.74743e-05 -1.46551e-05 -1.00876e-05  -0.00011877 -0.000389151  0.000131477 1.00394       0       0 23986
              4.6003  0.0841075  -0.011778 -0.0239587  0.00136219  0.00826924 0.000701363  0.00153401  -0.0026939 -0.00223097  8.12701e-05 -2.78052e-05 -1.61817e-05 -8.60088e-05  -0.00033065  1.90539e-05 1.0036      0      0 0
             4.70021   0.12424 -0.107255 -0.068899  0.00206454   0.0100234 -0.00315116 0.00574701  0.0123314 -0.0265807  7.89135e-05 -1.55437e-05 -1.02376e-05 -0.000109205 -0.000410633  0.000136006 1.00362       0       0 24017
             4.70021  0.0857203 -0.0114248 -0.0255478 0.000927124  0.00859811 0.000500568 -0.00310244 0.000124749 -0.00235498  8.35029e-05 -2.82428e-05 -1.61928e-05 -6.51477e-05 -0.000354341  2.01643e-05 1.0047      0      0 0
             4.80004  0.123604 -0.119031 -0.059125  0.00193557  0.00907753 -0.00394715 0.00570931 0.00447252 -0.0321586  8.07252e-05 -1.41637e-05    -1.18e-05 -0.000112775 -0.000386977  0.000159535 1.00472       0       0 23997
             4.80004  0.0795374 -0.0161252 -0.0242317   0.00125928   0.00843474 -0.000183916  0.00185248 -0.00224528  -0.0055693  8.64631e-05 -2.81992e-05 -1.66102e-05 -9.11577e-05 -0.000355579  3.34816e-05 1.00449       0       0 0
             4.89989   0.121458  -0.112975 -0.0645435  0.00152199  0.00886776 -0.00428134 0.00130977 0.00148727 -0.0295919  8.23305e-05 -1.54998e-05 -1.17076e-05 -9.40513e-05 -0.000385449  0.000147209 1.00449       0       0 23963
             4.89989  0.0820381 -0.0158257 -0.0256751   0.00093738   0.00853443 -9.58254e-05 -0.00202331 -0.00173021 -0.00140457   8.7683e-05 -2.88396e-05 -1.70958e-05 -7.48513e-05 -0.000369952  1.35991e-05 1.00468       0       0 0
             5.00012   0.130075  -0.114975 -0.0597823  0.00108226   0.0081441 -0.00388806 -0.00205019 -0.00427958  -0.0256946  8.34909e-05 -1.53846e-05 -1.28446e-05 -8.38567e-05 -0.000367929  0.000129576 1.0047      0      0 24036
             5.00012  0.0806831 -0.0130722 -0.0229923 0.000737975  0.00796265 0.000116115 -0.00270975 -0.00586523  0.00128183  9.03042e-05 -2.95113e-05 -1.79375e-05 -7.66347e-05 -0.000359372  1.21686e-06 1.00425       0       0 0
             5.09997   0.118491  -0.105668 -0.0654042  0.00177319   0.0097344 -0.00333704 0.00928234  0.0132286  -0.022325  8.80996e-05 -1.77898e-05 -1.31096e-05 -0.000134198 -0.000455357  0.000115136 1.00428       0       0 24004
             5.09997  0.0818141 -0.0177462 -0.0196318  0.000820388   0.00744055 -0.000513178 0.000392689 -0.00610755 -0.00350075  9.21221e-05 -2.94659e-05 -1.94532e-05 -8.98727e-05 -0.000365677  2.48076e-05 1.00457       0       0 0
             5.19981   0.138209  -0.113138 -0.0694186 0.00167205 0.00889416 -0.0039293 0.00810317  0.0112459  -0.025639  8.81931e-05 -1.79775e-05 -1.31563e-05 -0.000132694 -0.000455581  0.000129547 1.00458       0       0 23960
             5.19981   0.0904511 -0.00972424  -0.0285884 0.00106532 0.00923148 0.00108739 0.0046982 0.0140077 0.0107113  9.50472e-05 -3.21084e-05 -1.87981e-05 -0.000112957  -0.00046698 -4.40093e-05 1.00391       0       0 0
             5.30045   0.111746  -0.100241 -0.0647884  0.00175419   0.0108007 -0.00236395 0.00384756  0.0154959 -0.0210326  9.48139e-05 -1.98066e-05 -1.42829e-05 -0.000111726  -0.00048248  0.000107557 1.00393       0       0 24036
             5.30045  0.0853833  -0.016691 -0.0197009  0.000741415   0.00777348 -0.000217594 -0.00572679  -0.0107679 -0.00555623  9.61577e-05 -3.04667e-05 -2.05068e-05 -6.50334e-05  -0.00036225  3.34521e-05 1.00456       0       0 0
              5.4003    0.1683 -0.109788 -0.059532  0.00105148   0.0089196 -0.00432491 0.00237391 0.00671126 -0.0313077  8.90189e-05 -1.91413e-05 -1.51526e-05 -0.000106768 -0.000455073  0.000152095 1.00455       0       0 24003
              5.4003   0.0889817 -0.00869035  -0.0244662 0.000426412  0.00839673 0.000990177 -0.00151273  0.00241263  0.00695458  9.96063e-05 -3.27722e-05  -1.9986e-05 -8.50218e-05 -0.000433424 -2.96217e-05 1.00461       0       0 0
             5.50014   0.113842 -0.0912197 -0.0706333 0.00117932 0.00935102 -0.0018733  0.0053683 0.00807981 -0.0169718  9.96793e-05 -2.18516e-05 -1.39591e-05 -0.000123451 -0.000468564  8.55255e-05 1.00463       0       0 24000
             5.50014  0.0805961 -0.0154873 -0.0189073  0.000500281   0.00755382 -8.57844e-05  -0.0016699 -0.00711547 -0.00476523  0.000102828 -3.17147e-05 -2.11766e-05 -8.85625e-05 -0.000398616  2.73816e-05 1.00502       0       0 0
             5.59998   0.136789  -0.112895 -0.0514762  0.00189402  0.00755307 -0.00337692    0.0118449 -0.000471774    -0.025472  9.75178e-05 -1.88118e-05 -1.70082e-05 -0.00015293 -0.00044115 0.000125896 1.00504       0       0 23979
             5.59998  0.0811825 -0.0148203 -0.0202182   0.0010809  0.00753776 -2.9592e-05   0.00634287  -0.00163822 -0.000907171  0.000105744 -3.28446e-05 -2.15958e-05 -0.000123737 -0.000434048  8.51306e-06 1.00486       0       0 0
              5.6999   0.111167  -0.112561 -0.0612929 0.00234231 0.00746927 -0.0037815   0.00974178 -0.000846164   -0.0266073  0.000104019 -1.95101e-05 -1.64612e-05 -0.000146405 -0.000449634    0.0001344 1.00486       0       0 23982
              5.6999  0.0776872 -0.0168946 -0.0203456   0.00158194   0.00750444 -0.000393917  0.00515733 -0.00174031 -0.00311517  0.000108702 -3.27748e-05 -2.22099e-05 -0.000120591  -0.00044414  1.74038e-05 1.00548       0       0 0
             5.80013    0.14964 -0.0976122  -0.059267 0.00178999 0.00906759 -0.0030306 0.00216887  0.0104286 -0.0195704  0.000102456 -2.21406e-05 -1.71421e-05 -0.000115638 -0.000515352  9.46308e-05 1.0055      0      0 24042
             5.80013  0.0827158 -0.0166145 -0.0177371  0.000608165   0.00697592 -0.000122305  -0.00853882  -0.00746551 -9.60913e-05  0.000109635 -3.19939e-05 -2.28869e-05 -6.30499e-05 -0.000430129 -1.22548e-06 1.00505       0       0 0
             5.89996   0.125929  -0.108562 -0.0555168  0.00129071  0.00774652 -0.00348953 0.00612388  0.0055534 -0.0241367  0.000107045 -2.17982e-05 -1.80818e-05  -0.00013419 -0.000500914  0.000115905 1.00506       0       0 23995
             5.89996  0.0803168 -0.0169563 -0.0175989  0.000825296   0.00698578 -0.000289695   0.00223686  -0.00126189 -0.000949089  0.000112501 -3.40248e-05 -2.33444e-05 -0.000113031 -0.000468878    4.661e-06 1.00518       0       0 0
             5.99981   0.129672  -0.112796 -0.0650307  0.00154056  0.00872818 -0.00389073 0.00695082   0.013452 -0.0263181  0.000110295 -2.14385e-05 -1.70944e-05 -0.000138329 -0.000548485  0.000126801 1.00519       0       0 23963
             5.99981  0.0797813 -0.0170097 -0.0233937   0.00106474   0.00820984 -0.000392816   0.00375484   0.00887605 -0.000943616  0.000116738 -3.44429e-05 -2.29119e-05 -0.000120024 -0.000526349  5.80184e-06 1.00589       0       0 0
             6.10044   0.158759  -0.110733 -0.0588647  0.00165726  0.00992828 -0.00385041 0.00373593  0.0151941 -0.0242093  0.000108146 -2.20952e-05 -1.83373e-05 -0.000126387 -0.000565569  0.000118989 1.0059      0      0 24042
             6.10044  0.0859815 -0.0094632 -0.0254878 0.000182605   0.0084507  0.00100398 -0.0069401 0.00120218 0.00919658  0.000116557 -3.48406e-05 -2.29524e-05 -7.32806e-05 -0.000499482  -4.1088e-05 1.00567       0       0 0
             6.20027   0.107507  -0.117857 -0.0716362   0.0019202  0.00955918 -0.00268999  0.0138596  0.0108074 -0.0212824  0.000117488 -2.28838e-05 -1.72234e-05  -0.00017636 -0.000551528  0.000109105 1.00571       0       0 23995
             6.20027  0.0837553 -0.0116393 -0.0254578 0.000867325  0.00874794 0.000812553 0.00531265 0.00309975 0.00247224  0.000119885 -3.67564e-05 -2.37439e-05 -0.000132996 -0.000515773 -5.08114e-06 1.00508       0       0 0
             6.30012   0.144359  -0.116641 -0.0602207  0.00165027  0.00967424 -0.00412341 0.00508521 0.00716748 -0.0327578  0.000115233 -2.28209e-05 -1.92407e-05 -0.000140191 -0.000546038  0.000161846 1.00509       0       0 23999
             6.30012  0.0879014 -0.0140734 -0.0262329 0.000349562  0.00867305 0.000165416 -0.00496331 -0.00206699 -0.00432753  0.000121542 -3.53395e-05 -2.38647e-05 -9.01388e-05 -0.000502457   2.5197e-05 1.00603       0       0 0
             6.39997   0.102732  -0.103164 -0.0649718  0.00132297  0.00825307 -0.00302686  0.00651477 -0.00464887  -0.0228019  0.000121332 -2.54632e-05  -1.9062e-05 -0.000147281 -0.000506917  0.000113867 1.00604       0       0 24004
             6.39997  0.0824319 -0.0190956 -0.0263018  0.000854596   0.00883362 -0.000692067   0.00415039 -0.000291241  -0.00681089  0.000124811  -3.6636e-05 -2.43609e-05 -0.000133371 -0.000526177  3.80463e-05 1.00665       0       0 0
              6.4998   0.134373  -0.117584 -0.0695174 0.00290654  0.0107058 -0.0045665  0.0178732  0.0162132 -0.0291175  0.000122195 -2.60086e-05 -1.86111e-05 -0.000202782 -0.000613269  0.000145835 1.00668       0       0 23960
              6.4998  0.0873057 -0.0139382 -0.0250046 0.00070587 0.00868999 0.00035813 -0.000387512  -0.00363723   0.00581228  0.000125745 -3.75737e-05 -2.47676e-05 -0.000116636 -0.000523014 -1.94334e-05 1.00672       0       0 0
              6.6005   0.143724  -0.108844 -0.0665307  0.00168852  0.00993429 -0.00337449 0.00823841 0.00803432 -0.0235069   0.00012263 -2.64889e-05 -1.96495e-05 -0.000162643   -0.0005923  0.000122959 1.00676       0       0 24038
              6.6005  0.0901683 -0.0102909 -0.0279596 0.000247336  0.00912972 0.000787438 -0.00370012 0.000152497  0.00497951  0.000128763 -3.81225e-05 -2.49192e-05 -0.000104633  -0.00055513 -1.23724e-05 1.00688       0       0 0
             6.70035   0.100763  -0.102174 -0.0686931  0.00185945   0.0104517 -0.00263614  0.0137731  0.0115417 -0.0222152  0.000131156 -2.92904e-05  -1.9457e-05 -0.000188551 -0.000617516   0.00011252 1.00692       0       0 23998
             6.70035    0.07777 -0.0182259 -0.0221576   0.00118267   0.00804353 -0.000586864  0.00638004 -0.00880866 -0.00813845  0.000130928 -3.95291e-05 -2.58788e-05  -0.00015249 -0.000525624   4.5774e-05 1.0061      0      0 0
              6.8002   0.147445 -0.0936353 -0.0665291  0.00102577  0.00940059 -0.00299783 -0.000336121    0.0079121   -0.0195051  0.000125236 -2.79653e-05  -1.9341e-05 -0.000128527  -0.00061179   0.00010167 1.0061      0      0 24001
              6.8002  0.0791232 -0.0162667 -0.0202187  0.000897196   0.00744844 -0.000141739  -0.0017095 -0.00837692 0.000947028  0.000133603 -3.95972e-05 -2.64009e-05 -0.000119072 -0.000535595  4.27778e-06 1.00602       0       0 0
             6.90005   0.121643 -0.0900586 -0.0561113  0.00111591  0.00789541 -0.00212399 0.00212845 0.00282214 -0.0142223  0.000131189 -3.06117e-05 -2.19267e-05 -0.000141332 -0.000599237  8.36075e-05 1.00603       0       0 24000
             6.90005  0.0789361 -0.0175089 -0.0188652  0.000574169   0.00731813 -0.000508798 -0.00255438  -0.0028754 -0.00227526  0.000136532 -4.01516e-05 -2.69906e-05 -0.000115703 -0.000569985  2.38219e-05 1.00702       0       0 0
             6.99989   0.101016 -0.0986472 -0.0629638 0.000661357  0.00731071 -0.00230915 -0.000147585 -0.000782229   -0.0139665  0.000136209 -3.05177e-05 -2.16988e-05 -0.000132294 -0.000585772  7.92823e-05 1.00703       0       0 23963
             6.99989  0.0886021 -0.0153461 -0.0225626 0.000466436  0.00832166 2.14404e-05 5.99197e-05  0.00810373  0.00345047  0.000139257  -4.2018e-05 -2.72047e-05 -0.000129575 -0.000625951   -4.804e-06 1.00659       0       0 0
             7.10014   0.127225 -0.0982374 -0.0722305 0.00164129  0.0118445 -0.0027272  0.0103118  0.0297729 -0.0177581  0.000138791 -3.20628e-05 -2.01289e-05 -0.000181485 -0.000730797  9.31795e-05 1.00661       0       0 24040
             7.10014  0.0816334 -0.0164892 -0.0213144  0.000659219   0.00766283 -0.000230287 -0.00028819 -0.00423951 -0.00105127  0.000140888 -4.28167e-05 -2.77264e-05 -0.000131357 -0.000577403  1.37216e-05 1.00683       0       0 0
             7.19998   0.126787  -0.100974 -0.0585533  0.00130002  0.00785211 -0.00311698 0.00492289 0.00115255 -0.0214718  0.000136746 -3.23721e-05 -2.29417e-05 -0.000161208 -0.000611949   0.00011734 1.00683       0       0 24000
             7.19998  0.0792307 -0.0196506 -0.0168375   0.00108646   0.00695708 -0.000780981   0.0035389  -0.0071712 -0.00390121  0.000142644 -4.35164e-05  -2.8684e-05 -0.000151241 -0.000570468  3.01542e-05 1.00719       0       0 0
             7.29981   0.130481  -0.104191 -0.0656074  0.00104098  0.00802024 -0.00353562 -0.000375132     0.006897   -0.0215362  0.000140171 -3.15657e-05 -2.23564e-05 -0.000139044 -0.000646733  0.000117762 1.0072      0      0 23960
             7.29981  0.0850125 -0.0118892 -0.0255162 0.000837458  0.00867783 0.000467836 4.39697e-05    0.012144  0.00810855  0.000147228 -4.45179e-05 -2.78765e-05  -0.00013706 -0.000669817 -2.58887e-05 1.00774       0       0 0
             7.40046   0.137096  -0.106173 -0.0551501  0.00232548  0.00946478 -0.00305197  0.0105379 0.00797589  -0.021082  0.000141333 -3.24173e-05 -2.37404e-05 -0.000190929 -0.000663457  0.000115927 1.00777       0       0 24039
             7.40046  0.0795298 -0.0177695 -0.0182304  0.000772678   0.00718329 -0.000599425 -0.00366532  -0.0118352 -0.00467672  0.000146954 -4.34293e-05 -2.92502e-05 -0.000123018 -0.000571736  3.69821e-05 1.00697       0       0 0
              7.5003   0.141773   -0.10559 -0.0531875  0.00149095  0.00748482 -0.00391699   0.00667194 -0.000322069   -0.0248803  0.000140544 -3.12007e-05 -2.43118e-05 -0.000179717 -0.000644418  0.000139056 1.007     0     0 24000
              7.5003  0.0806864 -0.0175155 -0.0188521  0.000835913   0.00715961 -0.000410994  0.00153257 -0.00321338 0.000281862  0.000149629 -4.41309e-05 -2.94838e-05 -0.000150899  -0.00062829  1.33402e-05 1.00721       0       0 0
             7.60014   0.126944  -0.101465 -0.0633745  0.00137602  0.00868911 -0.00306746 0.00568455  0.0114218 -0.0189903  0.000144929 -3.18409e-05 -2.31209e-05 -0.000175236 -0.000713157  0.000113323 1.00722       0       0 23982
             7.60014   0.084098  -0.014973 -0.0246638  0.000516588   0.00840774 -0.000273005 -0.00121394  0.00863522  0.00117542  0.000151351 -4.46686e-05 -2.89905e-05 -0.000137258 -0.000697799  9.52285e-06 1.00752       0       0 0
             7.70005   0.117306  -0.103275 -0.0651083  0.00180681  0.00974893 -0.00320366  0.0101788  0.0123829 -0.0192687  0.000149364 -3.24974e-05 -2.35912e-05 -0.000202497 -0.000731353   0.00011839 1.00754       0       0 24021
             7.70005  0.0844213 -0.0172062 -0.0220882  0.000752201   0.00796496 -0.000467295 0.000164765 -0.00332169 -0.00061267   0.00015377 -4.52457e-05 -3.01447e-05 -0.000148647 -0.000651792  2.09326e-05 1.00758       0       0 0
             7.79988   0.146164 -0.0988958 -0.0655937 0.000996894  0.00873294 -0.00303554 0.00180718 0.00478229 -0.0187042  0.000146651 -3.30445e-05 -2.38115e-05 -0.000166494 -0.000704818  0.000114838 1.00759       0       0 23958
             7.79988  0.0891852 -0.0106996 -0.0255166 0.000321947  0.00864455 0.000735023 -0.00293435  0.00390011  0.00856409  0.000155364 -4.64192e-05 -2.99358e-05 -0.000138692 -0.000698581 -2.81443e-05 1.00715       0       0 0
             7.90013   0.131215 -0.0990358  -0.057711 7.43186e-05  0.00800598 -0.00241317 -0.00552979 -0.00546141  -0.0190481  0.000150741 -3.28036e-05  -2.5365e-05 -0.000130948 -0.000659936  0.000117921 1.00716       0       0 24040
             7.90013  0.0819983 -0.0167092 -0.0206063  0.000578154    0.0078894 -0.000411887 0.000139004 -0.00572268 -0.00505523  0.000158402 -4.57656e-05 -3.11258e-05 -0.000155824 -0.000656908  4.43859e-05 1.0073      0      0 0
             7.99996   0.145346  -0.081364 -0.0581033 0.000860116  0.00827663 -0.00211788 0.00195396 0.00126513  -0.013718  0.000152253 -3.59332e-05 -2.56642e-05 -0.000171586 -0.000702531  8.84778e-05 1.00731       0       0 24002
             7.99996  0.0802414 -0.0154314 -0.0192077  0.000206757     0.007425 -0.000284276    -0.003567  -0.00607022 -0.000979153  0.000161961 -4.58684e-05 -3.16803e-05 -0.000139989 -0.000662145  2.00224e-05 1.00781       0       0 0
             8.09979   0.120885 -0.0936753 -0.0685696 4.85103e-05  0.00832282 -0.00245101 -0.00159046  0.00593503  -0.0158978  0.000158434 -3.50824e-05 -2.46861e-05 -0.000157988 -0.000735005  9.95146e-05 1.00781       0       0 23958
             8.09979  0.0801732 -0.0137627 -0.0210371 0.000569879  0.00782735 0.000201082 0.00395796 0.00242039 0.00380455  0.000164389 -4.78368e-05 -3.19662e-05 -0.000182537 -0.000715805 -5.14528e-06 1.00784       0       0 0
             8.20043   0.145585  -0.104854 -0.0564823 0.00184765 0.00896385 -0.0028989  0.0101547 0.00965293 -0.0206335  0.000157142 -3.52364e-05 -2.68857e-05 -0.000217574 -0.000763917  0.000122252 1.00786       0       0 24036
             8.20043  0.0827185 -0.0138658  -0.017328 0.000782018  0.00703363 9.09285e-05  0.00113241 -0.00748376 0.000367199  0.000165204 -4.82996e-05 -3.28183e-05 -0.000168348 -0.000675831  1.13841e-05 1.008     0     0 0
             8.30028   0.124661 -0.0999076 -0.0589166  0.00202503  0.00774617 -0.00276749  0.0107593 0.00553787 -0.0212502  0.000161434 -3.69772e-05 -2.76431e-05    -0.000225 -0.000751951  0.000122169 1.008     0     0 24003
             8.30028  0.0850576  -0.014648 -0.0147611  0.00103228  0.00669313 7.93135e-06   0.00225065  -0.00470502 -0.000935366  0.000166524 -4.91985e-05 -3.43796e-05 -0.000178893 -0.000699698  1.58138e-05 1.00714       0       0 0
             8.40012   0.136942 -0.0902883 -0.0414913  0.00298377  0.00698538 -0.00192243   0.018051 0.00265686 -0.0134584  0.000162202 -3.96068e-05 -3.07864e-05 -0.000261527 -0.000744261   8.3346e-05 1.00715       0       0 24001
             8.40012  0.0788712 -0.0182476 -0.0122386   0.00112956   0.00592213 -0.000439316 0.000784114 -0.00791581 -0.00315202  0.000170134 -4.90558e-05   -3.526e-05 -0.000171989 -0.000689126  2.92859e-05 1.0078      0      0 0
             8.49996   0.121013  -0.104748 -0.0690779  0.00114682  0.00710279 -0.00335253 0.00132463 0.00828715 -0.0216862  0.000168284 -3.59277e-05 -2.69503e-05 -0.000178114 -0.000780383  0.000127851 1.0078      0      0 23997
             8.49996  0.0862515 -0.0118024 -0.0233267  0.00120926  0.00829153 0.000692381 0.00427811  0.0190196 0.00765867  0.000174628 -5.04144e-05  -3.3917e-05 -0.000188987 -0.000833708 -2.65207e-05 1.00801       0       0 0
              8.5998   0.103872  -0.104603 -0.0742062  0.00195773   0.0107585 -0.00248995 0.00496305  0.0226505 -0.0194257  0.000174425 -3.70389e-05 -2.68451e-05 -0.000201274 -0.000864003  0.000114718 1.00804       0       0 23963
              8.5998  0.0798727 -0.0188961  -0.023562     0.001128   0.00843755 -0.000769881   -0.003116  0.00328265 -0.00804155  0.000175918  -4.9166e-05 -3.45939e-05 -0.000157236 -0.000766141  5.46611e-05 1.00795       0       0 0
             8.70012   0.115814 -0.0817832 -0.0639196 0.000963279   0.0100759 -0.00210041 -0.000787235    0.0125738   -0.0114361  0.000174486 -3.98462e-05 -2.88315e-05 -0.000171437 -0.000824337  7.32287e-05 1.00797       0       0 24039
             8.70012  0.0786756 -0.0191841 -0.0169573  0.000163714   0.00707019 -0.000824498 -0.00996844  -0.0123957 -0.00310599  0.000177184 -4.82645e-05 -3.60126e-05 -0.000122863 -0.000697866  2.91983e-05 1.00934       0       0 0
             8.79996   0.127294  -0.105068 -0.0759594  0.00012247  0.00732579 -0.00328581 -0.000768774  4.55129e-05   -0.0183685  0.000174214 -3.71551e-05 -2.73789e-05 -0.000177927 -0.000774904   0.00011381 1.00935       0       0 24001
             8.79996   0.0921063 -0.00387469  -0.0281392 0.000707807  0.00894122  0.00202067 0.00802882  0.0154478  0.0216541  0.000181571 -5.37497e-05 -3.46778e-05 -0.000217375 -0.000851136 -9.55965e-05 1.00804       0       0 0
             8.89979  0.137857 -0.085484  -0.05911   0.00162773      0.01065 -0.000494766  0.00748188   0.0151405 -0.00967275  0.000175913 -4.19757e-05   -2.969e-05 -0.000217183 -0.000863765  7.25118e-05 1.00806       0       0 23960
             8.89979  0.0859812 -0.0122552 -0.0181236 0.000219401  0.00719036 0.000398922 -0.00705215  -0.0138394 -0.00408146  0.000180419 -5.15323e-05 -3.60148e-05 -0.000141189  -0.00071636  4.28411e-05 1.00945       0       0 0
             9.00043   0.118568 -0.0930571 -0.0587299 0.00064261 0.00682722 -0.0026895  0.00355332 -0.00499008  -0.0234144  0.000178841 -4.08742e-05 -3.05744e-05 -0.000197891 -0.000772667  0.000145293 1.00946       0       0 24039
             9.00043  0.0824892 -0.0180655 -0.0159914  0.00056074  0.00693942 -0.00053578  0.00377553 -0.00383259 -0.00762791  0.000184491 -5.23439e-05 -3.70908e-05 -0.000195848 -0.000777396  6.19588e-05 1.00889       0       0 0
             9.10027  0.120731 -0.112709 -0.065042  0.00153265  0.00870007 -0.00419815  0.0103868  0.0141522 -0.0285091  0.000183849 -4.00079e-05 -3.01838e-05 -0.000230273 -0.000876242  0.000172454 1.0089      0      0 23999
             9.10027  0.0791712 -0.0203605 -0.0224937 0.000918189  0.00818389 -0.00096706  0.00555723  0.00942828 -0.00497155  0.000189419 -5.32202e-05 -3.65954e-05 -0.000202164 -0.000851337  4.82366e-05 1.00892       0       0 0
             9.20011   0.137933  -0.100097 -0.0630077  0.00228873  0.00989375 -0.00373058  0.0123986  0.0157671 -0.0206532   0.00018517 -4.25518e-05  -3.1265e-05 -0.000238415 -0.000889905  0.000127724 1.00894       0       0 24002
             9.20011  0.0802524 -0.0198845 -0.0178659 0.000648975  0.00723468 -0.00094286 -0.00311739 -0.00711017 -0.00200556  0.000189919 -5.18732e-05 -3.80578e-05 -0.000158859 -0.000775355  3.03272e-05 1.0094      0      0 0
             9.29994   0.106933 -0.0995054 -0.0700522  0.0009751 0.00791797 -0.0024866 0.00250081 0.00505252  -0.012172  0.000190282 -4.20725e-05 -3.02022e-05 -0.000195284 -0.000846442  8.18648e-05 1.00941       0       0 24001
             9.29994  0.0894072 -0.0147752 -0.0187944 0.000762903  0.00772687 0.000264477  0.0017792 0.00267793 0.00845476  0.000192585 -5.47696e-05  -3.7977e-05 -0.000188245 -0.000834477 -2.47164e-05 1.00927       0       0 0
             9.39977   0.136405  -0.096721 -0.0696982   0.0014295  0.00987217 -0.00213035 0.00624896  0.0165842 -0.0136348   0.00019034 -4.33795e-05 -3.09627e-05 -0.000213201 -0.000917534   9.0758e-05 1.00931       0       0 23959
             9.39977    0.086053 -0.00894945  -0.0222962 0.000270887  0.00817547  0.00104438 -0.00377613  0.00200834  0.00787754  0.000195772 -5.52007e-05 -3.81958e-05 -0.000159663  -0.00084375 -2.09392e-05 1.00861       0       0 0
             9.50041   0.129878 -0.0951749 -0.0630626 0.00135763 0.00893346 -0.0025735 0.00822872 0.00582994 -0.0226436  0.000192723 -4.40966e-05 -3.23707e-05  -0.00022137 -0.000879104   0.00013441 1.00863       0       0 24035
             9.50041  0.0839107 -0.0136144  -0.016486 0.000568799   0.0070752 0.000253857 0.000789581 -0.00992641 -0.00355504  0.000197171 -5.52086e-05 -3.94172e-05 -0.000180614 -0.000798977  3.45111e-05 1.00913       0       0 0
             9.60027   0.121775 -0.0951823 -0.0557916  0.00228559  0.00712109 -0.00217191    0.0157054 -0.000830107   -0.0188509  0.000195819 -4.63753e-05 -3.45357e-05 -0.00025757 -0.00085677 0.000114623 1.00914       0       0 23990
             9.60027  0.0838334 -0.0133602 -0.0126724  0.00124608   0.0063014 0.000209052  0.00667785 -0.00924462 -0.00123006  0.000200129 -5.72043e-05 -4.10669e-05 -0.000209648 -0.000814047  2.27897e-05 1.00961       0       0 0
             9.70017   0.136952 -0.0981394 -0.0637679  0.00240602   0.0083576 -0.00255276  0.0126333  0.0157365 -0.0192635  0.000200175 -4.65466e-05 -3.40959e-05 -0.000246373 -0.000944134  0.000122776 1.00962       0       0 24013
             9.70017  0.0901686 -0.0089009 -0.0180702 0.000647606  0.00745347  0.00121105 -0.00286492  0.00671551  0.00751204  0.000205461 -5.69519e-05  -4.1025e-05 -0.000164474 -0.000897248 -1.83795e-05 1.00908       0       0 0
             9.80001   0.126182 -0.0774416 -0.0579807  0.00151773   0.0077844 -0.00257338 0.00410339 0.00559969 -0.0244301  0.000200605 -4.65165e-05 -3.64588e-05 -0.000201482 -0.000896335  0.000147892 1.0091      0      0 24003
             9.80001    0.070104 -0.00710935  -0.0163526  0.000539669   0.00726599 -0.000688342 -0.00425383 0.000259898  -0.0111969  0.000207723 -5.51201e-05 -4.26538e-05 -0.000157744 -0.000868515  7.91939e-05 1.01018       0       0 0
             9.89984   0.134532   -0.10701 -0.0704875  0.00166934  0.00810096 -0.00519751  0.0130574 0.00775889 -0.0350364  0.000204146  -4.4457e-05 -3.53298e-05 -0.000233818 -0.000919461  0.000205857 1.01019       0       0 23959
             9.89984   0.0832797 -0.00977887  -0.0246837  0.000916641   0.00825044 -0.000584583  0.00756237  0.00838596 -0.00165601  0.000212045 -5.79724e-05  -4.2197e-05 -0.000202864 -0.000921288  3.44748e-05 1.00995       0       0 0
             10.0005   0.131439 -0.0951202 -0.0610855  0.00249825  0.00885538 -0.00313295   0.014987  0.0051198 -0.0179112  0.000207471 -4.66825e-05 -3.64924e-05 -0.000247318  -0.00092302  0.000117146 1.00996       0       0 24039
             10.0005  0.0810816 -0.0139942 -0.0194888    0.0013588   0.00729114 -0.000487274  0.00506214 -0.00802073 0.000130271   0.00021384 -5.85073e-05 -4.32738e-05 -0.000194765 -0.000856599  2.41205e-05 1.0101      0      0 0
             10.1003   0.129335 -0.0984023 -0.0617529 0.000921011  0.00785282 -0.00358755  -0.00577693 -0.000338842   -0.0216489  0.000208709  -4.4498e-05 -3.66994e-05 -0.000161408 -0.000917092  0.000147505 1.0101      0      0 23998
             10.1003   0.079661 -0.0144292 -0.0177681   0.00078274   0.00707327 -0.000240624 -0.00664234 -0.00691064  0.00256139  0.000216706 -5.83335e-05 -4.39171e-05 -0.000152659 -0.000880707  1.62376e-05 1.00984       0       0 0
             10.2002   0.099166 -0.0954343  -0.053426  0.00202233  0.00659875 -0.00281157   0.0134878 -0.00367124  -0.0177979  0.000215698 -4.41821e-05 -3.76901e-05 -0.000240767  -0.00089687  0.000127122 1.00987       0       0 24001
             10.2002   0.0786186 -0.00289582  -0.0168063 0.000899125  0.00771573 -0.00036017     0.005156   0.00510988 -0.000126979  0.000219052 -5.97587e-05 -4.37968e-05  -0.00019129 -0.000943758  2.79424e-05 1.01016       0       0 0
                10.3   0.114257 -0.0769869 -0.0623978  0.00194888  0.00811236 -0.00255962 0.00907842 0.00440479 -0.0150721  0.000215029 -4.66475e-05 -3.80041e-05 -0.000231336 -0.000953627  0.000113865 1.01016       0       0 23998
                10.3    0.0712376 -0.000359445   -0.0218116  0.000856464   0.00729303 -0.000173873 0.000345311  -0.0036255   0.0013891  0.000222059 -5.92651e-05 -4.46917e-05 -0.000179717 -0.000907923  1.96377e-05 1.01102       0       0 0
             10.3999   0.152518  -0.104402 -0.0261421  0.00140254  0.00894442 -0.00298496 -0.00494183   0.0100719  -0.0205844  0.000217319 -4.49041e-05 -3.84799e-05 -0.000229491  -0.00101958  0.000147846 1.01102       0       0 23964
             10.3999   0.115864 -0.0349327  0.0164559 -0.000756327   0.00757064  -0.00051816  -0.0253962 -0.00394101 -0.00199847  0.000222981 -5.58704e-05 -4.55087e-05 -0.000115109 -0.000942244  4.16512e-05 1.00982       0       0 0
             10.5001  0.288702 -0.191607  0.075181 -0.000437307   0.00695366  -0.00177263 -0.00272858  -0.0120543 -0.00825993  0.000220832 -4.70049e-05 -3.96197e-05  -0.00021571 -0.000940529  8.74386e-05 1.00983       0       0 24041
             10.5001  0.267584 -0.147207  0.108273 -0.000559768    0.0071283  -0.00164533 -0.00345009  -0.0104899 -0.00732525  0.000224358  -5.4338e-05 -4.50636e-05 -0.000209788 -0.000948147  8.22076e-05 1.01092       0       0 0
             10.5999  0.586435 -0.392536 0.0462377 0.000528242  0.00807602  -0.0038458  0.0158056  0.0105501 -0.0177354  0.000219368  -4.5083e-05 -3.81368e-05 -0.000272679  -0.00102951  0.000142134 1.01092       0       0 23982
             10.5999  0.532662 -0.324408 0.0511045 -0.000921889   0.00616644  -0.00195493 0.000849056 -0.00727116 -0.00407069  0.000227825 -5.60356e-05 -3.88399e-05 -0.000188111 -0.000930847  6.38684e-05 1.01053       0       0 0
             10.6998  0.817702 -0.429544 -0.343863  0.00182432  0.00588107 -0.00341398   0.0269001  -0.0121021 -0.00547988  0.000223082 -4.84635e-05 -3.47282e-05 -0.000301404 -0.000975941  0.000110371 1.01055       0       0 23977
             10.6998  0.829167 -0.318599 -0.306246 0.000948959  0.00656331 0.000862239   0.0214741 -0.00757079   0.0268215  0.000221196 -6.68956e-05 -4.07772e-05  -0.00026718  -0.00100287 -7.33726e-05 1.0111      0      0 0
             10.8005     2.147 0.0106427 -0.407827 0.00516544  0.0049369   0.000701  0.0504932 -0.0373935  0.0258488  0.000213602 -5.51803e-05 -3.89946e-05 -0.000331888  -0.00106988  8.56489e-05 1.01111       0       0 24034
             10.8005   2.14351   0.10139 -0.430746   0.00282136   0.00496611 -7.02954e-05  0.0305548 -0.0388364  0.0195994   0.00021416 -6.97138e-05 -3.46593e-05 -0.000218069   -0.0010608  0.000120671 1.01357       0       0 0
             10.9003    3.4184  0.700917 -0.915624  0.00788779  0.00197403 0.000519234  0.0357252 -0.0260572 0.00952106   0.00021198 -5.74412e-05 -3.36605e-05 -0.000269563  -0.00108758  0.000136888 1.01355       0       0 24003
             10.9003   3.34641    0.7718 -0.910751 0.00526364 0.00191545  0.0059522  0.0171922 -0.0271542  0.0441131  0.000223733 -6.79457e-05 -3.38207e-05 -0.00016443 -0.00108337 -6.1873e-05 1.01193       0       0 0
             11.0002  3.08266  0.75303 -1.62866   0.00742611 -0.000311505   0.00846447    0.0015544 -0.000677488    0.0847442  0.000237939 -5.34123e-05 -3.09068e-05 -0.000241426  -0.00103954  0.000101607 1.01191       0       0 24005
             11.0002  2.96511 0.848577 -1.63776 0.00644262 0.00109175  0.0139935 -0.00358967   0.0105195     0.12344  0.000258271 -6.88974e-05 -2.84868e-05 -0.000205507  -0.00110536 -0.000115502 1.0121      0      0 0
                11.1   1.86938 -0.462233  -2.03304   0.005269 0.00262729  0.0283142 -0.0313643  0.0221441   0.217048  0.000244847 -4.44255e-05 -3.65856e-05 -0.00026844 -0.00110436 6.36882e-05 1.01208       0       0 23995
                11.1   1.82115 -0.470428  -1.98418 0.00397601 0.00260067  0.0317943 -0.0420473  0.0206708   0.240124  0.000252717 -4.24617e-05 -4.47818e-05  -0.00020908  -0.00110055 -6.72956e-05 1.00852       0       0 0
             11.1999  1.57829 -2.26408 -1.69577  0.0018216 0.00336277  0.0510589 -0.0366807  0.0211151   0.223903  0.000235053 -4.03315e-05 -4.43537e-05 -0.00032926 -0.00102863 0.000192818 1.00851       0       0 23963
             11.1999  1.52685 -2.19271 -1.69151 -0.000609178   0.00124822    0.0526698 -0.0581712 0.00354959   0.233766  0.000242164  -5.0561e-05 -4.51006e-05  -0.00021223 -0.000930401  0.000132208 1.00577       0       0 0
             11.3001  1.33661 -3.42098 -1.78709 -0.00508048  0.00130328   0.0740732 -0.0577175 0.00964225   0.228658  0.000239289 -4.71971e-05 -3.82216e-05 -0.000281821 -0.000898143  0.000219076 1.00578       0       0 24037
             11.3001  1.28773 -3.34408  -1.7851 -0.00574609  0.00358933   0.0769867 -0.0603999   0.028112   0.248981  0.000248782 -5.97818e-05 -3.79862e-05 -0.000262575  -0.00100062  0.000105805 1.00438       0       0 0
             11.3999   1.1837 -3.99877  -2.1223 -0.0109027 0.00627016   0.103335 -0.0512443  0.0191089   0.307054  0.000235797 -5.80607e-05 -3.22495e-05 -0.000331594  -0.00100972  0.000176029 1.00437       0       0 23963
             11.3999  1.11959 -3.91024 -2.10707 -0.0130328 0.00664432   0.107266 -0.0697302  0.0208712   0.336197  0.000246662 -7.13854e-05 -3.45495e-05 -0.000231706  -0.00101759  1.98241e-07 1.0024      0      0 0
             11.5002  1.14607 -3.34858 -2.76616 -0.0166314 0.00755866   0.144736 -0.0231425  0.0105945   0.422428  0.000238586 -7.89664e-05 -2.94472e-05 -0.000327822  -0.00104562  4.08597e-05 1.00239       0       0 24040
             11.5002  1.05435 -3.23654 -2.73732  -0.017142 0.00990526   0.148217 -0.023588 0.0310267  0.448678   0.00025639 -9.76814e-05 -3.40578e-05 -0.000325196  -0.00115696  -0.00010965 1.00652       0       0 0
                11.6 0.810056 -2.24217 -2.86786 -0.0188045  0.0124851   0.193443 -0.0228634  0.0400084   0.506812  0.000245055 -8.22005e-05 -3.89818e-05 -0.000361377  -0.00109045  5.14399e-05 1.00651       0       0 23981
                11.6 0.731573 -2.24741 -2.83708 -0.0213801  0.0121819   0.196581 -0.0458166  0.0361176    0.52833  0.000257238 -7.80795e-05  -4.4157e-05 -0.000247173  -0.00106336 -7.97111e-05 1.01074       0       0 0
             11.6999 0.773307 -2.11265 -2.76406 -0.0224128  0.0167639     0.2489 -0.00914864   0.0579378    0.578867  0.000244637 -7.20961e-05 -4.30509e-05 -0.000387404    -0.001076  0.000114087 1.01073       0       0 23979
             11.6999 0.707087 -2.06838  -2.7258 -0.0246426  0.0172068   0.252517 -0.0286369  0.0593846   0.604154  0.000255574 -7.69528e-05 -4.94663e-05 -0.000287084  -0.00107816 -3.45291e-05 1.0102      0      0 0
             11.8002 0.791064 -2.50743 -2.72813 -0.0232868  0.0220088   0.310491 0.00839509  0.0556839    0.63084  0.000247221 -6.52061e-05 -4.32201e-05 -0.000444806   -0.0010423  0.000219814 1.01018       0       0 24039
             11.8002 0.726932 -2.43996 -2.68657 -0.0252977  0.0213819   0.316457 -0.00874236   0.0482496    0.674073  0.000256551 -7.43434e-05 -4.99721e-05 -0.000360209 -0.000998257 -3.09788e-05 1.01007       0       0 0
                11.9 0.720305 -2.76155 -2.24664 -0.0259422  0.0281769   0.377738 -0.0161878  0.0775626   0.653406  0.000247875 -6.29498e-05 -4.71981e-05 -0.000376037  -0.00106323  0.000326749 1.01001       0       0 23996
                11.9 0.618239 -2.71182 -2.18996  -0.02603 0.0291519  0.383145 -0.0140178  0.0866243   0.694108  0.000265709 -7.15378e-05 -5.65841e-05 -0.000391923  -0.00111184  9.50387e-05 1.01156       0       0 0
             11.9999 0.439482 -3.37111 -1.55152 -0.0289977  0.0381432   0.451445 -0.0287549  0.0909568   0.684313  0.000251039 -6.15548e-05 -4.84548e-05 -0.000307253  -0.00109524    0.0001718 1.01157       0       0 23965
             11.9999 0.350072  -3.3115 -1.48949 -0.029038 0.0348822  0.457359 -0.028832 0.0632785  0.727937  0.000261063 -7.19842e-05 -5.87957e-05  -0.00032129   -0.0009405 -8.41687e-05 1.01404       0       0 0
             12.1001  0.024058   -3.5483 -0.997141 -0.0334745   0.043489   0.523209 -0.0356992  0.0791602   0.651734  0.000251658 -6.45334e-05 -4.75079e-05 -0.000207765  -0.00102147  0.000129319 1.01401       0       0 24039
             12.1001 -0.0354498   -3.43745  -0.944868 -0.0337825  0.0476075   0.527837 -0.0333654   0.113684    0.68528  0.000267451 -8.28892e-05 -5.61426e-05 -0.000219324  -0.00121039  -6.1691e-05 1.01376       0       0 0
             12.1999 -0.356761  -3.20271 -0.539682 -0.0357396  0.0556688   0.589139 -0.0303056   0.081122   0.625448  0.000261641 -6.77138e-05 -4.64094e-05 -0.000259203   -0.0011031   0.00019517 1.01369       0       0 24002
             12.1999 -0.409943  -3.17105 -0.490238 -0.0346583  0.0520666   0.593909 -0.0197515  0.0520056   0.660085  0.000265071 -7.48608e-05 -5.43328e-05 -0.000328967 -0.000945375  2.60726e-06 1.01434       0       0 0
             12.2998  -1.00143  -3.71151 -0.740343 -0.0382222  0.0568946   0.651784 -0.0367252  0.0484348   0.584437  0.000259833  -5.8737e-05 -4.06126e-05  -0.00022536 -0.000926622  0.000294713 1.01427       0       0 23959
             12.2998  -1.05403   -3.6416 -0.686723 -0.036009  0.060689  0.657638 -0.00928663   0.0834289    0.628993  0.000273548 -7.41498e-05 -4.98972e-05 -0.000383336  -0.00111421  5.06948e-05 1.01616       0       0 0
             12.4004 -1.78238 -3.49441 -1.48141 -0.036691 0.0705088   0.71308 0.0103604  0.100514   0.53989  0.000270383 -7.25146e-05 -3.66577e-05 -0.000287959  -0.00115565  0.000277869 1.0161      0      0 24039
             12.4004 -1.86392 -3.40775 -1.43389 -0.0358329  0.0696257   0.720869 0.0210651 0.0957747  0.597542  0.000282476 -8.82241e-05 -4.47814e-05 -0.000363036  -0.00112318 -4.54483e-05 1.01873       0       0 0
             12.5003  -2.2601 -3.44933 -2.29801 -0.0331172  0.0828779   0.768289 0.0348657  0.139063  0.475563  0.000268446 -6.92839e-05 -3.75134e-05 -0.000286809  -0.00125253  0.000360724 1.01864       0       0 24002
             12.5003 -2.32863  -3.3845 -2.22703 -0.0346083  0.0807214   0.775891 0.0215031  0.121065  0.530803  0.000275869 -7.69971e-05 -4.92708e-05 -0.000233298  -0.00114276  4.66817e-05 1.02071       0       0 0
             12.6001 -2.02851 -4.00859 -2.85883 -0.0321608  0.0969115   0.819822 0.0244705  0.183509  0.418943  0.000262876 -6.65529e-05 -4.13592e-05 -0.000221532  -0.00122787  0.000282237 1.0207      0      0 23979
             12.6001 -2.12402 -3.99643 -2.79006 -0.0302325   0.094366   0.825652 0.0434501  0.164704  0.463641   0.00027396 -7.15442e-05 -5.22173e-05 -0.000341025  -0.00111829   4.2001e-05 1.02044       0       0 0
                12.7 -1.89137 -5.16559 -3.28362 -0.0278263   0.113705    0.86231 0.0178638  0.197732  0.332826  0.000263829 -6.48787e-05  -4.0688e-05 -0.000238189  -0.00118659   0.00025477 1.02043       0       0 24018
                12.7 -1.97449 -5.14795 -3.19556 -0.0257396   0.112415   0.867254 0.0378843  0.188478  0.371421  0.000274287 -7.09357e-05 -5.48994e-05 -0.000360287  -0.00113164  5.02823e-05 1.01766       0       0 0
             12.7998  -1.4227 -6.65701 -3.46289 -0.0230339   0.133126   0.894813 0.0302192  0.195508  0.242738  0.000266369 -6.50495e-05   -4.288e-05 -0.00028353 -0.00123691 0.000256257 1.01766       0       0 23962
             12.7998 -1.47238 -6.62437 -3.39454 -0.023151  0.132281  0.900229 0.030884  0.18867 0.282673  0.000272031 -7.02787e-05   -5.409e-05 -0.000305639  -0.00119091  3.69254e-05 1.01707       0       0 0
             12.9005 -0.958307   -7.4726  -3.56168 -0.0195941   0.151894    0.91547 0.054404  0.18088 0.116114  0.000272234 -7.01322e-05 -4.01572e-05 -0.000203771  -0.00126116  0.000374655 1.01704       0       0 24042
             12.9005 -1.04283 -7.40263 -3.49793 -0.0175423   0.151213   0.920755 0.0766073  0.177851  0.157805  0.000284379 -8.51323e-05 -5.09314e-05 -0.000346332  -0.00124266  0.000156659 1.0169      0      0 0
             13.0003 -1.38503 -7.63723 -3.96894 -0.0077321   0.166851   0.925387  0.115519  0.146101 0.0224558  0.000274768 -7.93372e-05 -3.94067e-05 -0.000276847    -0.001203  0.000439733 1.01688       0       0 23993
             13.0003 -1.51621 -7.57304 -3.89924 -0.00943993    0.166597    0.934886  0.102706  0.143542 0.0968241  0.000294245 -8.66494e-05 -5.05299e-05 -0.000260213  -0.00117063  2.12472e-05 1.01685       0       0 0
             13.1002 -1.82377 -7.44732 -4.65367 0.000792881    0.180438    0.938048    0.13027   0.124443 0.00855583  0.000278491 -8.60848e-05 -3.39196e-05 -0.000103353  -0.00118496  0.000154864 1.01684       0       0 24002
             13.1002 -1.91819 -7.36541 -4.60501 0.00337022   0.182571   0.943867  0.159856  0.145056 0.0562558  0.000297971 -0.000104279 -4.39821e-05 -0.000289015  -0.00129821 -9.42617e-05 1.0154      0      0 0
                13.2 -1.85822 -6.81337 -5.75172 0.0223874   0.19553   0.94166   0.208775   0.118711 -0.0217591  0.000289235 -9.71919e-05 -3.22369e-05 -0.000266697  -0.00128623  0.000204375 1.01535       0       0 24004
                13.2 -1.93703 -6.78388 -5.70131 0.0213276  0.195388  0.946646    0.2009  0.117333 0.0182103  0.000302133 -0.000101513 -4.13325e-05 -0.000253737  -0.00126311 -3.94534e-05 1.01607       0       0 0
             13.2998 -1.51257 -6.69219 -7.21315 0.0446207   0.20944  0.943003   0.248303   0.130846 -0.0273707  0.000283433 -9.99072e-05 -3.13426e-05 -0.000314666  -0.00145814  0.000196657 1.01605       0       0 23959
             13.2998 -1.62661  -6.6699 -7.19281 0.0423974  0.207675  0.946862   0.225774   0.114381 0.00266974  0.000303347 -0.000103638 -3.49401e-05 -0.000215546  -0.00133594  2.81539e-06 1.01568       0       0 0
             13.4005 -0.781126  -7.33293  -8.84919 0.0694253   0.21946  0.940764  0.255059  0.131245 -0.016849  0.000280307  -8.8822e-05 -3.42898e-05 -0.000406563  -0.00140308  0.000403591 1.01564       0       0 24039
             13.4005 -0.909523  -7.40512  -8.83007 0.068841 0.216493 0.942956    0.247107    0.106297 0.000433949  0.000302667 -7.58624e-05 -3.71767e-05 -0.000394961  -0.00124169  0.000299839 1.01602       0       0 0
             13.5003 -0.253552   -8.0476  -10.5269 0.099295 0.235273 0.941767  0.306575  0.216617 0.0195189   0.00028674 -9.34861e-05 -3.56272e-05 -0.000653419  -0.00157474  0.000482907 1.01603       0       0 24000
             13.5003 -0.433235  -7.93592  -10.5089 0.0899012  0.229223   0.95131  0.214193  0.162618 0.0899889  0.000317055 -0.000110159 -3.87423e-05 -0.000221543  -0.00116023 -2.24094e-06 1.01311       0       0 0
             13.6002 -0.0655159   -8.20857   -12.1077 0.113262 0.254099 0.958566 0.210754 0.309946 0.104384  0.000297432 -0.000104182 -3.67081e-05 -0.000358318  -0.00136167  0.000198076 1.01316       0       0 23981
             13.6002 -0.177876  -8.33356  -12.0543 0.114375   0.2515 0.964899 0.224737   0.2915 0.152679  0.000315609 -8.22598e-05 -4.59948e-05 -0.000502133  -0.00126407 -7.92879e-05 1.01607       0       0 0
             13.7001 -0.311887  -10.7824  -12.6464 0.132768 0.291929 0.975327 0.178462 0.458555 0.103618  0.000305582 -8.10996e-05 -4.53685e-05 -0.000344527  -0.00140713  7.99063e-05 1.01605       0       0 24020
             13.7001 -0.506408  -10.8265  -12.5655 0.132282 0.291087 0.973716  0.172776  0.453519 0.0926335  0.000338838 -7.26905e-05 -5.94277e-05 -0.000310114  -0.00136167  0.000143019 1.01409       0       0 0
             13.7999 -1.74116 -11.5026 -12.7447 0.154373 0.343792 0.982356  0.256015  0.571673 0.0680422  0.000329612 -0.000111017 -5.50563e-05 -0.00039914 -0.00150419 9.68691e-05 1.01411       0       0 23960
             13.7999 -1.85148 -11.4888 -12.6521 0.150025 0.336991  0.98645  0.211634  0.516335 0.0977052  0.000340359 -0.000109962 -7.20054e-05 -0.000249005  -0.00111551 -0.000117233 1.01165       0       0 0
             13.9002 -1.78282 -11.4046 -11.8013 0.171757 0.397557 0.993279  0.215448  0.629347 0.0550417  0.000306788 -0.000116853 -6.40817e-05 -0.000173081  -0.00134467 -6.25651e-05 1.01165       0       0 24043
             13.9002 -1.84762 -11.5117 -11.6999 0.177079 0.401427 0.995693    0.275 0.663787 0.077712  0.000317879 -0.000100096 -8.10756e-05 -0.000496432  -0.00161928 -0.000144576 1.01217       0       0 0
                  14 -1.08579 -12.1823 -11.0172 0.203392 0.470209 0.995166   0.256105   0.703881 -0.0123874  0.000299683 -0.000105714 -5.94315e-05 -0.000361894  -0.00165129  6.66379e-05 1.01218       0       0 23997
                  14 -1.23947 -12.1733 -10.9452 0.195973 0.458755 0.994972   0.188129   0.621194 -0.0181032  0.000317825 -0.000104378 -7.07357e-05 -7.49806e-05   -0.0010817   5.9978e-05 1.01291       0       0 0
             14.0998 -0.479587   -12.313  -10.2909 0.215814 0.520611 0.989897  0.201596  0.604141 -0.025875  0.000301522 -0.000107364 -5.78069e-05 -7.95149e-05  -0.00107951   0.00023164 1.01291       0       0 23960
             14.0998 -0.588732  -12.3246  -10.1829 0.220462 0.524948 0.994401  0.257209  0.643335 0.0126474  0.000320274 -0.000107244 -7.78051e-05 -0.000401704  -0.00136084  5.32669e-05 1.01418       0       0 0
             14.2005 -0.207894  -11.3652  -8.64306 0.241871 0.584798 0.992289   0.182545   0.544569 -0.0203019   0.00031175 -0.000121099 -6.31276e-05 -0.000186702  -0.00131422  0.000169869 1.01414       0       0 24042
             14.2005 -0.263152  -11.3261  -8.52494 0.246448 0.584929 0.993616    0.227364    0.546293 -0.00734747  0.000318378 -0.000130468 -8.47136e-05 -0.000454905  -0.00136994  0.000148051 1.01293       0       0 0
             14.3003 -0.00724406    -10.5837    -6.58303 0.259508 0.632925 0.993353   0.102841   0.417113 -0.0032284  0.000299411 -0.000113389 -7.06624e-05 -0.000139031  -0.00126811  0.000105265 1.01292       0       0 23997
             14.3003 -0.158768  -10.6097  -6.49115 0.257337 0.630077  1.00319  0.091346  0.397859 0.0668164  0.000322113 -0.000108293 -8.63926e-05  -0.00018263  -0.00113196 -0.000326819 1.01723       0       0 0
             14.4001 -0.854354  -10.6593  -4.98355 0.260513 0.661575  1.00368 0.00353057   0.229245  0.0188178  0.000314372  -0.00010139 -6.14674e-05  7.18112e-05  -0.00108527 -8.81059e-05 1.01719       0       0 23999
             14.4001 -0.967097  -10.6368  -4.89595 0.264031 0.661256  1.00287 0.0374136  0.229143 0.0137198  0.000332389 -0.000109158 -7.76804e-05 -0.000112897  -0.00110429 -1.81883e-05 1.01528       0       0 0
                14.5 -1.75099 -10.1444 -4.65611 0.263998 0.675705  1.00013 -0.0398565  0.0395484 -0.0289427  0.000323697 -0.000106908 -4.91136e-05 -5.28037e-05  -0.00117244  0.000144703 1.01527       0       0 24001
                14.5 -1.86937  -10.126 -4.60527  0.26627 0.673267  1.00013 -0.0192539  0.0220174 -0.0277729  0.000341365 -0.000112906 -5.84179e-05 -0.000180663  -0.00107676  0.000163751 1.01603       0       0 0
             14.5998  -2.5383  -10.484 -6.27805 0.258395  0.66602 0.997427  -0.118221  -0.170992 -0.0245559  0.000332128 -0.000100039 -3.04186e-05 -7.40381e-05  -0.00108939  0.000156671 1.01603       0       0 23961
             14.5998 -2.64453 -10.5467 -6.26079 0.258531  0.66289 0.999208   -0.118915   -0.196283 -0.00994589  0.000348317 -8.92695e-05 -3.26902e-05 -0.000100889 -0.000932866  7.41999e-05 1.01619       0       0 0
             14.7001 -2.80022 -11.2169 -9.71892 0.243348 0.636262 0.996206  -0.169605  -0.357523 -0.0248082  0.000338515 -9.82656e-05 -1.43174e-05 -4.44405e-05  -0.00104172  0.000164932 1.01619       0       0 24042
             14.7001 -2.89619 -11.1372 -9.73948 0.245735 0.642127  1.00205 -0.138707 -0.307283 0.0240324  0.000362209  -0.00011721 -1.25678e-05 -0.000243611  -0.00134027  -0.00011226 1.01333       0       0 0
             14.7999 -3.27871 -10.6768 -14.0233 0.229654 0.605738  1.00016  -0.193798  -0.420708 -0.0206604  0.000352576 -0.000130647 -6.17689e-06 -0.00017919 -0.00140841 5.35119e-05 1.01333       0       0 24000
             14.7999 -3.46907 -10.6779 -13.9645 0.228858 0.604106   1.0014  -0.202005   -0.43433 -0.0111136  0.000384196 -0.000129943 -1.66076e-05 -0.000154967  -0.00130739 -6.62479e-06 1.01495       0       0 0
             14.8998 -3.89512 -10.4509 -17.9694 0.213284 0.567111 0.999739 -0.179771 -0.416333 -0.019653  0.000385811 -0.000157005 -3.01069e-05 -0.000572943  -0.00192471 -2.65358e-05 1.01493       0       0 23958
             14.8998 -3.94428  -10.513 -18.0188 0.203476 0.557078 0.999722  -0.286602  -0.501603 -0.0257845  0.000384232 -0.000130216 -1.68388e-05 -7.75796e-05  -0.00126409 -5.19223e-05 1.01371       0       0 0
             15.0004 -3.66428  -9.9803  -22.689 0.178353 0.504789 0.998442   -0.267523   -0.538226 -0.00683968  0.000382318 -0.000163841 -2.77365e-05 -0.000385465  -0.00139333 -8.16312e-05 1.01372       0       0 24040
             15.0004 -3.71107 -10.0093 -22.7131 0.172946 0.504732  1.00062  -0.317479  -0.537922 0.00318689  0.000390981 -0.000151383 -2.20837e-05 -0.000123874  -0.00129419 -0.000190218 1.00441       0       0 0
             15.1002 -3.55179 -9.51118 -26.6392 0.150101 0.460368 0.999287   -0.24968  -0.448694 0.00772078  0.000398009 -0.000183964 -4.25799e-05 -0.000479613  -0.00177783 -0.000113379 1.00441       0       0 24001
             15.1002 -3.66767 -9.58228    -26.6 0.142248 0.452803  1.00626 -0.312055 -0.499951 0.0456603  0.000407069 -0.000162438 -4.59577e-05 -0.000299435  -0.00134172  -0.00035624 1.00753       0       0 0
             15.2001 -3.83781 -8.90444 -29.7778 0.120241 0.415836  1.00424 -0.232705  -0.35712 0.0169925  0.000419211 -0.000203324 -6.58648e-05 -0.000441268  -0.00183376 -0.000121613 1.00759       0       0 23998
             15.2001 -3.87002 -9.01736 -29.7948 0.105777 0.399409  1.01065 -0.347122 -0.460025 0.0503923  0.000403091 -0.000168959 -5.71645e-05 -0.000142229 -0.000982386 -0.000325633 1.00564       0       0 0
             15.2999 -3.68151 -9.29209 -32.7464 0.0807495  0.370293   1.00135  -0.285826  -0.250047 -0.0436762  0.000401547 -0.000180323 -7.04853e-05 -0.000229267  -0.00151297  0.000140589 1.00564       0       0 23961
             15.2999 -3.78136 -9.40086 -32.7171 0.070945 0.361738  1.00802    -0.35768   -0.301132 -0.00928237  0.000406144 -0.000152588 -7.25467e-05 -4.72069e-05  -0.00102575 -7.01323e-05 1.00525       0       0 0
             15.4002 -3.25598 -9.66366 -34.2871 0.0438018  0.350368  0.991786   -0.28644 -0.0723508  -0.110468  0.000376574 -0.000186276 -9.03416e-05 3.87212e-05  -0.0015453 0.000406231 1.00526       0       0 24038
             15.4002 -3.50245 -9.78145 -34.2109 0.0401748   0.34866   1.00207  -0.306929 -0.0819677 -0.0504614   0.00041525 -0.000161991 -0.000102288  4.7608e-05 -0.00139868 3.61085e-05 1.00043       0       0 0
                15.5 -2.96838  -9.0895  -34.049 0.0179893  0.349739  0.993449  -0.212479  0.0597188 -0.0743348  0.000397827 -0.000202327 -0.000117418 -9.65605e-05  -0.00162986  0.000140374 1.00041       0       0 23998
                15.5 -3.09366 -9.25252 -34.0002 0.0120334  0.342486   1.00204   -0.24747  0.0112775 -0.0236743  0.000404213 -0.000173517 -0.000122986 -0.000144902   -0.0012529  -0.00014368 1.00488       0       0 0
             15.5998 -2.28426 -9.10697 -32.1758 -0.00826438    0.353368    0.992545  -0.201486   0.157906 -0.0652221  0.000377534 -0.000189461 -0.000132301 -5.68918e-05  -0.00144092  0.000113738 1.00487       0       0 23982
             15.5998  -2.4243 -9.24559  -32.085 -0.0118855   0.350185    1.00043  -0.222586   0.135786 -0.0171088  0.000391494 -0.000163566  -0.00014597 -8.46607e-05  -0.00124266 -0.000167692 1.00332       0       0 0
             15.6998 -1.50908 -9.40351 -28.7592 -0.0288509   0.375248   0.989003  -0.193854   0.281061 -0.0769811  0.000383361 -0.000177994 -0.000145973 1.29021e-07 -0.00156283 0.000175073 1.00335       0       0 23982
             15.6998 -1.58773 -9.56855 -28.7092 -0.032867   0.36837  0.994176  -0.215831   0.230689 -0.0444303  0.000383783 -0.000151334  -0.00015215 -9.84716e-05  -0.00123706  8.41807e-06 1.00972       0       0 0
             15.8004 0.0787736  -10.3427  -25.0652 -0.05458 0.395726 0.982816  -0.237165   0.297697 -0.0604905  0.000360496 -0.000157396 -0.000136392 5.82532e-05 -0.00133565  0.00036481 1.00973       0       0 24039
             15.8004 -0.0124699   -10.4271    -24.968 -0.0585065   0.392303   0.987078  -0.265367   0.274568 -0.0346355  0.000365427   -0.0001409 -0.000151897  9.6125e-05 -0.00112731 0.000206877 1.00649       0       0 0
             15.9003 0.988456 -10.1944 -20.3809 -0.0834023   0.425421   0.979476  -0.267613   0.332913 -0.0629706  0.000356086 -0.000156955 -0.000139253 0.000131286 -0.00133215 0.000372422 1.00648       0       0 24003
             15.9003 0.800692 -10.2911 -20.3232 -0.0847908   0.419478   0.983297  -0.271404    0.28789 -0.0371153  0.000377787  -0.00014483 -0.000148573 7.18276e-07 -0.00108024 0.000242321 1.01134       0       0 0
             16.0001 0.671906 -9.62034 -16.5068 -0.112955  0.451822  0.977572  -0.304659   0.296707 -0.0523077  0.000371993 -0.000152854 -0.000125514 0.000113957  -0.0012742 0.000307637 1.01135       0       0 24000
             16.0001 0.559844 -9.69501 -16.4496 -0.115634  0.447036  0.981297  -0.327446   0.258911 -0.0270533  0.000383049 -0.000139022 -0.000135137 0.000120051 -0.00101919 0.000149108 1.01635       0       0 0
             16.0999 0.224271 -9.09544 -12.9751 -0.150374  0.473136  0.978844  -0.380008   0.219507 -0.0135552  0.000361146 -0.000135678 -0.000118315 0.000129315 -0.00118453 0.000182742 1.01637       0       0 23958
             16.0999 0.103829 -9.15989 -12.9049 -0.153048  0.468112  0.985243 -0.402329  0.179838  0.032404  0.000378521 -0.000124303 -0.000130862  0.000128511 -0.000910407 -0.000115402 1.01858       0       0 0
             16.2001 -0.141224  -9.20786  -10.1551 -0.195441  0.483964  0.982736   -0.460176    0.121736 -0.00403838  0.000352873 -0.000115906 -0.000108009  0.00013695 -0.00101852 0.000191747 1.01858       0       0 24039
             16.2001 -0.269351  -9.24259  -10.0868 -0.195323  0.480699  0.989401   -0.4566 0.0952966 0.0469831  0.000375422 -0.000109202 -0.000120618  1.76038e-05 -0.000857599 -0.000125652 1.0167      0      0 0
                16.3 -0.427779  -10.3135  -8.02979 -0.243619  0.492793  0.989157  -0.488383  0.0895907 0.00866883   0.00035004 -0.000101242 -9.40756e-05 0.000174293  -0.0011111 9.07777e-05 1.01669       0       0 24001
                16.3 -0.560003  -10.3596  -7.95807 -0.243362  0.489438  0.992352 -0.485735 0.0633571 0.0328533  0.000373281 -9.24566e-05 -0.000107275  9.86056e-05 -0.000945125 -5.73196e-05 1.0182      0      0 0
             16.3998 -0.898733   -11.812  -5.50263 -0.294159  0.501096  0.992296 -0.497966  0.129846 0.0134367  0.000362099 -9.06672e-05 -8.95912e-05 0.000302017 -0.00112467  0.00010955 1.01817       0       0 23960
             16.3998 -0.952769  -11.8522  -5.34717 -0.288127  0.505716  0.998622  -0.43374  0.170527 0.0638438   0.00036766 -8.13082e-05 -0.000118094 -0.000113949  -0.00142883 -0.000151058 1.01771       0       0 0
             16.5005 -1.52154 -13.4497 -2.34972 -0.336509  0.526231   1.00222 -0.430803  0.241435 0.0167496  0.000354635 -9.68292e-05 -8.28083e-05  0.000396856   -0.0013427 -0.000115024 1.01769       0       0 24040
             16.5005 -1.56881 -13.4163 -2.24746 -0.334347  0.523106   1.01063 -0.406001  0.218573  0.073744  0.000360898  -0.00010237 -0.000102885  0.000157105  -0.00120752 -0.000445482 1.01381       0       0 0
             16.6003   -2.2516  -12.7336 -0.586665 -0.3726 0.54649 1.00627  -0.324336   0.264986 -0.0458619  0.000355476 -0.000119542  -6.4135e-05  0.000577101  -0.00110493 -2.60026e-05 1.01372       0       0 23981
             16.6003  -2.33753  -12.6666 -0.458791 -0.366397  0.541516   1.00341  -0.269756   0.229647 -0.0641683  0.000368075 -0.000131044 -8.87229e-05  0.000247403 -0.000894494  0.000181555 1.01844       0       0 0
             16.7002 -2.82058 -11.1329 0.554212 -0.391398   0.56988  0.992101  -0.20433  0.318752 -0.106726  0.000365658 -0.000118393 -6.36693e-05  0.000522915 -0.000956066  0.000358046 1.01842       0       0 24019
             16.7002 -2.84571 -11.1431  0.67964 -0.384596  0.573857  0.997944  -0.134806   0.355041 -0.0568948  0.000368015 -0.000118959 -8.76516e-05 1.84668e-05  -0.0011789 0.000127033 1.02093       0       0 0
             16.8001 -3.37726 -11.0692  1.30188 -0.402169  0.608524  0.988535  -0.129825   0.380034 -0.0912129   0.00036073 -9.69616e-05 -5.98375e-05  0.000528556 -0.000981955  0.000222179 1.02084       0       0 23999
             16.8001 -3.45462 -11.0235  1.36202 -0.401414  0.609545   1.00208 -0.113604   0.38937 0.0031097  0.000373565 -0.000105633 -7.15499e-05  0.000296075   -0.0010098 -0.000367121 1.0193      0      0 0
             16.8999 -4.26731 -10.8013 0.466404 -0.410836  0.654057   0.99266 -0.0705605   0.482737 -0.0699692  0.000374147  -9.9765e-05 -3.86329e-05 0.000514842 -0.00112786 0.000121188 1.01925       0       0 23961
             16.8999 -4.30624 -10.7376 0.558572 -0.406071  0.659114   1.00139 -0.0201842   0.538111 0.00628542  0.000380889 -0.000113016 -5.75578e-05  9.47126e-05  -0.00144012 -0.000329523 1.01955       0       0 0
             17.0001  -4.47408  -11.2555 -0.502853 -0.409825  0.713468  0.994223 -0.0293964   0.608005 -0.0351729  0.000370303 -9.84754e-05 -3.98905e-05 0.000419598 -0.00116668 9.04269e-05 1.01945       0       0 24039
             17.0001  -4.52928  -11.2941 -0.400071 -0.40679 0.709594 0.997547 -0.0028009   0.578822 -0.0100241  0.000375277 -9.07662e-05 -5.77948e-05  0.000224135 -0.000968471 -2.60721e-05 1.01995       0       0 0
                17.1 -4.62048  -12.298 -2.36463 -0.404289  0.771837  0.987891  0.0520254   0.650204 -0.0917006  0.000379665 -9.25692e-05 -2.81508e-05 0.000305251  -0.0009985  0.00034599 1.01991       0       0 23999
                17.1 -4.76276 -12.1994 -2.27007 -0.401151  0.767498  0.994436   0.081848   0.619508 -0.0445274  0.000401419 -0.000111814 -4.71413e-05  6.23002e-05 -0.000777347  9.18958e-05 1.01614       0       0 0
             17.1998 -4.66543 -11.2068 -4.62923 -0.39503  0.83798 0.987358  0.0893647   0.701811 -0.0422984  0.000382525 -0.000129667 -3.31874e-05 0.000389625 -0.00108649 0.000209639 1.01609       0       0 23962
             17.1998 -4.71271   -11.23 -4.52483 -0.387928  0.845795  0.990464   0.166712    0.77001 -0.0136467  0.000392014 -0.000131953 -5.40388e-05 -0.000126299  -0.00153211  8.52587e-05 1.0175      0      0 0
             17.3004 -4.09765 -11.2718 -6.06344 -0.372047  0.923334   0.98672   0.220952   0.764562 -0.0106822  0.000388527 -0.000111465 -4.12979e-05 0.000260705 -0.00149923 0.000264695 1.01746       0       0 24040
             17.3004 -4.19659 -11.1919 -5.95934 -0.378825  0.918495   1.00478 0.171969 0.726734  0.10833  0.000399367 -0.000118667 -5.98553e-05  0.000389339  -0.00116848 -0.000545833 1.01949       0       0 0
             17.4003 -4.09415  -10.289 -7.67041 -0.353741  0.985938   1.00436  0.296164  0.658688 0.0129244  0.000389696 -0.000137027 -4.38469e-05  0.000421787  -0.00106456 -6.84627e-06 1.01946       0       0 23996
             17.4003 -4.14484 -10.2663 -7.58709 -0.352112   0.98624   1.00819   0.31461   0.66278 0.0429479  0.000396897 -0.000142202 -6.02567e-05  0.000274003  -0.00108563 -0.000180222 1.02223       0       0 0
             17.5001 -3.69929 -10.5331 -9.10508 -0.314579   1.05198   1.00178   0.402705   0.654853 -0.0785358  0.000389221 -0.000122324 -4.77372e-05 0.000237286 -0.00116146 0.000269375 1.02218       0       0 24002
             17.5001 -3.80693  -10.617 -9.00572 -0.310308   1.05401   1.00513   0.448708   0.674964 -0.0476714  0.000409046 -0.000110271 -6.68274e-05 -7.0549e-05 -0.00130841 0.000110542 1.01954       0       0 0
                17.6  -3.2787 -11.6327 -10.2724 -0.261993   1.12098  0.992979 0.535599 0.670518 -0.10586  0.000393304 -0.000119149 -5.46394e-05 8.97232e-05 -0.00130088 0.000352747 1.01952       0       0 23986
                17.6 -3.39457 -11.5969 -10.1842 -0.266989   1.11352  0.998745  0.489688  0.612039 -0.067668  0.000405706 -0.000120168 -6.91298e-05  0.000270789 -0.000865056  9.35946e-05 1.01811       0       0 0
             17.6999 -2.40585 -12.0181 -11.6085 -0.213203   1.17976  0.990506   0.55658  0.672375 -0.040962  0.000390508 -0.000126736 -5.45275e-05 0.000273311 -0.00112837  0.00030793 1.0181      0      0 23976
             17.6999 -2.50844  -12.061 -11.5224 -0.208923   1.18549   0.99569   0.606816   0.722368 0.00143659  0.000413214 -0.000123151 -7.21137e-05 -3.80792e-05  -0.00147988  6.36766e-05 1.02066       0       0 0
             17.8001 -1.62087 -12.0417 -12.4316 -0.151434   1.26039  0.999714  0.593104  0.756234 0.0630082  0.000392254 -0.000136872 -5.94785e-05 0.000247785 -0.00143751 3.23037e-05 1.02065       0       0 24041
             17.8001 -1.79786 -11.9745 -12.3867 -0.152584   1.25176   1.00189  0.582913  0.690616 0.0775437 0.000413353 -0.00014908 -6.6002e-05  0.000213001  -0.00100897 -3.67537e-05 1.0215      0      0 0
             17.8999 -1.51937 -11.0882 -13.0331 -0.0991365    1.32874    1.00622 0.499135 0.783763 0.055397  0.000402495 -0.000140532  -6.9009e-05  0.00038961 -0.00127603 0.000115965 1.02152       0       0 23999
             17.8999 -1.67843 -11.1674  -12.943 -0.0950161     1.3328    1.01726 0.553106 0.820351  0.14356  0.000436421 -0.000133022 -8.73883e-05  -4.7501e-06  -0.00154604 -0.000393964 1.02443       0       0 0
             17.9998 -1.54718 -11.7163 -13.1745 -0.0444099    1.41754    1.02474  0.520111  0.853222 0.0938572  0.000420012 -0.000125158 -6.94243e-05  0.000399107  -0.00156364 -0.000153763 1.02438       0       0 23960
             17.9998  -1.6306 -11.7107 -13.1102 -0.0492272    1.41221    1.02547  0.474565  0.813456 0.0978726  0.000425813 -0.000120369 -7.98393e-05  0.000609393  -0.00125133 -0.000215025 1.02133       0       0 0
             18.1004  -1.1934 -11.9565 -13.6828 0.00150851     1.4921    1.02804     0.50436    0.814075 -0.00605836  0.000404234 -0.000129371 -6.83936e-05 0.000507105 -0.00112438 4.33502e-05 1.0213      0      0 24040
             18.1004 -1.34647 -12.0232 -13.6353 0.00334247    1.49135    1.02702   0.522774   0.808836 -0.0132461  0.000430956  -0.00011969 -7.68378e-05 0.000395675 -0.00111494 0.000114985 1.02105       0       0 0
             18.2003 -1.24373 -12.4104 -15.1245 0.0578629   1.57543   1.02143   0.543236   0.843488 -0.0786106  0.000419986 -0.000134498 -5.31525e-05 0.000271765 -0.00124388 0.000143502 1.02106       0       0 23996
             18.2003  -1.3772 -12.3516 -15.0688 0.0553434   1.57172   1.03003   0.524964   0.814402 -0.0173824  0.000437511 -0.000143779 -6.25844e-05   0.00025695  -0.00102374 -0.000256293 1.02449       0       0 0
             18.3001 -0.81671 -11.5651 -17.2148 0.108541  1.65804  1.02706   0.532727   0.855352 -0.0201329  0.000425662 -0.000165062 -5.08332e-05  0.000267561  -0.00133417 -0.000169427 1.02452       0       0 24002
             18.3001 -0.984597  -11.5547  -17.1307 0.107868  1.65553   1.0276   0.525318   0.834154 -0.0150641  0.000449608 -0.000166521 -6.58088e-05  0.000271026  -0.00118252 -0.000201304 1.02494       0       0 0
             18.3999 -0.50178 -10.2617 -19.1159 0.161713  1.74199  1.02626  0.547495  0.837007 0.0395958  0.000437321 -0.000169972  -6.0567e-05  0.000359074  -0.00140119 -5.39061e-05 1.02495       0       0 24004
             18.3999 -0.661924  -10.3856  -19.0119 0.161555  1.73583  1.02957  0.548557  0.789555 0.0650099  0.000452765 -0.000150192  -7.7276e-05  0.000229933  -0.00111058 -0.000189995 1.02478       0       0 0
             18.4998 -1.25939  -10.463  -19.905 0.220112  1.81828  1.03604  0.613913  0.759068 0.0879013  0.000458247 -0.000158944 -7.84841e-05  0.000308505  -0.00144203 -8.83517e-05 1.02477       0       0 23958
             18.4998 -1.42755 -10.4118 -19.8554 0.218015   1.8192  1.04005 0.597204 0.766755 0.112753  0.000488735 -0.000164362 -8.76892e-05  0.000389383  -0.00144252 -0.000267145 1.0251      0      0 0
             18.6005 -1.88593 -9.83154 -21.1269 0.282761  1.89549   1.0464  0.651284  0.729947 0.0305683  0.000461471 -0.000169163 -7.60071e-05  0.000341331  -0.00161587 -0.000116712 1.02509       0       0 24044
             18.6005  -1.9559 -9.94726  -21.047 0.277115  1.88636  1.05308  0.598005  0.657165 0.0798386  0.000455638 -0.000141062 -8.48826e-05   0.00042602  -0.00107001 -0.000446619 1.02661       0       0 0
             18.7003 -1.23567 -11.4433 -21.9238 0.342199   1.9568  1.04461 0.660391 0.681511 -0.10424  0.000434349 -0.000148589 -8.00147e-05  0.000408174  -0.00138074 -5.39778e-05 1.02664       0       0 23994
             18.7003 -1.38817 -11.4877 -21.8295 0.337511  1.95228  1.04645    0.62021   0.651028 -0.0956223  0.000451372 -0.000134314 -9.42769e-05  0.000555595  -0.00110705 -0.000130064 1.02579       0       0 0
             18.8002 -0.768955   -12.244  -21.8552 0.407742  2.01841  1.03393  0.721347  0.649913 -0.094913  0.000443226 -0.000164945 -8.86021e-05 0.000313452 -0.00129969 1.34525e-05 1.02583       0       0 24004
             18.8002 -0.895802  -12.2876  -21.7455 0.40927 2.01663 1.03355   0.736998   0.636918 -0.0961427  0.000464289 -0.000157244 -0.000111094 0.000193391 -0.00125649 4.67927e-05 1.02468       0       0 0
                18.9 -0.468427  -12.0852  -21.2006 0.484002  2.08496  1.02536   0.734268    0.68216 -0.0282991  0.000441633 -0.000169159 -9.53166e-05  0.00028545 -0.00148937 0.000153009 1.0247      0      0 23995
                18.9 -0.569437  -12.1085  -21.1366 0.473883  2.07907  1.02784   0.644389   0.645348 -0.0215614  0.000453632  -0.00016335 -0.000106586 0.000738778   -0.001026 2.21156e-05 1.02823       0       0 0
             18.9998 0.373508 -11.0257 -20.9269 0.541575    2.149  1.02721  0.673026  0.710189 0.0127161  0.000435777 -0.000185912 -9.25815e-05 0.000537774 -0.00125934 6.73304e-05 1.02822       0       0 23963
             18.9998 0.179413 -10.9645  -20.865 0.540816  2.15108  1.03429  0.671769  0.725896 0.0609805  0.000471143 -0.000196799  -0.00010446  0.000519192  -0.00133363 -0.000256085 1.02767       0       0 0
             19.1005 -0.171915  -9.23377  -21.2668 0.61352 2.22473 1.03717  0.715729  0.746646 0.0448967  0.000466638 -0.000199594 -8.79309e-05  0.000283285  -0.00140594 -8.16879e-05 1.02766       0       0 24039
             19.1005 -0.28742 -9.24732 -21.1833 0.601807  2.21543  1.05419 0.618862  0.67519 0.153002  0.000468466 -0.000186259 -9.97482e-05  0.000517657 -0.000775962 -0.000843238 1.02568       0       0 0
             19.2003 -0.985921  -10.0685  -22.5054 0.668164  2.28848  1.05516   0.63663  0.740895 0.0330487  0.000463688 -0.000168332 -7.99842e-05  0.000422573  -0.00106673 -0.000267281 1.02571       0       0 23998
             19.2003 -1.11228 -10.1358 -22.4768 0.667156  2.29011  1.04898    0.621718    0.755903 -0.00899802  0.000489387 -0.000155256 -8.58049e-05  0.000597995  -0.00111337 -1.23915e-05 1.02844       0       0 0
             19.3002 -1.09796 -10.4472  -24.327 0.731397  2.37136  1.04219   0.617662   0.817214 -0.0624423  0.000461865 -0.000172241 -7.01106e-05 0.000465646 -0.00142005 0.000204924 1.02844       0       0 24004
             19.3002 -1.17036  -10.435 -24.2757 0.726659  2.37068   1.0443   0.569267   0.813357 -0.0495244  0.000475177 -0.000175012 -8.07498e-05 0.000737427 -0.00126322 6.90038e-05 1.02924       0       0 0
                19.4 0.0359493  -10.8473  -25.6613 0.787276  2.45437  1.03883   0.618784    0.83171 -0.0288914  0.000447555 -0.000174985 -7.56135e-05 0.000475665 -0.00146764 0.000201323 1.02924       0       0 23996
                19.4 -0.097446  -10.8367  -25.5961 0.781519  2.45241  1.04332    0.563108    0.818742 0.000187569  0.000473461  -0.00017726 -8.88021e-05  0.000741685  -0.00121692 -5.25392e-05 1.02654       0       0 0
             19.4998 0.0887701  -9.50082  -26.8508 0.847924  2.53025  1.04498   0.69856  0.734817 0.0342637   0.00046601 -0.000204589 -8.08496e-05  0.000360213  -0.00137895 -1.95457e-05 1.02653       0       0 23963
             19.4998 -0.0544416   -9.48152   -26.7702 0.842739  2.52856  1.05199  0.653564  0.723232 0.0797136  0.000491859 -0.000207356 -9.68689e-05  0.000537909  -0.00116104 -0.000378241 1.02978       0       0 0
             19.6005 -0.486617  -8.30321  -26.5738 0.915772  2.60092  1.05755  0.748463  0.666498 0.0736152  0.000467808 -0.000207135  -0.00010267  0.000385408  -0.00144892 -0.000191967 1.0298      0      0 24037
             19.6005 -0.637091  -8.29465   -26.466 0.903402  2.59454  1.06572 0.635191 0.625251 0.127688  0.000492106 -0.000204278  -0.00012248  0.000855711 -0.000839197 -0.000658661 1.03109       0       0 0
             19.7004 -0.52215 -8.27257 -25.8666 0.977358  2.65744  1.06725  0.748457  0.616893 0.0230605  0.000469121 -0.000191286 -0.000110063  0.000495841  -0.00113705 -0.000182339 1.03107       0       0 24004
             19.7004 -0.62696  -8.3818 -25.7709 0.976677  2.65555  1.06613  0.742071  0.603876 0.0154775  0.000486586 -0.000169013 -0.000128509  0.000496174  -0.00103527 -0.000128267 1.03518       0       0 0
             19.8002 -0.428406  -9.54292  -24.1456 1.05765 2.71863 1.05752  0.803667   0.60915 -0.078371  0.000471111 -0.000168293 -0.000125184 0.000343376 -0.00129824 0.000180902 1.03518       0       0 23996
             19.8002 -0.507694  -9.55837  -24.0497 1.04616 2.71422 1.06105   0.704126   0.585776 -0.0639118  0.000479544 -0.000160613 -0.000143049  0.000846522 -0.000851307  8.31059e-06 1.02836       0       0 0
             19.9001 -0.217467  -10.9958  -22.2613 1.12385 2.77282  1.0521   0.766887   0.555224 -0.0655621  0.000469074 -0.000156762 -0.000125266 0.000427935 -0.00115777 0.000182569 1.02837       0       0 24003
             19.9001 -0.295977  -11.0254  -22.1958  1.1145 2.77184 1.05157   0.673839   0.554774 -0.0734856   0.00047889 -0.000146977  -0.00013747  0.000993614 -0.000884656  0.000144942 1.0284      0      0 0
             19.9999 0.0446014   -10.492  -20.8691 1.18779  2.8213 1.04724  0.726392  0.477804 -0.010132  0.000442369  -0.00018461 -0.000111492  0.000523295 -0.000895737  0.000218058 1.02839       0       0 23960
             19.9999 -0.177915  -10.4075  -20.7676 1.18539 2.81164 1.04369   0.706417    0.40916 -0.0341307  0.000480242 -0.000203693 -0.000132447  0.000493146 -0.000401351  0.000397845 1.02707       0       0 0
             20.1001 -0.00704649    -9.02825    -20.1127 1.25137 2.85634 1.04711   0.60481   0.44363 0.0282783  0.000473879 -0.000182967 -0.000112243  0.000422015 -0.000550796  0.000107739 1.02708       0       0 24042
             20.1001 -0.183787  -9.16653  -20.0831 1.25285 2.86361  1.0403   0.607744   0.497728 -0.0166698    0.0005132 -0.000151629 -0.000118897  0.000590512 -0.000894098  0.000399425 1.0222      0      0 0
                20.2 -0.77558 -9.20319 -20.8614 1.30754 2.91652 1.04828  0.491303   0.47868 0.0345433  0.000483931 -0.000151646 -9.01086e-05  0.000614808   -0.0010998 -7.42499e-05 1.02221       0       0 24000
                20.2 -0.990044  -9.13938  -20.8387 1.29769  2.9128 1.05912 0.398149 0.444737   0.1122  0.000519301 -0.000157463 -9.31226e-05   0.00101781 -0.000652169 -0.000697073 1.02333       0       0 0
             20.2998 -1.78224 -9.23368 -23.5587 1.33512 2.96051 1.06897  0.301443   0.44358 0.0712817  0.000494833 -0.000167061 -6.68647e-05     0.000863 -0.000999612 -0.000737852 1.02332       0       0 23958
             20.2998 -1.90406 -9.08029 -23.5022 1.32548 2.95173 1.08381 0.218857 0.379461 0.169838  0.000509334 -0.000193672 -7.77718e-05   0.00111792 -0.000382297  -0.00147354 1.03172       0       0 0
             20.4004  -1.7293 -9.03325 -27.5098 1.34897       3 1.08782  0.151017   0.42499 0.0894196  0.000504366 -0.000196402 -5.82753e-05  0.000946996  -0.00109246 -0.000881841 1.03174       0       0 24041
             20.4004  -1.8368 -8.94846 -27.4767  1.3408 2.99662 1.08579 0.0713326  0.406788 0.0698028  0.000521619 -0.000206332 -6.48914e-05   0.00141311 -0.000756617 -0.000813957 1.03424       0       0 0
             20.5002 -1.63177 -8.42439 -32.8518 1.35574 3.03874 1.08323 0.0764089   0.35295 0.0533705  0.000508126 -0.000217621 -3.97872e-05  0.000940582  -0.00132999 -0.000274005 1.03418       0       0 23996
             20.5002 -1.79032 -8.32875 -32.8286 1.35437 3.03802 1.09461 0.0765824  0.345032  0.125674  0.000538317 -0.000239585 -4.53186e-05   0.00084857  -0.00126374 -0.000766675 1.03465       0       0 0
             20.6001 -1.97811 -7.62236 -37.9358 1.36791 3.07507 1.09181 0.0658431   0.31879   0.03333  0.000542367 -0.000246227 -5.28865e-05  0.000671502  -0.00180888 -5.00885e-05 1.03467       0       0 23985
             20.6001 -2.10813 -7.70222   -37.91 1.36393 3.06663 1.08564  0.0337901   0.261967 -0.0050277  0.000561063 -0.000227724 -5.67941e-05  0.00069322 -0.00136713 0.000231274 1.03944       0       0 0
                20.7 -2.43217 -7.02062 -42.2146 1.37182 3.09745 1.07331 -0.00679803    0.250757  -0.0887556  0.000555529  -0.00023471 -7.37227e-05 0.000659602 -0.00195095 0.000670209 1.03944       0       0 24017
                20.7 -2.59755  -7.0561 -42.1911 1.34783 3.07817 1.08231  -0.174438   0.125643 -0.0399345  0.000565539 -0.000211566 -7.32682e-05   0.00101672 -0.000573543  0.000311861 1.03971       0       0 0
             20.7998 -2.65144  -7.0265 -46.2369 1.33614 3.10101  1.0776  -0.209877   0.152573 -0.0480267  0.000547356 -0.000229901 -8.84346e-05  0.00112493 -0.00133313 0.000295421 1.03969       0       0 23961
             20.7998 -2.87424 -7.18241  -46.217 1.32334  3.0891 1.08074 -0.289864 0.0735717 -0.029931  0.000577154 -0.000194012 -8.84721e-05   0.00115682 -0.000567314   0.00018997 1.04323       0       0 0
             20.9005 -2.99396 -7.39368 -49.5417 1.30263 3.10582 1.07888  -0.289565  0.0849089 -0.0268877  0.000574529 -0.000234648 -0.000108863  0.00127311 -0.00138009 0.000115976 1.04329       0       0 24039
             20.9005 -3.14905 -7.52621   -49.52 1.28372 3.09179 1.08552      -0.409 -0.00963657   0.0121631  0.000584108 -0.000201008  -0.00010865   0.00133806 -0.000342623 -0.000123872 1.04418       0       0 0
             21.0003 -2.98576 -7.58843 -52.1505  1.2564 3.10012 1.08245  -0.360948  0.0345685 -0.0315601  0.000598621  -0.00024607 -0.000128892   0.00127567   -0.0012518 -3.94637e-05 1.04412       0       0 23997
             21.0003 -2.97399 -7.77501 -52.1764 1.25082 3.09129 1.08777   -0.38862 -0.0389093 0.00326254   0.00058617 -0.000213826 -0.000121515  0.000982607 -0.000790635 -0.000221595 1.0478      0      0 0
             21.1002 -2.04979  -7.9059 -53.4528 1.21988 3.09873 1.08342  -0.368392  0.0372897 -0.0446004  0.000554189 -0.000252348 -0.000145272   0.00128443  -0.00147456 -0.000131998 1.04781       0       0 24003
             21.1002 -2.24655 -8.11658 -53.4929 1.21025 3.08246 1.08507  -0.415311  -0.093765 -0.0287217  0.000573431  -0.00022187 -0.000135014  0.000750114 -0.000692567 -0.000129873 1.04994       0       0 0
                21.2 -1.88909 -8.05038 -53.9824 1.17228 3.08663  1.0752  -0.403054  0.0165757 -0.0872946  0.000578655 -0.000240581 -0.000156492  0.00154028 -0.00120706 5.36445e-05 1.05    0    0 23999
                21.2 -2.03251 -8.21016 -54.0051 1.15559  3.0685 1.08046  -0.497851  -0.127841 -0.0517221  0.000577384 -0.000219846 -0.000148149   0.00107998 -0.000124956 -7.88164e-05 1.04755       0       0 0
             21.2999 -1.93613 -7.67664 -53.6577 1.11462 3.07161 1.07343   -0.44162 0.00887727 -0.0679447   0.00057341 -0.000241397 -0.000171473   0.00172461 -0.000812891 -8.05036e-05 1.04753       0       0 23962
             21.2999 -2.03788  -7.8519 -53.6532 1.10396 3.05968 1.07953  -0.499287 -0.0886046 -0.0277652  0.000573457 -0.000215519  -0.00016826   0.00135857 -0.000118964 -0.000278926 1.04964       0       0 0
             21.4001 -1.47038 -6.89386 -52.9853 1.06452 3.06081 1.07269  -0.397143  0.0186781 -0.0534205  0.000558105 -0.000243987  -0.00017875   0.00163293 -0.000656725 -0.000128453 1.04965       0       0 24037
             21.4001 -1.59511 -7.04721 -53.0189 1.05556  3.0464 1.07743  -0.442369  -0.106554 -0.0182762  0.000562197 -0.000229646 -0.000167734  0.00107092 7.18603e-05  -0.0002686 1.05434       0       0 0
                21.5 -0.852281  -6.22046   -52.713 1.02363 3.05259 1.07147   -0.31676  0.0712922 -0.0472604  0.000548358 -0.000245613 -0.000176236   0.00160897   -0.0006301 -0.000131602 1.05439       0       0 24004
                21.5 -1.02119 -6.37699 -52.7451 1.01286 3.03934 1.07427  -0.378168 -0.0401618 -0.0258951  0.000559386 -0.000226973 -0.000165078   0.00120418  0.000138919 -0.000204378 1.05421       0       0 0
             21.5998 -0.280431  -5.23904  -53.0719 0.987572  3.04995  1.06738  -0.255235   0.111972 -0.0553353  0.000569632 -0.000245856 -0.000167776   0.00167728 -0.000514139 -3.92233e-05 1.05423       0       0 23959
             21.5998 -0.344493  -5.37686  -53.0913 0.973041  3.03526  1.07605  -0.341279 -0.0126805 0.00367868  0.000553821 -0.000228891 -0.000158182    0.0012704  0.000443896 -0.000378043 1.05676       0       0 0
             21.7005  0.58872 -5.09085 -54.4225 0.954746  3.05245  1.06767  -0.240252   0.157682 -0.0584915  0.000551033  -0.00024562 -0.000157921   0.00178831 -0.000568766 -4.24451e-05 1.05676       0       0 24037
             21.7005 0.438095 -5.28842 -54.4651 0.940605  3.03256  1.07162   -0.316917 -0.00880321  -0.0273741  0.000559798 -0.000212697 -0.000142968   0.00111548  0.000516756 -0.000184544 1.06409       0       0 0
             21.8003   1.2606 -5.52291 -57.0676 0.918911  3.04822  1.06259  -0.281328   0.108728 -0.0548931  0.000560146 -0.000249686 -0.000137552   0.00189467 -0.000403325  0.000121356 1.06415       0       0 24001
             21.8003  1.16648 -5.69198 -57.1184 0.914738  3.03781  1.06652  -0.296105  0.0157404 -0.0255565  0.000575479 -0.000214951  -0.00012744   0.00136248  5.40231e-05 -4.73173e-05 1.05896       0       0 0
             21.9002  1.55914  -5.0213 -59.1117 0.889606  3.05085  1.06146  -0.292683  0.0841179 -0.0404955  0.000573666 -0.000262726 -0.000147793   0.00218296 -0.000533138  0.000120774 1.05906       0       0 23997
             21.9002  1.41633 -5.24541 -59.1571 0.881398  3.03313  1.06174  -0.328894 -0.0703407 -0.0316508  0.000593849 -0.000224742 -0.000141126  0.00137296 0.000263851 0.000120041 1.0555      0      0 0
                  22 0.735678 -5.30941 -60.7001 0.851874  3.04121  1.06031  -0.367071  0.0312333 -0.0356386  0.000602675 -0.000236475 -0.000160298   0.00216027 -0.000406933   5.9453e-06 1.05566       0       0 24002
                  22 0.683706 -5.64082 -60.7835 0.846031  3.02199  1.06384   -0.388162   -0.143961 -0.00367588  0.000595728 -0.000203803 -0.000144546   0.00120845  0.000285287 -0.000143136 1.05244       0       0 0
             22.0999  0.54822 -6.51651  -61.815 0.804531  3.01943  1.05896  -0.462676 -0.0877508 -0.0526073  0.000609097   -0.0002241 -0.000166665   0.00220143 -0.000127764 -1.40506e-05 1.05255       0       0 23963
             22.0999 0.588198 -6.74432 -61.8617 0.795453  3.00301  1.05902  -0.514341  -0.236913 -0.0481508  0.000576149 -0.000204042 -0.000157103  0.00148863 0.000617603 5.46698e-06 1.04614       0       0 0
             22.2001 0.872215 -6.70019 -62.4466 0.743586  2.98811  1.05154  -0.561077  -0.208865 -0.0822573  0.000596817 -0.000231754 -0.000174654  0.00233065 0.000192073 4.46571e-05 1.04626       0       0 24040
             22.2001 0.885124 -6.95097 -62.5075 0.73718 2.97043 1.05372 -0.593626 -0.376003  -0.06081  0.000570551 -0.000212797  -0.00016341   0.00140893  0.000859917 -1.20356e-05 1.04559       0       0 0
                22.3 0.599792 -6.92058 -62.8715 0.679333  2.94434  1.05032 -0.620771 -0.306858 -0.038998  0.000603134 -0.000248958  -0.00018328   0.00227576  0.000310998 -0.000170456 1.04565       0       0 23996
                22.3 0.600002 -7.21301 -62.9201 0.674736  2.92961  1.04935  -0.644603  -0.447178 -0.0394991  0.000585523 -0.000207946 -0.000172301   0.00147498  0.000853144 -8.47774e-05 1.04373       0       0 0
             22.3998 0.230555 -7.02801 -62.9022 0.615754  2.89526  1.04744   -0.606031   -0.380683 -0.00334746  0.000589764 -0.000267269 -0.000188261   0.00225981  0.000259326 -0.000116119 1.04379       0       0 23964
             22.3998 0.275308  -7.2362 -62.9631 0.609608  2.87978  1.04672   -0.641692   -0.531082 -0.00165588  0.000571019 -0.000230345 -0.000173941   0.00136353   0.00093253 -3.47426e-05 1.04445       0       0 0
             22.5004 0.400687 -5.57395  -63.156 0.550078  2.83768   1.0506 -0.583133 -0.428456 0.0250554  0.000573541  -0.00029131 -0.000188629   0.00216359  0.000432316 -0.000221802 1.04456       0       0 24036
             22.5004 0.415634  -5.8195 -63.2102 0.541767  2.82094  1.05562 -0.634113  -0.59316 0.0674401  0.000567638 -0.000241522 -0.000175826   0.00118384   0.00125999 -0.000424818 1.04471       0       0 0
             22.6003 -0.379396  -4.80831  -64.2572 0.48678 2.78032 1.06097 -0.534921 -0.406947 0.0498007  0.000593352 -0.000285035 -0.000183196   0.00229141  0.000590227 -0.000451647 1.04486       0       0 23986
             22.6003 -0.35626 -5.06935 -64.2971 0.478049  2.76612  1.06159 -0.590082 -0.540284 0.0580573  0.000585965  -0.00023382 -0.000172546   0.00156403   0.00135013 -0.000442254 1.05737       0       0 0
             22.7002 -0.879231  -5.28573  -65.4397 0.430917   2.7286   1.0632 -0.471397 -0.377603 0.0325009  0.000598626 -0.000268598 -0.000189492   0.00244861  0.000588987 -0.000235752 1.05738       0       0 24018
             22.7002 -0.815556  -5.56652   -65.478 0.425123  2.71641  1.06766 -0.504934 -0.496206  0.067178  0.000582499  -0.00021267 -0.000178837   0.00172263   0.00114822 -0.000427634 1.04743       0       0 0
                22.8  -1.5176 -6.96044 -66.2026 0.386341  2.67802   1.0637  -0.398097  -0.401246 -0.0504833  0.000606368 -0.000255378 -0.000193712  0.00240772 0.000447999 -1.3585e-05 1.04744       0       0 24000
                22.8 -1.44482 -7.18785 -66.2708 0.37848 2.66012 1.06193  -0.446114   -0.57213 -0.0553229  0.000588138  -0.00021134 -0.000177428   0.0013887  0.00123383 0.000129472 1.04075       0       0 0
             22.8999 -1.95394 -7.51029 -67.0874 0.338984  2.61386  1.05053 -0.400359 -0.486851 -0.135684  0.000609463 -0.000270746  -0.00019231  0.00222901 0.000787328 0.000191256 1.04086       0       0 23960
             22.8999 -1.84373 -7.78045 -67.1475 0.335712  2.60082  1.05237 -0.416322  -0.61467 -0.117281  0.000583339 -0.000220868 -0.000177254  0.00135719  0.00123516 0.000167317 1.0383      0      0 0
             23.0001 -2.18973 -7.59258 -68.1585 0.294089  2.55085    1.039 -0.428106 -0.520288 -0.135582  0.000615347 -0.000271277 -0.000192515   0.0023491 0.000938275 0.000100568 1.03833       0       0 24041
             23.0001 -2.03938 -7.83591  -68.247 0.289755  2.53468  1.03857 -0.452889 -0.677852 -0.130757  0.000578324 -0.000234077 -0.000171418  0.00132306  0.00150009 0.000221896 1.03433       0       0 0
             23.0999 -2.43147 -6.93455 -69.3521 0.246485  2.48463  1.03576  -0.471154  -0.521311 -0.0227956  0.000612186 -0.000288472 -0.000192715   0.00251821  0.000981809 -0.000237222 1.03448       0       0 23998
             23.0999  -2.3477   -7.212 -69.4053 0.241786  2.46942  1.03435  -0.498309  -0.667867 -0.0258915  0.000587711 -0.000241949  -0.00017834   0.00158226   0.00150873 -6.74225e-05 1.03313       0       0 0
             23.1998  -2.6296  -6.0174 -70.0645 0.189497  2.41785  1.03287  -0.541759   -0.50956 -0.0359567  0.000618036 -0.000288581 -0.000205624   0.00256202   0.00127424 -0.000206662 1.03324       0       0 23961
             23.1998 -2.48404 -6.29629 -70.1532 0.184142  2.39838  1.03291  -0.573094  -0.700407 -0.0270906  0.000579866 -0.000244128 -0.000183152   0.00130856   0.00190712 -8.94423e-05 1.03392       0       0 0
             23.3004  -2.0303 -5.04029 -70.7799 0.126231  2.34468   1.0288  -0.597332  -0.547914 -0.0497257  0.000599125 -0.000288778 -0.000207088   0.00258054    0.0015537 -0.000144573 1.03396       0       0 24037
             23.3004 -1.90518 -5.26599 -70.8066 0.119642  2.33407  1.03392  -0.641784  -0.652956 -0.0106943  0.000566859 -0.000248053  -0.00019868     0.001903   0.00209216 -0.000338559 1.02869       0       0 0
             23.4003 -0.944525  -4.46691  -70.4672 0.0597827   2.27901   1.02995  -0.639578  -0.556718 -0.0544222  0.000590669  -0.00028568 -0.000223291  0.00257478  0.00156161 -0.00029377 1.02871       0       0 24003
             23.4003 -0.876974  -4.79703  -70.5194 0.0531568   2.26174   1.02736  -0.685137    -0.7257 -0.0672005  0.000567502 -0.000231104 -0.000211033   0.00148696   0.00222113 -7.50058e-05 1.03008       0       0 0
             23.5001  -1.3085 -4.80786 -69.7349 -0.0136766    2.20206    1.01654 -0.690915 -0.576608 -0.114852  0.000613238 -0.000272489 -0.000226885   0.00229004   0.00183668 -1.39837e-06 1.0301      0      0 24001
             23.5001 -1.18994 -5.04867 -69.7508 -0.0175104    2.19269    1.01836  -0.717953  -0.671014 -0.0987677  0.000582154 -0.000233862 -0.000223275   0.00166639   0.00222031 -6.11087e-05 1.02636       0       0 0
             23.5999 -1.48472 -4.44888 -68.1694 -0.0831258     2.1389    1.00928  -0.660707  -0.545863 -0.0336626  0.000611786 -0.000270772 -0.000240951  0.00247723   0.0016982 3.75358e-05 1.0264      0      0 23984
             23.5999  -1.3577 -4.68308 -68.2083 -0.090411   2.12385   1.01169  -0.713659  -0.698309 -0.0123852  0.000572155 -0.000243321  -0.00023089   0.00152674   0.00238818 -2.26288e-05 1.02573       0       0 0
             23.6998 -1.48543 -3.14919 -67.1385 -0.151856   2.06697   1.01327 -0.605412 -0.554979 0.0353402  0.000612966 -0.000283243 -0.000236781   0.00232836   0.00169006 -1.12423e-05 1.02577       0       0 23975
             23.6998 -1.34673 -3.45707 -67.1917 -0.155369    2.0533   1.01737 -0.629085 -0.694797 0.0701714  0.000575223 -0.000238957 -0.000222314   0.00140287   0.00217421 -0.000182153 1.03092       0       0 0
             23.8005 -1.62923 -3.15247 -66.7007 -0.211956   1.99974   1.01914 -0.528364 -0.532704 0.0121043  0.000610761 -0.000262459 -0.000229372   0.0024647  0.00172884 1.60028e-05 1.03087       0       0 24036
             23.8005 -1.50861 -3.34051 -66.7541 -0.221154   1.98305   1.02202 -0.592991 -0.699006 0.0370303  0.000569261 -0.000244644 -0.000213812   0.00147757   0.00257736 -8.31481e-05 1.02987       0       0 0
             23.9003 -1.93196 -2.71419  -66.709 -0.274236   1.92871   1.01867 -0.524158 -0.555925 -0.057323  0.000626414 -0.000262141 -0.000227274 0.00260487 0.00199822 0.00017741 1.02987       0       0 24002
             23.9003  -1.7419 -3.03743 -66.7625 -0.280347   1.91142   1.02137  -0.572184  -0.728744 -0.0308151   0.00057027 -0.000218319 -0.000210691  0.00154292  0.00275468 6.44205e-05 1.02969       0       0 0
             24.0002 -2.48364 -3.79782 -66.8394 -0.331374   1.85551   1.01011  -0.52422 -0.570204 -0.143844  0.000621399 -0.000238815 -0.000224276  0.00266705   0.0020399 0.000237448 1.02965       0       0 24002
             24.0002   -2.349 -4.05091 -66.8618 -0.337622   1.84204   1.01367 -0.569369 -0.703062 -0.115175  0.000577954 -0.000202178 -0.000216474  0.00185078  0.00269127 8.74413e-05 1.03058       0       0 0
                24.1 -2.96735 -4.54696 -66.6293 -0.389813   1.78175  0.999533 -0.522255 -0.617367  -0.15314  0.000616692 -0.000243486 -0.000228241  0.00255783  0.00224603 6.31255e-05 1.03063       0       0 23996
                24.1 -2.81434 -4.77258 -66.6574 -0.398169   1.76719    1.0023 -0.587551 -0.762721 -0.128564  0.000562659 -0.000220735 -0.000219734    0.0017219   0.00305864 -2.93969e-05 1.03273       0       0 0
             24.1999 -2.66738 -3.74251 -66.7466 -0.448764   1.70422  0.991057  -0.527888  -0.637021 -0.0726826  0.000620965 -0.000267896  -0.00023101   0.00258118   0.00221263 -4.59495e-05 1.03299       0       0 23964
             24.1999  -2.4754 -3.89122 -66.7686 -0.45189  1.69407 0.995378  -0.554093  -0.740767 -0.0361573  0.000569147 -0.000254111 -0.000224356   0.00193555   0.00264777 -0.000238961 1.03231       0       0 0
             24.3001 -2.08025 -2.46861 -66.3696 -0.503522   1.63084  0.990342  -0.569669  -0.632996 -0.0307542   0.00061628 -0.000274446 -0.000232028   0.00249339   0.00201499 -9.57276e-05 1.03232       0       0 24038
             24.3001  -1.9132 -2.73834 -66.4225 -0.515431   1.60904  0.993354   -0.653642   -0.847528 -0.00270055  0.000550113 -0.000253927 -0.000219714   0.00126431   0.00310678 -0.000165095 1.03509       0       0 0
             24.3999 -1.45998 -1.66979 -66.6909 -0.579882   1.54249  0.986198  -0.666486  -0.659329 -0.0713868  0.000613241 -0.000267521 -0.000227223  0.00248781  0.00253443 0.000212154 1.03507       0       0 24002
             24.3999  -1.2254 -1.87937 -66.7119 -0.582565   1.53233  0.990077  -0.687072  -0.761755 -0.0359015  0.000553496 -0.000241965 -0.000222647   0.00184238   0.00292727 -6.50044e-07 1.03477       0       0 0
             24.4998 -0.615872  -1.82557  -66.0195 -0.649241    1.4717  0.984541  -0.689294  -0.590094 -0.0754632  0.000604591 -0.000252121 -0.000237755   0.0027481  0.00246269 3.80249e-06 1.0348      0      0 23960
             24.4998 -0.477216  -2.16667  -66.0593 -0.654044   1.45756  0.983781 -0.721313 -0.729457   -0.0773   0.00055984 -0.000203131 -0.000229763  0.00188525  0.00302115 5.84699e-05 1.0335      0      0 0
             24.6004 -0.610206  -2.43266  -64.7614 -0.725141   1.39783  0.971128 -0.700461 -0.573199 -0.110653  0.000616489 -0.000236207 -0.000243955  0.00268768  0.00265875 0.000327041 1.0335      0      0 24023
             24.6004 -0.396807  -2.65666  -64.7994 -0.728864   1.38452  0.975323  -0.729009  -0.707766 -0.0725836  0.000557229 -0.000217598 -0.000237012  0.00184098   0.0031969 8.31838e-05 1.03387       0       0 0
             24.7003 -0.827628  -2.22467   -63.069 -0.798828   1.32483  0.968089  -0.675976  -0.607835 -0.0368417  0.000613378 -0.000239192 -0.000252467  0.00254193  0.00297581 0.000236969 1.0339      0      0 24016
             24.7003 -0.679823  -2.39866  -63.1286 -0.808086   1.30827  0.971749   -0.741696   -0.772846 -0.00638233  0.000551923 -0.000242495 -0.000238581  0.00166098  0.00383201 6.88781e-05 1.03153       0       0 0
             24.8001 -1.85008 -1.27422 -62.4543 -0.873998   1.24356  0.975768 -0.632388 -0.638535 0.0557477  0.000610223 -0.000264397 -0.000244098  0.00234145  0.00333126 -7.9185e-06 1.03156       0       0 23998
             24.8001 -1.63823 -1.58024 -62.4876 -0.876424   1.23283   0.97735  -0.64585 -0.744859  0.070859  0.000553405 -0.000227439 -0.000233197   0.00170229    0.0037032 -8.31416e-05 1.03103       0       0 0
                24.9 -1.81934 -1.80035 -62.2387 -0.929372   1.17458  0.985171 -0.498738 -0.580796 0.0714207   0.00060671 -0.000240218 -0.000241204   0.00247763   0.00305937 -9.37722e-05 1.03109       0       0 23999
                24.9 -1.63738 -2.11668 -62.2625 -0.93351  1.16142 0.984187 -0.524157 -0.708791 0.0676743  0.000550386 -0.000202302 -0.000230842    0.0017417   0.00358047 -3.26321e-05 1.02671       0       0 0
             24.9998  -2.1433 -2.95031 -62.2427 -0.980118   1.10271  0.986864  -0.452364  -0.590988 -0.0152538  0.000607488 -0.000233568 -0.000234416 0.00248782 0.00316938 6.0831e-07 1.02669       0       0 23964
             24.9998 -1.96671 -3.20393 -62.2583 -0.98342  1.09278 0.986462  -0.472832  -0.686953 -0.0141119  0.000557507 -0.000199267 -0.000228094  0.00193422  0.00357491 2.46571e-05 1.02928       0       0 0
             25.1001 -2.48979 -3.81726 -62.5479  -1.0268  1.03666 0.982122  -0.436703  -0.563698 -0.0724183  0.000604436 -0.000246121 -0.000232106   0.00270846   0.00311351 -1.43397e-05 1.02926       0       0 24036
             25.1001 -2.30911 -4.05405 -62.6028 -1.03273   1.0201 0.983968  -0.471502  -0.724134 -0.0534972  0.000547663 -0.000212364 -0.000216948   0.00177462   0.00381322 -7.45103e-05 1.02181       0       0 0
             25.1999 -1.50134 -3.72756 -62.8817 -1.07526 0.963619 0.976444  -0.446379   -0.54737 -0.0536762  0.000574798 -0.000281929 -0.000231544  0.00272244  0.00323958 1.37619e-05 1.02176       0       0 23964
             25.1999 -1.28247 -3.87615 -62.8939  -1.0747 0.957705 0.980397  -0.437547  -0.608751 -0.0233877  0.000525746 -0.000248589 -0.000227804  0.00224853  0.00336944 -0.00017758 1.03206       0       0 0
             25.3002 -0.493622  -3.29774  -62.0879 -1.11793 0.906264 0.975591  -0.468766  -0.508374 -0.0179191  0.000582626 -0.000284446 -0.000237628  0.00275482  0.00301482 6.42908e-05 1.03206       0       0 24039
             25.3002 -0.340157  -3.56722  -62.1493 -1.12659 0.886414 0.975789    -0.52411   -0.700794 -0.00980179  0.000549402 -0.000225901 -0.000225332  0.00159313  0.00399826 0.000111253 1.02831       0       0 0
                25.4 -0.484816  -3.15406  -62.1073 -1.17944 0.831306 0.973614  -0.579706  -0.550747 -0.0223273  0.000600468  -0.00027385 -0.000230038  0.00265115  0.00347444 0.000212354 1.0283      0      0 23999
                25.4 -0.262443  -3.38635  -62.1423 -1.17924 0.823769 0.975213   -0.572663   -0.627109 -0.00774532  0.000551762 -0.000223714 -0.000222416 0.00208854 0.00366281 0.00013439 1.01932       0       0 0
             25.4998 0.160278 -3.91614 -61.5378 -1.24214 0.773011 0.972956  -0.703146  -0.509894 -0.0730359  0.000585031 -0.000262677  -0.00023576  0.00291518  0.00334934 3.57088e-05 1.0193      0      0 23962
             25.4998 0.379013 -4.21705 -61.5877 -1.24863 0.755735 0.972311  -0.742446  -0.677964 -0.0716671  0.000536736  -0.00019802 -0.000225801  0.00187762  0.00416127 8.53199e-05 1.03166       0       0 0
             25.6001 0.421186 -4.46609 -60.5569 -1.32816  0.69853 0.963456  -0.83296 -0.584265 -0.101726  0.000606933 -0.000268558 -0.000238032  0.00271271  0.00385422 2.54143e-05 1.03166       0       0 24021
             25.6001 0.632594 -4.62586  -60.591 -1.33319 0.687017  0.96412  -0.863326  -0.695635 -0.0935437  0.000561081 -0.000234122 -0.000231956  0.00203994  0.00442542 3.83483e-06 1.02503       0       0 0
                25.7 -0.0235281   -4.05869   -59.4505 -1.41307 0.631131 0.959563  -0.802954  -0.559865 -0.0110336  0.000613135 -0.000282423 -0.000242094    0.0028127   0.00377771 -7.44569e-05 1.02499       0       0 24015
                25.7 0.174938 -4.27753 -59.4514 -1.41249  0.62367 0.957941   -0.79369  -0.633535 -0.0192571  0.000568356 -0.000232014 -0.000242187  0.00226917  0.00395943 3.08121e-05 1.02534       0       0 0
             25.7999 -0.86994 -2.45171 -57.7597 -1.48674 0.567111 0.961832 -0.727824 -0.576345  0.057892  0.000610867 -0.000289448 -0.000251969   0.00268137   0.00358973 -9.02622e-05 1.02528       0       0 23964
             25.7999 -0.641803   -2.7322  -57.8003 -1.48776 0.553674 0.953023    -0.727012    -0.705541 -9.64488e-05  0.000560411 -0.000233003 -0.000240463  0.00181723  0.00404702 0.000427973 1.02325       0       0 0
             25.9001  -1.3668 -1.74148 -56.8563  -1.5634 0.491086 0.963787 -0.713198 -0.633268  0.100932  0.000614247 -0.000267614 -0.000249037   0.00256082    0.0040968 -0.000298975 1.02319       0       0 24037
             25.9001 -1.07825 -2.00891 -56.9055 -1.56996 0.473959 0.965804 -0.775502 -0.812471  0.125915  0.000542544 -0.000220853 -0.000232501  0.00160316  0.00517002 -0.00043712 1.02185       0       0 0
                  26 -1.48288 -1.99868  -56.352 -1.64634 0.406609 0.979886 -0.751156 -0.689898  0.105056  0.000598949 -0.000257888 -0.000243854   0.00267889   0.00481074 -0.000600425 1.02188       0       0 24001
                  26 -1.22826 -2.29803  -56.369 -1.64726 0.397491 0.979884 -0.750245 -0.777222  0.107575  0.000539573 -0.000197946 -0.000237794   0.00209332   0.00513224 -0.000595362 1.01842       0       0 0
             26.0998   -1.644 -3.17092 -56.5375 -1.71556 0.335087  0.97974  -0.700276  -0.648068 -0.0279954  0.000597418 -0.000248594 -0.000233072   0.00310588    0.0043395 -0.000234489 1.01838       0       0 23962
             26.0998 -1.48762 -3.38068 -56.5688 -1.71948 0.323273 0.978188   -0.7193 -0.759104 -0.035128  0.000558254 -0.000207745 -0.000224906   0.00245134   0.00489589 -0.000143053 1.02349       0       0 0
             26.2004 -2.33578 -4.02873 -57.2344 -1.78007 0.260239 0.966048 -0.631558 -0.645811 -0.113327   0.00062545  -0.00025214 -0.000227721    0.003055  0.00394972 0.000185169 1.02349       0       0 24038
             26.2004 -2.12722 -4.26298 -57.2622 -1.78479 0.247794 0.966838  -0.65652  -0.76185 -0.102831  0.000574451  -0.00020574 -0.000220322  0.00238288  0.00456411 0.000156904 1.01925       0       0 0
             26.3003 -2.36133 -4.40864 -57.6829 -1.84308 0.180947 0.961076  -0.607388  -0.673803 -0.0152704  0.000607229 -0.000269625 -0.000234602  0.00275076  0.00393883 5.24275e-05 1.01926       0       0 24000
             26.3003 -2.17643 -4.58646 -57.6792 -1.84321 0.172928 0.960065  -0.602396  -0.751274 -0.0186968  0.000561067 -0.000236972 -0.000233913  0.00221198  0.00419663 0.000126693 1.01598       0       0 0
             26.4001 -1.70663 -3.73468 -57.7499 -1.90457 0.102513 0.961075 -0.641383 -0.711629 0.0338846  0.000613683 -0.000276627 -0.000235052  0.00256118  0.00398426 0.000149602 1.01599       0       0 24000
             26.4001 -1.47225 -4.02106 -57.8305  -1.91581 0.0815136  0.961403 -0.711136 -0.908187 0.0430578  0.000536668 -0.000240074 -0.000216024   0.0015364  0.00517852 0.000204862 1.01636       0       0 0
                26.5 -0.881052   -3.8317  -58.4459   -1.98369 0.00881766   0.965918 -0.721203 -0.728208 0.0117084  0.000610853 -0.000274586 -0.000228197  0.00250603   0.0044501 7.63829e-05 1.01641       0       0 24003
                26.5 -0.590231  -4.06496  -58.4619   -1.98158 0.00316676   0.964417  -0.700623  -0.785064 0.00353899   0.00054524 -0.000232015 -0.000224651  0.00205569  0.00451139 0.000173852 1.01755       0       0 0
             26.5998 0.0142465  -4.40114  -58.2241   -2.05057 -0.0598676   0.961177  -0.714342  -0.639484 -0.0876723  0.000606025 -0.000257241 -0.000232151  0.00310469  0.00397252 8.84434e-05 1.01763       0       0 23959
             26.5998 0.168387 -4.70617 -58.2754  -2.05922 -0.078639  0.956496 -0.765302 -0.815075  -0.11508  0.000554413 -0.000204061 -0.000221499  0.00214658   0.0049436 0.000382599 1.01435       0       0 0
             26.7001 -0.0644055   -5.18096    -57.587  -2.13446 -0.143805  0.948707  -0.76139 -0.646774 -0.103364  0.000632101 -0.000255764  -0.00024241 0.00313949  0.0044044 3.0188e-05 1.01449       0       0 24036
             26.7001 0.247463 -5.39706 -57.6054   -2.1348 -0.151808   0.94855 -0.757462 -0.724523  -0.10027  0.000559432  -0.00021659 -0.000239061   0.0025982  0.00465194 4.90086e-05 1.00925       0       0 0
                26.8 0.560456 -5.40744 -55.9903  -2.20739 -0.216226  0.946301  -0.711177  -0.653218 0.00655561  0.000607081 -0.000265322 -0.000252857   0.00297229   0.00437781 -0.000237939 1.00927       0       0 23997
                26.8 0.790253 -5.66081 -56.0453   -2.2114 -0.230637  0.944378   -0.729998   -0.790397 -0.00237947  0.000546641 -0.000225994 -0.000240702   0.00214691   0.00500956 -9.38997e-05 1.00863       0       0 0
             26.8998 0.448003 -5.08171 -55.1332  -2.27927 -0.304719  0.948386 -0.652858 -0.773494 0.0543864  0.000608599 -0.000275669 -0.000241073   0.00259735    0.0046725 -0.000170045 1.00865       0       0 23967
             26.8998 0.695959 -5.24911 -55.2119  -2.28471 -0.317689   0.94835   -0.6824 -0.893767 0.0583713   0.00054316 -0.000254836 -0.000222163   0.00193132   0.00532684 -0.000143829 1.00747       0       0 0
             27.0005  1.11597 -3.69438 -55.0502  -2.34729 -0.395722  0.953283  -0.59488 -0.782092 0.0392092   0.00060355 -0.000281861 -0.000235074   0.00275183   0.00486369 -0.000123538 1.00749       0       0 24039
             27.0005  1.36629 -3.96742 -55.1046  -2.34752 -0.405029  0.950106 -0.587959 -0.870005 0.0198776  0.000543087 -0.000239958 -0.000221397  0.00217752  0.00516589 7.42365e-05 1.00561       0       0 0
             27.1003  1.22845 -4.21439 -55.2216  -2.40212 -0.479078  0.950476  -0.536296  -0.740525 -0.0513219   0.00062532 -0.000249076 -0.000233908   0.00291755   0.00475159 -3.99758e-05 1.00564       0       0 23999
             27.1003  1.44535 -4.49602  -55.294  -2.40996 -0.496149  0.947137  -0.580825  -0.895505 -0.0711273  0.000554903 -0.000210272 -0.000214052  0.00214766  0.00564313 0.000147821 1.00718       0       0 0
             27.2001 0.300817 -5.39463 -56.1786  -2.45948 -0.567407  0.935286  -0.52862 -0.732053 -0.143968  0.000649186  -0.00023761 -0.000221015 0.00303597  0.0047455 0.00018954 1.00718       0       0 24000
             27.2001 0.563887 -5.65507 -56.2512  -2.46647 -0.583298  0.934796 -0.567228 -0.877786 -0.143426  0.000572045 -0.000198359 -0.000203132  0.00227699   0.0055552 0.000221269 0.993903        0        0 0
                27.3 -0.287824  -6.76321  -58.0309  -2.51498 -0.651465  0.922275 -0.515983 -0.692649 -0.101962  0.000644349 -0.000238957 -0.000208567  0.00323016  0.00456632 0.000145951 0.993966        0        0 24000
                27.3 -0.0362489   -6.89181   -58.0987  -2.51987 -0.663562  0.922743  -0.543114  -0.806513 -0.0947591  0.000574744   -0.0002245 -0.000193005  0.00261456  0.00516702 0.000140283 0.986936        0        0 0
             27.3998   0.1279 -5.76935 -58.5969  -2.56652 -0.725025  0.922299 -0.483365 -0.576288 0.0192233  0.000641248 -0.000275112 -0.000235953   0.00328175   0.00440321 -9.24105e-05 0.986961        0        0 23962
             27.3998 0.355219 -6.08361 -58.6432  -2.57302 -0.744122   0.91875 -0.518763 -0.754226 0.0028278  0.000566448 -0.000234601 -0.000223302  0.00228632  0.00527997 0.000145648 0.986728        0        0 0
             27.5005 0.162867 -6.43532 -58.5033   -2.6161 -0.801873  0.925911 -0.420305 -0.556448  0.069853  0.000658999 -0.000250169  -0.00024351   0.00298579   0.00455287 -0.000155873 0.986733        0        0 24041
             27.5005  0.45477 -6.67862  -58.551  -2.62039 -0.814787  0.925396  -0.44388 -0.678441 0.0714471  0.000575694   -0.0002257 -0.000230886   0.00228061   0.00512902 -8.79608e-05 0.98344       0       0 0
             27.6003 0.163817 -7.14295 -57.0927  -2.66047 -0.866273  0.934699 -0.391239 -0.482947 0.0938323  0.000647289 -0.000241507 -0.000266895   0.00311436   0.00470856 -0.000212802 0.983446        0        0 23981
             27.6003 0.460418 -7.42014 -57.1696  -2.66599 -0.881212  0.934445 -0.422246 -0.623803 0.0983528  0.000558517 -0.000215233 -0.000246844    0.0023382   0.00538689 -0.000155963 0.986762        0        0 0
             27.7002 0.700724 -9.63535 -54.9952  -2.70603 -0.928166  0.946438 -0.396794 -0.424159  0.163792  0.000614303 -0.000225725 -0.000264963   0.00302931   0.00502085 -8.63344e-05 0.986782        0        0 24015
             27.7002  1.00428 -9.96058 -55.0615  -2.70757 -0.940906   0.94332 -0.398142  -0.54485  0.148034  0.000536174 -0.000184996 -0.000250733  0.00229345  0.00545552 0.000127813 0.983662        0        0 0
             27.8001 0.701336 -11.7317 -51.6655  -2.74454 -0.978149  0.961005 -0.297063 -0.299908  0.188845  0.000615158 -0.000227525 -0.000280226  0.00305101   0.0052011 3.60652e-05 0.983677        0        0 24003
             27.8001 0.978283 -11.8384 -51.7279   -2.7433 -0.983766   0.96499 -0.280569 -0.359368  0.222225  0.000554369 -0.000222082 -0.000266647   0.00259273   0.00531698 -0.000131453 0.971402        0        0 0
             27.8999 -0.382081  -11.0189  -47.6086  -2.7645 -1.00744 0.983572 -0.127559  -0.12661  0.170984  0.000604549  -0.00027318 -0.000283326   0.00295171   0.00534837 -5.99568e-05 0.971415        0        0 23960
             27.8999 -0.155292  -11.3118  -47.6617 -2.76367 -1.01775 0.984844 -0.107857 -0.226538  0.187777  0.000549143  -0.00023515 -0.000264797   0.00225521   0.00565088 -3.97571e-05 0.969708        0        0 0
             28.0001 -1.57685 -12.2206 -43.0277 -2.77555  -1.0269  1.00107 -0.0634121 0.00455817   0.120252  0.000583913 -0.000261941 -0.000279986  0.00268562   0.0058159 -0.00010165 0.969715        0        0 24040
             28.0001 -1.27491  -12.514 -43.0838 -2.76535 -1.02564  1.00199  0.0188571 0.00181487   0.131491  0.000524554 -0.000198733 -0.000265057   0.00226274   0.00535401 -9.67143e-05 0.976496        0        0 0
                28.1 -1.44206 -11.8394 -38.3542 -2.76694 -1.01692  1.00905 0.0262572  0.140089 0.0260986  0.000557649 -0.000282162 -0.000267451  0.00294225  0.00551316 -0.00010493 0.976511        0        0 24001
                28.1 -1.13842 -12.0327  -38.429 -2.76387 -1.02198  1.01058 0.0598068 0.0887924 0.0411068    0.0004922 -0.000239433 -0.000248843   0.00243198   0.00560029 -0.000113306 0.984025        0        0 0
             28.1998 -0.343528  -11.6025  -34.5124 -2.76698 -1.00812  1.00749 -0.0169154    0.20117 -0.0626403  0.000527518 -0.000265663 -0.000245377   0.00309282   0.00592478 -3.83636e-06 0.984039        0        0 23959
             28.1998 -0.100222  -11.9536  -34.5868 -2.76095 -1.01188  1.00288  0.0361768   0.161824 -0.0884281  0.000479955 -0.000196678 -0.000229132  0.00261447  0.00587613 0.000316201 0.988542        0        0 0
             28.3004 0.146591 -11.4947 -31.4818   -2.7637 -0.987856  0.995899 -0.0157384   0.270866  -0.105974  0.000534045 -0.000253604 -0.000223309  0.00310618  0.00589591 5.17962e-06 0.988562        0        0 24038
             28.3004  0.20622 -11.7827 -31.5249  -2.75972 -0.994953   0.98626 0.0230701  0.211307 -0.167087  0.000520217 -0.000199471 -0.000212867  0.00271967  0.00607617 0.000580591 1.00062       0       0 0
             28.4003 -0.200255  -10.7109  -29.0751  -2.76492 -0.969494  0.985417 -0.0346517    0.26603 -0.0676804  0.000527903 -0.000262515 -0.000205918  0.00306514  0.00619639 -0.00032245 1.00075       0       0 24004
             28.4003 -0.236681  -10.9567  -29.0972  -2.75774 -0.971191  0.981735  0.0295041   0.244699 -0.0877428   0.00053991 -0.000206611 -0.000201399   0.00258776   0.00607743 -6.15799e-05 1.01902       0       0 0
             28.5001 -0.626122  -9.25061  -27.4702   -2.7632 -0.944489  0.982768 -0.0647646   0.247703  -0.046778  0.000533059 -0.000268999 -0.000193896   0.00298104   0.00611311 -0.000727046 1.01913       0       0 23996
             28.5001 -0.597104  -9.47613  -27.4909  -2.75867 -0.947966  0.977164 -0.0234468   0.216481 -0.0813811   0.00052764 -0.000217024 -0.000188555    0.0026263   0.00616443 -0.000375039 1.03176       0       0 0
                28.6 -0.83784 -7.68981 -26.7297  -2.77073 -0.930104  0.974174  -0.146993   0.131846 -0.0609673  0.000515649 -0.000269026 -0.000182119   0.00303112   0.00629689 -0.000760442 1.03181       0       0 23981
                28.6 -0.889432  -7.88458  -26.7479  -2.76215 -0.929786  0.968723 -0.0725674   0.125732 -0.0934554  0.000529116  -0.00022305 -0.000177982  0.00253128  0.00606715 -0.00040439 1.03211       0       0 0
             28.6999 -1.17069 -6.47091  -26.735  -2.77712 -0.917939  0.963458  -0.195499  0.0575057 -0.0644843   0.00054619 -0.000258654 -0.000176701   0.00288113   0.00592402 -0.000661047 1.03218       0       0 23981
             28.6999 -1.11361 -6.72196 -26.7788  -2.77327 -0.923203  0.955755 -0.158224 0.0147913 -0.113598  0.000533338 -0.000203384 -0.000165421    0.0025151   0.00608242 -0.000200445 1.02843       0       0 0
             28.8001 -1.37721 -5.68078 -27.5087  -2.79454 -0.919198  0.952241  -0.252761  -0.039455 -0.0530036  0.000550113 -0.000253877 -0.000173842    0.002852  0.00571296 -0.00062561 1.0285      0      0 24042
             28.8001 -1.37506 -5.83737 -27.5803 -2.79451 -0.92645 0.946147  -0.247431 -0.0935049 -0.0932526  0.000548989 -0.000219525 -0.000155978   0.00265733   0.00606632 -0.000267352 1.03488       0       0 0
             28.8999 -1.58617 -4.35292 -29.4021   -2.8268 -0.935943  0.942955  -0.369338   -0.15505 -0.0462364  0.000563216 -0.000268162 -0.000163084   0.00301205   0.00590061 -0.000600449 1.03495       0       0 23996
             28.8999 -1.53845 -4.57889 -29.5029 -2.82534  -0.9431 0.934511 -0.352085 -0.209428 -0.102096  0.000551564 -0.000218033 -0.000137956   0.00273243   0.00619984 -0.000111946 1.027     0     0 0
             28.9998 -2.09846  -3.8184 -32.4008 -2.86675 -0.96325  0.93071  -0.458647   -0.25274 -0.0501996  0.000585027 -0.000257671 -0.000150875   0.00298874   0.00600977 -0.000435465 1.02705       0       0 23962
             28.9998 -1.93571  -4.1025 -32.4786  -2.86137 -0.968674  0.921451 -0.408346 -0.299528 -0.110825  0.000546872 -0.000194128 -0.000130879  0.00249128  0.00610883 9.93682e-05 1.01895       0       0 0
             29.1004 -2.64959 -3.47479 -35.2919  -2.90846 -0.992814  0.919431  -0.517073  -0.270058 -0.0478593  0.000598947 -0.000261339 -0.000161803   0.00290545   0.00580749 -0.000438593 1.019     0     0 24039
             29.1004 -2.49183 -3.65959 -35.3195  -2.90687 -0.999126  0.912524  -0.497293  -0.320065 -0.0939477  0.000560606 -0.000219226  -0.00015341   0.00258314   0.00603096 -3.60564e-05 1.00613       0       0 0
             29.2003 -3.35139 -2.57713 -37.9382 -2.96264 -1.02353  0.91368  -0.594973  -0.253798 0.00807445  0.000612163   -0.0002659 -0.000175281   0.00303228   0.00579337 -0.000579851 1.00616       0       0 23998
             29.2003 -3.17112 -2.84207 -38.0291 -2.96087 -1.03119 0.907826  -0.571288  -0.317231 -0.0303317  0.000567009 -0.000209779 -0.000150897  0.00259292  0.00606552 -0.00022778 1.0051      0      0 0
             29.3001 -3.78079 -2.76995 -40.6876 -3.02162 -1.05632 0.912803 -0.626374 -0.259172 0.0699024  0.000629266 -0.000253714 -0.000182885    0.0029875   0.00585603 -0.000519832 1.00511       0       0 23998
             29.3001  -3.5004 -3.00851 -40.7536 -3.02327  -1.0666 0.906519 -0.630784 -0.342501 0.0254347  0.000554887 -0.000204497 -0.000164729   0.00262196   0.00634859 -0.000114999 0.99801       0       0 0
                29.4 -3.08201 -3.36114 -43.1227 -3.08574 -1.09049  0.91418 -0.633412 -0.240273 0.0747422   0.00060731 -0.000248361 -0.000190464   0.00307315   0.00593774 -0.000324525 0.998054        0        0 24003
                29.4 -2.92536 -3.58369 -43.1908 -3.08925  -1.1016 0.911337 -0.649812 -0.330053 0.0556057  0.000559759 -0.000201142 -0.000172381   0.00271228   0.00652258 -0.000116447 1.00442       0       0 0
             29.4998 -2.46207 -4.31087 -45.5392 -3.14759 -1.11869 0.920366 -0.585612 -0.174655 0.0758374  0.000640242 -0.000255344 -0.000195875   0.00315693   0.00580382 -0.000383074 1.0044      0      0 23962
             29.4998 -2.16579 -4.55544  -45.609 -3.15318 -1.13308 0.918092 -0.614457 -0.292114 0.0618916  0.000558628 -0.000202154 -0.000178341    0.0026838   0.00658723 -0.000194164 1.00711       0       0 0
             29.6005 -1.81975 -5.04404 -48.6703 -3.20323 -1.14676 0.924034 -0.485184 -0.142337 0.0688045  0.000648087 -0.000262949 -0.000189802   0.00314363   0.00570384 -0.000197175 1.00709       0       0 24042
             29.6005 -1.55675 -5.20201 -48.7232 -3.21034 -1.15988 0.923898 -0.527618 -0.248788 0.0703808  0.000575954 -0.000228522 -0.000176767  0.00276542  0.00649689 -0.00013956 0.997305        0        0 0
             29.7004 -0.96992 -5.68125 -51.7941 -3.24826 -1.16429 0.933892  -0.384319 -0.0378422   0.101743  0.000677413 -0.000278946 -0.000198088   0.00322307   0.00536934 -0.000307098 0.997414        0        0 23996
             29.7004 -0.670741  -5.95703  -51.8634 -3.25485 -1.17865 0.931434 -0.423567 -0.159445  0.087715  0.000594516 -0.000211155 -0.000179463   0.00270131   0.00619082 -0.000114244 0.994382        0        0 0
             29.8002 -0.615755  -7.09741   -54.477 -3.28379  -1.1774 0.942797 -0.260405 0.0223108  0.111004  0.000682142 -0.000272728 -0.000196532   0.00316101   0.00531106 -0.000272956 0.994338        0        0 24001
             29.8002 -0.351847  -7.30945  -54.5435 -3.28894 -1.18839  0.94225   -0.28924 -0.0722004   0.110266  0.000620986 -0.000221316 -0.000182403  0.00267444   0.0059414 -0.00020168 0.984462        0        0 0
                29.9 0.0357329   -8.1021  -56.5685 -3.30456 -1.17768 0.954562 -0.117486  0.118829  0.114873  0.000682702 -0.000270252 -0.000217702   0.00338418   0.00510361 -0.000321295 0.984477        0        0 24000
                29.9 0.298322 -8.32587 -56.6523 -3.31338   -1.196 0.952864 -0.171573  -0.04372  0.109023  0.000607904 -0.000234039 -0.000195744   0.00258999   0.00616062 -0.000153124 0.978179        0        0 0
             29.9999  1.05426 -9.15447 -57.7018  -3.3183  -1.1792 0.963019 -0.0241734   0.182142  0.0776407  0.000694368 -0.000273253 -0.000230306   0.00353305   0.00526774 -0.000252856 0.978207        0        0 23961
             29.9999  1.34884 -9.37992 -57.7902 -3.32519 -1.19432 0.960981 -0.0666498  0.0459809  0.0693066  0.000611111 -0.000236185 -0.000207683  0.00282213  0.00608828 -7.5712e-05 0.98029       0       0 0
             30.1001  1.68102 -9.91703 -57.8675  -3.3193 -1.16948 0.966218 0.0821775  0.245504 0.0332831  0.000720483 -0.000271909 -0.000250397   0.00383186   0.00514298 -0.000124164 0.98027       0       0 24038
             30.1001  2.02023 -10.1369 -57.9793  -3.3288 -1.19028 0.965153 0.0230713 0.0540275 0.0358269  0.000620595 -0.000242611 -0.000221438  0.00277564  0.00627405 1.40632e-05 0.967752        0        0 0
                30.2  2.10735   -10.39 -57.3403 -3.31645 -1.17108 0.968866  0.148313  0.198802 0.0115159  0.000711403 -0.000286338 -0.000251878   0.00341989   0.00562668 -0.000127086 0.967769        0        0 23999
                30.2 2.47629 -10.615 -57.425 -3.32122 -1.18499 0.970028  0.122238 0.0683727 0.0266077  0.000614987 -0.000252225 -0.000230312   0.00261981   0.00628957 -0.000125264 0.969579        0        0 0
             30.2998  2.73979 -10.7535 -55.6766 -3.30024 -1.16275 0.970912    0.229041    0.231232 -0.00349999   0.00070045  -0.00028419 -0.000262504   0.00342492     0.005609 -0.000134332 0.969591        0        0 23963
             30.2998  3.04507 -10.9827 -55.7431 -3.30169 -1.17243 0.971677   0.225257   0.136794 0.00760549   0.00062406 -0.000247421 -0.000246542   0.00277846   0.00599626 -0.000119469 0.973868        0        0 0
             30.4004    2.788 -10.6942 -53.1326 -3.27881 -1.15024 0.970328   0.261509   0.240426 -0.0210517  0.000681004 -0.000280622 -0.000267879   0.00342441   0.00594411 -0.000122654 0.973857        0        0 24038
             30.4004  3.07754 -10.9237  -53.219  -3.2823 -1.16375 0.969818   0.245828   0.113179 -0.0178559  0.000603809 -0.000256897 -0.000245028   0.00265005    0.0065663 -2.80385e-05 0.979152        0        0 0
             30.5003  2.82587  -10.584 -50.0607  -3.2565 -1.13877 0.968405   0.277814   0.271696 -0.0228583  0.000662206 -0.000272947 -0.000275805   0.00346811   0.00626126 -0.000133601 0.979131        0        0 24001
             30.5003  3.10068 -10.8528 -50.1313 -3.25672 -1.14954 0.965321  0.28581 0.169082 -0.04043  0.000593441 -0.000238955 -0.000257894  0.00282812  0.00665608 0.000113061 0.986384        0        0 0
             30.6001  2.59952 -10.4108 -46.4249 -3.23164 -1.12384 0.969201    0.26536   0.276014 0.00563163  0.000642078 -0.000277528 -0.000270762   0.00334966    0.0066089 -0.000417608 0.986421        0        0 23984
             30.6001  2.86018 -10.6984 -46.4615 -3.22649 -1.12799 0.966955    0.311739    0.231409 -0.00618492  0.000588678 -0.000230188 -0.000264587   0.00288586   0.00653849 -0.000229343 0.986066        0        0 0
                30.7  2.15707 -10.3174 -42.4516 -3.20027 -1.09753 0.971869 0.265906 0.310986 0.023462  0.000653341 -0.000271813 -0.000272243   0.00341474   0.00649978 -0.000614922 0.98609       0       0 24016
                30.7  2.47086 -10.5604 -42.5136  -3.1978 -1.10513 0.970561  0.295603  0.238025 0.0191596   0.00058126 -0.000237365  -0.00025828   0.00285437   0.00669268 -0.000484026 0.987176        0        0 0
             30.7999  1.74445 -9.73094 -38.8134 -3.17258 -1.07474 0.973826  0.239113  0.304142 0.0209983  0.000653587 -0.000277267 -0.000259373   0.00339179   0.00654501 -0.000632125 0.987177        0        0 23961
             30.7999 2.07669  -10.01 -38.889 -3.16564 -1.07711 0.970912   0.299517    0.27383 0.00477574   0.00058747 -0.000229956 -0.000244819   0.00292436   0.00638577 -0.000406108 0.991815        0        0 0
             30.9001  1.47192 -9.30143 -35.4504 -3.14447 -1.04791 0.973268  0.206248  0.299024 0.0109934  0.000633659 -0.000277492  -0.00024787   0.00341782   0.00656415 -0.000579974 0.991832        0        0 24036
             30.9001   1.6911  -9.5882 -35.5289 -3.13951 -1.05391 0.967348   0.253608   0.242701 -0.0252613  0.000581524  -0.00022078 -0.000229931   0.00289933   0.00666542 -0.000198371 0.983832        0        0 0
                  31  1.09629 -9.07249  -32.752 -3.12531 -1.02772 0.970137  0.141513  0.262933 0.0083741  0.000623963 -0.000267254 -0.000233004   0.00358816   0.00686574 -0.000583983 0.983856        0        0 24006
                  31  1.33465 -9.39267 -32.8191  -3.1206   -1.034 0.960145   0.185938   0.206768 -0.0577997   0.00057253 -0.000205895 -0.000219669  0.00310757  0.00702395 4.62122e-05 0.992793        0        0 0
             31.0998 0.909769  -8.8427 -30.7323 -3.11056 -1.01034 0.964343 0.0858912  0.218673 0.0102542  0.000603836 -0.000243721 -0.000219806   0.00359168   0.00701115 -0.000581638 0.992891        0        0 23958
             31.0998  1.07951 -9.13298 -30.8025 -3.10389 -1.01255    0.955   0.144047   0.194192 -0.0540749  0.000570974 -0.000195448   -0.0002063   0.0032065  0.00692596 9.22214e-06 0.996261        0        0 0
             31.2004 0.691298 -8.45783 -29.7135 -3.09803 -0.99395 0.962614  0.036708   0.14539 0.0312842  0.000608612 -0.000253678 -0.000203781   0.00348178   0.00697887 -0.000760446 0.99634       0       0 24041
             31.2004  0.79357 -8.73729 -29.8039  -3.09306 -0.998976  0.953349  0.0828942   0.102347 -0.0297768  0.000584735 -0.000199651 -0.000183286     0.003087   0.00708019 -0.000215779 1.00856       0       0 0
             31.3003 0.377942 -8.01469 -30.2883   -3.0947 -0.993154  0.960432 -0.0534255 0.00251352  0.0361875  0.000605706 -0.000261018 -0.000181085   0.00338665    0.0071826 -0.000806232 1.00861       0       0 24000
             31.3003 0.433034 -8.28271 -30.3347 -3.09232 -1.00074 0.950118 -0.0279534 -0.0551709  -0.031268  0.000590901 -0.000198188  -0.00016998   0.00304677   0.00747855 -0.000211377 1.00462       0       0 0
             31.4001 0.269307 -7.63834 -31.9712 -3.10465 -1.00597 0.960093 -0.175984 -0.128772 0.0526442  0.000617201 -0.000267625 -0.000165127  0.00343673  0.00726921 -0.00101518 1.0047      0      0 23996
             31.4001 0.384763 -7.87272 -32.0236 -3.09464 -1.00711 0.952007 -0.0883476   -0.14888 0.00170256  0.000591154 -0.000208995 -0.000152829   0.00278723   0.00704928 -0.000487619 1.00526       0       0 0
             31.4999 0.279691 -7.10974 -34.1603 -3.11454 -1.01955  0.95826 -0.265687 -0.192517 0.0372033  0.000625803 -0.000267115 -0.000161077   0.00345733   0.00679578 -0.000898591 1.00534       0       0 24001
             31.4999 0.429742 -7.34185 -34.2161 -3.11369 -1.02617 0.953355  -0.252017  -0.244454 0.00566552   0.00058977 -0.000209927 -0.000147804   0.0031557  0.00709471 -0.00059019 1.00079       0       0 0
             31.5998 0.313269 -7.29357 -37.0186 -3.14839 -1.05029 0.955625 -0.405496 -0.296504 0.0164759  0.000652696 -0.000263785 -0.000160884   0.00365209   0.00694739 -0.000710192 1.0008      0      0 23962
             31.5998 0.547117 -7.52573 -37.1054 -3.14432 -1.05361 0.950914  -0.368551  -0.328492 -0.0133975  0.000598276 -0.000210008 -0.000141409   0.00327234   0.00697944 -0.000402951 0.991662        0        0 0
             31.7001 0.855327 -7.17924 -39.8848 -3.18409 -1.08288 0.950704  -0.453946  -0.344795 -0.0179176  0.000659722 -0.000276588 -0.000167547   0.00350751   0.00653612 -0.000529477 0.991695        0        0 24041
             31.7001  1.08279 -7.41496 -39.9663 -3.18478 -1.09273 0.945949  -0.449078  -0.425412 -0.0503011  0.000604272 -0.000217885 -0.000149131   0.00310826   0.00702599 -0.000209064 0.997663        0        0 0
             31.7999 0.872258 -7.33095 -42.5265 -3.23161 -1.12961  0.94323  -0.509286   -0.40396 -0.0403897  0.000689518 -0.000275571 -0.000180047   0.00343438   0.00659992 -0.000396309 0.99768       0       0 23959
             31.7999  1.13503 -7.54785 -42.5867 -3.23333 -1.14046 0.941128  -0.510773  -0.494622 -0.0532928  0.000624661 -0.000221336 -0.000166849   0.00297546   0.00715643 -0.000239689 0.998068        0        0 0
             31.9002 0.366669 -7.29721 -44.2846 -3.28513 -1.18103 0.936697   -0.54436  -0.430995 -0.0386132  0.000704934 -0.000278534 -0.000201975   0.00353717   0.00664555 -0.000286109 0.998043        0        0 24040
             31.9002 0.648147  -7.5531 -44.3383 -3.28419 -1.18861 0.933402  -0.528167  -0.498857 -0.0590516  0.000636969 -0.000216996 -0.000189922   0.00307124   0.00694325 -5.86807e-05 0.998222        0        0 0
                  32 -0.00828383    -7.59961    -44.9185 -3.33629  -1.2273 0.935034 -0.518603 -0.404562 0.0138037  0.000716675  -0.00028098 -0.000227853   0.00372872   0.00643463 -0.000441801 0.99827       0       0 23996
                  32 0.387407 -7.82953 -44.9843 -3.33823 -1.23774 0.933731  -0.522445  -0.495579 0.00787926  0.000619513 -0.000225655 -0.000211775   0.00322004    0.0069562 -0.000333665 0.99709       0       0 0
             32.0999 0.507071 -7.36731 -45.0958 -3.38854   -1.281 0.937082 -0.468085 -0.435089 0.0223991   0.00071541 -0.000286237 -0.000237351   0.00364944   0.00678088 -0.000487109 0.997104        0        0 23964
             32.0999 0.877532 -7.59586 -45.1841 -3.39213 -1.29399 0.933035   -0.483893   -0.545743 -0.00203718  0.000624625 -0.000235218 -0.000215671   0.00310001   0.00748687 -0.000209356 0.996131        0        0 0
             32.2001 0.763176 -7.01748 -45.9155 -3.43071 -1.33419 0.935811  -0.364393  -0.425928 0.00879738   0.00070965 -0.000283698 -0.000230948   0.00360748   0.00666369 -0.000452082 0.996162        0        0 24039
             32.2001  1.04583  -7.2102 -45.9962 -3.43358 -1.34574 0.932644   -0.374622   -0.523732 -0.00999204   0.00063867 -0.000243378 -0.000210632   0.00310048     0.007263 -0.000229063 1.00051       0       0 0
             32.2999  1.26514 -6.29155 -46.8936 -3.46254 -1.38464 0.934661   -0.279073   -0.416295 0.000637916  0.000723927 -0.000285872 -0.000235626   0.00370744   0.00651245 -0.000444273 1.00049       0       0 23961
             32.2999  1.61319 -6.57274 -46.9758 -3.46639 -1.39786 0.928413  -0.296669  -0.527027 -0.0410038  0.000634153 -0.000225073 -0.000214354   0.00317993   0.00721901 -3.49373e-05 1.00465       0       0 0
             32.4002  1.60926   -6.892 -47.6301 -3.48363 -1.42986 0.929566   -0.18484  -0.368342 -0.0237647  0.000729854 -0.000268322 -0.000242508   0.00388245   0.00592006 -0.000488689 1.00468       0       0 24038
             32.4002   1.8977  -7.1437 -47.7428 -3.48975 -1.44634 0.927838  -0.215329  -0.507177 -0.0328458  0.000651609 -0.000215033 -0.000214851   0.00320758   0.00684771 -0.000356856 1.00642       0       0 0
                32.5  1.58171 -7.22445 -48.3916 -3.50652  -1.4853 0.924321   -0.16651  -0.413266 -0.0456934  0.000737287 -0.000269315 -0.000239993   0.00394389   0.00625277 -0.000404365 1.00643       0       0 23999
                32.5  1.84698 -7.39617 -48.4958 -3.51617 -1.50348 0.923422  -0.22312 -0.562891 -0.049387   0.00066126 -0.000234363 -0.000213381   0.00332953   0.00739015 -0.000335337 0.999222        0        0 0
             32.5999  1.09236 -7.20568 -49.3103 -3.53103 -1.54254 0.922568   -0.197865   -0.423434 -0.00862165  0.000751383 -0.000284927  -0.00024026   0.00400176   0.00635663 -0.000574372 0.999245        0        0 23963
             32.5999   1.3776 -7.47699 -49.4195 -3.53397 -1.55603 0.919166  -0.206672  -0.540463 -0.0284727  0.000677166 -0.000228613 -0.000214326   0.00332644   0.00702084 -0.000343727 0.995723        0        0 0
             32.7002 0.800394 -7.26088 -49.4522 -3.55326 -1.59541 0.921194   -0.25924  -0.418811 0.00464145  0.000749894 -0.000284132 -0.000252739   0.00404736   0.00620533 -0.000579593 0.995753        0        0 24038
             32.7002   1.1028 -7.45239 -49.5513 -3.56039 -1.61126 0.921239  -0.298241  -0.553466 0.00868383  0.000664247 -0.000251168 -0.000228553   0.00339733   0.00712795 -0.000560619 0.997403        0        0 0
                32.8  1.22556 -7.18206 -49.4414 -3.59205 -1.65883 0.918919 -0.357218 -0.496452 -0.028063   0.00072878 -0.000285568 -0.000251349   0.00389032   0.00675502 -0.000458596 0.997397        0        0 24000
                32.8   1.4822 -7.38516 -49.5371 -3.59802 -1.67391 0.918342  -0.388329  -0.627214 -0.0275083  0.000652897 -0.000251317 -0.000229176   0.00322448   0.00760075 -0.000399215 0.993488        0        0 0
             32.8999  1.63649 -6.51772 -49.4821  -3.6302 -1.71947 0.913853  -0.393566  -0.500086 -0.0622204   0.00074171 -0.000296828 -0.000257691   0.00399769   0.00647173 -0.000390059 0.993478        0        0 23962
             32.8999  1.89386 -6.69941 -49.5916 -3.63788 -1.73556 0.912653  -0.437496  -0.637144 -0.0677489  0.000663279 -0.000265742 -0.000231436   0.00335973   0.00743115 -0.000291601 0.992185        0        0 0
             33.0001  1.57905 -6.12137 -49.2287 -3.68021 -1.78415 0.904375 -0.490796 -0.504505 -0.100981  0.000741359 -0.000291498 -0.000260554   0.00406741    0.0065857 -0.000337879 0.992181        0        0 24040
             33.0001  1.82021 -6.38276 -49.3023 -3.68487 -1.79737 0.902536 -0.514124 -0.617937 -0.110926  0.000671353 -0.000241094 -0.000244134   0.00346801   0.00730112 -0.000210395 0.995716        0        0 0
             33.0999  1.37455 -5.89861 -48.1714 -3.73387 -1.84457 0.895329  -0.531663  -0.495273 -0.0750415   0.00073845 -0.000292108 -0.000277002   0.00414416   0.00651847 -0.000440228 0.995736        0        0 23999
             33.0999  1.61971 -6.08212 -48.2668 -3.74004  -1.8592 0.895164  -0.565262  -0.621389 -0.0731174  0.000665285 -0.000261943 -0.000254097  0.00351635  0.00736217 -0.00041915 0.998448        0        0 0
             33.1998  1.04263 -4.92537 -46.8883 -3.78803 -1.90693 0.891766 -0.495583 -0.512853 0.0338974  0.000753262 -0.000294447 -0.000288479   0.00410102    0.0063883 -0.000350576 0.998466        0        0 23961
             33.1998   1.2741 -5.11155  -46.984 -3.79596 -1.92268  0.89048 -0.542817 -0.643741 0.0277237  0.000672816 -0.000266931 -0.000261839   0.0035114  0.00737295 -0.00027108 0.996164        0        0 0
             33.3004 0.532618 -4.29305   -45.85 -3.84107 -1.97317 0.898864 -0.450335 -0.510264 0.0810369  0.000753176 -0.000284676 -0.000288466   0.00399763   0.00654313 -0.000399101 0.996196        0        0 24040
             33.3004 0.769187 -4.54987 -46.0009 -3.85489 -1.99697 0.896231 -0.537092 -0.702895 0.0660563  0.000645769 -0.000257466 -0.000245533   0.00329028    0.0081035 -0.000250504 1.00938       0       0 0
             33.4003 0.396812 -4.01331 -45.6035 -3.89639 -2.04319  0.90663 -0.448071 -0.523587 0.0797734  0.000754769 -0.000284201 -0.000281269   0.00409122   0.00670704 -0.000534488 1.00933       0       0 23998
             33.4003 0.685359 -4.27738 -45.6986 -3.90567 -2.06024  0.90358 -0.506585 -0.661145 0.0601916  0.000652609 -0.000241047 -0.000253944   0.00360635   0.00777247 -0.000354366 1.00934       0       0 0
             33.5001 0.511585 -4.56548 -45.5581 -3.94462 -2.11203 0.908617  -0.418626  -0.586211 0.00590829  0.000744388 -0.000276749 -0.000269488  0.00407058  0.00665869 -0.00043387 1.00932       0       0 24004
             33.5001 0.765968 -4.78268 -45.6547 -3.95554 -2.13192 0.905936  -0.486863  -0.745483 -0.0105048  0.000648814 -0.000242709 -0.000243043   0.00352225   0.00789188 -0.000279043 1.0119      0      0 0
             33.5999 0.670165 -4.91752 -46.3461 -3.99193 -2.18754 0.902256  -0.413746  -0.618336 -0.0738457  0.000740668 -0.000283242 -0.000262677   0.00407942   0.00655198 -0.000343027 1.01186       0       0 23982
             33.5999  0.88675  -5.1397 -46.4624 -4.00395 -2.20641    0.901  -0.492168  -0.766125 -0.0810021  0.000658913  -0.00024164 -0.000232772     0.003644   0.00779121 -0.000270144 0.995071        0        0 0
             33.6998  0.58095  -5.7321 -47.6505 -4.04117 -2.26618 0.893898   -0.42127  -0.660914 -0.0735275  0.000760015 -0.000281138 -0.000251791   0.00404683   0.00649987 -0.000371036 0.995073        0        0 23976
             33.6998 0.832691  -5.8901 -47.7674 -4.05478 -2.28746 0.894335  -0.510111  -0.830538 -0.0678132  0.000667284 -0.000254619 -0.000222504   0.00352218   0.00791832 -0.000397957 0.998707        0        0 0
             33.8005 0.709731 -4.66972 -48.8222 -4.09424  -2.3543 0.887467  -0.460083  -0.705192 -0.0280639  0.000774161 -0.000322328 -0.000261729   0.00403097   0.00660715 -0.000224497 0.998742        0        0 24038
             33.8005 0.987243 -4.81385 -48.9016 -4.10162 -2.36728 0.888685  -0.507026  -0.812603 -0.0178574  0.000683514 -0.000293241 -0.000238854  0.00361354  0.00744616 -0.00028736 1.00794       0       0 0
             33.9003  1.02126  -3.8565 -49.9035 -4.14649 -2.42965 0.884962 -0.508969 -0.636484  -0.04227  0.000753889 -0.000323979 -0.000258335   0.00426731   0.00632045 -0.000202466 1.00795       0       0 23999
             33.9003   1.1861 -4.01536 -50.0301 -4.16125  -2.4504 0.887349  -0.606677  -0.807421 -0.0246807  0.000695662 -0.000283442 -0.000225084   0.00367682   0.00784792 -0.000336263 0.99588       0       0 0
             34.0002  1.37155 -3.17339 -50.7588  -4.2151 -2.51586 0.882672  -0.579398  -0.671384 -0.0483074  0.000744795 -0.000321876 -0.000261361   0.00423286   0.00690292 -0.000199388 0.995914        0        0 24001
             34.0002   1.6054 -3.39131 -50.8243 -4.22068 -2.52803 0.881419 -0.613272 -0.774934 -0.053829  0.000686804 -0.000274735 -0.000247121   0.00372464    0.0076608 -0.000134339 0.999569        0        0 0
                34.1  1.18826 -3.85939  -50.405 -4.27621 -2.58838 0.873975 -0.606133  -0.60437 -0.109224  0.000780054 -0.000282034 -0.000278839   0.00434676   0.00670182 -0.000169873 0.999588        0        0 23999
                34.1  1.46681  -4.1132 -50.4743 -4.28132  -2.6028  0.87206 -0.634237 -0.731473 -0.118769 0.000698938 -0.00024522 -0.00026438   0.00369893   0.00748937 -7.07311e-05 0.995354        0        0 0
             34.1999  1.19101 -4.01591 -48.7392 -4.34222 -2.66107 0.863542  -0.636144  -0.588864 -0.0875951  0.000755847 -0.000291604 -0.000296393   0.00434077   0.00683358 -0.000280124 0.995403        0        0 23963
             34.1999  1.42266 -4.12664 -48.8406 -4.35592 -2.68119 0.865085  -0.727692  -0.759558 -0.0728794  0.000661463 -0.000287929 -0.000273241   0.00372357   0.00819777 -0.000396523 0.991965        0        0 0
             34.3001  1.05182 -3.46896 -47.4165 -4.42137 -2.73897 0.862127  -0.69336 -0.597931 0.0310544  0.000757168 -0.000304259  -0.00029465   0.00442211   0.00716647 -0.000326864 0.991994        0        0 24034
             34.3001  1.29877 -3.69515  -47.478 -4.42728 -2.75409 0.860374 -0.727195 -0.729312 0.0218449  0.000673545 -0.000265589 -0.000278944   0.00378433   0.00800228 -0.000231489 0.993536        0        0 0
                34.4  1.11331 -3.24829 -46.2808 -4.49251 -2.81208 0.870583 -0.641559  -0.60763  0.102095  0.000736356 -0.000316947 -0.000291988   0.00448877   0.00714721 -0.000487707 0.993617        0        0 24006
                34.4  1.35056  -3.4009 -46.3892 -4.50734 -2.83352 0.871943 -0.740739 -0.784015  0.114788  0.000663073 -0.000283172 -0.000264435   0.00388652   0.00868882 -0.000600137 1.00256       0       0 0
             34.4998  2.54508 -2.59072 -46.3524 -4.56297 -2.89347 0.880093 -0.576886 -0.647047 0.0744626  0.000712843 -0.000318245 -0.000271493   0.00429763   0.00724149 -0.000363308 1.00253       0       0 23960
             34.4998  2.77704 -2.85372 -46.4032 -4.57031 -2.90886 0.878147 -0.620702  -0.77526  0.063581  0.000653742 -0.000254434 -0.000260487   0.00372338   0.00823169 -0.000262941 0.993524        0        0 0
             34.6005  2.91766 -4.84272 -45.5385 -4.62392 -2.97438 0.878799  -0.538345  -0.689977 -0.0549531  0.000716061  -0.00028085 -0.000273147   0.00418612    0.0073041 -0.000179303 0.99357       0       0 24036
             34.6005   3.0928  -5.0202 -45.5899 -4.62895 -2.98376 0.878602 -0.569243 -0.766627 -0.054397  0.000673332  -0.00023794 -0.000263964   0.00387147   0.00793142 -0.000192872 0.988166        0        0 0
             34.7004  2.17002 -5.14385 -45.4364 -4.67671  -3.0505 0.864543 -0.481411 -0.691489 -0.177782  0.000751653  -0.00030126 -0.000258219   0.0042798  0.00716684 7.13943e-05 0.988188        0        0 24003
             34.7004  2.38379 -5.24556 -45.5198 -4.68638 -3.06483 0.865395 -0.545696 -0.808625 -0.169184  0.000698332 -0.000277492 -0.000239353   0.00391265   0.00823967 -3.20437e-05 0.986166        0        0 0
             34.8002 0.861528 -4.26661 -45.9025 -4.73306  -3.1298 0.847516 -0.505339 -0.658405 -0.184081  0.000768852 -0.000324784 -0.000258365   0.00437162   0.00725558 -6.60584e-05 0.986193        0        0 23998
             34.8002  1.10593 -4.44296 -45.9565 -4.73585 -3.13852  0.84595 -0.519344 -0.732192 -0.192381  0.000707217 -0.000282244 -0.000245095  0.00398954  0.00776589 1.55408e-05 0.986369        0        0 0
                34.9 0.265785 -3.49874 -46.0829 -4.78413 -3.19933 0.835081  -0.536437  -0.638128 -0.0581754  0.000757537 -0.000321333 -0.000273435 0.00453114 0.00697544 -0.0001642 0.986371        0        0 23999
                34.9 0.459967 -3.64176 -46.1575 -4.79031  -3.2127 0.832584  -0.57301 -0.749468 -0.072677  0.000706285 -0.000286537  -0.00025323   0.00405224   0.00784419 -2.98286e-05 0.97605       0       0 0
             34.9999 0.382544 -2.60233 -46.3487 -4.84848 -3.27488 0.835683 -0.633472 -0.642346 0.0298605  0.000743434 -0.000315987 -0.000271864   0.00467299   0.00713186 -0.000410694 0.976157        0        0 23964
             34.9999 0.525966 -2.85595 -46.4631 -4.86516 -3.29995 0.832843 -0.743254 -0.843667 0.0131541  0.000695979 -0.000257895 -0.000242278   0.00404815   0.00897635 -0.000261511 0.975383        0        0 0
             35.1001 0.917088 -2.47006 -47.0638 -4.93109 -3.36768 0.836963 -0.705626 -0.701796 0.0214833  0.000755123 -0.000306701 -0.000270739    0.0044819   0.00781528 -0.000423917 0.975372        0        0 24042
             35.1001  1.18029 -2.64248 -47.1079 -4.93485 -3.37607 0.836434 -0.727871 -0.771895 0.0198037  0.000685424 -0.000266938 -0.000260078   0.00416237   0.00833834 -0.000400813 0.969493        0        0 0
                35.2  1.35313 -3.14031 -46.5229 -5.00148 -3.43994  0.83588  -0.700728  -0.654894 -0.0291049  0.000762351 -0.000291084 -0.000291742   0.00460333   0.00749961 -0.000396613 0.969446        0        0 23997
                35.2  1.53085  -3.3512 -46.6007 -5.00926 -3.45536 0.834401  -0.746457  -0.784121 -0.0370645  0.000707841 -0.000244253 -0.000274228    0.0040386    0.0085081 -0.000318376 0.964643        0        0 0
             35.2998  1.09894 -3.82622  -45.291 -5.07764  -3.5182 0.832208  -0.707004  -0.633666 -0.0242649 0.000768489 -0.00029385 -0.00029758  0.00458264  0.00764527 -0.00041165 0.964641        0        0 23961
             35.2998   1.3341 -3.98684 -45.3518 -5.08051 -3.52588 0.832137    -0.7216  -0.699141 -0.0225675  0.000706273 -0.000257845 -0.000283832   0.00424119   0.00809443 -0.000419075 0.969826        0        0 0
             35.4004 0.892606  -3.4355 -43.6672 -5.14617 -3.58878 0.833815 -0.627516 -0.633294 0.0642188  0.000760166 -0.000309676 -0.000298453   0.00450593   0.00762065 -0.000392255 0.969825        0        0 24039
             35.4004  1.10535 -3.59315 -43.7118 -5.15202 -3.60034 0.831829 -0.662553 -0.728115 0.0531659  0.000700775 -0.000276917 -0.000287631  0.00411472  0.00837776 -0.00028769 0.971654        0        0 0
             35.5003 0.825178 -3.72997 -41.8966 -5.21223 -3.66199 0.839108 -0.572304 -0.611993 0.0649562  0.000780617 -0.000289938 -0.000307328   0.00452516   0.00789029 -0.000301848 0.971671        0        0 23997
             35.5003  1.19791 -3.98604 -41.9904 -5.21905  -3.6772  0.83504 -0.612839 -0.735914 0.0402359  0.000673516 -0.000237617 -0.000282667   0.00401122   0.00886791 -7.01958e-05 0.985144        0        0 0
             35.6001  1.49595 -3.57394 -40.6873 -5.27138 -3.73595 0.842132 -0.509401 -0.624161 0.0370633  0.000739522 -0.000284659 -0.000295719    0.0046065    0.0080108 -0.000329534 0.985115        0        0 23987
             35.6001   1.7116 -3.74938 -40.7294 -5.27526 -3.74579 0.839167 -0.531461  -0.70376 0.0187943  0.000675007 -0.000251905 -0.000284205   0.00427645   0.00862456 -0.000158493 0.987154        0        0 0
                35.7  1.02397 -3.83133  -39.719 -5.31694  -3.8025 0.839441  -0.438509  -0.616445 -0.0615341  0.000787882 -0.000274338 -0.000290699   0.00455118   0.00752493 -0.000292506 0.987196        0        0 24014
                35.7 1.29273 -4.1062 -39.797 -5.32559  -3.8196 0.834308  -0.493626  -0.749232 -0.0937108  0.000700557 -0.000217302 -0.000270269   0.00415093   0.00866376 -1.46922e-05 0.988481        0        0 0
             35.7999 -0.00168212    -4.65099    -39.3528 -5.36793 -3.87956 0.827606 -0.446115 -0.635363   -0.1091  0.000804517 -0.000267671 -0.000278032   0.00451457   0.00770172 -0.000382928 0.988525        0        0 23963
             35.7999 0.386181 -4.82313 -39.4211 -5.37525 -3.89123 0.826753 -0.496845 -0.725319 -0.112775  0.000695709 -0.000229501 -0.000260627   0.00433449   0.00853255 -0.000361544 0.985499        0        0 0
             35.9001 0.131221 -4.86866 -39.6271 -5.41801 -3.95142 0.819359 -0.465349 -0.616837 -0.056333  0.000786483 -0.000277719 -0.000267924   0.00457501   0.00766461 -0.000470471 0.985538        0        0 24038
             35.9001 0.517287 -4.91931 -39.6968 -5.41968 -3.95719 0.818919  -0.473513  -0.664992 -0.0575052  0.000687643 -0.000268954 -0.000250546    0.0043638   0.00799354 -0.000449252 0.97789       0       0 0
                  36 0.821318 -3.04072 -38.6851 -5.46813 -4.01496 0.814317  -0.522538  -0.547478 -0.0190526   0.00078089 -0.000308747 -0.000282244   0.00457262   0.00766279 -0.000376692 0.977886        0        0 24001
                  36  1.20299 -3.27721 -38.7501 -5.47516 -4.02728 0.812246  -0.570429  -0.643814 -0.0315811   0.00067127 -0.000255681 -0.000265088   0.00435547   0.00851304 -0.000260195 0.983729        0        0 0
             36.0998   1.3568 -2.80997 -38.0858 -5.53033 -4.08004 0.813744  -0.585986  -0.524905 0.00507828  0.000766297 -0.000284535 -0.000280069   0.00456729   0.00796301 -0.000452185 0.983746        0        0 23961
             36.0998  1.66701 -2.96863 -38.1677 -5.53888  -4.0914 0.810375  -0.648506  -0.608533 -0.0187102   0.00067275 -0.000246961 -0.000260205   0.00452697   0.00882202 -0.000256266 0.980807        0        0 0
             36.2005 0.876012 -2.23793  -37.723 -5.59934 -4.14035 0.809837  -0.645507  -0.489369 -0.0380415  0.000803286  -0.00028376 -0.000278033   0.00458639   0.00807653 -0.000480675 0.980815        0        0 24039
             36.2005  1.21368 -2.46015 -37.7932 -5.60794 -4.15443 0.804306  -0.706114  -0.593674 -0.0766991  0.000698285  -0.00023497 -0.000262135   0.00443543    0.0090576 -0.000164251 0.978716        0        0 0
             36.3003 -0.410917  -2.74285  -37.2013 -5.67172 -4.19798   0.8055 -0.664777 -0.444643 0.0521615  0.000822028 -0.000267216 -0.000284828   0.00450202    0.0081524 -0.000479166 0.978747        0        0 24003
             36.3003 0.0121833   -2.9765  -37.2726 -5.67665 -4.20723  0.79879  -0.701799  -0.513902 0.00482085  0.000704108 -0.000215162 -0.000268938   0.00438651   0.00876574 -8.73376e-05 0.976301        0        0 0
             36.4001 -0.255358  -1.99302  -36.7833 -5.73781 -4.24381 0.814446 -0.599941 -0.363966  0.153135  0.000803813 -0.000289168 -0.000281979   0.00448747   0.00797913 -0.000713929 0.976355        0        0 23996
             36.4001 0.194276 -2.10835 -36.8873 -5.75133 -4.25963 0.811122 -0.705788 -0.477168  0.129245  0.000659315 -0.000259126 -0.000256352    0.0046005   0.00920098 -0.000529441 0.982205        0        0 0
                36.5  0.411204 -0.763302  -37.3579 -5.80743 -4.28347  0.82406 -0.588673 -0.215281 0.0947138   0.00080082 -0.000287783 -0.000273627   0.00454489   0.00790401 -0.000624591 0.98221       0       0 24001
                36.5  0.683538 -0.950167  -37.3957 -5.81106 -4.29166 0.818347 -0.614991 -0.277258 0.0548572  0.000721126 -0.000246344  -0.00026339   0.00440755   0.00842159 -0.000281381 0.985764        0        0 0
             36.5998 -0.133941 -0.527984  -37.2353 -5.86335 -4.30483 0.826846 -0.515415 -0.115444  0.051528  0.000825337 -0.000276144 -0.000286154   0.00437538   0.00770327 -0.000623168 0.985768        0        0 23961
             36.5998  0.208463 -0.739122  -37.2832 -5.87195 -4.31669  0.82048  -0.583107  -0.200863 0.00595327  0.000720414 -0.000223442 -0.000274297   0.00438225   0.00858622 -0.000234432 0.994859        0        0 0
             36.7001 0.318657  -1.2905 -36.3752 -5.92542 -4.32425 0.827418 -0.530941 -0.072083 0.0488608  0.000801095 -0.000250156 -0.000300729   0.00461277   0.00801039 -0.000625942 0.994915        0        0 24038
             36.7001 0.710025 -1.61054 -36.4213 -5.93188 -4.33639 0.815803  -0.581929  -0.160899 -0.0325698  0.000691855  -0.00017779 -0.000291301  0.00447981  0.00884296 7.77443e-05 0.987365        0        0 0
                36.8  2.12367  -3.8554 -35.0557 -5.98233 -4.33982 0.829913  -0.517624 -0.0579457   0.108506  0.000760405 -0.000229228 -0.000294187   0.00459416   0.00798933 -0.000878734 0.987448        0        0 24000
                36.8  2.46364 -4.15213 -35.1392 -5.98645  -4.3509 0.819452 -0.548407 -0.142891 0.0339495  0.000661918 -0.000167226 -0.000278687   0.00436551   0.00868091 -0.000248132 0.989738        0        0 0
             36.8998  4.00611 -5.47953 -34.3829 -6.03703 -4.35638 0.836185  -0.482112 -0.0886536   0.127436  0.000739258 -0.000247432 -0.000272657  0.00451638  0.00815223 -0.00101512 0.98979       0       0 23962
             36.8998  4.29984 -5.57648 -34.4786 -6.04752 -4.36796 0.830622 -0.570042 -0.171018 0.0859827  0.000641515 -0.000218944  -0.00025304   0.00470708   0.00909347 -0.000710662 0.988059        0        0 0
             37.0004  4.99459  -4.3953 -34.9525 -6.09079 -4.37848 0.844057 -0.423068 -0.165057  0.110523  0.000776359 -0.000292383 -0.000255268    0.0044052   0.00821255 -0.000933538 0.988038        0        0 24041
             37.0004  5.22342 -4.58454   -35.01 -6.09663 -4.38789 0.838167 -0.469776 -0.233816 0.0690809   0.00070263 -0.000248562 -0.000243504   0.00441106   0.00888889 -0.000629312 0.987224        0        0 0
             37.1003  4.23636 -5.20022 -34.8682 -6.13317 -4.39864 0.851986 -0.383081  -0.15619   0.12549  0.000825917   -0.0002767 -0.000268482   0.00426638   0.00784494 -0.000897693 0.98726       0       0 23994
             37.1003  4.57942 -5.48958 -34.9483 -6.13804 -4.40911 0.843631 -0.421342 -0.234871 0.0666546  0.000723597 -0.000213047 -0.000252832   0.00418306   0.00855562 -0.000463542 0.986701        0        0 0
             37.2001  3.62831 -7.00631 -34.4792 -6.17531 -4.42381 0.857197 -0.352048 -0.197856  0.130591  0.000827733 -0.000267947 -0.000279116   0.00447729   0.00792084 -0.000754661 0.986741        0        0 24002
             37.2001   3.9611 -7.16526 -34.5762  -6.1824 -4.43585 0.856021 -0.405866  -0.28937  0.122659  0.000720672 -0.000226369  -0.00025482   0.00440435   0.00875304 -0.000760343 0.983987        0        0 0
                37.3  3.37121 -8.31615 -33.7702 -6.21672 -4.45792 0.864941   -0.3327 -0.255988  0.102843  0.000810301 -0.000277246 -0.000276918   0.00468734   0.00817158 -0.000481444 0.983984        0        0 24003
                37.3   3.6801 -8.54577  -33.858 -6.21963 -4.46627 0.856169 -0.356216 -0.319064 0.0417103  0.000729554 -0.000219169 -0.000259509  0.00458731  0.00875588 2.87027e-05 0.981443        0        0 0
             37.3998  2.15763 -9.41314 -32.5251 -6.24643 -4.48861 0.866222 -0.234987 -0.233386 0.0902791  0.000807066 -0.000281989 -0.000280723   0.00460383   0.00804115 -0.000247908 0.981459        0        0 23960
             37.3998  2.45597 -9.64442 -32.6287 -6.24826 -4.49754 0.861457 -0.245424 -0.303971  0.059126  0.000734452  -0.00022264 -0.000258674  0.00435375  0.00860861 3.59592e-05 0.987788        0        0 0
             37.5004  1.22867 -10.0699 -30.7289 -6.27032 -4.51594 0.872652 -0.196397 -0.131139 0.0853308  0.000782724 -0.000284763  -0.00029326   0.00465066   0.00821536 -0.000342297 0.98779       0       0 24038
             37.5004  1.60738 -10.3955 -30.8458 -6.26871 -4.51952 0.864632 -0.184522  -0.16063 0.0308961  0.000691135 -0.000202643 -0.000266788   0.0044825  0.00838168 0.000184676 0.978865        0        0 0
             37.6003 1.08723 -11.402 -28.274 -6.28922    -4.53 0.872838  -0.144746 -0.0319855  0.0353229  0.000734091 -0.000264569 -0.000298417   0.00473306   0.00864097 -0.000308927 0.978901        0        0 23985
             37.6003   1.2822  -11.618 -28.3627 -6.28698 -4.53217 0.866393   -0.126822   -0.050425 -0.00811416  0.000688035  -0.00021019 -0.000277218  0.00457505  0.00870371 0.000123445 0.970746        0        0 0
             37.7002  1.08656 -10.7813 -25.6417 -6.29767 -4.53022 0.874184 -0.0621485  0.0673904  0.0258969  0.000710523 -0.000291012 -0.000286168   0.00468709    0.0086843 -0.000557781 0.970805        0        0 24017
             37.7002  1.27064  -11.021 -25.6974 -6.29512 -4.53414 0.868053 -0.0386469  0.0351173 -0.0142327  0.000665895 -0.000231218  -0.00027253   0.00442948   0.00883625 -0.000133556 0.962287        0        0 0
                37.8  1.49763 -10.4037 -23.2009 -6.30027 -4.52259 0.877546 -0.0247853   0.142576  0.0460636  0.000710454 -0.000293635 -0.000285034   0.00462745   0.00866034 -0.000958862 0.962353        0        0 23998
                37.8  1.76258 -10.7242 -23.2811 -6.29592 -4.52515 0.865376 0.00990425   0.121283 -0.0361201    0.0006466 -0.000213592 -0.000266415   0.00440542   0.00869957 -0.000148117 0.963236        0        0 0
             37.8999  1.66751 -10.0361 -20.2012 -6.29496 -4.50562 0.876027 0.0523566  0.215837 0.0726487  0.000723931 -0.000283247 -0.000292847  0.00457582  0.00850992 -0.00103327 0.963326        0        0 23962
             37.8999  1.92865 -10.3247  -20.259 -6.29209 -4.50927  0.86657  0.0752504   0.186373 0.00835956  0.000658741 -0.000213422 -0.000279701  0.00438903  0.00866989 -0.00040148 0.96696       0       0 0
             38.0001 0.859958 -9.73725 -17.1149 -6.28668 -4.48277 0.879052 0.0709089  0.264838 0.0848986  0.000741492 -0.000278113 -0.000288904  0.00469115  0.00836136 -0.00118281 0.967051        0        0 24039
             38.0001  1.12715 -10.0319 -17.1839 -6.28803 -4.48889 0.864436  0.0494449   0.220859 -0.0175368  0.000672077 -0.000205898 -0.000271953   0.00488857   0.00879702 -0.000284404 0.97997       0       0 0
             38.0999 0.667649 -9.81196 -14.3459  -6.2793  -4.4602 0.875705 0.0922227  0.261414 0.0707249  0.000758162 -0.000269523 -0.000287644  0.00450552  0.00832153 -0.00105538 0.979945        0        0 23996
             38.0999  1.01682 -10.2062 -14.4312 -6.27964 -4.46629 0.854074  0.0758659   0.218572 -0.0789522  0.000667354 -0.000172294 -0.000266665  0.00475039  0.00873226 0.000268828 1.00564       0       0 0
             38.1998 0.633756 -9.99465  -11.868 -6.27182 -4.44222 0.869859 0.0937759  0.191582  0.076871  0.000752746 -0.000257853 -0.000271187  0.00441027   0.0084256 -0.00121653 1.00556       0       0 23965
             38.1998 0.917585 -10.3071 -11.9354 -6.27448  -4.4501 0.850515  0.0579425   0.137619 -0.0587311   0.00067649 -0.000180092  -0.00025376   0.00479468   0.00896178 -4.94271e-05 1.0204      0      0 0
             38.3004 0.887628 -9.36174 -10.4606 -6.26822 -4.43144 0.869663 0.0684477  0.119078  0.109536  0.000733057 -0.000266767 -0.000240112  0.00441791    0.008409 -0.00161377 1.02047       0       0 24043
             38.3004  1.03225 -9.63473 -10.5296 -6.27002 -4.43742 0.853639   0.0416005    0.078462 -0.00231013  0.000694689 -0.000198029 -0.000222497   0.00474001   0.00880809 -0.000648937 1.02022       0       0 0
             38.4003 0.540027 -8.73921 -10.7192 -6.26201 -4.42713 0.873151  0.068913 0.0369464  0.133301 0.000748759 -0.00028043 -0.00021761  0.00399949  0.00831399 -0.00182203 1.02019       0       0 23997
             38.4003 0.692091 -9.03544 -10.7864  -6.2657 -4.43649 0.854879  0.0237193 -0.0289179 0.00592672   0.00070321 -0.000200169 -0.000198931   0.00448061   0.00896117 -0.000737265 1.01594       0       0 0
             38.5001 -0.341306  -8.33375  -12.2099  -6.2596 -4.43555 0.872321   0.048438 -0.0600106   0.136633  0.000773459  -0.00028562 -0.000205881  0.00386663  0.00836946 -0.00168883 1.01589       0       0 23998
             38.5001 -0.079564  -8.63461  -12.3061 -6.26309 -4.44192 0.852475  0.00308866   -0.103117 -0.00395889  0.000702385 -0.000200541 -0.000179925   0.00438146   0.00880515 -0.000490627 1.01868       0       0 0
             38.5999 -0.832134  -8.25123  -14.7283 -6.25876 -4.44877 0.869911 0.0370246 -0.122371  0.135478  0.000800923 -0.000289407 -0.000199589   0.0037521  0.00830707 -0.00150713 1.01867       0       0 23983
             38.5999 -0.495478  -8.55667  -14.8329 -6.26613 -4.46003 0.850787  -0.0437247   -0.200987 -0.00327331  0.000705425 -0.000198307 -0.000169823   0.00448667   0.00909474 -0.000368957 1.00765       0       0 0
             38.6999  -1.2197  -8.0893 -17.8087 -6.26178 -4.46875  0.86627 0.032989 -0.14577  0.11317  0.000813069 -0.000295237 -0.000201219  0.00366293  0.00812487 -0.00131591 1.00763       0       0 23979
             38.6999 -0.86863 -8.43203 -17.9247 -6.26754 -4.47818 0.844319 -0.0343729  -0.210505 -0.0458354  0.000718907 -0.000197177 -0.000168861  0.00430171  0.00878341 3.12236e-05 1.00213       0       0 0
             38.8001 -1.44525 -8.06395 -21.6437 -6.26553 -4.48902 0.859045 0.00860305  -0.159368  0.0929703  0.000785355  -0.00028882 -0.000192672 0.00372823 0.00795591 -0.0011616 1.00209       0       0 24041
             38.8001 -1.19427 -8.29248 -21.7843 -6.27149 -4.49497 0.847287 -0.0542813  -0.197901 0.00670856  0.000722977 -0.000220831 -0.000155306   0.00426268   0.00841385 -0.000452918 0.997914        0        0 0
             38.8999 -1.77286 -7.98316  -25.782 -6.27574 -4.50966 0.863561 -0.0591231  -0.171955   0.116695  0.000822037 -0.000302381  -0.00019418  0.00390952  0.00799356 -0.00139787 0.997925        0        0 23996
             38.8999 -1.48315 -8.25473 -25.8898 -6.28093 -4.51837 0.851533 -0.112974 -0.231852 0.0313551  0.000744328 -0.000221995 -0.000162766  0.00427131  0.00862489 -0.00066078 0.997422        0        0 0
             38.9998 -1.72031  -8.1442 -29.6703  -6.2863 -4.53143 0.864052 -0.0626656  -0.150073  0.0974124  0.000820355 -0.000301152 -0.000213094  0.00388783  0.00789264 -0.00124082 0.997394        0        0 23963
             38.9998 -1.44278 -8.33297 -29.7982 -6.29719 -4.54529 0.854937 -0.164247 -0.244199 0.0306131  0.000747756 -0.000240936 -0.000179468   0.00446153   0.00901929 -0.000673838 0.99193       0       0 0
             39.1004 -1.17406 -8.04933 -33.4802 -6.30544 -4.55386 0.864681 -0.104646 -0.112539 0.0772903  0.000840741  -0.00031003 -0.000218861  0.00424593  0.00791483 -0.00111315 0.991952        0        0 24040
             39.1004 -0.91829 -8.24938 -33.5591 -6.31225 -4.56387 0.858228  -0.16432 -0.181938 0.0310837  0.000769085 -0.000250779 -0.000197035   0.00446343   0.00867958 -0.000702421 0.990952        0        0 0
             39.2003 -0.740217  -8.28864  -36.7213 -6.31899 -4.56865 0.864689 -0.0865463 -0.0751069  0.0535038  0.000874717 -0.000318484 -0.000237922   0.00421037   0.00767355 -0.000944744 0.990941        0        0 23997
             39.2003 -0.417258  -8.46631  -36.8408 -6.32733 -4.58001 0.859135 -0.158217  -0.15641 0.0133052  0.000778848 -0.000263961 -0.000205639   0.00439112   0.00856644 -0.000593724 0.970677        0        0 0
             39.3001 0.267411 -8.39042 -39.6573  -6.3349 -4.58293 0.864746 -0.0877323  -0.056368  0.0445878  0.000873099 -0.000330498 -0.000245933   0.00435289   0.00766331 -0.000858821 0.970664        0        0 24003
             39.3001 0.502476 -8.56347 -39.7666 -6.34183 -4.59425 0.860353 -0.142872 -0.138515 0.0142979  0.000797964 -0.000283184 -0.000216471   0.00434947   0.00848504 -0.000579783 0.957264        0        0 0
             39.3999 0.591196 -8.13727 -41.7805 -6.34293 -4.58923 0.861613 -0.0235405  0.0345608 0.00555047  0.000914585 -0.000338676 -0.000263828 0.00444528 0.00719005 -0.0005988 0.957253        0        0 24000
             39.3999 0.857086 -8.29603 -41.9015 -6.35315 -4.60274 0.859929   -0.102387  -0.0641172 -0.00592357  0.000826735 -0.000293841  -0.00023059    0.0044385   0.00825002 -0.000497408 0.946764        0        0 0
             39.4998 0.714894 -8.16357 -43.4066 -6.35633 -4.59886 0.861093 -0.0186875  0.0437902 0.00584472   0.00088649 -0.000338789  -0.00026782  0.00454563  0.00771745 -0.00060395 0.946742        0        0 23960
             39.4998 0.932112 -8.36531 -43.5099 -6.36536  -4.6122 0.858652  -0.0849462  -0.0568111 -0.00992369  0.000812073 -0.000288933 -0.000239683   0.00440103   0.00872755 -0.000452772 0.950295        0        0 0
             39.6004 0.646839 -7.91551 -44.1835 -6.36441 -4.60249 0.860035 0.00620552  0.0912018  0.0059168   0.00092762 -0.000334091  -0.00028919   0.00469073   0.00779088 -0.000609607 0.95024       0       0 24022
             39.6004 0.975321 -8.03429 -44.3011 -6.36511 -4.60865 0.863252 0.0085864 0.0357806 0.0313106  0.000842935 -0.000315085 -0.000259053   0.00431545    0.0080887 -0.000783813 0.94092       0       0 0
             39.7003 0.742592 -7.73049 -43.7708 -6.36058 -4.59317 0.863046  0.0555063    0.16978 0.00680762  0.000932519 -0.000331247 -0.000306185   0.0048568  0.00760974 -0.00061101 0.940907        0        0 24013
             39.7003  1.04145 -7.88164 -43.9046 -6.36686 -4.60518 0.863075  0.0139856  0.0706228 0.00834981  0.000838124 -0.000305422 -0.000269835   0.00451197   0.00841933 -0.000587106 0.935717        0        0 0
             39.8002  1.01495 -7.41961 -42.6338 -6.36144 -4.58833 0.858318  0.0689641   0.192699 -0.0365712  0.000888306 -0.000334215 -0.000317598   0.00496155   0.00807553 -0.000277695 0.935704        0        0 24004
             39.8002  1.20037 -7.56685 -42.7469 -6.36504 -4.59933 0.860561  0.0518361  0.0976836 -0.0175742  0.000825522 -0.000313608 -0.000286309   0.00447639   0.00871811 -0.000385538 0.93716       0       0 0
                39.9  1.06989 -7.08967 -40.7193 -6.35435 -4.57569 0.854104   0.104023   0.238375 -0.0530533  0.000890763 -0.000324251 -0.000328726   0.00501666   0.00804643 -0.000135611 0.93714       0       0 24002
                39.9  1.31862 -7.25292 -40.8424 -6.35791 -4.58458 0.857897  0.0849777    0.16164 -0.0240757  0.000816074 -0.000296076 -0.000295961   0.00464383   0.00859562 -0.000347539 0.951428        0        0 0
             39.9999  0.93744 -6.99291 -38.4974 -6.35029 -4.56427 0.854376   0.090243   0.217645 -0.0259225  0.000872074 -0.000320164  -0.00033105   0.00501431    0.0085708 -0.000261166 0.951437        0        0 23959
             39.9999  1.21297  -7.1735 -38.5886 -6.35166 -4.57173 0.857538   0.0887489    0.152384 -0.00104855  0.000795205 -0.000288755 -0.000307188   0.00461794   0.00896454 -0.000436175 0.966905        0        0 0
             40.1005 0.981542 -6.93226 -35.8893 -6.34505 -4.55325 0.855448  0.0764685   0.197965 -0.0166859  0.000847102  -0.00032321 -0.000337697    0.0050294   0.00902325 -0.000323768 0.966919        0        0 24042
             40.1005  1.22488 -7.08013 -35.9727 -6.34757 -4.56061 0.858683  0.0638665   0.137185 0.00773401  0.000773434 -0.000291443 -0.000313879   0.00474154   0.00946911 -0.000514077 0.973413        0        0 0
             40.2003 0.856411 -6.72852 -33.3254 -6.33788 -4.53686 0.856647 0.0790767   0.23107 -0.019375  0.000860547 -0.000323306 -0.000336955   0.00501312    0.0088954 -0.000365241 0.973408        0        0 23996
             40.2003  1.17217 -6.97898 -33.3977 -6.33858 -4.54221 0.847811  0.0720927   0.190805 -0.0802304  0.000776183 -0.000261971 -0.000318537  0.00489625  0.00920783 0.000203551 0.987945        0        0 0
             40.3001 0.636965 -6.71909  -31.015 -6.32284 -4.51132 0.846985   0.148331   0.271075 -0.0256238  0.000859361 -0.000309252  -0.00032958   0.00473041   0.00821184 -0.000242179 0.987906        0        0 24001
             40.3001 0.961414 -6.99803 -31.0975  -6.3262 -4.52058 0.837177   0.119385   0.202208 -0.0932821  0.000774689 -0.000239827 -0.000308817  0.00464737  0.00886338 0.000389954 0.983148        0        0 0
                40.4 0.542462 -6.57114 -28.8723 -6.30908 -4.49219 0.841976   0.167552   0.255664 0.00884694  0.000837736 -0.000301967 -0.000323848   0.00448332   0.00819569 -0.000485731 0.983176        0        0 24001
                40.4 0.880979 -6.83624 -28.9359 -6.31315 -4.50191 0.836566  0.135334  0.182986 -0.027813  0.000750848 -0.000235579 -0.000307809   0.00440295   0.00889278 -0.000143934 0.983143        0        0 0
             40.4998 0.485167 -6.50957 -26.8934 -6.29623 -4.47228  0.84395  0.156738  0.265295 0.0397273  0.000850449 -0.000291719 -0.000321616   0.00446555   0.00809537 -0.000822174 0.983166        0        0 23960
             40.4998 0.870664 -6.78104 -26.9873 -6.30123 -4.48132  0.83316  0.110134   0.20111 -0.036792  0.000752448 -0.000223656 -0.000297712    0.0046096   0.00879096 -0.000129312 0.987058        0        0 0
             40.6005 0.358575 -6.45866 -25.4145 -6.28839  -4.4516 0.843635 0.116427 0.252225 0.059478  0.000846704 -0.000289841 -0.000306054  0.00466091  0.00809187 -0.00105864 0.987054        0        0 24043
             40.6005 0.698964 -6.72987  -25.515 -6.29291 -4.46105 0.830899   0.074297   0.186342 -0.0298007  0.000762046 -0.000221578 -0.000280753   0.00480104   0.00878307 -0.000245167 0.991405        0        0 0
             40.7003 0.272601 -6.29792 -24.3581 -6.28407 -4.43531  0.84265 0.0724581  0.205626 0.0762678  0.000813252 -0.000288951 -0.000290805  0.00473872  0.00814898 -0.00118691 0.991454        0        0 23996
             40.7003 0.478162 -6.52714 -24.4414 -6.28767 -4.44144 0.835347 0.0387483  0.164084 0.0250316  0.000757564 -0.000226858 -0.000268328   0.00489443   0.00861928 -0.000721478 0.982622        0        0 0
             40.8002 -0.0769438   -6.20673   -23.8142  -6.2777  -4.4194 0.849099 0.0847973  0.166946  0.118179  0.000843049 -0.000298015  -0.00028991  0.00440282  0.00789725 -0.00140752 0.98259       0       0 23999
             40.8002 0.262268 -6.47373 -23.9168 -6.28626 -4.42952 0.837083 0.00118737  0.0988616   0.030007  0.000746009 -0.000222397 -0.000261995   0.00491224   0.00876103 -0.000638912 0.9915      0      0 0
                40.9 0.0156631  -6.28884  -23.7322 -6.28364 -4.42073 0.850189 0.0169199 0.0480474  0.103221  0.000814863 -0.000291853 -0.000274041  0.00453953  0.00854555 -0.00125739 0.991489        0        0 24003
                40.9 0.289168 -6.55009 -23.8344 -6.28393  -4.4243 0.839316 0.00929233  0.0226418  0.0259961  0.000743109 -0.000224223 -0.000247391   0.00457123   0.00876848 -0.000534706 0.992127        0        0 0
             40.9999 0.069938 -6.55719 -23.7238 -6.27923 -4.41792  0.84989  0.0262987 0.00979469  0.0685219  0.000835729  -0.00029087 -0.000280206  0.00420066  0.00819084 -0.00111388 0.992129        0        0 23959
             40.9999 0.394187 -6.80818 -23.8301 -6.28403  -4.4241 0.839862  -0.0226503  -0.0312341 -0.00418219  0.000749536 -0.000223992  -0.00025222  0.00451765  0.00868623 -0.00047307 0.993128        0        0 0
             41.1001 0.129388 -6.54389 -23.4836 -6.28629 -4.42556 0.848318 -0.0343413 -0.0690384  0.0500624  0.000823193 -0.000295839 -0.000279113   0.0044479  0.00832789 -0.00112705 0.99313       0       0 24038
             41.1001 0.385807 -6.75606 -23.5642 -6.28986 -4.43173 0.837898  -0.070699  -0.110954 -0.0242859  0.000755427 -0.000239764 -0.000257981  0.00466494  0.00879189 -0.00045894 0.993218        0        0 0
             41.1999 0.323903 -6.04864 -23.0874 -6.29429 -4.43967 0.845459 -0.0626986   -0.14401  0.0613921  0.000846928 -0.000307105 -0.000284942  0.00445942  0.00824033 -0.00104637 0.993218        0        0 24001
             41.1999 0.637209 -6.29278  -23.132 -6.30728 -4.45425 0.839306  -0.18195 -0.243163 0.0146359  0.000758683 -0.000239516 -0.000271641   0.00513143   0.00947021 -0.000703221 0.982364        0        0 0
             41.2998 0.918609  -6.5029 -22.6201  -6.3157  -4.4694 0.846207 -0.122229 -0.220134 0.0621801  0.000829776 -0.000285022 -0.000289997   0.00440441   0.00834707 -0.000953663 0.98229       0       0 23961
             41.2998  1.21926 -6.78392 -22.7353 -6.31387 -4.46976 0.833238  -0.112508  -0.222416 -0.0298941  0.000753825 -0.000212343  -0.00026152   0.00439054   0.00831656 -8.26616e-05 0.99146       0       0 0
             41.4004 0.785525 -7.06608 -21.9798 -6.32415 -4.48766 0.842884 -0.117088 -0.224918 0.0630307  0.000836128 -0.000287605 -0.000282874   0.00420651   0.00777965 -0.000897685 0.991457        0        0 24040
             41.4004 0.988702 -7.31791 -22.0493 -6.33058 -4.49794 0.830295  -0.18044 -0.295851 -0.027948  0.000775115 -0.000218687 -0.000265487    0.0045674   0.00858529 -0.000103242 0.997085        0        0 0
             41.5002 0.0813359  -7.41923  -21.1576 -6.34239 -4.51628 0.839534 -0.140529 -0.233455 0.0671753  0.000861501 -0.000286583 -0.000291845   0.00415108   0.00758847 -0.000807783 0.997018        0        0 23999
             41.5002 0.314008 -7.67825 -21.2134 -6.35735 -4.53325 0.832258  -0.28169 -0.351466 0.0104292   0.00077851 -0.000207221 -0.000276393   0.00497167   0.00902197 -0.000421899 0.983292        0        0 0
             41.6001 -0.285235  -7.98352  -20.6341 -6.37926 -4.55758 0.846505 -0.226979 -0.280922   0.10002  0.000843768 -0.000282066 -0.000276406  0.00451257  0.00812137 -0.00127011 0.983276        0        0 23985
             41.6001 -0.0309165   -8.23904   -20.7117 -6.37961 -4.56114 0.834797 -0.235518 -0.305976 0.0153847  0.000775539 -0.000216372 -0.000256516   0.00458701   0.00834865 -0.000495292 0.979638        0        0 0
                41.7 -0.888323  -7.81048  -20.3673 -6.39656 -4.58439 0.848114 -0.150933 -0.227374 0.0936394  0.000879947 -0.000306168  -0.00028255   0.0040728  0.00782135 -0.00130638 0.979665        0        0 24016
                41.7 -0.521549   -8.0548  -20.4884  -6.4016 -4.59044 0.836034  -0.207556  -0.270522 0.00395635  0.000780503 -0.000238821 -0.000250057   0.00451554   0.00833555 -0.000531571 0.983345        0        0 0
             41.7998 -1.20225 -7.27652 -20.5462 -6.41939 -4.60791 0.844424 -0.171832 -0.160306 0.0512899  0.000851339 -0.000302271 -0.000267301  0.00436009  0.00789591 -0.00109685 0.983361        0        0 23960
             41.7998 -0.966584  -7.50481  -20.6585 -6.42417 -4.61358  0.83225  -0.225051  -0.198157 -0.0381072  0.000786679 -0.000238161 -0.000235959   0.00480364   0.00836399 -0.000308934 0.992126        0        0 0
             41.9005 -1.52781 -6.56635  -21.619 -6.43927 -4.62433 0.840205 -0.149696 -0.101803  0.053347  0.000880415 -0.000315623 -0.000261431  0.00411782  0.00779111 -0.00107677 0.992112        0        0 24041
             41.9005 -1.16965 -6.86661 -21.7233 -6.44688 -4.63393 0.823958  -0.229801  -0.166161 -0.0647375  0.000781931 -0.000228365 -0.000232133   0.00473253   0.00855687 -2.10581e-05 0.990803        0        0 0
             42.0003 -0.652158  -6.36981  -22.8388 -6.46462 -4.64193 0.838305  -0.172837 -0.0698215  0.0912305  0.000843082 -0.000309242 -0.000262539  0.00413262  0.00811383 -0.00133882 0.990825        0        0 23996
             42.0003 -0.392234  -6.61194  -22.9316 -6.47179 -4.65077  0.82812 -0.245184 -0.130674 0.0152476  0.000765361 -0.000235596 -0.000236272   0.00460389   0.00882248 -0.000675377 0.994467        0        0 0
             42.1001 0.0998427  -6.29831  -24.4978 -6.49185 -4.65467 0.841316  -0.198856 -0.0451131    0.10782   0.00085466 -0.000307034 -0.000258633  0.00428483  0.00830833 -0.00142231 0.994463        0        0 24001
             42.1001 0.344264 -6.54074 -24.5805 -6.49714 -4.66419 0.829549 -0.251156 -0.111245 0.0223933  0.000779977 -0.000237973 -0.000235831   0.00456708    0.0089978 -0.000659867 0.988468        0        0 0
                42.2 0.242985  -6.0757 -26.2044 -6.51221  -4.6592 0.842664   -0.145541 -0.00137989    0.121122  0.000885616  -0.00031587 -0.000260164  0.00429176  0.00783102 -0.00127105 0.988502        0        0 24001
                42.2  0.49216  -6.2819 -26.2896 -6.51691 -4.66604 0.833771  -0.192317 -0.0485743  0.0558017  0.000813246   -0.0002564 -0.000237376   0.00455616   0.00836196 -0.000701044 0.996749        0        0 0
             42.2998 0.116694  -5.5742 -27.5558 -6.53233 -4.66414 0.845192   -0.165608 -0.00540691   0.0925825  0.000911213 -0.000320688 -0.000273828  0.00445682  0.00781104 -0.00105634 0.99673       0       0 23961
             42.2998 0.463313 -5.79345 -27.6523 -6.53969 -4.67289 0.837665  -0.235373 -0.0653085  0.0364103  0.000809858 -0.000254855 -0.000246849   0.00483063   0.00853866 -0.000586529 0.996444        0        0 0
             42.4005 0.319902 -5.88428 -29.0579 -6.55477 -4.66935 0.846966  -0.172856 -0.0104449  0.0663017  0.000947683 -0.000314332 -0.000276692 0.00435952 0.00758141 -0.0010055 0.99648       0       0 24036
             42.4005 0.693792 -6.13991 -29.1496 -6.56011 -4.67673 0.836633   -0.224835  -0.0605932 -0.00764668    0.0008401 -0.000240449 -0.000252202   0.00462953   0.00818323 -0.000347452 0.995442        0        0 0
             42.5003 0.156318 -6.46542  -29.353 -6.58144 -4.68274 0.844416 -0.223534 -0.106895 0.0490363  0.000926042 -0.000308331 -0.000294116   0.00442541   0.00794504 -0.000904481 0.995486        0        0 24000
             42.5003  0.46827 -6.65907  -29.437  -6.5848   -4.687 0.834607   -0.25866  -0.135485 -0.0217626  0.000839005 -0.000253407 -0.000272852   0.00462532   0.00830312 -0.000281266 0.994133        0        0 0
             42.6002 0.346154 -6.23728 -29.1146 -6.60905 -4.70002 0.842966 -0.265549  -0.20076 0.0412742    0.0009236 -0.000321938 -0.000304779   0.00446336   0.00787819 -0.000986544 0.994169        0        0 23988
             42.6002 0.669889 -6.49724 -29.2131  -6.6153 -4.70722 0.832005  -0.326007  -0.248385 -0.0384995   0.00082411 -0.000249677 -0.000277653   0.00477219   0.00847812 -0.000315302 0.994131        0        0 0
             42.7001  0.78841 -6.30676 -28.9372 -6.64346  -4.7323 0.836928   -0.31423  -0.324614 0.00986851  0.000924417 -0.000318474 -0.000309505   0.00429552   0.00798302 -0.000915056 0.994163        0        0 24017
             42.7001  1.10704 -6.55404 -29.0603 -6.65043 -4.73948 0.825277  -0.381964  -0.370888 -0.0749877  0.000826686 -0.000248416 -0.000275677   0.00467597   0.00859909 -0.000210984 0.997952        0        0 0
             42.7999  1.33896  -6.4459 -28.9921 -6.69087  -4.7764 0.829366  -0.449215  -0.438469 0.00246571  0.000899536 -0.000313108 -0.000299592  0.00449065  0.00817166 -0.00102546 0.997996        0        0 23959
             42.7999  1.57946 -6.66578 -29.0738 -6.69243 -4.78172   0.8272  -0.461467  -0.478621 -0.0129766  0.000831111 -0.000259897 -0.000279817   0.00441482   0.00851277 -0.000889004 0.999025        0        0 0
             42.9001  1.33752 -6.94893 -28.7793 -6.73352 -4.82175 0.832707 -0.418233   -0.4667 0.0559472  0.000940961 -0.000319359 -0.000310177  0.00437429  0.00765009 -0.00120982 0.999015        0        0 24038
             42.9001  1.61633 -7.11785 -28.8869  -6.7433 -4.83236  0.82508   -0.506949   -0.537173 -0.00178195  0.000847281 -0.000265722 -0.000280894   0.00479851   0.00854889 -0.000766321 0.990293        0        0 0
                  43 0.660131 -6.43924 -28.2569 -6.78291 -4.87562 0.827708 -0.384351 -0.465932 0.0509507  0.000937387 -0.000331889  -0.00031654   0.00449842   0.00759837 -0.000786371 0.990289        0        0 24000
                  43 0.860696 -6.64451 -28.3417 -6.79133 -4.88506 0.819327   -0.46425  -0.530351 -0.0126698   0.00086268 -0.000269849 -0.000293116   0.00489014   0.00842334 -0.000282016 0.99411       0       0 0
             43.0998 0.290233 -6.15804 -28.2434 -6.82651 -4.92958 0.825909 -0.331548 -0.463264  0.053823  0.000951171 -0.000328987 -0.000306145   0.00444771   0.00772839 -0.000682086 0.994128        0        0 23962
             43.0998 0.630024 -6.44205 -28.3476 -6.83007 -4.93527 0.812855  -0.370196  -0.502118 -0.0402113  0.000854783 -0.000255694  -0.00027921  0.00465637  0.00817302 0.000126132 0.996138        0        0 0
             43.2005    1.184 -6.23372 -28.5679 -6.85667 -4.97685 0.824678 -0.233472 -0.449135 0.0609707  0.000951568 -0.000326857 -0.000305212   0.00422476   0.00741269 -0.000871938 0.996212        0        0 24034
             43.2005  1.47832  -6.4084 -28.6645 -6.86962 -4.98865 0.815067  -0.354657  -0.527294 -0.0139964  0.000846409 -0.000267968 -0.000274868   0.00487889   0.00847072 -0.000294819 0.992718        0        0 0
             43.3003  1.89802 -5.68136  -29.536 -6.89373 -5.03272 0.827408 -0.233642 -0.483748 0.0472836  0.000941289 -0.000327594   -0.0002879  0.00425794   0.0075747 -0.00134361 0.992797        0        0 24003
             43.3003  2.11911 -5.94611 -29.6368 -6.90478  -5.0459 0.819377  -0.334151  -0.572363 -0.0135943  0.000876445 -0.000257648 -0.000260353   0.00474072   0.00870314 -0.000849235 0.989994        0        0 0
             43.4002  1.89875 -7.09659 -30.8018 -6.92645 -5.09192 0.825032  -0.17888 -0.498552 0.0418651  0.000949847 -0.000307567  -0.00028031  0.00445462  0.00774241 -0.00130324 0.990035        0        0 24000
             43.4002  2.24102 -7.23588 -30.8852 -6.92857  -5.0965 0.820045  -0.199694  -0.532737 0.00643362  0.000861459 -0.000268459 -0.000260589   0.00449588   0.00810091 -0.000976945 0.981031        0        0 0
                43.5  2.79645 -7.14067 -31.3713 -6.9394  -5.139 0.81936  -0.104362  -0.457241 -0.0101179  0.000937351 -0.000338521 -0.000283153   0.00451579    0.0071846 -0.000890683 0.981019        0        0 24005
                43.5  2.95836 -7.31513 -31.4372 -6.94715 -5.14906 0.815834  -0.172641   -0.52862 -0.0381036  0.000900351 -0.000290243 -0.000268923   0.00474846   0.00808881 -0.000683096 0.97983       0       0 0
             43.5998  2.14881 -7.48175  -32.069 -6.95363 -5.18963 0.808002 -0.0705857  -0.438579 -0.0580724  0.000959072 -0.000334839 -0.000282273   0.00458795   0.00704568 -0.000425619 0.979825        0        0 23958
             43.5998  2.04136 -7.59164 -32.1017 -6.96787 -5.20745 0.808712  -0.188528  -0.565941 -0.0578182  0.000992618 -0.000303359 -0.000276085   0.00490442   0.00865336 -0.000551826 0.982677        0        0 0
             43.7001 0.827516 -7.19551 -33.0363 -6.97662 -5.25288  0.80285 -0.121269 -0.501748 -0.018228  0.000955842 -0.000352658 -0.000286725   0.00475497   0.00751438 -0.000285432 0.9827      0      0 24039
             43.7001 0.981081 -7.28638 -33.1147   -6.979 -5.25965 0.808342 -0.133975 -0.556651 0.0202897  0.000916769 -0.000327615 -0.000266052   0.00452993    0.0079827 -0.000654894 0.988452        0        0 0
                43.8 -0.208065   -5.9734  -34.4744 -6.99138 -5.30542  0.80742   -0.172104   -0.467961 -0.00474443  0.000977707 -0.000379386 -0.000283002   0.00484964   0.00724019 -0.000480864 0.988443        0        0 24000
                43.8 -0.0124805   -6.12199    -34.549  -6.9998 -5.31562  0.80607  -0.244372  -0.542368 -0.0168391  0.000924883 -0.000336434 -0.000262298   0.00503836    0.0081768 -0.000417102 0.980827        0        0 0
             43.8998 0.477249  -5.1087 -34.7548 -7.02638 -5.36438 0.804927 -0.317886 -0.489011 0.0235672  0.000965759 -0.000368101  -0.00031502   0.00496741   0.00784461 -0.000312871 0.980814        0        0 23961
             43.8998  0.83249 -5.46411 -34.8124 -7.02988 -5.37395 0.791839  -0.350566  -0.559717 -0.0650503  0.000868833  -0.00027153 -0.000298358  0.00491685  0.00854335 0.000541489 0.974809        0        0 0
             44.0005  1.61839 -6.00859 -34.4783 -7.07561 -5.43339 0.798552 -0.466819 -0.588842 0.0139906  0.000936038 -0.000327929 -0.000315909   0.00524363   0.00899382 -0.000326314 0.974814        0        0 24039
             44.0005  1.74686 -6.17728  -34.507 -7.07272 -5.43643 0.798966 -0.436663 -0.617865 0.0191844   0.00090209 -0.000284021 -0.000310122   0.00484238   0.00904254 -0.000338743 0.971804        0        0 0
             44.1003  1.37789 -6.57524 -33.1778 -7.12214  -5.4956 0.804822 -0.514477  -0.60167  0.021428  0.000956435 -0.000337857 -0.000340762   0.00518274   0.00897825 -0.000751235 0.971834        0        0 24003
             44.1003  1.53334 -6.84531 -33.2037  -7.1182 -5.49917 0.796545  -0.478955  -0.633391 -0.0332693  0.000913502 -0.000265546 -0.000336277   0.00476994   0.00903036 -0.000175921 0.961089        0        0 0
             44.2001 0.826371 -6.97914   -31.99   -7.167 -5.55451  0.80324 -0.498216 -0.578069 0.0452021  0.000974285 -0.000333945 -0.000341408   0.00518351   0.00846261 -0.000852873 0.96111       0       0 24000
             44.2001  1.03829 -7.05382 -32.0565 -7.16328 -5.55252 0.808075 -0.462691  -0.56867 0.0805989  0.000922704 -0.000316598 -0.000324195  0.00491256  0.00817864 -0.00116001 0.964656        0        0 0
                44.3  1.67385 -5.85007 -30.0889 -7.21068 -5.60456 0.815559  -0.46472 -0.499702 0.0826852  0.000979465 -0.000358088 -0.000346935  0.00526654  0.00805724 -0.00101254 0.964661        0        0 23998
                44.3  2.07454 -6.01823 -30.1401 -7.21441 -5.60858 0.807478 -0.503785 -0.527097  0.023874  0.000868346 -0.000312973 -0.000332769   0.00548596   0.00844952 -0.000477014 0.974416        0        0 0
             44.3998  2.44214 -4.99498 -29.8151 -7.26007 -5.65932  0.80873   -0.42461  -0.485931 -0.0241564   0.00097361  -0.00035136 -0.000313269   0.00526147   0.00841461 -0.000606263 0.974421        0        0 23960
             44.3998  2.65991 -5.15017 -29.8747 -7.26469 -5.66938 0.801601  -0.463638  -0.561316 -0.0744445  0.000907977 -0.000311442 -0.000296858   0.00525565   0.00920109 -0.000140989 0.983643        0        0 0
             44.5004  1.81926 -4.01909 -30.2818 -7.29003 -5.70322 0.803945  -0.238923  -0.418644 0.00918252   0.00101572 -0.000357847 -0.000308563   0.00467037   0.00714192 -0.000725464 0.983647        0        0 24041
             44.5004  2.12163 -4.24616 -30.3375 -7.29862 -5.71367 0.795758  -0.319002  -0.492234 -0.0505416  0.000927141 -0.000294682 -0.000293579   0.00501339   0.00810743 -0.000216822 0.980243        0        0 0
             44.6003  1.73125 -4.54208 -30.8935 -7.31201 -5.74683 0.800152  -0.13839 -0.410303 0.0214943   0.00102965 -0.000334726 -0.000307247   0.00440825   0.00635154 -0.000722954 0.980281        0        0 23980
             44.6003  2.14675 -4.83899 -30.9982 -7.31992 -5.75738 0.788198  -0.213714  -0.485501 -0.0644335  0.000909593 -0.000250929 -0.000280404  0.00470557   0.0073102 3.97043e-05 0.970433        0        0 0
             44.7002   2.5179 -6.07198 -31.0829 -7.33744 -5.80641  0.79249  -0.142317  -0.517227 -0.0105527   0.00100528 -0.000315999 -0.000316417   0.00447208    0.0071506 -0.000785395 0.970432        0        0 24015
             44.7002  2.82875 -6.28002 -31.2103 -7.35355 -5.82311 0.785694  -0.286985  -0.634147 -0.0619975  0.000902896 -0.000249454 -0.000283413   0.00510092     0.008769 -0.000409335 0.978492        0        0 0
                44.8   2.0968 -6.48289  -31.278 -7.37145 -5.87766 0.785179  -0.181909  -0.600402 -0.0157904   0.00101097 -0.000327652 -0.000310277    0.0048193   0.00772386 -0.000797316 0.978464        0        0 24002
                44.8  2.30118 -6.58065 -31.3823 -7.38435 -5.89149 0.780451  -0.297175  -0.699137 -0.0521075   0.00093572 -0.000291338 -0.000281732   0.00527962   0.00904993 -0.000566389 0.987561        0        0 0
             44.8999  1.75198 -6.27304 -31.6704 -7.40382 -5.94558 0.785961 -0.240475 -0.576854 0.0873247   0.00101263 -0.000344312 -0.000309129   0.00488605   0.00767129 -0.000887169 0.987546        0        0 23962
             44.8999  2.04084 -6.47648 -31.7484 -7.41123 -5.95402 0.776232  -0.31172 -0.636736 0.0177902  0.000922512 -0.000284645 -0.000289192   0.00520626    0.0084826 -0.000305163 0.978187        0        0 0
             45.0001  1.72541 -5.58846 -32.3035 -7.43829 -6.01081 0.788523 -0.313658 -0.571424 0.0931709   0.00100747 -0.000358541 -0.000308661   0.00471474   0.00778122 -0.000865151 0.978174        0        0 24040
             45.0001  1.90206 -5.78574 -32.3848 -7.45147 -6.02438  0.78448 -0.431767 -0.668884 0.0632583  0.000936559 -0.000295792 -0.000287252    0.0051761   0.00909931 -0.000692687 0.971246        0        0 0
                45.1  1.10807 -5.61112 -33.1368 -7.47929 -6.06953 0.795489 -0.323796   -0.4892  0.102269   0.00106369 -0.000344019 -0.000311824  0.00464323  0.00723632 -0.00088688 0.97118       0       0 23998
                45.1  1.48597 -5.72151  -33.199  -7.4891 -6.07622  0.79335 -0.413631 -0.534138 0.0852036  0.000950994 -0.000303714 -0.000296043   0.00512274   0.00799954 -0.000806149 0.967864        0        0 0
             45.1998  1.77903 -5.92555 -32.8452  -7.5206 -6.11475 0.802254 -0.366771 -0.406975 0.0662447   0.00103968 -0.000347295 -0.000326588   0.00482472   0.00672841 -0.000817728 0.967831        0        0 23962
             45.1998  2.08713 -6.12275  -32.956 -7.53784 -6.13139 0.795198 -0.519775 -0.523264 0.0143712  0.000929841 -0.000281704  -0.00029882   0.00545176   0.00838182 -0.000443209 0.970346        0        0 0
             45.3005  1.49599  -6.5207 -32.5893 -7.58034 -6.17384 0.796976  -0.472583  -0.426169 -0.0117353   0.00104426 -0.000337281 -0.000332244   0.00470227   0.00737132 -0.000582005 0.970326        0        0 24039
             45.3005  1.78901 -6.59708 -32.7012  -7.5953 -6.18511 0.794177  -0.604858  -0.501403 -0.0349111  0.000946425 -0.000302371 -0.000305122   0.00536191   0.00861007 -0.000476294 0.962941        0        0 0
             45.4003 0.539569 -6.61565 -32.0056 -7.64311 -6.22244 0.794882 -0.494712 -0.411638 0.0162259   0.00107249 -0.000355814 -0.000331011   0.00477514   0.00735234 -0.000614092 0.962994        0        0 23998
             45.4003 0.854053 -6.78957 -32.1246 -7.65653 -6.23493 0.788643  -0.616475  -0.499924 -0.0305942  0.000960771 -0.000295538 -0.000302836   0.00528221    0.0086056 -0.000281312 0.958655        0        0 0
             45.5002 -0.129755  -5.66869   -32.139 -7.70031 -6.27566 0.791286 -0.414608 -0.460925 0.0239786    0.0010755 -0.000372088 -0.000330192   0.00462734   0.00738945 -0.000468795 0.958638        0        0 24004
             45.5002 0.215455 -5.69591 -32.2788 -7.71925  -6.2889 0.788768   -0.585233   -0.550897 0.000904658  0.000947136 -0.000340032  -0.00029005   0.00548642   0.00884963 -0.000392334 0.954119        0        0 0
                45.6 -0.741152  -3.96673  -32.2223 -7.75286 -6.32434 0.798278 -0.343316 -0.377761 0.0868846   0.00107251 -0.000383113 -0.000342825   0.00432588   0.00702719 -0.000909652 0.954045        0        0 23978
                45.6 -0.444668  -4.28738  -32.3488 -7.76675 -6.33912 0.786945  -0.470408    -0.4813 0.00377732  0.000960041  -0.00028939 -0.000302347   0.00484732   0.00839417 -0.000201175 0.946688        0        0 0
             45.6999 -0.665708  -4.96501    -32.17  -7.7991 -6.37193 0.796101  -0.29888 -0.382456 0.0643633   0.00109264  -0.00032986 -0.000344512   0.00456949   0.00715225 -0.000750469 0.946678        0        0 23981
             45.6999 -0.272867   -5.0987  -32.3028 -7.81828 -6.38781 0.788875  -0.470008  -0.489653 0.00918303   0.00095122 -0.000275635 -0.000304951   0.00538463   0.00875744 -0.000286659 0.957329        0        0 0
             45.8001 -1.20045 -4.87019 -31.3708 -7.84566 -6.42521 0.798731 -0.237971 -0.438103 0.0584929   0.00108326 -0.000340633 -0.000358915   0.00486485   0.00738636 -0.000913266 0.957321        0        0 24039
             45.8001 -0.915385   -5.0466  -31.4898 -7.86062  -6.4377 0.791333  -0.373465  -0.523563 0.00350421  0.000979113 -0.000281717 -0.000322161   0.00551514   0.00866884 -0.000437171 0.956794        0        0 0
                45.9 -1.44006 -5.18388 -31.4113 -7.88068 -6.47975 0.796574  -0.211025  -0.459478 0.00216495   0.00108408 -0.000346241 -0.000350949   0.00469493   0.00747226 -0.000951899 0.956728        0        0 24000
                45.9 -1.03677 -5.40085 -31.5805 -7.90149 -6.49919 0.787278  -0.397354  -0.596551 -0.0668313  0.000930583 -0.000270846 -0.000298358   0.00551131   0.00938486 -0.000348027 0.96037       0       0 0
             45.9998 -1.77531 -5.56691 -32.6089 -7.91872 -6.53924 0.786484  -0.211252  -0.490921 -0.0253958   0.00110189 -0.000347675 -0.000331107   0.00459295   0.00728857 -0.000843252 0.960294        0        0 23961
             45.9998 -1.45634 -5.67897 -32.7628 -7.94041 -6.55657 0.779836  -0.408065  -0.610077 -0.0779186  0.000968852 -0.000288726 -0.000284404   0.00554395   0.00907911 -0.000418038 0.952756        0        0 0
             46.1004 -2.49894 -4.48152 -33.8011 -7.96223 -6.60003 0.786078 -0.280418  -0.49174 0.0851274   0.00108931 -0.000376225 -0.000335428  0.00473206  0.00718601 -0.00101954 0.95278       0       0 24041
             46.1004 -2.17734 -4.59256 -33.8829 -7.97491 -6.61025 0.778846  -0.39599 -0.561115  0.031402   0.00097695 -0.000333769 -0.000306999   0.00529376   0.00821262 -0.000561594 0.945072        0        0 0
             46.2003  -1.8901 -3.72042 -34.7429 -8.00701 -6.65629 0.793371 -0.370025 -0.486973   0.12417   0.00109037 -0.000365177 -0.000331728  0.00468107  0.00727748 -0.00119584 0.94512       0       0 23996
             46.2003 -1.48767 -4.03562 -34.9251 -8.02946 -6.68047 0.783046 -0.561541 -0.657823 0.0517267  0.000962078  -0.00027814 -0.000281673   0.00533045   0.00951583 -0.000488245 0.958319        0        0 0
             46.3001 -1.30871 -4.43215 -36.6527 -8.07095 -6.72252 0.798283 -0.473588 -0.463858  0.129125   0.00110487  -0.00034933 -0.000325346  0.00507706  0.00760119 -0.00116864 0.958295        0        0 24001
             46.3001 -0.882999  -4.57526  -36.7504 -8.08653 -6.73573 0.793919  -0.61036 -0.555836 0.0951472  0.000968028 -0.000291734 -0.000298622   0.00560355   0.00893727 -0.000851354 0.957769        0        0 0
                46.4 -0.357726  -5.59049  -38.2476 -8.13268 -6.77299 0.805125 -0.534082  -0.42329 0.0731243   0.00115678 -0.000338177 -0.000336442  0.00519952  0.00730793 -0.00106353 0.957867        0        0 24002
                46.4 0.153558 -5.73058 -38.4478 -8.15916 -6.79799  0.79933 -0.754778 -0.598994 0.0315326  0.000963639 -0.000276961 -0.000279708   0.00585141   0.00967757 -0.000687095 0.9512      0      0 0
             46.4998  0.27195 -6.49662 -39.6012 -8.21003 -6.83241  0.80463 -0.622074 -0.405129 0.0397145   0.00113453 -0.000343338 -0.000345429   0.00495129   0.00709607 -0.000895106 0.951146        0        0 23960
             46.4998 0.795278 -6.68947   -39.75 -8.22097 -6.84581 0.794238  -0.710465  -0.497686 -0.0324535  0.000987656 -0.000287507 -0.000308184   0.00511574   0.00825409 -0.000208689 0.943138        0        0 0
             46.6005 0.560061 -7.04348 -40.0365 -8.28379 -6.87998 0.797043      -0.643   -0.366164 -0.00268444    0.0010933 -0.000350564 -0.000347768   0.00515602   0.00706533 -0.000723319 0.943116        0        0 24041
             46.6005 0.866772 -7.20223 -40.2586 -8.30914 -6.90441 0.788136  -0.841919  -0.530987 -0.0671054   0.00101697 -0.000302983 -0.000293155   0.00566101   0.00950441 -0.000168792 0.94624       0       0 0
             46.7004 0.361129 -5.85881   -41.14 -8.37204 -6.93727 0.796972 -0.644598 -0.403284 0.0827838   0.00109984 -0.000393592 -0.000355635  0.00535247  0.00748039 -0.00100916 0.946235        0        0 23996
             46.7004 0.693586 -6.00164 -41.2717 -8.38604 -6.95338 0.792393 -0.752216 -0.519121 0.0515949   0.00101131 -0.000351774 -0.000319454   0.00542692    0.0089823 -0.000732249 0.943509        0        0 0
             46.8002 0.254518 -5.67358 -41.1477 -8.43707 -6.98261 0.802076 -0.519912 -0.351025  0.084887   0.00113101 -0.000354437 -0.000384363  0.00533187  0.00684183 -0.00088141 0.943507        0        0 24002
             46.8002 0.683392  -5.8795 -41.3973 -8.46451  -7.0111 0.791637  -0.737254  -0.551747 0.00999489   0.00101177 -0.000293957 -0.000313173 0.00566761 0.00964997 -0.0002103 0.947095        0        0 0
                46.9 0.955341 -5.82471 -42.4097 -8.51185 -7.04085 0.800459 -0.486721 -0.368845 0.0382624   0.00114104 -0.000352735 -0.000362307   0.00552671   0.00724979 -0.000851013 0.947093        0        0 24001
                46.9  1.47526 -5.95616 -42.5942 -8.52846 -7.05819 0.793284  -0.619754  -0.494985 -0.0125805  0.000999111 -0.000313635 -0.000310363   0.00569794   0.00897742 -0.000381164 0.942151        0        0 0
             46.9999  1.69043 -5.51821 -43.3937 -8.56872 -7.08871  0.80097 -0.415722 -0.394744 0.0136329   0.00111028 -0.000379284 -0.000366133  0.00565202  0.00696284 -0.00113499 0.942177        0        0 23960
             46.9999  1.97016 -5.74635 -43.6241 -8.59038 -7.11349 0.793623  -0.580164  -0.573603 -0.0383097   0.00103556   -0.0003127 -0.000303182   0.00566633    0.0093049 -0.000662863 0.94466       0       0 0
             47.1001 0.938828 -5.74995 -45.2274 -8.62452 -7.15171 0.792203 -0.371783 -0.471502 -0.038774   0.00113056 -0.000371468 -0.000350726   0.00556439   0.00715775 -0.000917982 0.944745        0        0 24039
             47.1001  1.19443 -5.95347 -45.4383 -8.64034 -7.16957 0.786693  -0.490846  -0.598269 -0.0782673   0.00105938 -0.000311902 -0.000293233    0.0055582   0.00883412 -0.000574279 0.94008       0       0 0
                47.2 -0.169206  -6.93967  -46.9052 -8.67511 -7.21173 0.779105  -0.398298  -0.487967 -0.0944687   0.00118199 -0.000344552 -0.000362776   0.00587867   0.00718975 -0.000663229 0.940109        0        0 23998
                47.2 0.239462 -7.09301 -47.1709 -8.69004 -7.22812 0.774041 -0.511374 -0.604503 -0.130915   0.00106669 -0.000298289 -0.000290561   0.00585651    0.0087337 -0.000346391 0.930724        0        0 0
             47.2998 -0.567429  -7.08401   -48.446 -8.72864 -7.27323 0.766193  -0.437956  -0.517953 -0.0692507    0.0012115 -0.000363413 -0.000371641   0.00613519   0.00723487 -0.000646418 0.930659        0        0 23963
             47.2998 -0.31173 -7.10637 -48.4138 -8.72517 -7.27276 0.767355  -0.409208  -0.520766 -0.0596997   0.00114201 -0.000358534 -0.000380344   0.00591814   0.00702435 -0.000712754 0.909626        0        0 0
             47.4005 0.655487 -6.52291 -49.8067 -8.77993 -7.32784 0.767596 -0.552872 -0.510693 0.0244714   0.00116582  -0.00039287 -0.000369357   0.00610696   0.00774132 -0.000913973 0.909647        0        0 24038
             47.4005 0.499464 -6.63581 -49.8414 -8.78631 -7.33865 0.767089  -0.59202 -0.595924 0.0234671   0.00120065 -0.000364721 -0.000360048   0.00572487   0.00856675 -0.000860817 0.907858        0        0 0
             47.5003 0.253309 -6.64973 -51.1999 -8.85295 -7.39858 0.772982 -0.651577 -0.563139 0.0932561   0.00117571 -0.000385614 -0.000369861   0.00603315   0.00905768 -0.000846934 0.907843        0        0 24001
             47.5003 0.729526 -6.76214 -51.4259 -8.87386 -7.42438 0.769106 -0.796537 -0.764003 0.0681821   0.00102524 -0.000356736 -0.000307182   0.00544304    0.0112926 -0.000538998 0.927131        0        0 0
             47.6001 0.645116 -7.41562 -50.7725 -8.94148 -7.47832 0.779023 -0.741993 -0.571304 0.0845962   0.00118861 -0.000358623 -0.000419331   0.00632499   0.00966694 -0.000665487 0.927102        0        0 23985
             47.6001  1.06663 -7.65289 -50.9458 -8.95818  -7.5052 0.774143 -0.849641 -0.789751 0.0569092   0.00103342 -0.000312061 -0.000368449   0.00527837    0.0117664 -0.000280899 0.934796        0        0 0
                47.7 0.347928 -8.72656 -50.3628 -9.02719 -7.55126 0.779184    -0.7795  -0.513504 -0.0057912   0.00122618 -0.000326708 -0.000426279   0.00676855   0.00925518 -0.000615334 0.934747        0        0 24017
                47.7  0.45893 -8.76479 -50.4039 -9.03959 -7.56497 0.780411  -0.865074  -0.624654 0.00308537   0.00116618 -0.000325415  -0.00041477   0.00639902    0.0105637 -0.000677337 0.922042        0        0 0
             47.7999 0.462645 -8.02664 -49.2668 -9.10565 -7.60361 0.777756  -0.714295  -0.411426 -0.0106618   0.00121569 -0.000361716 -0.000433994  0.00703236  0.00845592 -0.00056148 0.921834        0        0 23959
             47.7999 0.490946 -8.12331  -49.337  -9.1172 -7.61772 0.776356  -0.793823  -0.527699 -0.0177401   0.00118511  -0.00034298 -0.000413474   0.00661956   0.00974263 -0.000448451 0.915166        0        0 0
             47.9001 0.827076 -7.81882 -48.6774 -9.17364 -7.65184  0.78321  -0.60647 -0.384806 0.0895543   0.00122712 -0.000354611 -0.000431013   0.00659028   0.00768555 -0.000747405 0.914993        0        0 24038
             47.9001 0.858447 -7.83555  -48.677 -9.17828 -7.65641  0.78627 -0.637781  -0.42252  0.110941   0.00121075  -0.00035221 -0.000429952   0.00646403   0.00813793 -0.000946288 0.91088       0       0 0
                  48  0.52802  -7.5439 -48.3111 -9.22921 -7.69663 0.792272 -0.482243 -0.419096 0.0730183   0.00123219 -0.000355604 -0.000417449  0.00619679  0.00755156 -0.00053671 0.910874        0        0 24001
                  48 0.560495 -7.57097 -48.3288 -9.23582 -7.70493 0.797662 -0.524658 -0.490833  0.112641   0.00121122 -0.000353698 -0.000409951   0.00587295   0.00828608 -0.000892617 0.918586        0        0 0
             48.0998  1.29404 -7.38244 -48.3332 -9.28583 -7.75651 0.799019  -0.460387  -0.524761 0.00536701   0.00118113 -0.000361339 -0.000403106   0.00600581   0.00850329 -0.000375009 0.918581        0        0 23961
             48.0998  1.31727 -7.41497  -48.343 -9.28595 -7.75851 0.801718  -0.45734 -0.544443 0.0252353   0.00117359 -0.000353189 -0.000399972   0.00581517   0.00859759 -0.000547147 0.918084        0        0 0
             48.2004  1.14761 -7.54793 -48.1676  -9.3451 -7.82041 0.790484 -0.545171 -0.605303 -0.137069   0.00120855   -0.0003509 -0.000404454  0.00661422  0.00970542 3.68918e-05 0.918099        0        0 24041
             48.2004  1.17094 -7.57314 -48.2091 -9.35314 -7.82986 0.794733 -0.598127 -0.684242 -0.106742   0.00119708 -0.000345455 -0.000392319   0.00630094    0.0106123 -0.000251903 0.91839       0       0 0
             48.3003 0.516101 -7.68125  -48.737 -9.41839 -7.89872 0.777366 -0.641199 -0.684804  -0.18841   0.00119282 -0.000337208 -0.000390583   0.00675924    0.0109615 -8.68954e-05 0.918402        0        0 24001
             48.3003 0.468836 -7.71448  -48.759 -9.42067 -7.90236 0.780464 -0.654585 -0.717139 -0.165708   0.00120019 -0.000332678 -0.000383784   0.00658125    0.0112588 -0.000294747 0.911656        0        0 0
             48.4001 0.301173 -7.62795 -50.2707 -9.48681 -7.97322 0.768026  -0.674099  -0.717644 -0.0873814   0.00114641 -0.000354939 -0.000373118   0.00671505     0.011193 -0.000440335 0.91166       0       0 23995
             48.4001 0.281348 -7.63893 -50.2719 -9.48055 -7.96774 0.769739  -0.626804  -0.675166 -0.0749161   0.00116657 -0.000352226 -0.000375348   0.00671884    0.0106021 -0.000551253 0.902711        0        0 0
             48.4999 0.358403 -6.38506 -51.1887 -9.55417 -8.04766 0.764609   -0.724794   -0.787442 -0.00350552   0.00117956 -0.000378424  -0.00038517   0.00634402    0.0116552 -0.000404852 0.902676        0        0 24004
             48.4999 0.325966 -6.40372 -51.2068 -9.55425 -8.04804 0.768942 -0.723144 -0.793615 0.0283912   0.00118817  -0.00037491 -0.000380554   0.00624894    0.0116782 -0.000698782 0.909174        0        0 0
             48.5998 0.914772 -5.67707 -52.2145 -9.63484 -8.13297 0.769349 -0.778571 -0.816189 0.0208846   0.00116657 -0.000375467 -0.000387085   0.00630167    0.0124666 -0.000440509 0.909131        0        0 23959
             48.5998 0.795408 -5.76133 -52.2185 -9.63429 -8.13861 0.772548  -0.76464 -0.870594 0.0463774   0.00119239 -0.000364867 -0.000385911   0.00579001    0.0126731 -0.000630021 0.893528        0        0 0
             48.7001 0.869253 -6.56865   -52.66 -9.71385 -8.21644 0.771367  -0.785646  -0.767579 -0.0413173   0.00115599 -0.000341471 -0.000394352   0.00672179    0.0124708 -0.000410809 0.893566        0        0 24039
             48.7001 0.879052 -6.64942 -52.6209 -9.70761 -8.20975 0.770575  -0.724241  -0.698791 -0.0496685    0.0011732 -0.000317503  -0.00040718   0.00690921    0.0116234 -0.000337908 0.894801        0        0 0
             48.7999 0.889213 -7.29388 -53.0667 -9.79013 -8.28711  0.76881 -0.797555 -0.770359 0.0112076   0.00113794 -0.000345855 -0.000394171   0.00690897    0.0125151 -0.000513394 0.894773        0        0 23998
             48.7999 0.693157 -7.48988 -53.1219 -9.79424 -8.29926 0.762521  -0.820662  -0.875925 -0.0304013   0.00116838 -0.000314778 -0.000378015   0.00627773    0.0132734 -5.31907e-05 0.881409        0        0 0
             48.8998 0.159542 -7.67391 -52.2421 -9.87238 -8.37076 0.765196  -0.763227  -0.712808 0.00396982   0.00116854 -0.000341121  -0.00043165   0.00723629    0.0125719 -0.000497634 0.881346        0        0 23963
             48.8998 0.0660642  -7.67663  -52.2669 -9.87334 -8.37204 0.768189 -0.768288 -0.725238 0.0257184   0.00119022 -0.000342044 -0.000424873   0.00714672    0.0126778 -0.000693539 0.882728        0        0 0
             49.0004 -0.491414  -6.92054   -51.454 -9.93079 -8.43226 0.773551 -0.535537  -0.62583 0.0335626   0.00119349 -0.000347774 -0.000438476  0.00739709   0.0113562 -0.00090232 0.882682        0        0 24036
             49.0004 -0.561806  -6.96079    -51.39 -9.92987 -8.43466 0.772109 -0.525483  -0.64855 0.0245833   0.00120806 -0.000344431 -0.000453707   0.00718441    0.0114083 -0.000788516 0.876569        0        0 0
             49.1003 -0.495369  -5.66931  -51.0419 -9.96481 -8.49008 0.775109 -0.328317 -0.579878 0.0201119   0.00121436 -0.000363659 -0.000441956   0.00725434    0.0102274 -0.000894745 0.876534        0        0 24003
             49.1003 -0.603498  -5.82986  -51.0224 -9.96498 -8.49906 0.769648  -0.323793  -0.663418 -0.0173009   0.00122901 -0.000344557 -0.000441343   0.00666658    0.0106501 -0.000468162 0.882627        0        0 0
             49.2001 -0.379311   -6.2858  -50.6035 -10.0005 -8.56429 0.764673  -0.323063  -0.660568 -0.0965268   0.00120396 -0.000333304 -0.000430703   0.00719706    0.0109033 -0.000514026 0.882638        0        0 24001
             49.2001 -0.463747   -6.3796  -50.6056 -10.0035 -8.57302 0.762731 -0.340514 -0.739176 -0.107883   0.00120904 -0.000324156 -0.000425456  0.00673502   0.0114619 -0.00035293 0.884869        0        0 0
             49.2999 -0.274929  -6.43023  -51.3191  -10.042 -8.64074 0.757142  -0.369954  -0.663637 -0.0620821    0.0011668 -0.000348737 -0.000399071   0.00747437    0.0115394 -0.000798837 0.884861        0        0 23960
             49.2999 -0.378052  -6.51639  -51.3272 -10.0398 -8.64494 0.756505  -0.346141   -0.70509 -0.0639921   0.00119595 -0.000331608 -0.000396414   0.00703175    0.0116062 -0.000733677 0.876211        0        0 0
             49.4002 0.445975  -6.1584 -51.3258 -10.0851 -8.70954 0.757779 -0.450392 -0.626918    0.0299   0.00115007 -0.000370035  -0.00041116  0.00796827   0.0120638 -0.00107179 0.876197        0        0 24039
             49.4002 0.275664 -6.29357 -51.3301 -10.0857 -8.71563 0.753995   -0.45064  -0.682133 0.00462572   0.00119624 -0.000332137 -0.000410252   0.00754558    0.0124057 -0.000768964 0.875294        0        0 0
                49.5 -0.0817638   -6.28185    -51.419 -10.1346 -8.77997 0.754999 -0.503263 -0.645447  0.017126   0.00120724 -0.000365449 -0.000413338   0.00808645    0.0123703 -0.000755197 0.875298        0        0 24000
                49.5 -0.0663115   -6.31991   -51.4325 -10.1354  -8.7831 0.758114 -0.504872 -0.676431 0.0413041   0.00120361 -0.000354623 -0.000409762   0.00782313    0.0125664 -0.000973826 0.869532        0        0 0
             49.5998 0.643029 -6.17101 -50.6762 -10.1864 -8.85303 0.758064 -0.520602 -0.699193 -0.018269    0.0011849 -0.000369375 -0.000431782   0.00761315    0.0126516 -0.000735858 0.869522        0        0 23961
             49.5998 0.594867 -6.27665 -50.7007 -10.1849 -8.85788 0.758474  -0.502045  -0.748104 -0.0118802   0.00119947 -0.000339219 -0.000425241   0.00710356    0.0127991 -0.000744518 0.871121        0        0 0
             49.7002 -0.287468   -6.3716  -49.5268 -10.2339 -8.92352 0.751271   -0.46982  -0.625272 -0.0960438   0.00120157 -0.000364147 -0.000445767    0.007726   0.0124246 -0.00060337 0.871121        0        0 24040
             49.7002 -0.425291  -6.42064  -49.5845 -10.2305 -8.92666 0.755243  -0.435569  -0.661118 -0.0638093   0.00124231 -0.000348869 -0.000429731     0.007199    0.0123811 -0.000876052 0.863647        0        0 0
                49.8 -1.35671 -5.77642 -48.9647 -10.2734 -8.98592 0.744285  -0.386654  -0.576945 -0.0573385   0.00123332 -0.000377575 -0.000441798   0.00797227    0.0123251 -0.000337215 0.863625        0        0 23997
                49.8 -1.36319 -5.77405 -48.9761 -10.2735 -8.98804 0.749855  -0.383001  -0.600538 -0.0140918   0.00123627 -0.000377578 -0.000438166   0.00772009     0.012444 -0.000751554 0.870396        0        0 0
             49.8998 -1.95118 -4.58253 -47.6476 -10.3078 -9.04605 0.744835  -0.289926  -0.558165 -0.0190574   0.00121282  -0.00038532 -0.000461097   0.00805142    0.0124345 -0.000245267 0.870373        0        0 23963
             49.8998 -1.98837 -4.64533 -47.6953 -10.3137 -9.05498 0.750609  -0.32856 -0.641059  0.027271   0.00122877 -0.000366979 -0.000446099   0.00758415    0.0132896 -0.000671412 0.870331        0        0 0
             50.0001 -1.62479  -4.8096 -46.2995 -10.3388 -9.11337 0.749195  -0.209996  -0.569581 -0.0260474   0.00118124 -0.000357982 -0.000459274  0.00779683   0.0129241 -0.00038989 0.870332        0        0 24038
             50.0001 -1.66804 -4.97754 -46.3327 -10.3474 -9.12772 0.747281   -0.26909  -0.694291 -0.0361239   0.00118769 -0.000319815 -0.000445957   0.00723153    0.0141969 -0.000189395 0.868662        0        0 0
             50.0999  -1.3369 -5.97405 -45.1875 -10.3677 -9.18778 0.737979 -0.175641  -0.58481 -0.128045    0.0011952 -0.000334697 -0.000444675   0.00764936    0.0136589 -0.000109424 0.868683        0        0 24001
             50.0999 -1.42591 -6.03086 -45.1927 -10.3706 -9.19459 0.742996   -0.19045  -0.647774 -0.0871052   0.00121625 -0.000322456  -0.00044211   0.00724864    0.0142079 -0.000474155 0.875719        0        0 0
             50.1998 -1.10762 -6.61222 -44.5315 -10.3857 -9.24955 0.734108  -0.135751  -0.526098 -0.0862122   0.00116527 -0.000351021 -0.000418196   0.00767024    0.0138257 -0.000530622 0.875735        0        0 23961
             50.1998 -1.17686 -6.61055 -44.5316 -10.3804  -9.2491 0.737924 -0.0865024  -0.530931 -0.0547825   0.00118699  -0.00035286 -0.000418053   0.00727399    0.0135201 -0.000820259 0.871878        0        0 0
             50.3004 -1.22378 -6.28164 -42.3722 -10.3927 -9.29313 0.732828  -0.138839   -0.41031 -0.0345539   0.00115759 -0.000360408 -0.000440827   0.00801473    0.0133618 -0.000753419 0.871865        0        0 24038
             50.3004  -1.3536 -6.36855  -42.336 -10.3888 -9.29492 0.732681 -0.100757 -0.431674 -0.032859   0.00119343 -0.000338196 -0.000450207   0.00759524    0.0132514 -0.000725265 0.880711        0        0 0
             50.4003 -0.81937 -5.72513 -39.4404 -10.4028 -9.32891 0.727918   -0.15183  -0.310451 -0.0231239    0.0011598 -0.000353032 -0.000456334   0.00850784    0.0130991 -0.000486466 0.880721        0        0 24000
             50.4003 -0.869117  -5.74758  -39.4231 -10.3999 -9.33445 0.732361 -0.115714 -0.367385 0.0133516   0.00117374 -0.000353881 -0.000461227   0.00783234    0.0132726 -0.000775971 0.884905        0        0 0
             50.5001 -0.41834 -5.83748 -35.2405 -10.4075 -9.35147 0.727677  -0.120981  -0.137376 -0.0473805   0.00117567 -0.000314073 -0.000490475   0.00863733    0.0120694 -0.000344862 0.884916        0        0 24002
             50.5001 -0.533838  -5.90318  -35.2771 -10.4151  -9.3625 0.728579  -0.176786  -0.228937 -0.0382832   0.00119646 -0.000301842 -0.000479552   0.00844499    0.0131169 -0.000396684 0.882239        0        0 0
             50.5999 -0.884913  -5.39348  -31.1567 -10.4333 -9.38201 0.723902  -0.186741  -0.179357 -0.0388968   0.00111703 -0.000310624 -0.000465899   0.00842951    0.0130716 -0.000412681 0.882242        0        0 23978
             50.5999 -1.03022  -5.3947 -31.1891 -10.4377 -9.38678 0.722192  -0.22191 -0.214368  -0.05153   0.00115053 -0.000310435 -0.000457071   0.00850586    0.0135563 -0.000285931 0.891693        0        0 0
             50.6999 -1.20078 -4.39238 -28.2802 -10.4591  -9.4137  0.71935  -0.194482  -0.241684 -0.0214092   0.00112086 -0.000312732 -0.000441549   0.00810945    0.0140137 -0.000330993 0.8917      0      0 23982
             50.6999 -1.25176 -4.44754 -28.3212 -10.4645 -9.42314 0.717608  -0.236793  -0.315946 -0.0335094   0.00112337 -0.000302395  -0.00042894   0.00807439    0.0148437 -0.000191135 0.894502        0        0 0
             50.8001 -1.41843 -4.42983   -27.06  -10.487 -9.45222 0.716517  -0.198251  -0.270344 -0.0142634   0.00108588 -0.000290316 -0.000410263   0.00807566    0.0148566 -0.000346138 0.894493        0        0 24042
             50.8001 -1.49879 -4.48012 -27.0683 -10.4921 -9.46006 0.720202 -0.239438 -0.335157 0.0154705   0.00109679 -0.000278558 -0.000406318   0.00809781    0.0156146 -0.000630357 0.891494        0        0 0
                50.9 -1.73984 -4.35524 -27.6482  -10.509 -9.48039  0.72672 -0.148151 -0.197112 0.0537103   0.00110336 -0.000292736 -0.000378417   0.00829668    0.0147113 -0.000964561 0.891519        0        0 23996
                50.9 -1.83141 -4.36397 -27.6492 -10.5114 -9.48627 0.728531 -0.166252  -0.24669 0.0691255   0.00112082 -0.000292053 -0.000377078  0.00822638   0.0152313 -0.00109982 0.896878        0        0 0
             50.9998 -0.916663  -4.66725  -29.0446 -10.5227 -9.49512 0.734579  -0.139442 -0.0854113   0.044123   0.00108641 -0.000297309 -0.000370523 0.00827395  0.0141161 -0.0011004 0.896872        0        0 23962
             50.9998 -1.07516  -4.6649 -29.0611  -10.528  -9.5001 0.735143 -0.187585 -0.123862 0.0485405   0.00112339 -0.000294725 -0.000365346   0.0085229   0.0146771 -0.00114472 0.8981      0      0 0
             51.1004 -0.308107   -5.3192   -31.138 -10.5425 -9.50238 0.736096  -0.181345 -0.0525613 0.00438016    0.0010999 -0.000302825 -0.000351888   0.00836569    0.0136744 -0.000930534 0.898115        0        0 24041
             51.1004 -0.478351  -5.30644  -31.1643 -10.5454 -9.50573 0.738666  -0.206106 -0.0801027  0.0255376   0.00114011 -0.000305105 -0.000344749   0.0084381   0.0140446 -0.00114081 0.89428       0       0 0
             51.2003 -0.371597  -4.99496  -33.1958 -10.5588 -9.51033 0.736042   -0.181134  -0.0974504 -0.00649841   0.00114362 -0.000334479  -0.00035588   0.00806249    0.0131986 -0.000685751 0.894297        0        0 23999
             51.2003 -0.493959  -4.97589  -33.2295  -10.564  -9.5149 0.737818 -0.225748 -0.131576 0.0060536   0.00116635 -0.000333886 -0.000346263    0.0082565    0.0137073 -0.000821802 0.893023        0        0 0
             51.3001 -0.456842  -4.89939   -35.323 -10.5829 -9.52413 0.735761 -0.230548 -0.121122 -0.013986   0.00118499 -0.000339536   -0.0003653    0.0080103    0.0130349 -0.000630814 0.893047        0        0 23995
             51.3001 -0.509387  -4.90419  -35.4038 -10.5951  -9.5371  0.73988 -0.333059 -0.224183 0.0168514   0.00116962 -0.000327913  -0.00034097    0.0082755    0.0143862 -0.000952535 0.887418        0        0 0
                51.4 -0.246785  -5.04945  -37.2259  -10.624 -9.55149 0.735908  -0.329938   -0.15949 -0.0247802   0.00118496 -0.000336024 -0.000368733   0.00824257    0.0135628 -0.000506186 0.88743       0       0 24005
                51.4 -0.254376  -5.08076  -37.3173  -10.631 -9.55704 0.738619   -0.389403   -0.201986 -0.00493734   0.00117501 -0.000320742 -0.000342955   0.00845601    0.0142208 -0.000717552 0.891044        0        0 0
             51.4998 -0.569059  -5.33856  -39.4555 -10.6752 -9.58411 0.738267  -0.44689 -0.276177 0.0104292   0.00114107 -0.000335483 -0.000348377   0.00839922    0.0147401 -0.000672105 0.891043        0        0 23960
             51.4998 -0.756227  -5.39268  -39.5106  -10.682 -9.59165 0.739851 -0.499862 -0.334829 0.0216704   0.00117697 -0.000318348 -0.000332567  0.00845205   0.0155062 -0.00078439 0.898538        0        0 0
             51.6005 -1.65325 -6.16194 -41.8614 -10.7347 -9.62795 0.741954 -0.517992   -0.3503 0.0240128   0.00115483 -0.000337304  -0.00035176   0.00848297    0.0157126 -0.000700788 0.898531        0        0 24041
             51.6005 -1.76169 -6.25234 -41.8776 -10.7317  -9.6284 0.740942 -0.489604 -0.356831 0.0179727     0.001187 -0.000319769  -0.00034685   0.00822934    0.0155915 -0.000617806 0.883203        0        0 0
             51.7004 -1.75624 -6.64491 -43.7168 -10.7797 -9.65435 0.740207  -0.472516  -0.253475 -0.0230393   0.00117623 -0.000335664 -0.000371978   0.00881213    0.0151761 -0.000570795 0.883214        0        0 23995
             51.7004 -1.83395 -6.71152 -43.7736 -10.7772 -9.65269 0.742504   -0.449694   -0.242432 -0.00487905   0.00120443 -0.000323157  -0.00035699   0.00870047    0.0149612 -0.000743545 0.867722        0        0 0
             51.8002 -1.58871 -6.33262 -45.8972 -10.8221 -9.67485 0.739459   -0.41921  -0.206128 -0.0303751   0.00119009 -0.000350916 -0.000370337   0.00901398    0.0150273 -0.000622774 0.86771       0       0 24003
             51.8002 -1.64363 -6.42091 -45.9152 -10.8261 -9.68015 0.738732    -0.4512  -0.251561 -0.0354925  0.00118961  -0.0003292 -0.00036318   0.00893203    0.0155371 -0.000545085 0.866917        0        0 0
                51.9 -1.37037 -5.87326 -47.5968 -10.8641 -9.70067 0.738061   -0.312787   -0.180966 0.000756366    0.0011991 -0.000357784 -0.000387571   0.00894734    0.0153423 -0.000685404 0.866927        0        0 23997
                51.9 -1.37321 -5.96139 -47.6485 -10.8601 -9.69903 0.740901 -0.276221 -0.170993 0.0235483   0.00120991 -0.000340666 -0.000374563   0.00875204    0.0150376 -0.000893933 0.865171        0        0 0
             51.9999 -1.66783 -5.49677  -49.148 -10.8781 -9.70504 0.741787   -0.135413  -0.0305061 0.000575315   0.00122633 -0.000360693 -0.000402244   0.00907484     0.014475 -0.000853311 0.865199        0        0 23964
             51.9999 -1.73457 -5.61194 -49.2175 -10.8826 -9.71223 0.740444   -0.169117  -0.0934009 -0.00829202   0.00122807 -0.000336267 -0.000379115   0.00884599    0.0150964 -0.000723148 0.860268        0        0 0
             52.1001 -2.23103 -5.35997 -50.6036 -10.8884 -9.70816  0.73991  -0.0265005     0.05699 -0.00718887   0.00126909  -0.00035171 -0.000421031  0.00926292   0.0142104 -0.00080234 0.860305        0        0 24039
             52.1001 -2.15862 -5.44992 -50.6846 -10.8974 -9.71946 0.743999 -0.0950699 -0.0443276  0.0250338   0.00122005  -0.00033466 -0.000393093  0.00890521   0.0153104 -0.00104016 0.855587        0        0 0
                52.2  -1.3287 -5.43969 -51.1935 -10.8985  -9.7135 0.743921   0.00196121    0.0775448 -0.000322874   0.00122993 -0.000359581 -0.000432885   0.00917794    0.0147099 -0.000899852 0.855583        0        0 23999
                52.2  -1.2663 -5.60837 -51.2908 -10.9008 -9.72193 0.745345 -0.00732726  0.00106538   0.0127479   0.00120192 -0.000321776 -0.000401232   0.0086443   0.0152163 -0.00095535 0.860044        0        0 0
             52.2998 -1.51317 -5.97231 -51.5352 -10.9002   -9.717 0.744156   0.0388879   0.0394286 -0.00184135   0.00122303 -0.000359607 -0.000423277   0.00921069    0.0151086 -0.000805385 0.860043        0        0 23962
             52.2998 -1.50355  -6.0789 -51.6126  -10.902 -9.72062 0.738987  0.0243178 0.00921509 -0.0385739   0.00121936  -0.00033405 -0.000402506  0.00908478    0.015391 -0.00041008 0.859813        0        0 0
             52.4004 -1.31444 -5.78563 -51.0535 -10.8983 -9.71475 0.740025  0.0682607  0.0816489 -0.0144274   0.00120502 -0.000358958 -0.000444779  0.00947788   0.0153243 -0.00076293 0.859819        0        0 24040
             52.4004 -1.29322 -5.95363 -51.0992 -10.9042  -9.7266 0.740782   0.025926  -0.029972 -0.0049527    0.0011822 -0.000325683 -0.000427267   0.00886884    0.0162712 -0.000760793 0.862281        0        0 0
             52.5003 -0.665062  -6.01707  -49.9439 -10.9001 -9.72125 0.742917    0.0807366    0.0550439 -0.000375941   0.00119529 -0.000369448  -0.00045358  0.00947225   0.0160824 -0.00112173 0.862295        0        0 23996
             52.5003 -0.62474 -6.12909 -50.0254 -10.8984 -9.72384 0.742518   0.0975045    0.028569 -0.00124654   0.00118638 -0.000338204 -0.000429975  0.00915146   0.0161035 -0.00107985 0.855163        0        0 0
             52.6001 -0.546101  -5.40101  -48.6519 -10.8804 -9.71025 0.740388   0.209038   0.148824 -0.0221153   0.00122323 -0.000381722 -0.000461096   0.00994543    0.0153564 -0.000928789 0.855195        0        0 23986
             52.6001 -0.444323  -5.54016  -48.7173 -10.8876 -9.72355 0.739079    0.15655  0.0260372 -0.0285514    0.0011985 -0.000343243 -0.000442207   0.00928824    0.0165317 -0.000771109 0.865327        0        0 0
                52.7 -0.409683  -4.76221  -47.0859 -10.8655 -9.70928 0.738015   0.223799   0.144106 -0.0193022    0.0012038 -0.000379511 -0.000468696  0.00975081   0.0157329 -0.00102015 0.865318        0        0 24015
                52.7 -0.413048  -4.88549  -47.1297 -10.8722 -9.71998 0.738831   0.178094  0.0496306 -0.0116359   0.00120952 -0.000345318 -0.000455747  0.00928696   0.0167048 -0.00104342 0.859643        0        0 0
             52.7999 -0.314458  -4.58449  -45.5548 -10.8483 -9.70788 0.736391   0.238587   0.111425 -0.0231327   0.00120131 -0.000363277 -0.000460201  0.00955691   0.0160706 -0.00092969 0.859599        0        0 23963
             52.7999 -0.274404  -4.63306  -45.6035 -10.8535 -9.71157 0.739064    0.197958   0.0813193 -0.00375623   0.00119201  -0.00035107 -0.000446099  0.00957483   0.0165825 -0.00113053 0.862377        0        0 0
             52.9001 -0.16747 -3.94213 -44.4717 -10.8276 -9.70266 0.734943   0.249755  0.0771964 -0.0241409   0.00119309 -0.000366747 -0.000448334   0.00932714    0.0161561 -0.000801573 0.862414        0        0 24041
             52.9001 -0.168976  -4.03276  -44.5113 -10.8299  -9.7074 0.732824   0.232011  0.0353809 -0.0398266   0.00119347 -0.000342838 -0.000436834   0.00914453    0.0165755 -0.000620299 0.861674        0        0 0
                  53 -0.176958  -3.48726  -43.8537 -10.8019 -9.69679 0.729145   0.269604  0.0888588 -0.0329137   0.00120919 -0.000357967 -0.000442225    0.0093939    0.0158531 -0.000594409 0.861657        0        0 23996
                  53 -0.126018  -3.58179  -43.9339   -10.81 -9.70917 0.730936   0.211232 -0.0190054 -0.0179577   0.00119078 -0.000335373 -0.000418515   0.00900637    0.0170304 -0.000720366 0.865254        0        0 0
             53.0998 -0.121894   -3.4209  -44.4806 -10.7839 -9.69397 0.728664   0.203973   0.119403 -0.0295484   0.00121764 -0.000348565 -0.000427525   0.00991303    0.0156691 -0.000723897 0.86523       0       0 23963
             53.0998 -0.104358  -3.44935  -44.5419 -10.7947 -9.70537 0.733316  0.121113 0.0259383 0.0035459   0.00120773 -0.000341587 -0.000409274  0.00981219   0.0169258 -0.00106099 0.871543        0        0 0
             53.2004 -0.349001  -3.46983  -44.9816 -10.7815 -9.69661 0.730795 0.0770583  0.068895 -0.023517     0.001234 -0.000353917 -0.000425986   0.00999124    0.0161758 -0.000829618 0.871531        0        0 24037
             53.2004 -0.277412  -3.56473  -45.0122 -10.7913 -9.70961 0.733923 0.00164473 -0.0448133 0.00151377   0.00120853 -0.000327938 -0.000417732 0.00969027  0.0175192 -0.0010749 0.872652        0        0 0
             53.3003 -0.392781  -3.30774  -45.7526 -10.7875 -9.70559 0.729317 -0.0205342 0.00827614 -0.0457476   0.00121507 -0.000368863 -0.000420252   0.00988507     0.016506 -0.000825946 0.872567        0        0 24003
             53.3003 -0.400006  -3.33606  -45.7888 -10.7914 -9.71067 0.732412 -0.0491073 -0.0364076 -0.0219687   0.00121668 -0.000360348 -0.000409586  0.00974607   0.0170313 -0.00106589 0.87074       0       0 0
             53.4001 -0.698019  -3.12487  -46.5971 -10.7932 -9.70932 0.724042 -0.0881823 -0.0324874 -0.0546983   0.00123162 -0.000363424 -0.000425866    0.0100183    0.0160419 -0.000439477 0.870802        0        0 24002
             53.4001 -0.658508  -3.25421  -46.6532 -10.8019 -9.72121  0.72299  -0.155784   -0.13768 -0.0623758   0.00121846   -0.0003271 -0.000410593   0.00969256    0.0172994 -0.000336925 0.875693        0        0 0
             53.4999 -0.76345 -3.87816 -47.2444 -10.8132 -9.72576 0.719748  -0.193845  -0.121015 -0.0173489   0.00126028 -0.000348982 -0.000427436    0.0100521    0.0159644 -0.000463322 0.875707        0        0 23999
             53.4999 -0.650669  -3.99889  -47.3182  -10.823 -9.73996 0.717868  -0.264532  -0.241965 -0.0310632   0.00121594 -0.000319922 -0.000407718   0.00963681    0.0173039 -0.000291997 0.868296        0        0 0
             53.5998 -0.360324  -3.94067  -48.1157 -10.8471 -9.75575 0.719504   -0.308863   -0.192009 0.000117579   0.00124165  -0.00036199 -0.000423841    0.0100869    0.0162679 -0.000652417 0.868323        0        0 23959
             53.5998 -0.293229  -4.08307  -48.2252 -10.8499 -9.76306 0.720288  -0.325388  -0.258299 0.00751295   0.00121776 -0.000326603 -0.000393828   0.00968725     0.016824 -0.000700616 0.864206        0        0 0
             53.7005 -0.264512  -4.46477  -48.8057 -10.8913 -9.78779 0.723993 -0.458349 -0.255312 0.0141118   0.00122607  -0.00036375 -0.000419417    0.010081   0.0169459 -0.00101785 0.864215        0        0 24040
             53.7005 -0.325466  -4.58664  -48.8454 -10.8983 -9.79864 0.718868  -0.511261  -0.348832 -0.0215259      0.00123 -0.000333066 -0.000409215  0.00972694   0.0179539 -0.00062147 0.865512        0        0 0
             53.8003 -0.879068  -5.10159  -49.1706 -10.9506 -9.82447 0.723233 -0.554052 -0.281465 0.0603456   0.00125369 -0.000349485 -0.000434702    0.0103767    0.0172936 -0.000992316 0.8655      0      0 23998
             53.8003 -0.83203 -5.25438 -49.2417 -10.9571  -9.8343  0.72203 -0.600477 -0.366536 0.0523507   0.00122863  -0.00031194 -0.000415513    0.0100183    0.0181839 -0.000879619 0.861483        0        0 0
             53.9002 -0.834999  -5.56353  -49.6166 -11.0086 -9.86091 0.732477 -0.501285  -0.28939  0.112734   0.00123857  -0.00036416 -0.000436638   0.0103965   0.0172521 -0.00113328 0.861458        0        0 23999
             53.9002 -0.876717  -5.64468  -49.6764 -11.0133 -9.86838 0.733588 -0.532439 -0.353424  0.122072   0.00124177 -0.000346009 -0.000419396   0.0100863      0.0179 -0.00119601 0.864443        0        0 0
                  54  -2.3444  -5.7562 -50.1126 -11.0493 -9.89387  0.74668 -0.328267 -0.253651  0.124658   0.00128247  -0.00037372 -0.000437014   0.0102619   0.0168986 -0.00118326 0.864433        0        0 24003
                  54 -2.31295  -5.9307 -50.1877  -11.055 -9.90403 0.745575 -0.365804 -0.342143  0.118601   0.00125994 -0.000335031  -0.00041227  0.00980697   0.0177363 -0.00105971 0.86133       0       0 0
             54.0998 -2.41762 -6.53122  -50.523 -11.0849 -9.92787 0.751637 -0.290195 -0.249241 0.0372203   0.00126852 -0.000371109 -0.000437672    0.0102893    0.0170582 -0.000914695 0.8613      0      0 23960
             54.0998  -2.3006 -6.62194 -50.6079 -11.0927 -9.93915 0.750403 -0.345524 -0.346713 0.0285473   0.00121923 -0.000354099 -0.000410035   0.00988024    0.0180723 -0.000745555 0.857056        0        0 0
             54.2005 -1.29897 -6.62904 -51.1051 -11.1247 -9.97052 0.749124  -0.302123   -0.34527 -0.0387239   0.00123711 -0.000379672 -0.000432953   0.0103976   0.0177677 -0.00067178 0.857048        0        0 24039
             54.2005 -1.24081 -6.73809  -51.187  -11.128 -9.97702 0.750432  -0.322618  -0.404275 -0.0271602   0.00121385   -0.0003565 -0.000408852    0.0100409    0.0182843 -0.000725358 0.857447        0        0 0
             54.3003 -1.34916 -6.07319 -52.0017 -11.1551 -10.0124 0.746481  -0.257534  -0.384996 -0.0689299    0.0012558  -0.00039183 -0.000434746    0.0105771    0.0177296 -0.000913974 0.857417        0        0 23997
             54.3003 -1.29174 -6.25712 -52.1334 -11.1617 -10.0257  0.74364  -0.302511  -0.505827 -0.0899279   0.00122162 -0.000356665 -0.000394222    0.0099192    0.0187828 -0.000588823 0.85924       0       0 0
             54.4002 -1.05655 -6.73847 -53.6428 -11.1873  -10.066 0.736312  -0.256726  -0.430534 -0.0858882   0.00124857 -0.000373877 -0.000420889    0.0107315    0.0180941 -0.000789145 0.859207        0        0 24003
             54.4002 -1.02091 -6.83388 -53.7119 -11.1939 -10.0764 0.736595  -0.301291  -0.523038 -0.0805254   0.00122179 -0.000356712 -0.000397675    0.0102493     0.018979 -0.000768458 0.845321        0        0 0
                54.5 -0.831665   -6.5153  -54.6156 -11.2201 -10.1194 0.732893  -0.273154  -0.461165 -0.0303732   0.00125526 -0.000391374 -0.000441092   0.0110174    0.018306 -0.00104765 0.845339        0        0 24004
                54.5 -0.826185  -6.69899  -54.7101 -11.2281 -10.1335 0.732789  -0.322725  -0.583594 -0.0275514   0.00123112 -0.000355832 -0.000410863    0.0102911     0.019393 -0.000971406 0.847894        0        0 0
             54.5998 -1.04512 -6.58904 -56.0974  -11.248 -10.1715 0.729902  -0.244302  -0.397265 -0.0226698   0.00131236 -0.000375711 -0.000448781   0.0114057   0.0176584 -0.00102201 0.84785       0       0 23957
             54.5998 -0.859014  -6.59539  -56.2371 -11.2564 -10.1881 0.730584  -0.301507  -0.554489 -0.0138701   0.00122818 -0.000400214 -0.000406519   0.0104356   0.0189507 -0.00097678 0.839254        0        0 0
             54.7001 -0.681271   -5.5583  -57.3942 -11.2848 -10.2332  0.72723  -0.336594   -0.43587 -0.0293375   0.00128592 -0.000413241 -0.000441453    0.0109158    0.0183102 -0.000882216 0.839217        0        0 24036
             54.7001 -0.590963  -5.83623  -57.4676 -11.2897  -10.246 0.724381  -0.363252  -0.549483 -0.0442776   0.00124028 -0.000358422 -0.000419361    0.0101239    0.0190994 -0.000628771 0.84231       0       0 0
                54.8 0.506635 -5.71291 -58.2942 -11.3257 -10.2871 0.720258  -0.411053   -0.42743 -0.0439412   0.00128202 -0.000386886 -0.000451895    0.0111333    0.0183798 -0.000677872 0.8423      0      0 24001
                54.8 0.728696 -5.79262 -58.3881 -11.3322 -10.2983 0.722712  -0.452278  -0.529359 -0.0228675   0.00120094 -0.000381148 -0.000426673    0.0104698    0.0192035 -0.000811867 0.84047       0       0 0
             54.8999  1.48224  -5.8643 -58.7592 -11.3754 -10.3412 0.719837  -0.460735  -0.442427 -0.0535339   0.00126544 -0.000389213 -0.000450893    0.0112306    0.0185581 -0.000879479 0.840425        0        0 23963
             54.8999  1.43077 -6.06127 -58.8305  -11.382 -10.3563 0.715426  -0.499909  -0.579151 -0.0798707   0.00125355 -0.000358479 -0.000433663    0.0102825    0.0195359 -0.000526222 0.829984        0        0 0
             55.0001 0.0807216  -5.76276  -58.9245  -11.428    -10.4 0.710342  -0.472587  -0.449432 -0.0591564   0.00131058 -0.000395098 -0.000462131    0.0113663    0.0187694 -0.000867902 0.829974        0        0 24041
             55.0001 0.162818 -5.86384 -58.9925 -11.4318 -10.4059 0.708928  -0.498399  -0.502617 -0.0676586   0.00127824 -0.000375442  -0.00044307    0.0110353    0.0192339 -0.000759448 0.8361      0      0 0
             55.0999 -1.12852 -5.16015 -58.8997  -11.477 -10.4515 0.707705 -0.468715  -0.46395 0.0159962   0.00133442 -0.000398656 -0.000475034    0.0112426    0.0187256 -0.000886806 0.836105        0        0 23997
             55.0999 -1.02955 -5.36307 -58.9664 -11.4852 -10.4665 0.709109   -0.5209 -0.604213 0.0323983   0.00127111 -0.000379558 -0.000450385    0.0102384    0.0198325 -0.000970261 0.831403        0        0 0
             55.1998  -2.0102  -4.6354 -58.5465 -11.5301 -10.5183 0.710453 -0.423754 -0.518235 0.0396333   0.00131121 -0.000406815 -0.000479383    0.0108779    0.0192233 -0.000668567 0.831392        0        0 23962
             55.1998  -1.8459  -4.6356 -58.5881 -11.5335 -10.5197 0.712819  -0.45052 -0.529911 0.0567231   0.00125821 -0.000405893 -0.000466824    0.0108872    0.0194917 -0.000837493 0.838639        0        0 0
             55.3004 -2.00425  -3.5615 -58.0429 -11.5744 -10.5679 0.714694 -0.363443 -0.457727 0.0039844   0.00130856 -0.000402164 -0.000495687    0.0111623    0.0194097 -0.000662821 0.83863       0       0 24038
             55.3004 -1.80126 -3.75743 -58.1231 -11.5855  -10.587 0.718273 -0.438682 -0.642055 0.0365597   0.00121005 -0.000371251 -0.000461044   0.00994277    0.0208724 -0.000834998 0.839152        0        0 0
             55.4003 -0.838357  -3.44954  -57.9404 -11.6214 -10.6384 0.718834 -0.367146 -0.535268 -0.024375   0.00123028 -0.000420184 -0.000474101    0.0109042    0.0199935 -0.000815331 0.839134        0        0 24001
             55.4003 -0.702877  -3.58521  -57.9759 -11.6236 -10.6418 0.719765  -0.382758  -0.566457 -0.0168233   0.00119024 -0.000380608 -0.000462543     0.010685     0.020276 -0.000869181 0.838712        0        0 0
             55.5001 -0.134677  -3.35146  -57.5121 -11.6545 -10.6883 0.711988  -0.293505  -0.491096 -0.0982999   0.00124969  -0.00041913 -0.000477641    0.0116115    0.0194709 -0.000663404 0.83865       0       0 24001
             55.5001 0.0150927  -3.42934  -57.5702 -11.6634 -10.7003 0.714521  -0.353881  -0.601809 -0.0764497   0.00121219 -0.000394467 -0.000461699    0.0108961      0.02058 -0.000824714 0.837786        0        0 0
             55.5999 -0.333372  -2.57089  -57.8381  -11.685 -10.7486  0.70387  -0.217717  -0.481637 -0.0947283   0.00125479 -0.000433893 -0.000464262    0.0116143    0.0193821 -0.000613855 0.837722        0        0 23981
             55.5999 -0.258029  -2.76414   -57.887 -11.6918 -10.7617 0.702676  -0.261912  -0.603604 -0.0987746   0.00124107 -0.000374525 -0.000450579      0.01073    0.0204142 -0.000513562 0.83282       0       0 0
             55.6998 -0.495246  -2.80503  -57.5786  -11.715 -10.8082 0.696553  -0.255884   -0.44856 -0.0313411     0.001268 -0.000411284  -0.00048081    0.0116113    0.0197763 -0.000584721 0.832759        0        0 23979
             55.6998 -0.28441 -2.87394 -57.6221 -11.7217 -10.8176 0.699643   -0.301001   -0.536674 -0.00601922   0.00121189 -0.000390925 -0.000468095    0.0110329    0.0206274 -0.000825807 0.835308        0        0 0
             55.8005 -0.0187524   -3.01933   -57.5209 -11.7491 -10.8612 0.700775 -0.323984 -0.435535  0.024645   0.00124653 -0.000409316 -0.000472143    0.0116609    0.0197945 -0.000724155 0.835282        0        0 24040
             55.8005 0.0250869  -3.19005  -57.5908  -11.759 -10.8776 0.699885 -0.392657 -0.587436 0.0254792    0.0012348 -0.000364254 -0.000453516    0.0106447    0.0211949 -0.000677399 0.834282        0        0 0
             55.9003 0.227419 -3.51328 -57.7469 -11.7991  -10.924 0.702665 -0.449099 -0.465263 0.0242895   0.00127736 -0.000400596 -0.000471452    0.0116675       0.0205 -0.000630986 0.834262        0        0 24001
             55.9003 0.482458 -3.60584 -57.7881 -11.8011 -10.9287 0.704984 -0.462603 -0.511724 0.0437909   0.00120331 -0.000376288   -0.0004606   0.0113084   0.0208403 -0.00082068 0.828802        0        0 0
             56.0002  1.45435 -4.00995 -57.8209 -11.8429   -10.97 0.703574  -0.467132  -0.414767 -0.0454795   0.00126018 -0.000399632 -0.000463801    0.0118283    0.0199457 -0.000523455 0.828805        0        0 23994
             56.0002  1.52531 -4.15262 -57.8954 -11.8523 -10.9871  0.70212   -0.53138  -0.572126 -0.0486121   0.00123386 -0.000363497 -0.000446103    0.0107391     0.021328 -0.000435735 0.829406        0        0 0
                56.1 0.518776 -4.04134  -58.152  -11.902 -11.0327 0.697004  -0.531981  -0.454876 -0.0607167   0.00130785 -0.000416797 -0.000459011    0.0114652    0.0204535 -0.000535524 0.829356        0        0 24001
                56.1 0.638437 -4.11487 -58.1897 -11.9072 -11.0378 0.697561 -0.571846   -0.4996 -0.055514   0.00127197 -0.000395996 -0.000449074   0.0112592   0.0210336 -0.00058992 0.826629        0        0 0
             56.1999 -0.993846  -3.97646   -58.081 -11.9591 -11.0757 0.699628 -0.528477 -0.376817  0.031866   0.00128959 -0.000422239 -0.000477326    0.0119217      0.02026 -0.000996075 0.826661        0        0 23964
             56.1999 -0.926527  -4.12999  -58.1268 -11.9662 -11.0879  0.69992 -0.575461 -0.491554 0.0376257  0.00126775 -0.00038135 -0.00046312  0.0111105  0.0212686 -0.0010185 0.824699        0        0 0
             56.3001 -1.33936 -3.05127 -56.9453 -12.0146 -11.1254 0.707091 -0.460444 -0.366601 0.0859545   0.00128238 -0.000434942 -0.000499728   0.0117965   0.0204504 -0.00104723 0.824649        0        0 24037
             56.3001 -1.25021 -3.19766 -56.9804 -12.0224 -11.1386 0.707865 -0.510141 -0.487452 0.0955882   0.00125004 -0.000402642 -0.000486562   0.0109513   0.0215078 -0.00108642 0.82702       0       0 0
             56.3999 -1.59592 -3.10254 -56.4481 -12.0687 -11.1733  0.71525 -0.437265 -0.321068 0.0447404    0.0012895 -0.000407976 -0.000493089   0.0119932   0.0210343 -0.00106456 0.826991        0        0 24001
             56.3999 -1.45463 -3.28396 -56.5283 -12.0782 -11.1912 0.712931  -0.50074 -0.485426 0.0336468   0.00123727 -0.000371136 -0.000465769    0.0108634    0.0224417 -0.000846043 0.828552        0        0 0
             56.4998 -1.05844 -2.87144 -56.7789 -12.1192 -11.2269 0.713649  -0.400878  -0.384711 -0.0066132   0.00126738 -0.000417619 -0.000470275    0.0117916    0.0214949 -0.000824456 0.828508        0        0 23962
             56.4998 -0.931946     -2.98  -56.7993 -12.1237 -11.2311 0.713997  -0.434524  -0.421156 -0.0030108    0.0012267  -0.00038832 -0.000463051    0.0116385    0.0219765 -0.000838278 0.82323       0       0 0
             56.6004 -0.889351   -2.8838  -56.9285 -12.1583 -11.2697 0.709888  -0.319778  -0.413958 -0.0457344   0.00127857 -0.000408673 -0.000476857     0.011965    0.0212765 -0.000628219 0.823243        0        0 24022
             56.6004 -0.835149  -3.05204  -56.9701 -12.1645 -11.2832 0.709158  -0.360913  -0.541158 -0.0458381   0.00125377 -0.000369745 -0.000463425    0.0110477    0.0223128 -0.000556078 0.82624       0       0 0
             56.7003 -0.700194  -3.55323  -57.4718 -12.1905 -11.3233 0.704844  -0.272566  -0.419784 -0.0653288   0.00128453 -0.000397649  -0.00047014    0.0120129     0.021103 -0.000703479 0.826223        0        0 24020
             56.7003 -0.540688  -3.67106  -57.5308 -12.2001 -11.3384 0.705369  -0.34079 -0.558587 -0.057537   0.00122485 -0.000374444 -0.000451447    0.0111407    0.0224245 -0.000718885 0.819451        0        0 0
             56.8002 -0.437389  -3.63898  -58.3616 -12.2263 -11.3785 0.700471  -0.275076  -0.417308 -0.0589388   0.00129443 -0.000411392 -0.000463069     0.012252    0.0213697 -0.000852514 0.819441        0        0 23998
             56.8002 -0.350353  -3.76462  -58.4324  -12.234 -11.3912 0.698155  -0.326509  -0.531346 -0.0715338   0.00125664 -0.000384133 -0.000441545    0.0114944    0.0224195 -0.000659991 0.814148        0        0 0
                56.9 -0.897832  -1.89965  -58.9069 -12.2612 -11.4296 0.695508   -0.32359  -0.391207 -0.0414728   0.00130222 -0.000434531 -0.000477866    0.0125861    0.0214281 -0.000904022 0.814147        0        0 23999
                56.9 -0.849257  -1.94739  -58.9269 -12.2721 -11.4436 0.694732   -0.39874  -0.515359 -0.0417672    0.0012641 -0.000434925 -0.000470155    0.0118537    0.0227326 -0.000843912 0.823701        0        0 0
             56.9998  -1.06509 -0.399519  -59.3052 -12.3061 -11.4845 0.691911 -0.367062 -0.411455 -0.016252   0.00129233 -0.000430979 -0.000484111    0.0123047    0.0217723 -0.000871567 0.823691        0        0 23961
             56.9998 -0.952088 -0.558744  -59.3469 -12.3153 -11.5016 0.691102  -0.435588  -0.575018 -0.0142444   0.00123323 -0.000405215 -0.000469574    0.0111776    0.0231757 -0.000833423 0.821293        0        0 0
             57.1005   0.437315 -0.0838816   -58.9666 -12.3522 -11.5437 0.693914 -0.400915 -0.433079 0.0273319   0.00125359 -0.000409592 -0.000501461    0.0122443     0.022044 -0.000956804 0.821256        0        0 24037
             57.1005  0.497411 -0.328924  -58.9904 -12.3593 -11.5571 0.689422 -0.449957 -0.554526 -0.001404    0.0012165 -0.000356668 -0.000494661    0.0113824     0.023057 -0.000636777 0.822706        0        0 0
             57.2003 0.657783 -1.02595 -58.8463 -12.3999 -11.5996 0.691666  -0.442439  -0.436815 0.00238407   0.00129127 -0.000377155 -0.000488898    0.0124408    0.0221028 -0.000719369 0.822687        0        0 24003
             57.2003 0.685781 -1.15473 -58.9076 -12.4089 -11.6144 0.688774  -0.509645  -0.573421 -0.0146463   0.00125774 -0.000359822  -0.00047432    0.0115459    0.0233475 -0.000542294 0.816532        0        0 0
             57.3002 -0.245394  -1.75524  -58.1818 -12.4527 -11.6499 0.693095 -0.480359 -0.307262 0.0215086   0.00129902 -0.000383591 -0.000492301   0.0125227   0.0220006 -0.00106094 0.816385        0        0 23999
             57.3002 -0.160534  -1.98248  -58.1788 -12.4533 -11.6555 0.689462   -0.483411   -0.359872 -0.00563657   0.00126902 -0.000328972 -0.000494284    0.0120531    0.0222778 -0.000779566 0.817879        0        0 0
                57.4 -0.79375 -2.78281 -57.2439 -12.5009 -11.6855 0.690837 -0.469201 -0.308883 0.0335365   0.00130516 -0.000369614 -0.000501633    0.0125572    0.0220614 -0.000769754 0.817866        0        0 24001
                57.4 -0.695953   -2.8437  -57.3128  -12.514  -11.706 0.691576 -0.565069 -0.502863 0.0446569   0.00124117 -0.000382088 -0.000486054     0.011305    0.0238698 -0.000847375 0.81701       0       0 0
             57.4998 -0.812576  -2.47695  -56.5463 -12.5657 -11.7437 0.700181 -0.505334 -0.378428 0.0807536   0.00127619 -0.000403267 -0.000498905   0.0122291   0.0230948 -0.00105822 0.817041        0        0 23960
             57.4998 -0.715244  -2.69757  -56.5816 -12.5676 -11.7521 0.698512 -0.516643 -0.459688 0.0716342   0.00123659    -0.000361 -0.000488162    0.0115762    0.0235946 -0.000928757 0.815909        0        0 0
             57.6005 -0.311768  -3.06091  -56.3861 -12.6125 -11.7891 0.704348 -0.411752 -0.392376 0.0413333   0.00126877 -0.000382379 -0.000484851    0.0123448    0.0229368 -0.000895174 0.815929        0        0 24041
             57.6005 -0.213439  -3.18849  -56.4433 -12.6194 -11.8016 0.702207 -0.459212 -0.507692 0.0296449   0.00121701 -0.000367496 -0.000466989    0.0116039    0.0239243 -0.000726255 0.811388        0        0 0
             57.7004 -0.511322   -3.0134  -56.9283 -12.6581 -11.8432 0.703972   -0.38297  -0.421454 -0.0287776   0.00128135 -0.000392974 -0.000473382    0.0123272    0.0233063 -0.000848766 0.811408        0        0 23995
             57.7004 -0.41858 -3.20903  -56.961 -12.6634 -11.8549 0.702484  -0.417499  -0.530302 -0.0346762   0.00123389 -0.000359494 -0.000460662   0.0115834   0.0241475 -0.00074184 0.807867        0        0 0
             57.8002 -0.0712342   -4.16597   -57.8197 -12.7016 -11.8947 0.698757  -0.393325  -0.424768 -0.0672888   0.00126086 -0.000374232  -0.00046873    0.0126526    0.0233888 -0.000926855 0.807897        0        0 24001
             57.8002 0.0427613  -4.35348    -57.88 -12.7113 -11.9109  0.69554    -0.4597  -0.570932 -0.0866727   0.00119765  -0.00034408 -0.000449519    0.0117556    0.0246811 -0.000672207 0.804481        0        0 0
             57.9001   1.2006 -4.97173 -59.4776 -12.7433 -11.9525 0.689394  -0.319586  -0.461922 -0.0804459   0.00126057 -0.000388193 -0.000449192   0.0127122    0.023205 -0.00100032 0.80443       0       0 24000
             57.9001  1.19646 -5.11841 -59.5421 -12.7523 -11.9668 0.686418  -0.382152  -0.590171 -0.0983986   0.00123371 -0.000365082 -0.000430781    0.0119293     0.024374 -0.000761217 0.795447        0        0 0
             57.9999   1.2803 -5.11696 -61.6814 -12.7765 -12.0136 0.678962  -0.237557  -0.477815 -0.0635705   0.00130036 -0.000400844 -0.000438909    0.0126427    0.0232261 -0.000834642 0.795406        0        0 23963
             57.9999  1.38134 -5.17856 -61.7166 -12.7819 -12.0212 0.677029  -0.275556  -0.546189 -0.0753207   0.00125503 -0.000394179 -0.000427122   0.0122316   0.0238763 -0.00068746 0.789732        0        0 0
             58.1002  1.96467 -3.87579  -62.507 -12.8073 -12.0649 0.669565  -0.278258  -0.400609 -0.0592707   0.00128059 -0.000420712 -0.000470647    0.0128413    0.0233708 -0.000569041 0.789709        0        0 24037
             58.1002  1.98711 -4.16097 -62.5375 -12.8116 -12.0781 0.663637 -0.304634 -0.527701  -0.10053   0.00124711 -0.000377271 -0.000460069    0.0118736    0.0241565 -8.48743e-05 0.791625        0        0 0
                58.2  2.25957 -3.69371 -62.4143 -12.8414 -12.1196 0.665943 -0.292391 -0.422951 0.0182007   0.00128247 -0.000409562 -0.000483334    0.0126341    0.0238323 -0.000814831 0.791611        0        0 24000
                58.2   2.3518 -3.80192 -62.4787 -12.8492 -12.1328 0.666067 -0.345113 -0.544421 0.0246253   0.00122582 -0.000405945 -0.000464397    0.0117867    0.0247756 -0.000846648 0.791675        0        0 0
             58.2999  2.38372 -3.27633 -62.4368 -12.8793 -12.1712 0.670999 -0.335983 -0.370914 0.0275516    0.0012685 -0.000404661 -0.000484589   0.0128998   0.0239114 -0.00100431 0.791661        0        0 23963
             58.2999  2.36137 -3.60684 -62.4662 -12.8873  -12.188 0.664763  -0.391985  -0.526487 -0.0119797   0.00123839 -0.000349763 -0.000476863    0.0117649     0.025048 -0.000589027 0.792092        0        0 0
             58.4001  1.84179  -4.6231 -61.1236 -12.9242 -12.2219 0.669069 -0.381206 -0.334581 0.0207543   0.00127854 -0.000367607 -0.000510861    0.0131693    0.0242431 -0.000988817 0.792068        0        0 24039
             58.4001  1.91627 -4.78837 -61.1309  -12.927 -12.2296 0.667748 -0.398773 -0.406514 0.0140116   0.00124458 -0.000340535 -0.000509893     0.012597    0.0246913 -0.000907824 0.790755        0        0 0
             58.4999  1.50488 -5.40259 -58.4457 -12.9622 -12.2659 0.670554 -0.365738 -0.356285 0.0411375   0.00126481 -0.000388272 -0.000519935    0.0125731     0.024331 -0.000938089 0.790732        0        0 24000
             58.4999  1.54415 -5.62448 -58.4963 -12.9687 -12.2808 0.667427 -0.408691 -0.496925 0.0250657    0.0012351 -0.000341568   -0.0005048    0.0115162    0.0253191 -0.000732727 0.785742        0        0 0
             58.5998 0.196205 -5.90837 -56.7048 -13.0098 -12.3189 0.672519 -0.410382 -0.399083 0.0534943   0.00126497 -0.000421224 -0.000509973 0.0127384 0.0248651 -0.000866 0.785684        0        0 23961
             58.5998 0.287728 -5.98175 -56.7423 -13.0158 -12.3289 0.671531 -0.448645 -0.489006 0.0496733   0.00124104 -0.000397307  -0.00050015   0.0120691   0.0256691 -0.00079151 0.789702        0        0 0
             58.7001 -0.679958  -4.73757  -55.5199 -13.0504 -12.3662 0.677885  -0.34114 -0.372626 0.0563578   0.00123703 -0.000436822 -0.000495042   0.0128393   0.0246053 -0.00091604 0.789666        0        0 24039
             58.7001 -0.633347  -4.97556  -55.5512 -13.0546 -12.3783 0.677869 -0.362923 -0.489784 0.0585901   0.00122921 -0.000367403 -0.000484604    0.0118639    0.0254507 -0.000850112 0.791465        0        0 0
             58.7999 -0.854424  -5.06931   -54.878 -13.0881 -12.4186 0.683292 -0.290425 -0.409236 0.0337229   0.00123108  -0.00040377 -0.000484139    0.0126624    0.0251826 -0.000941823 0.791416        0        0 24000
             58.7999 -0.767992  -5.20988  -54.8856 -13.0898 -12.4234   0.6829 -0.299301 -0.454232 0.0331807   0.00120739 -0.000370178 -0.000480916    0.0123096    0.0255074 -0.000900569 0.790708        0        0 0
             58.8998 -1.27245 -4.62811 -54.6574 -13.1111 -12.4612 0.684967   -0.193885   -0.391761 -0.00563805   0.00125076 -0.000414388 -0.000480968    0.0130058     0.024885 -0.000932831 0.79071       0       0 23961
             58.8998 -1.24386 -4.84304 -54.7145 -13.1187  -12.476  0.68378  -0.240974  -0.526861 -0.0113769   0.00123671 -0.000359641 -0.000460133    0.0121361    0.0260231 -0.000774973 0.791653        0        0 0
             59.0004 -2.03193 -5.42375 -54.9617  -13.139 -12.5188 0.678156  -0.200979  -0.423007 -0.0735417   0.00123688 -0.000398539 -0.000470613    0.0128522    0.0254805 -0.000667196 0.791603        0        0 24037
             59.0004 -1.96925 -5.60139 -54.9669 -13.1416 -12.5279 0.676638  -0.212821  -0.504901 -0.0801873    0.0012179 -0.000346799 -0.000466878    0.0121912    0.0260429 -0.000530391 0.785283        0        0 0
             59.1003 -1.64425 -6.38249  -54.895 -13.1583 -12.5665 0.673376  -0.172966  -0.402185 -0.0335468   0.00121605 -0.000398766 -0.000480035    0.0131316    0.0252826 -0.000824569 0.785258        0        0 24003
             59.1003 -1.62924 -6.54855 -54.9692 -13.1664 -12.5806 0.673823  -0.223897  -0.528881 -0.0265574   0.00121207 -0.000350531 -0.000456147    0.0122666    0.0264811 -0.000779696 0.778887        0        0 0
             59.2001 -1.65079 -5.31447 -56.1206 -13.1825 -12.6198 0.671462   -0.200293   -0.391776 -0.00896958   0.00124037 -0.000421445 -0.000453889    0.0130792    0.0254885 -0.000781061 0.77886       0       0 24002
             59.2001 -1.62369  -5.5123 -56.1697 -13.1859 -12.6294 0.669164  -0.218267  -0.476131 -0.0213284   0.00122908 -0.000371949 -0.000438498    0.0124238    0.0261377 -0.000548868 0.784114        0        0 0
             59.2999 -1.50626  -6.1966 -57.1075 -13.2068 -12.6651 0.671625 -0.241911 -0.358387 0.0299667   0.00123493 -0.000388163 -0.000460893    0.0132111    0.0255158 -0.000787028 0.784077        0        0 23996
             59.2999 -1.46586 -6.37734 -57.1303 -13.2115 -12.6753 0.671103 -0.269872 -0.450201  0.030149   0.00121558 -0.000341699  -0.00045273   0.0125453   0.0262759 -0.00069309 0.776286        0        0 0
             59.3998 -0.177819  -6.31265  -57.1944 -13.2353 -12.7106 0.675956 -0.262568 -0.355797 0.0214631   0.00123099 -0.000405003 -0.000472851   0.0131202   0.0256202 -0.00089871 0.77624       0       0 23962
             59.3998 -0.110843  -6.51955  -57.2482 -13.2418 -12.7244 0.674943  -0.30279 -0.480967 0.0199585    0.0012036 -0.000350877 -0.000457518    0.0122067    0.0266477 -0.000753717 0.779252        0        0 0
             59.5004 0.340448 -6.74325 -57.1927 -13.2714 -12.7628 0.673731  -0.333199  -0.388804 -0.0458177   0.00122917 -0.000401905 -0.000465868    0.0129471    0.0260521 -0.000786926 0.779213        0        0 24038
             59.5004 0.339176 -6.89067 -57.2086 -13.2744 -12.7694 0.673891  -0.350788  -0.447476 -0.0418708   0.00122651 -0.000362436 -0.000462136    0.0124937    0.0265262 -0.000771599 0.775273        0        0 0
             59.6003 0.357987  -6.8865 -56.3571 -13.3096 -12.8056 0.669976  -0.378234  -0.366947 -0.0575059   0.00123342 -0.000409245 -0.000480489     0.013203    0.0260474 -0.000909583 0.775227        0        0 23984
             59.6003 0.394232 -7.04929 -56.3823  -13.314 -12.8158 0.669597  -0.405004  -0.462579 -0.0553881   0.00121715  -0.00036974 -0.000473942    0.0124708    0.0268004 -0.000845927 0.774758        0        0 0
             59.7002 -0.0503245   -6.65663   -55.3784 -13.3587 -12.8573 0.664807  -0.462003  -0.418327 -0.0480374   0.00123446 -0.000418003 -0.000483781     0.013014    0.0268132 -0.000956396 0.77473       0       0 24015
             59.7002 -0.0812435   -6.84149   -55.4039 -13.3628 -12.8661 0.663092  -0.488368  -0.498188 -0.0568462    0.0012369  -0.00037254 -0.000476245    0.0124374    0.0274939 -0.000795938 0.774597        0        0 0
                59.8 -0.836123  -5.52791  -54.8781 -13.4085 -12.9107 0.658644 -0.463707 -0.469064 0.0110004   0.00125618 -0.000421842 -0.000477619    0.0129389    0.0269484 -0.000690558 0.774574        0        0 24004
                59.8 -0.735402  -5.67047  -54.8814  -13.407 -12.9143 0.658049  -0.448408  -0.504576 0.00925203   0.00122668  -0.00038858 -0.000475909   0.0125371   0.0270044 -0.00062272 0.77859       0       0 0
             59.8998 -1.58283 -4.93101 -54.5012 -13.4509 -12.9603  0.66104 -0.404769 -0.454719 0.0142501   0.00125146 -0.000403323 -0.000485318    0.0129682    0.0269616 -0.000752898 0.778574        0        0 23959
             59.8998  -1.5635 -5.09737 -54.5667 -13.4575 -12.9732 0.659593  -0.446978  -0.573555 0.00668698   0.00123004 -0.000370434 -0.000461162    0.0121816    0.0279973 -0.000583385 0.778104        0        0 0
             60.0001 -1.39733 -4.07607 -55.2848 -13.4973  -13.017 0.659903  -0.375702  -0.441618 -0.0220661   0.00122945 -0.000404301  -0.00047018    0.0132582    0.0273172 -0.000768201 0.778015        0        0 24042
             60.0001 -1.33947 -4.21738 -55.3005  -13.499 -13.0215 0.661849   -0.385612   -0.483432 -0.00646068   0.00120839 -0.000368354 -0.000463048    0.0129268    0.0276411 -0.000898971 0.782944        0        0 0
             60.0999 -0.922281  -3.78976  -55.9423 -13.5261 -13.0589 0.661216  -0.256307  -0.398653 -0.0255715   0.00124551 -0.000394889 -0.000474665   0.0135409   0.0265253 -0.00106376 0.782898        0        0 23958
             60.0999 -0.916683  -3.96788  -55.9929 -13.5321 -13.0705 0.660035  -0.296816  -0.506361 -0.0309424   0.00123021  -0.00035428 -0.000456362    0.0128272    0.0274834 -0.000925333 0.781574        0        0 0
             60.2002 -1.56769 -3.99168 -56.8528 -13.5553 -13.1139 0.654454  -0.224266   -0.43726 -0.0715685   0.00125753 -0.000390406 -0.000473413    0.0134358    0.0268811 -0.000817779 0.781518        0        0 24036
             60.2002 -1.57224 -4.15266 -56.9022 -13.5625 -13.1253 0.655285  -0.273772  -0.539125 -0.0618297   0.00124464 -0.000353048 -0.000455719    0.0127982    0.0278828 -0.000855661 0.77762       0       0 0
                60.3  -1.7542 -4.60481 -58.2709 -13.5826 -13.1703 0.645062  -0.203115  -0.453863 -0.0874177   0.00125902  -0.00038483 -0.000456799    0.0132226    0.0271596 -0.000627094 0.77757       0       0 24000
                60.3 -1.73361 -4.79288 -58.3201 -13.5873   -13.18 0.645689  -0.233178  -0.542494 -0.0789284   0.00123709 -0.000345731 -0.000439036    0.0125586    0.0279192 -0.000653932 0.774267        0        0 0
             60.3999 -1.92282 -4.31203 -59.8455  -13.609  -13.226 0.642101  -0.235466  -0.466005 0.00661805    0.0012572 -0.000391792 -0.000464202    0.0133877    0.0274092 -0.000694346 0.774231        0        0 23964
             60.3999 -1.90358 -4.35775 -59.8878 -13.6095 -13.2278 0.643204 -0.237999 -0.483621  0.015445   0.00124912 -0.000383778 -0.000451776    0.0132347    0.0275229 -0.000772401 0.777235        0        0 0
             60.5001 -1.83364 -4.16041  -60.517 -13.6349 -13.2731 0.643037  -0.272146  -0.421139 -0.0043035   0.00123254 -0.000396883 -0.000477996    0.0133025    0.0274699 -0.000578795 0.777223        0        0 24044
             60.5001 -1.90557  -4.4742 -60.5499 -13.6449 -13.2916 0.642469   -0.344026    -0.60041 -0.00370653   0.00121025 -0.000336947 -0.000465117    0.0120303    0.0289678 -0.000431578 0.768009        0        0 0
             60.5999 -1.72917  -5.1551 -61.2825   -13.68  -13.336 0.644421  -0.382392  -0.447823 0.00631746   0.00124227 -0.000376891  -0.00048003    0.0132742    0.0283812 -0.000709751 0.767969        0        0 23979
             60.5999  -1.5955 -5.27911 -61.2956 -13.6781 -13.3334 0.648234 -0.369056 -0.425791 0.0329258   0.00121108 -0.000339715   -0.0004753   0.0133819   0.0281596 -0.00100546 0.769845        0        0 0
             60.6998 -0.24947 -5.26377 -60.8145 -13.7174 -13.3733 0.648046  -0.426057  -0.395462 -0.0276646   0.00121919 -0.000391307 -0.000494895    0.0137148    0.0280068 -0.000882732 0.769834        0        0 23977
             60.6998 -0.265305  -5.46371   -60.823 -13.7228 -13.3832 0.643252  -0.481441  -0.494522 -0.0694051   0.00120241 -0.000347958 -0.000493106    0.0130799    0.0289486 -0.000358972 0.767551        0        0 0
             60.8005 -0.242531  -5.88486  -59.7407 -13.7676 -13.4252 0.638219 -0.476494  -0.42458 -0.069531   0.00123193 -0.000388204 -0.000503942    0.0132791    0.0281173 -0.000739307 0.767512        0        0 24037
             60.8005 -0.251456   -6.0455   -59.777 -13.7737 -13.4361 0.639445  -0.525201  -0.528432 -0.0565268   0.00122432 -0.000347838 -0.000494307    0.0125192    0.0290524 -0.000793867 0.768344        0        0 0
             60.9003 -0.679091  -5.68445  -59.0123 -13.8253 -13.4803 0.633038  -0.514555  -0.434537 -0.0404796   0.00123582  -0.00040258 -0.000496485    0.0133239    0.0285522 -0.000668978 0.768323        0        0 24005
             60.9003 -0.61648 -5.85738 -59.0075 -13.8265 -13.4849 0.631703   -0.52629  -0.480263 -0.0514412   0.00121808 -0.000357463 -0.000497467    0.0129403    0.0288908 -0.000507194 0.770411        0        0 0
             61.0001 -0.565238  -4.84795  -58.3499 -13.8751 -13.5274 0.631827 -0.458041 -0.430851 0.0132392   0.00123492    -0.000399 -0.000497403    0.0134001    0.0284255 -0.000733049 0.770394        0        0 23995
             61.0001 -0.536106   -4.9811  -58.3584 -13.8803  -13.535 0.630124   -0.510159   -0.506082 0.000327326   0.00120424 -0.000375136 -0.000491316    0.0130017      0.02923 -0.000546122 0.774694        0        0 0
                61.1 -0.718144  -3.98731  -58.1044 -13.9262 -13.5766 0.633629 -0.424035 -0.400177 0.0167267   0.00124911 -0.000387833 -0.000497691   0.0134949   0.0286912 -0.00101133 0.774629        0        0 24002
                61.1 -0.607336  -4.20397  -58.1352 -13.9279 -13.5866 0.627548  -0.445199  -0.501692 -0.0410073   0.00119957 -0.000353693 -0.000484266    0.0127747    0.0293458 -0.000354191 0.777148        0        0 0
             61.1998 -0.204799  -3.09725  -58.3763 -13.9658 -13.6266 0.628269   -0.341389   -0.412185 -0.00671685   0.00123073 -0.000388767 -0.000484622   0.0134255   0.0285761 -0.00107392 0.777169        0        0 23961
             61.1998 -0.139336  -3.28931  -58.4115 -13.9663 -13.6338 0.620558   -0.34865  -0.482559 -0.0844534  0.00120379 -0.00035239 -0.00047226     0.012898    0.0289746 -0.000236559 0.772369        0        0 0
             61.3004 0.0350559  -2.62112  -58.9057 -13.9986 -13.6727  0.62001  -0.299914  -0.400054 -0.0285155   0.00124289 -0.000367244 -0.000482993    0.013819   0.0283492 -0.00127345 0.772442        0        0 24037
             61.3004 0.0847046  -2.80435  -58.9417 -14.0009 -13.6809 0.619192  -0.326542  -0.483397 -0.0343693   0.00121189 -0.000333839 -0.000470277   0.0132145   0.0289891 -0.00117659 0.772262        0        0 0
             61.4003 -0.013578  -2.44298   -59.288 -14.0319 -13.7226 0.618114  -0.287723  -0.433356 -0.0169956  0.00125146 -0.00036151  -0.0004859   0.0139599   0.0286976 -0.00148749 0.772244        0        0 24003
             61.4003 0.0622834  -2.59484  -59.3417 -14.0353 -13.7319 0.613632  -0.316366  -0.524332 -0.0558745   0.00121452 -0.000330424    -0.000468    0.013318   0.0293749 -0.00106444 0.775715        0        0 0
             61.5001  -0.2722 -2.64657 -59.7427 -14.0683 -13.7784 0.615232 -0.326918 -0.449478 0.0219778   0.00123003 -0.000385297  -0.00048271   0.0139093   0.0293498 -0.00159114 0.77568       0       0 24002
             61.5001 -0.24849 -2.90154 -59.8069 -14.0669 -13.7874 0.604641  -0.314063  -0.535605 -0.0591717   0.00122366 -0.000310707 -0.000463479    0.0130422    0.0296664 -0.000687388 0.766481        0        0 0
                61.6 -0.497277    -3.145   -60.262 -14.1029 -13.8342 0.608138 -0.376962 -0.464672 0.0755633   0.00124738 -0.000375224 -0.000486183   0.0138724   0.0297787 -0.00139648 0.766484        0        0 23986
                61.6 -0.427802  -3.23551  -60.3244 -14.0997 -13.8395 0.602568 -0.343906 -0.518407  0.014635   0.00122771 -0.000346483 -0.000467283    0.0132143    0.0297265 -0.000685965 0.775825        0        0 0
             61.6998 -1.13357  -3.7745 -60.4808 -14.1406 -13.8822 0.610736 -0.436509 -0.412998 0.0907562   0.00125693 -0.000374807 -0.000490341   0.0141344   0.0296406 -0.00135327 0.775788        0        0 23972
             61.6998 -1.06963 -3.99949 -60.5351 -14.1417 -13.8925 0.609593 -0.450266 -0.521498 0.0803303   0.00124082 -0.000305776 -0.000474103   0.0131538   0.0303015 -0.00117812 0.765822        0        0 0
             61.8001 -0.164872  -3.88755  -60.2366 -14.1924 -13.9391 0.622307 -0.514151 -0.482431    0.1226   0.00121989 -0.000401558 -0.000502143  0.0139985  0.0304167 -0.0017617 0.765779        0        0 24038
             61.8001 -0.050785  -4.01456  -60.2875 -14.1908 -13.9456 0.623493 -0.498672 -0.549474  0.134434   0.00118813 -0.000362158 -0.000486984   0.0132605     0.03059 -0.00184242 0.770965        0        0 0
             61.8999 0.772356 -3.74291 -59.7352 -14.2428 -13.9935 0.630129 -0.540924 -0.475353 0.0307048   0.00121957 -0.000411598 -0.000504295    0.014193   0.0302572 -0.00151827 0.770903        0        0 24000
             61.8999 0.719695 -3.86305 -59.7888 -14.2413 -13.9989 0.631186 -0.525245 -0.532313 0.0417653   0.00123705 -0.000374433 -0.000489676   0.0135489   0.0303951 -0.00159552 0.768418        0        0 0
             61.9998 0.268162 -3.88386 -58.4952 -14.2974  -14.048  0.62839   -0.56853  -0.468456 -0.0187132   0.00125616  -0.00041546 -0.000514223   0.0139514   0.0305649 -0.00098429 0.768412        0        0 23962
             61.9998 0.309889 -4.08357 -58.5053 -14.2966 -14.0529 0.626594 -0.562397 -0.519272 -0.034465   0.00124371  -0.00035322 -0.000511993     0.013411    0.0307696 -0.000773125 0.764972        0        0 0
             62.1004 0.0649515  -4.35007  -57.3925 -14.3526 -14.1009 0.621232  -0.541738  -0.486713 -0.0199688   0.00125146 -0.000392532 -0.000515325     0.01388    0.030551 -0.00028062 0.764938        0        0 24040
             62.1004 0.121854 -4.47945 -57.4602  -14.349 -14.1054 0.621516  -0.504045  -0.533835 -0.0168418    0.0012382 -0.000360836 -0.000495406    0.0132119    0.0304368 -0.000269085 0.76102       0       0 0
             62.2003 0.104347 -3.06951 -56.6507 -14.3973 -14.1544 0.618507  -0.439935  -0.496921 -0.0245893   0.00126655 -0.000410429 -0.000508605   0.0139945   0.0301246 4.23289e-05 0.761004        0        0 23997
             62.2003  0.19109 -3.19623 -56.7203 -14.3984 -14.1632 0.620411    -0.45821   -0.592869 -0.00275382   0.00123685 -0.000381857 -0.000486425    0.0131927    0.0307976 -0.000138767 0.770428        0        0 0
             62.3001 0.242359 -2.35651 -56.6412 -14.4439 -14.2153 0.622002   -0.427217   -0.510386 -0.00407854   0.00126361 -0.000398058  -0.00049821    0.0139352    0.0307305 -0.000438759 0.770419        0        0 24003
             62.3001 0.369089 -2.51823 -56.7467 -14.4398 -14.2194 0.624611 -0.386242 -0.554628 0.0208475   0.00122921 -0.000355208 -0.000467157    0.0132776    0.0305907 -0.000676615 0.767918        0        0 0
             62.3999 0.799633 -2.99017 -56.8871 -14.4827 -14.2682 0.626546   -0.413884   -0.501996 -0.00572868   0.00125292 -0.000368258 -0.000492557     0.014331    0.0307419 -0.000886977 0.767921        0        0 23999
             62.3999 0.885341 -3.19993 -56.9851 -14.4829 -14.2785 0.628542 -0.420499 -0.612628 0.0151446   0.00122507  -0.00031206 -0.000464321   0.0133282   0.0314146 -0.00108181 0.757944        0        0 0
             62.4998  1.03144 -4.22736 -57.2334 -14.5259 -14.3334 0.622912  -0.400268  -0.573332 -0.0870432   0.00125697  -0.00036382 -0.000483584    0.0144593    0.0312339 -0.000663851 0.757941        0        0 23961
             62.4998  1.08286 -4.28977 -57.3222 -14.5294 -14.3428  0.62398  -0.437282  -0.672874 -0.0734876   0.00123934 -0.000348047 -0.000458617    0.0137334    0.0321241 -0.000792648 0.751867        0        0 0
             62.6005 0.228644  -4.3083 -58.6049 -14.5693 -14.4055 0.615865  -0.387748  -0.610711 -0.0797486   0.00125825 -0.000392568 -0.000462703    0.0141643    0.0316994 -0.000865721 0.751872        0        0 24043
             62.6005 0.149977 -4.50889 -58.6144 -14.5707 -14.4111  0.61231 -0.396949   -0.6637 -0.107696   0.00127827 -0.000338647 -0.000460158    0.0137182    0.0320955 -0.000529722 0.743854        0        0 0
             62.7003 -0.0407618    -3.8851   -59.2151 -14.6049  -14.468 0.605932  -0.361256  -0.567989 -0.0217879   0.00126669 -0.000397304 -0.000494396    0.0143155    0.0312596 -0.000515652 0.743823        0        0 23995
             62.7003 -0.0622341   -3.99263   -59.2323 -14.6063 -14.4736 0.602479  -0.369464  -0.623215 -0.0497327    0.0012657 -0.000375614 -0.000488339    0.0138678     0.031629 -0.000176918 0.742139        0        0 0
             62.8002 -0.827814  -4.56538  -59.5069  -14.643 -14.5298  0.60349 -0.392097  -0.54991   0.01075   0.00130274 -0.000370358 -0.000500609    0.0141705    0.0311652 -0.000593192 0.742158        0        0 24002
             62.8002 -0.819782  -4.81963   -59.537 -14.6462 -14.5411 0.592964  -0.420584  -0.663641 -0.0866287   0.00128443 -0.000311268   -0.0004908   0.0133258   0.0319905 0.000524737 0.745053        0        0 0
                62.9 -0.226075  -4.83993  -59.1201 -14.6922 -14.6009 0.602519 -0.465368 -0.597751 0.0652741   0.00121709 -0.000398281 -0.000513633   0.0138259   0.0320255 -0.00123092 0.745181        0        0 24002
                62.9 -0.306287  -5.03702   -59.125 -14.6883 -14.6011 0.599483 -0.429846 -0.598418 0.0383939   0.00124475 -0.000343693 -0.000511554     0.013647    0.0317006 -0.000928231 0.744579        0        0 0
             62.9998 -0.220078  -5.13647  -58.2457 -14.7337 -14.6558 0.606164 -0.461535 -0.539461 0.0476222   0.00128033 -0.000377646 -0.000517695    0.014251   0.0315326 -0.00152464 0.744607        0        0 23958
             62.9998 -0.315338  -5.31012  -58.2533 -14.7361  -14.663 0.602882 -0.487973 -0.618076 0.0146313   0.00130024 -0.000334602 -0.000515623   0.0136695    0.032185 -0.00110559 0.747546        0        0 0
             63.1005 -1.94414 -5.59195 -56.9886 -14.7878 -14.7175 0.606884 -0.501375 -0.513421 0.0397456   0.00128688 -0.000378875 -0.000524423   0.0141208   0.0322609 -0.00157629 0.747563        0        0 24039
             63.1005 -1.98342 -5.70523 -57.0295 -14.7924 -14.7252 0.609086 -0.549237 -0.597114 0.0627564   0.00128833 -0.000354632 -0.000511462   0.0135687   0.0331546 -0.00177163 0.746309        0        0 0
             63.2003 -2.36836 -4.80367 -56.3315 -14.8395 -14.7752 0.616556 -0.439574  -0.51525  0.106795   0.00129051 -0.000413392 -0.000519642   0.0142585   0.0322589 -0.00172725 0.746359        0        0 24000
             63.2003 -2.31998 -4.88595 -56.3211 -14.8349  -14.773 0.616019 -0.399416 -0.493864  0.102434   0.00128595 -0.000389824 -0.000522392   0.0142329   0.0317714 -0.00169138 0.746259        0        0 0
             63.3001 -1.68501 -3.44851 -55.6015 -14.8676 -14.8193 0.619165 -0.276458 -0.451454  0.040659      0.00129 -0.000410585 -0.000528942    0.014468   0.0314599 -0.00097742 0.746267        0        0 24002
             63.3001 -1.66758 -3.62366  -55.652 -14.8713 -14.8315 0.617101 -0.305727 -0.576767 0.0241044    0.0012629 -0.000387756 -0.000507561    0.0135406    0.0323827 -0.000676048 0.746547        0        0 0
                63.4 -1.41363 -3.09574 -55.1078 -14.8984  -14.881 0.614074  -0.251179  -0.486499 -0.0566818   0.00126947 -0.000394944 -0.000520749    0.0142242    0.0319628 -0.000388094 0.746542        0        0 24000
                63.4 -1.45421 -3.25462 -55.1762 -14.8976 -14.8874 0.611841  -0.243143  -0.552506 -0.0755571   0.00127648 -0.000363985 -0.000498785    0.0136072    0.0322542 -0.000137955 0.751728        0        0 0
             63.4998 -1.45065 -3.81929 -54.9713 -14.9241 -14.9327 0.602755 -0.237332  -0.44893 -0.108579   0.00130118 -0.000363977 -0.000513134     0.014768    0.0319892 -0.000329386 0.751702        0        0 23959
             63.4998 -1.32176 -3.98466 -55.0303 -14.9288 -14.9444 0.605712  -0.287849  -0.580297 -0.0785746   0.00124356 -0.000333136 -0.000493939    0.0138789    0.0331779 -0.000567214 0.749528        0        0 0
             63.6005 -0.868942  -4.40977  -55.1686 -14.9552 -14.9972   0.5996  -0.235506  -0.540722 -0.0740432   0.00125721 -0.000365891 -0.000500279    0.0146063    0.0328779 -0.000720198 0.749522        0        0 24039
             63.6005 -0.888693  -4.50548  -55.2039 -14.9591 -15.0044 0.602123  -0.25948 -0.607381 -0.053239   0.00125165 -0.000347975 -0.000489106    0.0141401    0.0334765 -0.000897483 0.741719        0        0 0
             63.7004 -1.21684 -4.54546 -55.6592 -14.9746 -15.0489 0.593624  -0.174442  -0.446603 -0.0793412    0.0012998 -0.000368571 -0.000498635    0.0150083    0.0322327 -0.000756582 0.741669        0        0 24004
             63.7004 -1.23141 -4.66787 -55.7062 -14.9815 -15.0626 0.594781  -0.215855  -0.573923 -0.0664016   0.00128098 -0.000352863 -0.000482033   0.0141227   0.0333179 -0.00080355 0.742048        0        0 0
             63.8002 -1.46783 -3.62395 -56.0411 -14.9938 -15.1055 0.582871   -0.17619  -0.433823 -0.0805432   0.00131821 -0.000377141 -0.000506416    0.0149652    0.0320537 -0.000248442 0.741977        0        0 23993
             63.8002 -1.40011 -3.71724 -56.0624 -14.9963 -15.1122 0.585111  -0.189585  -0.498033 -0.0617779   0.00128767 -0.000364045 -0.000498823    0.0144632    0.0325246 -0.000398811 0.744039        0        0 0
                63.9 -1.78057 -3.51978 -55.8088 -15.0165 -15.1549 0.584201  -0.228223  -0.420563 -0.0053937   0.00131438 -0.000368385 -0.000516916    0.0148816    0.0322219 -0.000629028 0.744019        0        0 24004
                63.9  -1.7483 -3.63842 -55.8706 -15.0253 -15.1711 0.585624 -0.283151 -0.572273 0.0104443   0.00126966 -0.000364335 -0.000498691    0.0138755    0.0335084 -0.000693926 0.742716        0        0 0
             63.9999 -0.768293  -3.10991  -55.5314 -15.0485 -15.2135 0.586853 -0.258824 -0.424294 0.0204811   0.00129355 -0.000374224 -0.000521443    0.0148188    0.0326005 -0.000613843 0.742652        0        0 23960
             63.9999 -0.626492  -3.29124  -55.5591 -15.0546  -15.224 0.588019 -0.297089 -0.520955 0.0323387   0.00123064 -0.000341078 -0.000512759     0.014181    0.0334387 -0.000676181 0.74287       0       0 0
             64.1001 -0.387187  -3.84591   -55.021 -15.0827 -15.2637 0.586937  -0.317128  -0.393967 -0.0399782   0.00130169 -0.000343512 -0.000521967     0.015154    0.0326708 -0.000546948 0.742811        0        0 24036
             64.1001 -0.403221  -4.02268   -55.057 -15.0895 -15.2768 0.587169   -0.35997  -0.515759 -0.0351419   0.00127882 -0.000315808 -0.000512659   0.0143274   0.0337048 -0.00053099 0.741417        0        0 0
             64.1999 -1.54809 -4.30488 -53.6638 -15.1188 -15.3141 0.584526  -0.313607  -0.377946 -0.0449342   0.00133448 -0.000351949 -0.000539621    0.0150088    0.0327316 -0.000777364 0.741388        0        0 24000
             64.1999 -1.44016 -4.42768 -53.6992  -15.124 -15.3249 0.586441  -0.343698  -0.478696 -0.0271779   0.00128428 -0.000336671 -0.000529538    0.0142982    0.0335444 -0.000906686 0.736432        0        0 0
             64.2998 -2.43631 -4.28236 -52.6926 -15.1516 -15.3629 0.585742 -0.288775  -0.42073  0.010929   0.00133699 -0.000374747 -0.000530368    0.0150331    0.0326344 -0.000988104 0.736414        0        0 23964
             64.2998 -2.30144 -4.34798 -52.7382 -15.1589 -15.3772 0.584429  -0.333239  -0.551474 0.00578407    0.0012758 -0.000371977 -0.000513964    0.0141824    0.0337533 -0.000846873 0.741229        0        0 0
             64.4005 -2.61346 -2.25828  -51.852 -15.1886 -15.4252 0.587089 -0.295033 -0.496653  0.036213   0.00129073  -0.00042677 -0.000531359    0.0149467    0.0331252 -0.000869374 0.741202        0        0 24039
             64.4005  -2.5621 -2.40645 -51.8686 -15.1988 -15.4393  0.59126 -0.360278 -0.620213 0.0706662   0.00127101 -0.000381805 -0.000522875  0.0142175  0.0344704 -0.0011532 0.743424        0        0 0
             64.5003  -2.9014 -1.83853 -52.2708 -15.2243 -15.4844 0.588492  -0.254505  -0.450664 -0.0126757   0.00131108 -0.000378068 -0.000525493    0.0153139    0.0329474 -0.000402456 0.743484        0        0 24001
             64.5003 -2.68778 -1.94142 -52.3325 -15.2322 -15.4975 0.592903  -0.31113 -0.573033 0.0234384    0.0012518 -0.000347211 -0.000503648    0.0145796    0.0342375 -0.000715395 0.74432       0       0 0
             64.6001 -2.16209 -2.07662 -52.9492 -15.2504 -15.5417 0.590292   -0.17067  -0.453026 -0.0268829   0.00128315 -0.000373837 -0.000514058    0.0151981    0.0328811 -0.000419525 0.744264        0        0 23980
             64.6001 -2.07955 -2.26288 -53.0158 -15.2598  -15.557 0.591261  -0.237442  -0.594574 -0.0165695   0.00126385 -0.000317201  -0.00049153    0.0143728    0.0343848 -0.000432467 0.742874        0        0 0
                64.7 -2.39691 -3.55991 -54.6904 -15.2718 -15.6033 0.586515   -0.12539   -0.46371 -0.0569765   0.00127994 -0.000359829 -0.000482237    0.0149995    0.0329345 -0.000348803 0.742917        0        0 24019
                64.7 -2.40223 -3.68451 -54.7414 -15.2792 -15.6144  0.58916  -0.182312   -0.56854 -0.0333986   0.00128639 -0.000320065  -0.00046687    0.0144149    0.0341196 -0.000537416 0.733794        0        0 0
             64.7999 -2.13939 -4.82783 -56.5672 -15.2894 -15.6576 0.582063  -0.114149  -0.457084 -0.0357431   0.00129931 -0.000376036 -0.000475422    0.0152662    0.0330321 -0.000242626 0.733753        0        0 23961
             64.7999 -1.98045 -4.90147 -56.6188 -15.2992  -15.673 0.585301   -0.177218   -0.594761 -0.00945027   0.00125734 -0.000347705 -0.000462061     0.014394    0.0344391 -0.000420252 0.731609        0        0 0
             64.9001  -1.5723 -4.39926 -58.1698  -15.308 -15.7136 0.582694  -0.144153  -0.410209 -0.0539897   0.00132193 -0.000410053 -0.000486563    0.0157272    0.0328175 -0.000342388 0.731591        0        0 24038
             64.9001 -1.49256 -4.54594 -58.2234 -15.3215 -15.7344   0.5873  -0.232837  -0.600543 -0.0148865   0.00130421  -0.00035939 -0.000473378    0.0144403     0.034749 -0.000599733 0.735931        0        0 0
                  65 -2.07772 -3.99229 -60.1948 -15.3337 -15.7718   0.5778 -0.172864 -0.368179 -0.092366   0.00132748 -0.000403251 -0.000489565    0.0157717    0.0330424 -0.000248187 0.735959        0        0 24002
                  65 -1.94184 -4.06161 -60.2318 -15.3431 -15.7853 0.582449  -0.235038  -0.492103 -0.0540188   0.00128526   -0.0003832 -0.000478317    0.0149082    0.0343091 -0.000568294 0.730275        0        0 0
             65.0998 -0.396054  -3.23352  -61.2673 -15.3595 -15.8205  0.57832  -0.201279  -0.369153 -0.0372283   0.00128942 -0.000419853 -0.000511561   0.0158949   0.0331923 -0.00059077 0.730347        0        0 23960
             65.0998 -0.348668   -3.3575   -61.316  -15.374 -15.8414  0.58158    -0.29673   -0.561579 -0.00566789   0.00126788 -0.000384603 -0.000496341    0.0145064    0.0351004 -0.000784946 0.723041        0        0 0
             65.2005 -0.0849475   -3.25953   -62.1016 -15.3979 -15.8867 0.577977 -0.287653  -0.44855 -0.038612   0.00132088 -0.000408606 -0.000508104    0.0152415    0.0340898 -0.000592618 0.722983        0        0 24040
             65.2005 -0.0808667   -3.44902   -62.1193 -15.4015 -15.8951 0.579491  -0.308503  -0.527017 -0.0244978   0.00131753 -0.000354191 -0.000503678    0.0145521    0.0346766 -0.000702272 0.729149        0        0 0
             65.3003 -0.96264 -3.94431 -62.5175 -15.4326 -15.9363 0.575038  -0.348562  -0.421749 -0.0356223   0.00135319  -0.00039685 -0.000516017    0.0156409    0.0340508 -0.000563065 0.729145        0        0 23998
             65.3003 -0.911313  -4.09837  -62.5401 -15.4408 -15.9493 0.575336  -0.406527  -0.544834 -0.0273276   0.00133167 -0.000356399  -0.00050961    0.0146873    0.0351952 -0.000597965 0.724375        0        0 0
             65.4001 -1.65454 -4.62735  -62.539 -15.4787  -15.991 0.573595   -0.414256   -0.421572 -0.00183747   0.00134724 -0.000394969 -0.000529899    0.0157262    0.0343427 -0.000573619 0.724422        0        0 24001
             65.4001 -1.61244 -4.78811  -62.567 -15.4873 -16.0043 0.574739 -0.474312   -0.5469 0.0134401   0.00132809 -0.000353251 -0.000521135    0.0147414    0.0355139 -0.000666939 0.723994        0        0 0
                65.5 -1.51586 -4.42849 -62.2372 -15.5245 -16.0462 0.579346 -0.366744 -0.427921 0.0724521   0.00134254 -0.000416434   -0.0005377    0.0157342    0.0343664 -0.000666995 0.724     0     0 24003
                65.5 -1.41891 -4.56333 -62.2539  -15.531 -16.0575 0.581304 -0.410085 -0.534961 0.0913213   0.00130217 -0.000388688 -0.000530918    0.0148219    0.0353031 -0.000788184 0.720408        0        0 0
             65.5998 -1.32635 -4.31016 -61.8073 -15.5602 -16.0972 0.585612 -0.275195 -0.384177 0.0215567   0.00135267 -0.000398401 -0.000545702    0.0158266    0.0341964 -0.000514485 0.720406        0        0 23958
             65.5998 -1.22385 -4.49239 -61.8646 -15.5722 -16.1181 0.584362 -0.360206 -0.585245 0.0214546    0.0012942 -0.000374147 -0.000524109    0.0142265    0.0359741 -0.000324123 0.721546        0        0 0
             65.7001 -0.945383  -4.23054  -62.3126 -15.5982 -16.1607 0.583914  -0.243957   -0.42922 -0.0335356   0.00132885 -0.000421498 -0.000522673    0.0154848    0.0349191 -0.000402654 0.721578        0        0 24040
             65.7001 -0.865776  -4.37906  -62.3582  -15.603 -16.1694 0.585671   -0.27593  -0.511873 -0.0172334   0.00129797 -0.000384595 -0.000507082    0.0147985    0.0356221 -0.000510941 0.723842        0        0 0
             65.7999 -1.01753 -4.45781 -62.8469 -15.6216 -16.2058  0.57983  -0.175829  -0.376242 -0.0823254    0.0013548 -0.000407275 -0.000526288    0.0161215    0.0345707 -0.000394828 0.723897        0        0 23997
             65.7999 -0.938955   -4.6569  -62.9007  -15.632 -16.2244 0.580085  -0.250086  -0.556215 -0.0732759   0.00131585 -0.000362854 -0.000506918    0.0146813    0.0361318 -0.000350885 0.722034        0        0 0
             65.8998 -1.35844 -5.29206 -63.7775 -15.6515 -16.2699 0.572403  -0.175025   -0.46449 -0.0901781   0.00136257 -0.000404696 -0.000517399    0.0156643    0.0355421 -0.000466714 0.722054        0        0 23963
             65.8998 -1.20206 -5.50423 -63.8154 -15.6575 -16.2832 0.574204  -0.215939  -0.592691 -0.0714231   0.00130722 -0.000351726 -0.000503708    0.0145524    0.0365179 -0.000569007 0.723125        0        0 0
             66.0004 -1.12885 -6.31317 -64.7079  -15.671  -16.327 0.560186 -0.133392 -0.421582 -0.132194   0.00136375 -0.000392729 -0.000516005    0.0158795    0.0354881 -0.000159802 0.723104        0        0 24038
             66.0004 -1.00452 -6.45409 -64.7352 -15.6738 -16.3335 0.565386  -0.153004  -0.487381 -0.0915919   0.00132267 -0.000356639  -0.00050708    0.0152585    0.0359691 -0.000544647 0.717149        0        0 0
             66.1003 -0.752072  -5.71648  -65.4054 -15.6821 -16.3746 0.559935 -0.091793  -0.43033 -0.034062    0.0013521 -0.000430912 -0.000518014    0.0160176    0.0351751 -0.000658969 0.717132        0        0 23997
             66.1003 -0.683213  -5.79817  -65.4184 -15.6929 -16.3866 0.563612   -0.174288    -0.54793 -0.00192906   0.00131088 -0.000420907 -0.000512212    0.0151601     0.036485 -0.000891968 0.717057        0        0 0
             66.2001 -0.847625   -5.2095  -65.4095 -15.7037 -16.4333  0.56199  -0.123463  -0.441099 -0.0209442   0.00136045 -0.000437545 -0.000537551    0.0154636     0.035708 -0.000770293 0.717008        0        0 24002
             66.2001 -0.756521  -5.38742  -65.4291 -15.7076 -16.4422 0.564593 -0.152957 -0.530832 0.0029361   0.00132069 -0.000402373 -0.000529943     0.014666    0.0363481 -0.000937408 0.719029        0        0 0
                66.3 -0.483263  -4.51206  -65.3675 -15.7227 -16.4879 0.561712  -0.178611  -0.463379 -0.0224782   0.00135636 -0.000450607 -0.000534136    0.0154232    0.0360034 -0.000716472 0.719004        0        0 24005
                66.3 -0.371208  -4.71133  -65.4026 -15.7302 -16.5015 0.564289 -0.234071 -0.600543 0.0023636   0.00130313 -0.000414495 -0.000521626    0.0142509    0.0370834 -0.000866177 0.717103        0        0 0
             66.3998 -0.437812  -5.02734  -65.6548 -15.7553 -16.5487 0.556255  -0.311633  -0.481871 -0.0943356   0.00134414 -0.000425191 -0.000525289     0.015632    0.0363694 -0.000411954 0.717017        0        0 23958
             66.3998 -0.376749  -5.21664  -65.6763 -15.7574 -16.5544 0.557442  -0.326708  -0.537568 -0.0831742   0.00132033 -0.000378873 -0.000519414    0.0151144     0.036737 -0.000489334 0.71467       0       0 0
             66.5004 -0.606453  -5.18645  -65.2617 -15.7923 -16.6003 0.545553 -0.378906 -0.469438 -0.128907   0.00136179 -0.000430882 -0.000537317    0.0161689    0.0362476 -0.000365001 0.714672        0        0 24038
             66.5004 -0.471549  -5.37546  -65.2849 -15.7955 -16.6099 0.546643 -0.401059 -0.566589  -0.11679   0.00131289   -0.0003924 -0.000531892     0.015261    0.0368454 -0.000417481 0.714203        0        0 0
             66.6003 -0.623516   -4.8355  -64.2914 -15.8348  -16.661 0.532796 -0.411867 -0.515943 -0.112334    0.001346 -0.00043249 -0.00054899    0.0158302    0.0364885 -0.000240649 0.714202        0        0 23984
             66.6003 -0.511113  -5.01019  -64.3128 -15.8388 -16.6704 0.537517  -0.440261  -0.612586 -0.0735161   0.00130081 -0.000403397 -0.000542493    0.0149439    0.0371499 -0.000579118 0.716378        0        0 0
             66.7002 -0.65419 -4.14728 -63.0605 -15.8845 -16.7309 0.534287 -0.447641 -0.628611 0.0383404   0.00133599 -0.000441624 -0.000553809    0.0154206     0.037121 -0.000402688 0.716357        0        0 24014
             66.7002 -0.547609   -4.2404  -63.0728 -15.8875 -16.7366 0.538733 -0.469307 -0.687869 0.0745157   0.00129454 -0.000430637 -0.000548995    0.0149065     0.037564 -0.000743904 0.717547        0        0 0
                66.8 -0.955952  -3.60421  -61.8989 -15.9275 -16.7978 0.544123 -0.368869 -0.595695 0.0497108   0.00131996 -0.000424511 -0.000558112    0.015531   0.0370297 -0.00047658 0.717508        0        0 24001
                66.8 -0.940029  -3.81958  -61.9334 -15.9389 -16.8169 0.544278 -0.454848 -0.787585 0.0585263   0.00126955 -0.000407657 -0.000539565     0.014079    0.0386477 -0.000450102 0.715348        0        0 0
             66.8999 -0.562703  -2.94027   -62.201 -15.9758 -16.8766 0.544571  -0.363626  -0.580401 -0.0330453   0.00130119 -0.000450733 -0.000529813    0.0154403    0.0376334 -0.000322911 0.715392        0        0 23963
             66.8999 -0.448913  -3.10635  -62.1877 -15.9742 -16.8774 0.546347 -0.350001 -0.590242  -0.01909   0.00127096 -0.000407195 -0.000532579    0.0152656    0.0375432 -0.000462485 0.721566        0        0 0
             67.0001 0.0777351   -2.9895   -62.267 -16.0054   -16.93 0.538933  -0.294442  -0.534317 -0.0994263   0.00131449 -0.000418518 -0.000533551    0.0158555    0.0371725 -0.000263615 0.721524        0        0 24038
             67.0001 0.131279 -3.16793 -62.2815 -16.0123 -16.9393   0.5415  -0.347417  -0.625127 -0.0762558   0.00127802 -0.000381757 -0.000527362    0.0152097     0.038084 -0.000463105 0.717803        0        0 0
                67.1 -0.311822  -3.31902  -62.6246 -16.0381 -16.9931 0.531871 -0.253776 -0.523215  -0.10506   0.00134422  -0.00042106 -0.000525647    0.0157427    0.0371758 -0.000393483 0.717729        0        0 23999
                67.1 -0.207352  -3.52685  -62.6134 -16.0366 -16.9946 0.535195  -0.240739  -0.540583 -0.0782862   0.00131523 -0.000367622 -0.000528862    0.0154909    0.0371218 -0.000668211 0.715185        0        0 0
             67.1998 -0.456887  -4.47602  -62.7803 -16.0584  -17.042 0.527817  -0.197829   -0.45527 -0.0464463   0.00134659 -0.000409308 -0.000529881    0.0158923    0.0369237 -0.000619738 0.715196        0        0 23963
             67.1998 -0.340138  -4.60205  -62.8241  -16.071 -17.0613  0.53104  -0.295941  -0.646608 -0.0134133   0.00126481  -0.00041016 -0.000514121    0.0144627    0.0387171 -0.000888293 0.712016        0        0 0
             67.3004 -0.816358  -2.80154  -63.3076 -16.1007 -17.1148 0.524954  -0.327165  -0.504134 -0.0115637   0.00132999 -0.000465082 -0.000528781    0.0154772    0.0382097 -0.000325834 0.711959        0        0 24038
             67.3004 -0.787133  -2.98182  -63.2889 -16.0986 -17.1132 0.527672 -0.310812 -0.489694  0.008185   0.00132677 -0.000409741 -0.000534152    0.0155119    0.0379895 -0.000543618 0.718148        0        0 0
             67.4003 -0.983494  -3.19285  -63.0564 -16.1301  -17.154 0.528776 -0.333767 -0.378714 0.0300873   0.00132349 -0.000433656 -0.000547132    0.0158782    0.0377211 -0.000383539 0.718168        0        0 24004
             67.4003 -0.808836  -3.34875  -63.0655 -16.1367 -17.1623 0.535112 -0.38962 -0.46546 0.085094   0.00126798 -0.000383535 -0.000542811    0.0152099    0.0386561 -0.000951333 0.716064        0        0 0
             67.5001  0.17948 -4.05509 -62.2088 -16.1729 -17.2042 0.537205 -0.387567 -0.418678 0.0212976   0.00129664 -0.000423294 -0.000555612    0.0156054    0.0381103 -0.000366275 0.716069        0        0 23996
             67.5001 0.243197 -4.21698 -62.2161 -16.1756 -17.2088 0.542438  -0.40895 -0.468156 0.0646992   0.00127984 -0.000372763 -0.000554186    0.0151622    0.0385574 -0.000830104 0.718592        0        0 0
             67.5999 0.661478 -4.97396 -61.0536 -16.2176 -17.2505 0.539821  -0.449923  -0.390653 -0.0169223   0.00131963 -0.000410228  -0.00055507     0.015635    0.0382342 -0.000188124 0.718588        0        0 23981
             67.5999 0.807591 -5.09437 -61.0529  -16.217 -17.2526 0.545616 -0.443588 -0.415847 0.0273306    0.0012795 -0.000380002 -0.000556398    0.0153134    0.0382822 -0.000672396 0.713018        0        0 0
             67.6999 0.729039 -6.00458 -59.2741 -16.2634 -17.2923 0.539225  -0.467673  -0.387681 -0.0545534   0.00131435 -0.000406895 -0.000551556    0.0154432    0.0384019 -3.54494e-05 0.713044        0        0 23981
             67.6999 0.740789 -6.15884 -59.2873 -16.2704 -17.3024 0.543758  -0.519067  -0.489663 -0.0161259   0.00129753 -0.000377021   -0.0005499   0.0147114   0.0393565 -0.00039191 0.713648        0        0 0
             67.8001 -0.202544  -5.39502  -58.1077 -16.3225 -17.3458 0.539632  -0.518327  -0.446168 -0.0174365   0.00132361 -0.000455923 -0.000549824    0.0155263    0.0390356 -0.000134685 0.713619        0        0 24039
             67.8001 -0.0742706   -5.43243   -58.1126 -16.3203 -17.3467  0.54375 -0.499166 -0.459819  0.013916   0.00128586 -0.000445256 -0.000547874    0.0152464    0.0389081 -0.000461034 0.720625        0        0 0
                67.9 -0.133715  -3.97716  -57.0694 -16.3678 -17.3895 0.541023     -0.438  -0.419164 -0.0100325   0.00130789 -0.000449276 -0.000545485   0.0158582   0.0387799 2.76504e-05 0.720638        0        0 24000
                67.9 -0.0419098   -4.17791   -57.0684 -16.3688 -17.3949 0.547731 -0.440616 -0.478453 0.0429514   0.00127829 -0.000393369 -0.000544339    0.0152219    0.0391272 -0.000522901 0.716162        0        0 0
             67.9998 0.284383 -4.41407 -56.5018 -16.4109 -17.4366 0.546577 -0.372734 -0.406683 -0.021325   0.00128904 -0.000414398 -0.000536492    0.0158189    0.0391015 -0.000218292 0.716179        0        0 23961
             67.9998 0.392186 -4.48967 -56.5234 -16.4128  -17.441 0.552814 -0.383586 -0.452247  0.026818  0.00125642  -0.0003922 -0.00052955     0.015398    0.0394577 -0.000740044 0.717405        0        0 0
             68.1004 0.332487 -4.40441  -56.383 -16.4457 -17.4813 0.550593  -0.300795  -0.408394 -0.0136731   0.00130977 -0.000427333 -0.000526225    0.0160189    0.0390679 -0.000382159 0.717353        0        0 24039
             68.1004 0.396932 -4.61757 -56.3973 -16.4472 -17.4875 0.555012 -0.306847 -0.470491 0.0220464   0.00129077  -0.00036407 -0.000522309    0.0154189    0.0394817 -0.000747494 0.71604       0       0 0
             68.2003 -0.229767  -6.24141  -56.5333 -16.4746 -17.5296 0.552016  -0.257336  -0.418812 -0.0295588   0.00132483 -0.000399258 -0.000522026    0.0159756     0.039171 -0.000369641 0.716022        0        0 23998
             68.2003 -0.103203  -6.35053  -56.5597 -16.4769 -17.5346 0.558924 -0.271014 -0.469983 0.0242133   0.00128624 -0.000368064 -0.000514442    0.0155218    0.0395835 -0.000948277 0.714385        0        0 0
             68.3001 -0.00925417    -7.62878    -57.0487 -16.4984 -17.5759 0.551568  -0.201855  -0.401014 -0.0426539   0.00130546 -0.000411629 -0.000507322    0.0158887    0.0391224 -0.000198855 0.714389        0        0 24001
             68.3001 0.0309746  -7.78774  -57.0647 -16.5004 -17.5801 0.556939    -0.214534    -0.443703 -0.000464833   0.00129259 -0.000364709 -0.000502892    0.0155019    0.0394851 -0.000637408 0.707689        0        0 0
                68.4 -0.324693  -8.53752  -57.5399  -16.522 -17.6247 0.550651  -0.227729  -0.451631 -0.0474612   0.00133005 -0.000424155 -0.000501571    0.0157164    0.0394987 -3.81099e-05 0.707682        0        0 24000
                68.4 -0.236605  -8.65102  -57.5613  -16.524 -17.6272 0.556506  -0.241279  -0.478407 -0.0033608   0.00130324 -0.000391012 -0.000495519      0.01547    0.0397731 -0.000510558 0.705126        0        0 0
             68.4998 -0.682559  -8.09477  -58.0118   -16.55 -17.6751 0.548343  -0.275307  -0.484158 -0.0802956   0.00132853 -0.000451284 -0.000505379    0.0157009     0.039757 -3.59605e-05 0.7051      0      0 23962
             68.4998 -0.573458  -8.17451   -57.999 -16.5468 -17.6734 0.554139   -0.24859  -0.474635 -0.0376274   0.00129792 -0.000428033 -0.000509043     0.015563    0.0394412 -0.000504317 0.708392        0        0 0
             68.6005 0.0460772  -7.19567  -57.9394  -16.577  -17.724 0.545361  -0.299287  -0.514389 -0.0756917   0.00131981 -0.000455105 -0.000515174    0.0158808    0.0398195 -0.000129937 0.708391        0        0 24043
             68.6005 0.153903 -7.33397 -57.9316 -16.5783 -17.7278  0.54962  -0.306361  -0.554884 -0.0423801   0.00128519 -0.000417315 -0.000516754    0.0154689    0.0401053 -0.000448747 0.708537        0        0 0
             68.7003 -0.793274  -6.58258  -56.9419 -16.6128 -17.7817 0.542518   -0.36288  -0.539508 -0.0677391    0.0013371  -0.00044922 -0.000536578    0.0159592    0.0401437 -0.000256374 0.708524        0        0 23996
             68.7003 -0.772033  -6.75847  -56.9397 -16.6133 -17.7846 0.548772  -0.364158  -0.573123 -0.0195995    0.0013286 -0.000400953  -0.00053678    0.0155616    0.0403428 -0.000752394 0.708566        0        0 0
             68.8002 -2.07918 -6.40932 -56.1648 -16.6565 -17.8379  0.54019 -0.431586 -0.497609 -0.044999   0.00134859 -0.000436648 -0.000538793   0.0161353   0.0406615 -0.00026319 0.708611        0        0 23997
             68.8002 -1.85203 -6.61226 -56.1736 -16.6552 -17.8412 0.549205 -0.416661 -0.537795 0.0226087  0.00128128 -0.00038227 -0.00053404    0.0155661    0.0407379 -0.000960758 0.709324        0        0 0
                68.9 -1.14259 -7.19134  -55.552 -16.6957 -17.8881  0.54898 -0.407603 -0.483025 0.0332377     0.001296 -0.000413779 -0.000534474    0.0162272    0.0404275 -0.000394862 0.709276        0        0 24000
                68.9 -1.06744 -7.11513 -55.5632 -16.6977 -17.8919 0.550556 -0.419851 -0.520994 0.0463087   0.00127058 -0.000440222 -0.000531524    0.0159365    0.0407601 -0.000500396 0.710908        0        0 0
             68.9999 -2.17359 -5.38156 -54.7304 -16.7363 -17.9444  0.54975 -0.348359 -0.515315 0.0048687   0.00133723 -0.000460271 -0.000544418    0.0160738    0.0406635 -2.29327e-05 0.710892        0        0 23964
             68.9999 -2.16776 -5.67263 -54.7072 -16.7276 -17.9423 0.555393 -0.274291   -0.5055 0.0489455   0.00134387 -0.000378777 -0.000550691   0.0156425   0.0399344 -0.00049222 0.707584        0        0 0
             69.1001 -3.35097 -6.62247 -53.2399 -16.7569 -17.9882 0.553178  -0.238398  -0.429331 -0.0447205   0.00134114 -0.000393387 -0.000559689     0.016324    0.0402507 -0.000124793 0.707618        0        0 24036
             69.1001  -3.1239 -6.66451 -53.2668 -16.7614 -17.9949 0.560298  -0.267303   -0.49436 0.00877506   0.00126595 -0.000389495 -0.000548821     0.015845    0.0409092 -0.000653876 0.713524        0        0 0
                69.2 -2.30371  -5.9775 -52.3651 -16.7847 -18.0407 0.551218 -0.210433 -0.467582 -0.102261   0.00129235 -0.000426592 -0.000543363   0.0163322   0.0407062 -0.00015663 0.71351       0       0 24003
                69.2 -2.19203  -6.1043 -52.3756 -16.7832 -18.0427 0.560079  -0.19352 -0.494692 -0.035244   0.00125899 -0.000394935 -0.000538014   0.0158978   0.0407536 -0.00085471 0.717598        0        0 0
             69.2998 -2.01802 -6.16758 -51.9155 -16.8027 -18.0939 0.545713 -0.172524 -0.528851 -0.144287   0.00131135 -0.000416273 -0.000530643    0.0162938     0.040827 -0.000179387 0.717592        0        0 23961
             69.2998   -1.914 -6.22028 -51.9476 -16.8042 -18.0989 0.552823  -0.179125  -0.580595 -0.0893071    0.0012758 -0.000406944 -0.000520429    0.0158134    0.0412389 -0.000722055 0.712901        0        0 0
             69.4005 -1.68864 -5.32816 -51.9655  -16.821 -18.1542 0.535631 -0.145548 -0.523048 -0.128638   0.00129661 -0.000430966 -0.000518789    0.0162296    0.0411436 -5.35534e-05 0.712884        0        0 24038
             69.4005  -1.6004   -5.432 -51.9526 -16.8181 -18.1533 0.540889  -0.119849   -0.52047 -0.0896882   0.00127439 -0.000402593 -0.000522275     0.016029    0.0409141 -0.000478751 0.712291        0        0 0
             69.5003 -1.93959 -5.89209 -51.6969 -16.8304 -18.1959 0.530938  -0.122078  -0.404378 -0.0439034   0.00133641 -0.000391834 -0.000533334    0.0167216    0.0406941 -0.000148207 0.712317        0        0 23999
             69.5003 -1.82518 -6.09012 -51.7188 -16.8337 -18.2035 0.539962 -0.140565 -0.480541 0.0252544   0.00128926 -0.000347682 -0.000523478    0.0161005      0.04136 -0.000840476 0.717948        0        0 0
             69.6002 -2.52071  -7.3597 -51.7701 -16.8469 -18.2499 0.536788 -0.167982  -0.48796 0.0190492   0.00133644 -0.000375407 -0.000518236    0.0164061    0.0409726 -0.000102511 0.717959        0        0 23983
             69.6002 -2.38747 -7.43924 -51.7852 -16.8488 -18.2538  0.54387 -0.177867 -0.527324 0.0713631   0.00128988  -0.00036151 -0.000513157    0.0160798    0.0413147 -0.000636725 0.708493        0        0 0
             69.7001 -2.35147 -7.57794 -52.0912 -16.8712  -18.306 0.542844   -0.256674   -0.510027 -0.00958985    0.0013074 -0.000407818 -0.000510789    0.0164003    0.0413386 -9.01773e-05 0.708493        0        0 24017
             69.7001 -2.22232 -7.64562 -52.0875 -16.8695 -18.3074 0.546899  -0.23893  -0.52845 0.0223126   0.00127183 -0.000394943 -0.000512043    0.0160898    0.0413109 -0.000400266 0.706988        0        0 0
             69.7999 -1.92815 -7.94926 -52.3807 -16.8999  -18.356 0.543092 -0.343634  -0.48729 -0.050463   0.00130975 -0.000405367 -0.000510396    0.0167061    0.0412708 -0.000141267 0.706998        0        0 24000
             69.7999  -1.8528 -8.12203 -52.3829 -16.9021 -18.3609 0.552611  -0.35437 -0.538854 0.0217561   0.00127988 -0.000363979  -0.00050901    0.0162242    0.0417158 -0.000848416 0.703192        0        0 0
             69.8998 -2.35976  -9.0153 -52.4896 -16.9393 -18.4138 0.543606  -0.396214  -0.521657 -0.0840909    0.0013153 -0.000395986 -0.000512047     0.016454    0.0415465 -0.000165345 0.703198        0        0 23963
             69.8998 -2.29662 -9.10359 -52.4774 -16.9363 -18.4148 0.544998  -0.368313  -0.535378 -0.0723528   0.00129989 -0.000376758 -0.000515918    0.0161373    0.0413939 -0.000253409 0.706773        0        0 0
             70.0004 -3.08809   -9.512 -52.2157 -16.9777 -18.4642  0.53419 -0.415045 -0.480154 -0.100377   0.00132483 -0.000405229 -0.000514801    0.0166656    0.0414715 -7.10743e-05 0.706785        0        0 24037
             70.0004 -3.02683 -9.65893 -52.2293  -16.978 -18.4657  0.54494   -0.41303  -0.501703 -0.0208556   0.00130667 -0.000368987 -0.000509055    0.0163237    0.0416229 -0.000892465 0.70283       0       0 0
             70.1003 -4.00624 -9.01651 -52.6463 -17.0202 -18.5151 0.536012 -0.416208 -0.504039 -0.044929   0.00133568 -0.000423798 -0.000514508    0.0167731    0.0415393 -0.000314075 0.702852        0        0 24004
             70.1003 -3.85794  -9.0365 -52.6574 -17.0205  -18.518 0.540993    -0.41466   -0.535867 -0.00756001   0.00129008 -0.000426882 -0.000510333    0.0164304    0.0417336 -0.000657497 0.702787        0        0 0
             70.2001 -3.88579 -7.76184 -52.7025 -17.0572 -18.5685 0.535923  -0.338905  -0.485015 -0.0296702   0.00131047 -0.000429181 -0.000517935    0.0166207    0.0414553 -0.000247812 0.702792        0        0 24000
             70.2001 -3.78977 -7.93748 -52.7121 -17.0573 -18.5735 0.543834 -0.331772 -0.540346 0.0321571   0.00127514 -0.000397898 -0.000510525    0.0160108     0.041762 -0.000793834 0.7046      0      0 0
             70.2999 -2.91936 -7.60727 -52.8238 -17.0903 -18.6231 0.536208  -0.264061  -0.470014 -0.0561319   0.00130823 -0.000415705 -0.000517382   0.0168234   0.0419199 -2.5431e-05 0.704628        0        0 23995
             70.2999 -2.72229 -7.71004 -52.8405 -17.0902 -18.6253  0.54487  -0.259348  -0.498211 0.00966689   0.00124933 -0.000393921 -0.000509809    0.0164513    0.0420811 -0.000663682 0.704897        0        0 0
             70.3998 -1.98394 -7.84448 -53.0634 -17.1129 -18.6708 0.537563  -0.192468  -0.430659 -0.0827532    0.0012989 -0.000405527   -0.0005117    0.0169771    0.0420311 -0.000188747 0.704876        0        0 23964
             70.3998 -1.90212 -7.99648 -53.0806 -17.1144 -18.6755 0.546162  -0.197994  -0.480126 -0.0166474   0.00126519 -0.000372217 -0.000502642    0.0164893    0.0424065 -0.000805625 0.703468        0        0 0
             70.5004 -1.69991 -9.07289 -53.3299 -17.1325 -18.7182 0.530773 -0.167151 -0.377498 -0.142153   0.00130938 -0.000394859 -0.000506574   0.0168609   0.0422888 2.42541e-05 0.703491        0        0 24039
             70.5004 -1.53455 -9.16163 -53.3428 -17.1297  -18.717 0.538532  -0.142241  -0.373665 -0.0849132   0.00126307 -0.000368515 -0.000503078    0.0166486    0.0420675 -0.000571421 0.702408        0        0 0
             70.6003 -0.651686  -9.53479  -53.1747 -17.1425 -18.7506 0.522753 -0.108815 -0.309823 -0.106472   0.00129788 -0.000420974 -0.000509313   0.0170087   0.0420935 0.000123616 0.702405        0        0 23986
             70.6003 -0.527835   -9.6099   -53.174 -17.1394   -18.75 0.529593 -0.0809342  -0.312476 -0.0570566   0.00126028 -0.000395635 -0.000509308    0.0167101    0.0418657 -0.000393834 0.701535        0        0 0
             70.7002 0.191004 -9.09693 -51.9436 -17.1509 -18.7787 0.522625  -0.125099   -0.23847 -0.0690533   0.00130149 -0.000435076 -0.000525605    0.0169693    0.0421003 -0.000196226 0.701531        0        0 24014
             70.7002 0.286288  -9.2272 -51.9405 -17.1498  -18.781 0.531053   -0.109882    -0.26801 -0.00699583   0.00127107 -0.000395922 -0.000526928    0.0164541    0.0421593 -0.000847125 0.702381        0        0 0
                70.8 0.850263 -9.68105 -49.6597 -17.1682 -18.8027 0.521394  -0.190251  -0.176858 -0.0833564   0.00130112  -0.00040725 -0.000544238    0.0170788    0.0425293 -0.000278443 0.702371        0        0 23998
                70.8  1.01066 -9.73429 -49.6644 -17.1682 -18.8058 0.524619  -0.185604  -0.210277 -0.0584313   0.00125241 -0.000394802 -0.000543547    0.0166967     0.042703 -0.000508635 0.705507        0        0 0
             70.8999  1.24883 -8.69133 -46.5892 -17.1908 -18.8247 0.515544  -0.229383  -0.162628 -0.0680526   0.00127748 -0.000438107 -0.000551662    0.0171998    0.0429373 -0.000183583 0.705513        0        0 23963
             70.8999  1.27313 -8.80573 -46.5574 -17.1845 -18.8217 0.522747  -0.173939  -0.145995 -0.0159557   0.0012696  -0.0004016 -0.00056225     0.016849    0.0423263 -0.000728997 0.707545        0        0 0
             71.0001 0.262284 -9.05372 -42.4635 -17.2103 -18.8337 0.515272  -0.262094 -0.0644488 -0.0403291   0.00127965 -0.000404301 -0.000572085    0.0173841    0.0428374 -0.000238824 0.707595        0        0 24041
             71.0001 0.319018  -9.1938   -42.45 -17.2069 -18.8332  0.52428  -0.229279 -0.0695143  0.0245682   0.00126204 -0.000360933 -0.000576625    0.0169666    0.0425898 -0.000928082 0.711457        0        0 0
             71.0999 0.00286193    -8.7598   -38.2667  -17.229  -18.837 0.521769   -0.190994 -0.00881194  0.00550786   0.00129056 -0.000392177 -0.000580743    0.0172684    0.0426041 -0.000437653 0.711455        0        0 23998
             71.0999 0.243279 -8.84292 -38.3127 -17.2335 -18.8447 0.523174  -0.222138 -0.0735942  0.0179111     0.001221 -0.000372905  -0.00056618    0.0169898    0.0433519 -0.000545327 0.717423        0        0 0
             71.1998 -0.430435  -8.55038  -35.2182 -17.2485 -18.8443 0.522401 -0.115324 0.0233761 -0.023559   0.00131116 -0.000381498  -0.00054982    0.0170447    0.0428894 -0.000424039 0.717434        0        0 23961
             71.1998 -0.221914  -8.63203  -35.2585  -17.251 -18.8505 0.525301  -0.128851 -0.0293676 -0.0018532   0.00125009  -0.00035807 -0.000536967    0.0167411    0.0434329 -0.000629561 0.721377        0        0 0
             71.3004 -1.12917 -7.48702 -32.5964 -17.2583 -18.8443 0.520874  -0.051051  0.0817364 -0.0419649   0.00131096 -0.000388588 -0.000544193    0.0169392    0.0428892 -0.000475487 0.721388        0        0 24038
             71.3004 -0.794796  -7.63976  -32.6482  -17.254 -18.8456 0.517223 -0.0127447  0.0657725 -0.0641399   0.00121262 -0.000341045 -0.000527062    0.0164951     0.042761 -0.000140423 0.725986        0        0 0
             71.4003 -0.603379  -7.15335  -30.1271  -17.249 -18.8259 0.513541   0.072092   0.192738 -0.0331657   0.00128302 -0.000346279 -0.000538782    0.0168568    0.0418087 -0.000317745 0.726005        0        0 23999
             71.4003 -0.357261  -7.30966  -30.1866 -17.2561  -18.838 0.511877  0.0145584  0.0991931 -0.0458149    0.0012065 -0.000304317 -0.000518172    0.0168503    0.0430297 -0.000147637 0.729991        0        0 0
             71.5001 -0.565941  -7.38864  -28.1321 -17.2455 -18.8095 0.513608   0.111091   0.271407 0.00300284   0.00129681 -0.000329436  -0.00052142    0.0169806    0.0415466 -0.000651083 0.730011        0        0 24001
             71.5001 -0.302917  -7.57161  -28.1799 -17.2509 -18.8207 0.510824  0.0678077   0.185006 -0.0164881   0.00120962 -0.000279658 -0.000504374   0.0169422   0.0425986 -0.00040328 0.721392        0        0 0
                71.6 -0.451667  -7.49815  -26.3835 -17.2422  -18.793 0.515693   0.10218  0.265908 0.0327636   0.00125699  -0.00032484 -0.000499916    0.0172987    0.0419768 -0.000919255 0.721394        0        0 23985
                71.6 -0.307837  -7.62472  -26.4093 -17.2457 -18.8025 0.510611   0.0723547      0.1921 -0.00303091   0.00120654 -0.000290642 -0.000490414    0.0172649    0.0428445 -0.000491959 0.718837        0        0 0
             71.6999 -0.731134  -7.35095  -24.8069 -17.2341 -18.7726 0.517565  0.107803  0.272449 0.0515098   0.00124858 -0.000324551 -0.000494197  0.0171561  0.0418433 -0.0010748 0.718829        0        0 23977
             71.6999 -0.59192 -7.55441 -24.8552 -17.2353 -18.7784 0.517199 0.0988739  0.226281 0.0494187   0.00120415   -0.0002657 -0.000478503   0.0170144   0.0423427 -0.00102809 0.719942        0        0 0
             71.8001 -1.22321 -8.09899 -23.6886 -17.2214 -18.7468 0.529339  0.14377 0.280999 0.103296   0.00129678 -0.000315181 -0.000475649   0.0168307   0.0414318 -0.00160131 0.719947        0        0 24038
             71.8001 -0.950068  -8.27551  -23.7405 -17.2291 -18.7625 0.520509 0.0698172  0.162109 0.0387606   0.00120564 -0.000264418  -0.00045863    0.0171526    0.0429561 -0.000880042 0.720209        0        0 0
                71.9 -1.29556 -7.88097 -23.2346 -17.2138 -18.7382 0.532764  0.159956  0.172303 0.0969426   0.00127724 -0.000336679 -0.000465017    0.016729   0.0417666 -0.00155134 0.72021       0       0 23999
                71.9 -1.11281 -8.03215 -23.2802 -17.2223 -18.7524 0.524845 0.0763465  0.065009 0.0377404   0.00120692 -0.000287879  -0.00044733    0.0172268    0.0431967 -0.000920258 0.722239        0        0 0
             71.9998 -1.34146 -7.28166 -22.5978  -17.205 -18.7295 0.533895  0.152352  0.191778 0.0538288   0.00130612 -0.000349357 -0.000474374   0.0165575   0.0414701 -0.00146568 0.722268        0        0 23963
             71.9998 -1.05408 -7.46547 -22.6618 -17.2161  -18.746 0.523259  0.0407193  0.0672733 -0.0266293   0.00119807 -0.000288388 -0.000447854      0.01733    0.0431624 -0.000623705 0.727264        0        0 0
             72.1004 -1.19871 -7.81794 -23.3266 -17.2068  -18.726 0.528841 0.0991531  0.155449 0.0287933   0.00125911 -0.000318263 -0.000437134    0.017084   0.0419117 -0.00137763 0.727264        0        0 24037
             72.1004 -1.10146 -7.97479 -23.3651 -17.2146 -18.7384 0.523693  0.0225657  0.0610209 -0.0105574   0.00121398 -0.000266752 -0.000422362    0.0175612    0.0431765 -0.000964427 0.724427        0        0 0
             72.2003 -1.61492  -6.7851 -24.1139 -17.1973 -18.7195 0.530357  0.165151  0.127504 0.0502207   0.00135938 -0.000367211 -0.000458909   0.0163836   0.0414791 -0.00154754 0.724421        0        0 24004
             72.2003 -1.27174  -6.9539 -24.1615 -17.2063 -18.7364 0.518235   0.0748661 -0.00056668  -0.0391607   0.00123278 -0.000309077 -0.000437741    0.0169316    0.0431067 -0.000572429 0.722771        0        0 0
             72.3001 -1.49036 -6.51003 -25.2638 -17.2012 -18.7308 0.525013 0.0462491 0.0294336 0.0325532   0.00127898 -0.000338977 -0.000449481   0.0171078   0.0426371 -0.00146886 0.722755        0        0 23995
             72.3001 -1.32657 -6.67042 -25.2986 -17.2051 -18.7388  0.52151 0.00804045 -0.0316325 0.00713375   0.00121909 -0.000288334 -0.000435615   0.0172737    0.043399 -0.00118522 0.72373       0       0 0
                72.4 -1.78125 -5.92128 -27.1549 -17.2034 -18.7364 0.522819 -0.00499449  -0.0233163  0.00940232   0.00128577 -0.000338822 -0.000429487   0.0175179   0.0426566 -0.00127689 0.723723        0        0 24003
                72.4   -1.692  -6.0235 -27.1728  -17.204 -18.7415 0.519822 -0.0095521 -0.0639067 -0.0114415   0.00125282 -0.000310267 -0.000422384   0.0174107   0.0430764 -0.00101734 0.724164        0        0 0
             72.4998 -2.31685 -6.02106  -28.783 -17.2056 -18.7383 0.521158 -0.0442704 0.00615963  0.0216988   0.00131982 -0.000331211 -0.000440414   0.0175314   0.0421768 -0.00121616 0.724154        0        0 23961
             72.4998 -2.15423 -6.22144 -28.8028 -17.2068 -18.7457 0.516596 -0.0544228 -0.0533998 -0.0110231   0.00125978 -0.000274907 -0.000431725    0.0173856    0.0427894 -0.000814725 0.720169        0        0 0
             72.6005 -2.12948 -6.31692 -30.7626 -17.2109 -18.7477 0.518883  -0.061283 -0.0678294  0.0160312   0.00132058 -0.000333469 -0.000446881   0.0174525   0.0422334 -0.00105502 0.720163        0        0 24036
             72.6005 -1.90455 -6.42202 -30.8165 -17.2161 -18.7575 0.516966   -0.10614   -0.14317 0.00160603   0.00123682 -0.000299121 -0.000428516    0.0175295    0.0431591 -0.000871191 0.724788        0        0 0
             72.7004 -1.57547 -6.67894 -32.6478 -17.2234 -18.7633 0.520067 -0.103794 -0.105608 0.0299007   0.00133216 -0.000334092 -0.000458931   0.0174915   0.0421177 -0.00111569 0.724777        0        0 24004
             72.7004 -1.37768 -6.79308 -32.7009 -17.2306 -18.7758 0.520134 -0.163983 -0.203679 0.0292774    0.0012476 -0.000296732 -0.000440183   0.0175443   0.0433317 -0.00107452 0.7217      0      0 0
             72.8002 -0.997024  -6.85977  -34.7298 -17.2492 -18.7962 0.523443 -0.190481 -0.223793 0.0339229   0.00128167 -0.000340278 -0.000446246   0.0178372   0.0432649 -0.00111724 0.7217      0      0 23999
             72.8002 -0.964555   -6.9646  -34.7459 -17.2476 -18.7989 0.523101 -0.172891 -0.248539 0.0331597   0.00126949 -0.000316723 -0.000441734  0.0175346  0.0433884 -0.0010689 0.722919        0        0 0
                72.9 -0.921061  -7.08789  -36.7971 -17.2632  -18.819 0.529994  -0.17406 -0.225686 0.0620646   0.00134106 -0.000350623 -0.000459436    0.017645   0.0428636 -0.00131267 0.722941        0        0 23998
                72.9 -0.775702  -7.14589  -36.8262 -17.2647 -18.8248 0.527468 -0.183616 -0.272591 0.0449028   0.00128861 -0.000336379 -0.000449997   0.0174752   0.0433216 -0.00109244 0.721816        0        0 0
             72.9999 -0.837296  -7.02569  -38.5614 -17.2809 -18.8416 0.531613 -0.192744 -0.181807 0.0360615    0.0013651 -0.000357105 -0.000467717   0.0177843   0.0423964 -0.00112412 0.721873        0        0 23963
             72.9999 -0.674533  -7.13052  -38.5938 -17.2841 -18.8484 0.535113 -0.214084 -0.238396  0.061233   0.00130105  -0.00032868 -0.000456095   0.0175693   0.0430314 -0.00137753 0.714172        0        0 0
             73.1001 -0.38614 -7.37142 -40.4814 -17.3033 -18.8625   0.5358 -0.218273 -0.161082 0.0190248   0.00134197  -0.00035324 -0.000465113    0.018021    0.042204 -0.00103125 0.714217        0        0 24041
             73.1001 -0.349438  -7.42727  -40.5038 -17.3091 -18.8723 0.537089 -0.260097 -0.239318 0.0285127   0.00130112 -0.000341157 -0.000456569   0.0178519   0.0431522 -0.00110623 0.713873        0        0 0
                73.2 -0.541156  -7.40176  -42.4295 -17.3353 -18.8915 0.534262  -0.283731  -0.202514 -0.0141088   0.0013635 -0.00036842 -0.00046595    0.0182141    0.0427679 -0.000721547 0.713889        0        0 24000
                73.2 -0.433825  -7.51181  -42.4498 -17.3367 -18.8958  0.53886 -0.289741 -0.240942 0.0193705   0.00132341 -0.000342092 -0.000459358   0.0179552   0.0431131 -0.00105459 0.712024        0        0 0
             73.2998 -0.500569  -7.65313  -44.4293 -17.3688 -18.9235 0.535317  -0.325268  -0.269563 -0.0147441   0.00134699 -0.000371099 -0.000467734    0.0180705    0.0434847 -0.000530397 0.712036        0        0 23959
             73.2998 -0.352518  -7.77254  -44.4332  -17.367  -18.926 0.539906 -0.304209 -0.297459 0.0236217   0.00130336 -0.000345961 -0.000466677    0.0176489    0.0435417 -0.000892707 0.708629        0        0 0
             73.4004 0.181258  -7.9206 -46.6215 -17.4007  -18.955  0.53459  -0.347836  -0.274042 -0.0419231   0.00133216  -0.00037504 -0.000460778    0.0180105    0.0435966 -0.000326027 0.708665        0        0 24036
             73.4004 0.238712 -8.02747 -46.6198  -17.398 -18.9533 0.538527 -0.323908  -0.26378 -0.012615   0.00132345  -0.00034873 -0.000462274    0.017853   0.0433404 -0.00062718 0.704502        0        0 0
             73.5003 0.378858   -8.475 -48.9098 -17.4291 -18.9736 0.535886  -0.311739  -0.196282 -0.0285069   0.00137877 -0.000383625 -0.000457032    0.0181435    0.0429664 -0.000564406 0.704515        0        0 24002
             73.5003 0.445974 -8.60214 -48.9159 -17.4273 -18.9763 0.540618 -0.290521 -0.225786 0.0120149   0.00135653 -0.000348162  -0.00045572    0.0176986    0.0430068 -0.000940487 0.703187        0        0 0
             73.6001 0.236629 -8.67281 -51.1956 -17.4557 -18.9958 0.535927  -0.269254  -0.179666 -0.0483915    0.0014052 -0.000404891 -0.000459073   0.0181297   0.0429691 -0.00054777 0.703204        0        0 23981
             73.6001 0.325512 -8.75558 -51.2115 -17.4559 -18.9969 0.539436  -0.268726  -0.192269 -0.0221468   0.00137916 -0.000376489  -0.00045454     0.017957    0.0430466 -0.000830253 0.702775        0        0 0
                73.7 -0.174611  -8.51898  -53.4131 -17.482 -19.012 0.53433  -0.257056  -0.141382 -0.0489296   0.00142115  -0.00041871 -0.000465745    0.0182822    0.0429378 -0.000678475 0.702767        0        0 24020
                73.7 -0.0739705   -8.62826   -53.4353 -17.4818 -19.0135 0.540826      -0.2517    -0.160797 -0.000309654   0.00139162 -0.000383859 -0.000458885   0.0179727   0.0430096 -0.00121108 0.696707        0        0 0
             73.7999 -0.669624  -8.44836  -55.5065 -17.5088 -19.0296 0.531672  -0.269051  -0.157956 -0.0602536   0.00145269 -0.000425126 -0.000476845    0.0184165    0.0431256 -0.000415313 0.696715        0        0 23961
             73.7999 -0.506529  -8.50873  -55.5555 -17.5141 -19.0363 0.541177 -0.304932 -0.224496 0.0105904   0.00140723 -0.000403327 -0.000461603   0.0179126   0.0438812 -0.00118567 0.695261        0        0 0
             73.9001 -1.12281 -8.06982 -58.0031 -17.5455 -19.0569  0.53149  -0.309878  -0.184324 -0.0714008  0.00147415 -0.00044024 -0.00047568    0.0183268    0.0439221 -0.000287323 0.695234        0        0 24033
             73.9001 -0.982906  -8.14245  -58.0552 -17.5458 -19.0592 0.543455 -0.306762 -0.214274 0.0165846   0.00143353 -0.000415812 -0.000459114   0.0178591   0.0440655 -0.00126272 0.69606       0       0 0
                  74 -2.02512 -8.04339 -61.0798 -17.5734  -19.075 0.530383  -0.264529  -0.131547 -0.0868058   0.00147949 -0.000440263  -0.00047069    0.0184219    0.0437977 -9.80572e-05 0.696033        0        0 24008
                  74 -1.94423 -8.14681 -61.1043  -17.576 -19.0784 0.543058  -0.279928   -0.16952 0.00500876   0.00145626 -0.000406046 -0.000461949   0.0179721   0.0441699 -0.00111589 0.693617        0        0 0
             74.0998 -2.61925 -8.21011 -64.6733 -17.5967 -19.0863 0.531068  -0.195656 -0.0715725 -0.0721501    0.0014947  -0.00045958 -0.000470365   0.0188962   0.0434332 -6.5756e-05 0.6936      0      0 23959
             74.0998 -2.45458 -8.28361 -64.7175 -17.6014 -19.0929 0.541646  -0.228354  -0.140412 0.00646025    0.0014466 -0.000430456 -0.000454999    0.0182312    0.0441265 -0.000880537 0.695211        0        0 0
             74.2005 -2.31966 -8.22785 -68.4182 -17.6209 -19.1032 0.532482  -0.182606 -0.0782172 -0.0622127    0.0014985  -0.00046878 -0.000468217    0.0186777    0.0438796 -2.18714e-05 0.695146        0        0 24038
             74.2005 -2.18535 -8.40215  -68.456  -17.619 -19.1055 0.540522   -0.164552   -0.106793 -0.00133041  0.00145924 -0.00041577 -0.00045464   0.0181682   0.0438258 -0.00067837 0.690381        0        0 0
             74.3003 -1.70536 -9.01292 -72.4404 -17.6382 -19.1095 0.535212   -0.17177 -0.0208066 -0.0395881   0.00150866 -0.000459735 -0.000470137    0.0189348    0.0440649 -0.000307251 0.690405        0        0 23999
             74.3003 -1.54575  -9.1447 -72.4975 -17.6373 -19.1133 0.540221    -0.161777    -0.061534 -0.000586977   0.00146149 -0.000422704  -0.00045204    0.0183842     0.044105 -0.000681665 0.687899        0        0 0
             74.4002 -1.40777 -9.00963 -76.4624 -17.6526  -19.114 0.537456  -0.151138 0.00152529  -0.021153   0.00152685  -0.00048272 -0.000470951    0.0190374    0.0439795 -0.000490114 0.687872        0        0 23998
             74.4002  -1.3359 -9.19686 -76.5262 -17.6525 -19.1202 0.536189  -0.147532 -0.0583008 -0.0267099    0.0015057 -0.000430354 -0.000450571   0.0183664   0.0440956 -0.00030822 0.684853        0        0 0
                74.5 -1.78095 -9.60597 -80.2718  -17.669 -19.1204 0.531566  -0.137884  0.0208189 -0.0529729   0.00157394 -0.000474025 -0.000478926   0.0188547   0.0443251 -0.00024402 0.684862        0        0 24005
                74.5 -1.54671 -9.77806 -80.3509 -17.6652 -19.1266 0.532309  -0.107622 -0.0423805 -0.0435829   0.00150602 -0.000425979 -0.000454013    0.0180454    0.0440836 -0.000221928 0.679562        0        0 0
             74.5998 -1.03181 -9.55396 -83.7661 -17.6793  -19.122 0.531704 -0.104918 0.0542895 -0.027849   0.00155237 -0.000495103 -0.000487191    0.0188778    0.0445278 -0.000676158 0.679601        0        0 23960
             74.5998 -0.863208  -9.75676  -83.8751 -17.6774 -19.1317 0.528835 -0.0893472 -0.0384965  -0.043308   0.00150434 -0.000437824 -0.000452543   0.0178085   0.0444302 -0.00030434 0.679944        0        0 0
             74.7002 -1.48701 -9.41721 -87.0458 -17.6905 -19.1252  0.53539 -0.0722629  0.0578685  0.0296978   0.00157759 -0.000510373 -0.000493662   0.0188838   0.0450976 -0.00131353 0.680025        0        0 24042
             74.7002 -1.38142 -9.64765 -87.1228 -17.6875 -19.1331 0.527255 -0.0497354 -0.0141903  -0.024145   0.00154948 -0.000444369 -0.000468947    0.0181216    0.0448355 -0.000537209 0.680474        0        0 0
                74.8 -1.44952 -9.57811 -89.2555 -17.6987 -19.1233 0.531585  -0.0613025    0.106045 -0.00106184   0.00157655 -0.000497385 -0.000524382  0.0189499  0.0456618 -0.0013296 0.680575        0        0 23997
                74.8 -1.28294 -9.77872 -89.3112 -17.6952 -19.1295 0.525565 -0.0371078  0.0485701 -0.0408109   0.00153108 -0.000445291 -0.000506035    0.0183504    0.0453315 -0.000753883 0.679795        0        0 0
             74.8998 -1.28116 -9.08999  -90.875 -17.7065 -19.1234 0.527806 -0.0640936  0.0515668 -0.0031556   0.00158518 -0.000515141 -0.000536945    0.018409   0.0461763 -0.00131344 0.679777        0        0 23961
             74.8998 -1.12369 -9.28991 -90.9836    -17.7 -19.1312 0.518333 -0.0187623 -0.0182391 -0.0670655   0.00154903 -0.000466377 -0.000504017  0.0177501  0.0455521 -0.0004511 0.677594        0        0 0
             75.0005 -1.52896 -8.13786 -92.5867   -17.71 -19.1264 0.522888 -0.0616526   0.049931  0.0118905   0.00160324 -0.000531681 -0.000538388   0.0180892    0.046427 -0.00142893 0.677667        0        0 24037
             75.0005  -1.3559 -8.37749 -92.6531  -17.705  -19.133 0.511905   -0.027461 -0.00594812  -0.0642184   0.00156057  -0.00046931 -0.000517955    0.0176143    0.0459226 -0.000462444 0.678295        0        0 0
             75.1003 -1.87956 -7.83274 -93.7522 -17.7163 -19.1247 0.521232 -0.0623973  0.0687181  0.0618081   0.00159766 -0.000510947 -0.000559466   0.0181172   0.0468772 -0.00172218 0.678379        0        0 24003
             75.1003 -1.70805 -8.07946 -93.8116 -17.7102 -19.1308 0.509481 -0.0212614  0.0177589 -0.0206076   0.00155667 -0.000446873 -0.000541395    0.0177249    0.0462819 -0.000712043 0.679203        0        0 0
             75.2001 -2.14678 -7.71512 -94.5085 -17.7168 -19.1221  0.52219 -0.0126938  0.0716275  0.0818533   0.00159782 -0.000512631 -0.000571599  0.0182024  0.0470302 -0.0019445 0.679201        0        0 23999
             75.2001  -1.9544 -7.96727  -94.567 -17.7121 -19.1285 0.509199   0.0184764   0.0177314 -0.00944998   0.00154937 -0.000447196 -0.000552649    0.0177751    0.0465228 -0.000833939 0.680555        0        0 0
                75.3 -2.16401 -7.65939 -94.7178 -17.7107 -19.1236 0.522496 0.0429146  0.029745  0.085326   0.00158769 -0.000519547 -0.000579318   0.0179451   0.0468423 -0.00207694 0.68054       0       0 24001
                75.3 -2.03289 -7.86124 -94.7394 -17.7082 -19.1284 0.511363   0.0591934 -0.00951672  0.00652596   0.00155344 -0.000466777 -0.000571258   0.0176358   0.0465283 -0.00111726 0.680622        0        0 0
             75.3998 -2.43531 -7.20422 -94.1255 -17.7071 -19.1259 0.522381 0.0461156 0.0103127 0.0810879   0.00158032 -0.000526572 -0.000598443   0.0177449   0.0471782 -0.00201465 0.680651        0        0 23960
             75.3998  -2.3094 -7.43368 -94.1737 -17.7051 -19.1315 0.510601   0.0574947  -0.0374778 -0.00355597   0.00154934 -0.000471474 -0.000582228    0.0173407    0.0468959 -0.000979793 0.681039        0        0 0
             75.5005 -2.49541  -6.7636 -93.4141 -17.7054 -19.1303 0.518964 0.0370068 0.0108002 0.0721473   0.00157171 -0.000524442 -0.000603279   0.0176162   0.0476243 -0.00165439 0.681031        0        0 24039
             75.5005  -2.2659 -7.01016 -93.4682 -17.7002 -19.1354 0.508195   0.0720591  -0.0317073 -0.00532511   0.00151655  -0.00046305 -0.000586117     0.017304    0.0470777 -0.000738325 0.679208        0        0 0
             75.6003 -1.82317 -7.21494 -92.3365 -17.7003 -19.1321 0.518547 0.0429569 0.0269842 0.0669398   0.00154943 -0.000506994 -0.000606266  0.0176026  0.0479775 -0.0016365 0.679223        0        0 23983
             75.6003 -1.67508 -7.42388  -92.379 -17.6971 -19.1366 0.508992   0.0640589  -0.0113952 -0.00307771   0.00151437 -0.000456049 -0.000593189     0.017297    0.0476202 -0.000813865 0.678092        0        0 0
             75.7002 -2.02099 -7.07471 -91.1157 -17.6931 -19.1341 0.518439 0.0620989 0.0185743 0.0676068   0.00156484 -0.000519847  -0.00060621   0.0175287   0.0479937 -0.00169745 0.678062        0        0 24017
             75.7002 -1.87082 -7.31538 -91.1377 -17.6908 -19.1387 0.506396  0.0770874 -0.0195089 -0.0222394   0.00152659 -0.000458882 -0.000598445    0.0172358    0.0477102 -0.000649281 0.676804        0        0 0
             75.8001  -2.0469 -7.21389 -89.3522 -17.6877 -19.1382 0.512221  0.0540354 0.00414512  0.0300379   0.00155891 -0.000507951 -0.000618191  0.0172083  0.0482262 -0.0013716 0.676766        0        0 23999
             75.8001 -1.82293  -7.3765  -89.361 -17.6852 -19.1413 0.509455   0.070842 -0.0246553  0.0102404   0.00149769 -0.000467188 -0.000614742   0.0169237   0.0479695 -0.00111655 0.678336        0        0 0
             75.8999 -1.51632 -6.90005 -87.3659 -17.6822 -19.1392 0.516691 0.0577258 0.0133198  0.061697    0.0015351 -0.000519279  -0.00062019   0.0173414   0.0484698 -0.00167037 0.678321        0        0 23962
             75.8999 -1.31727 -7.13123 -87.3982 -17.6796 -19.1435 0.509674  0.0751346 -0.0247632  0.0086151   0.00148302 -0.000462532 -0.000609803   0.0169876   0.0481934 -0.00102208 0.678928        0        0 0
             76.0002 -1.06271  -6.8952 -85.5847 -17.6754 -19.1414  0.51463 0.0618291 0.0122032 0.0396423   0.00152704 -0.000501948  -0.00061135 0.0174938 0.0486038 -0.001375 0.678943        0        0 24035
             76.0002 -0.894559  -7.08349  -85.6109 -17.6728 -19.1453 0.509764  0.0805183 -0.0226358  0.0037668   0.00148554 -0.000459474 -0.000604031     0.017157    0.0483472 -0.000931709 0.679814        0        0 0
                76.1 -1.01535 -6.55237 -83.7817 -17.6665 -19.1443  0.51237   0.072762 0.00528015  0.0111628   0.00152591 -0.000504625 -0.000606407  0.0174827  0.0485398 -0.0011921 0.679823        0        0 24005
                76.1 -0.848873  -6.72398  -83.8173 -17.6654 -19.1497 0.510184   0.0795143    -0.04608 -0.00352681   0.00148165 -0.000471572 -0.000596084    0.0169326    0.0484416 -0.000960621 0.681731        0        0 0
             76.1998 -0.989931  -6.31171  -82.5493 -17.6609 -19.1531 0.509093   0.0492824   -0.041446 -0.00787494   0.00152291 -0.000511261 -0.000590397    0.0171317    0.0487383 -0.000893124 0.681735        0        0 23960
             76.1998 -0.822777  -6.46606  -82.6013 -17.6585 -19.1579 0.507254  0.0668112 -0.0880468 -0.0202473   0.00148129 -0.000480363 -0.000575791    0.0166234    0.0485412 -0.000697291 0.680158        0        0 0
             76.3005 -0.831573   -5.5984  -82.0449 -17.6584 -19.1631 0.505512 0.00676551 -0.0499412   -0.01477   0.00151148 -0.000513927 -0.000571654    0.0171171    0.0490227 -0.000699291 0.680194        0        0 24042
             76.3005 -0.662278  -5.74652  -82.1039 -17.6561 -19.1675 0.506902    0.023589  -0.0943417 -0.00235287   0.00146937 -0.000485214 -0.000555337   0.0165943   0.0488501 -0.00078128 0.683356        0        0 0
             76.4003  -1.0809 -5.51185 -82.2674 -17.6628 -19.1663 0.506716  -0.0513716   0.0270763 -0.00306277   0.00152934 -0.000503275 -0.000561709    0.0176002    0.0495203 -0.000817445 0.683421        0        0 23994
             76.4003 -0.920927  -5.70243  -82.3356 -17.6593 -19.1716 0.504042 -0.0255054 -0.0237849 -0.0216813   0.00148496 -0.000451866 -0.000540448    0.0170358    0.0492528 -0.000556316 0.681592        0        0 0
             76.5002 -1.76477 -5.56896 -82.9812 -17.6666 -19.1676 0.504168  -0.0707347    0.030198 -0.00205629   0.00153574 -0.000517146 -0.000552608    0.0179033    0.0495824 -0.000771202 0.681597        0        0 24003
             76.5002 -1.60598 -5.68702 -83.0419 -17.6663 -19.1737 0.505226 -0.0692047 -0.0308173 0.00809583   0.00148874 -0.000474918 -0.000532411   0.0171266   0.0495942 -0.00082045 0.683639        0        0 0
                76.6 -2.00211 -5.32567 -84.2108 -17.6762 -19.1713 0.506437  -0.097093  0.0335855 0.00797552   0.00154561   -0.0005241 -0.000545325    0.0177279    0.0497808 -0.000908909 0.683648        0        0 23982
                76.6 -1.82931 -5.50143 -84.2665 -17.6742 -19.1773 0.504128  -0.0824368  -0.0250837 -0.00784603   0.00149375 -0.000467795 -0.000526048    0.0170186    0.0496132 -0.000649648 0.682715        0        0 0
             76.6999 -1.94782 -5.24785 -85.3841 -17.6848 -19.1749 0.505232 -0.0882066  0.0311494 -0.0034104   0.00153493  -0.00051672 -0.000547347   0.0174239   0.0498823 -0.00089824 0.682737        0        0 23979
             76.6999 -1.80216 -5.42558 -85.4373 -17.6828 -19.1806 0.501386 -0.0741028 -0.0234142 -0.0309018   0.00149537 -0.000470056  -0.00053074    0.0167901    0.0497036 -0.000509549 0.682997        0        0 0
             76.8001 -1.96871 -5.41793 -86.4699 -17.6916  -19.178 0.501887 -0.0646356  0.0184521 0.00747072   0.00154458 -0.000507198 -0.000551661    0.0173328     0.049966 -0.000772667 0.683035        0        0 24040
             76.8001 -1.80864 -5.58524 -86.4967 -17.6899 -19.1817 0.498585 -0.0532844 -0.0169493  -0.016863   0.00149756 -0.000463246 -0.000542175     0.016958    0.0498122 -0.000465177 0.684394        0        0 0
                76.9 -1.55052 -5.01546 -86.7575 -17.6985   -19.18  0.50333 -0.0556975  0.0107913  0.0279632    0.0015414 -0.000532808 -0.000570046   0.0173419   0.0502731 -0.00101433 0.684336        0        0 23996
                76.9 -1.38235 -5.15906 -86.7913 -17.6974 -19.1845 0.499733 -0.0489743 -0.0317309 0.00173074   0.00149093 -0.000488089 -0.000558283    0.0168607    0.0501585 -0.000669225 0.683814        0        0 0
             76.9998 -0.997203  -4.78367  -86.3704 -17.7051 -19.1852 0.502406  -0.0361765 -0.00374086   0.0132968   0.00154228 -0.000528823 -0.000586743     0.017015    0.0506569 -0.000924697 0.68382       0       0 23964
             76.9998 -0.811361  -4.96936  -86.3729 -17.7042  -19.189 0.497055 -0.0317428 -0.0384743 -0.0266865   0.00148311 -0.000466482 -0.000584893   0.0166238   0.0505594 -0.00041408 0.683646        0        0 0
             77.1005 -0.169642  -4.36215  -85.2491  -17.706 -19.1906 0.499419  0.0190477 -0.0153336 0.00538506   0.00153097 -0.000524418 -0.000596618    0.0168505    0.0507208 -0.000945576 0.683607        0        0 24037
             77.1005 -0.00667246    -4.53078    -85.2805 -17.7048 -19.1946 0.496374  0.0262522 -0.0530068 -0.0166823   0.00148187 -0.000471836 -0.000586673    0.0163995    0.0506012 -0.000639472 0.684215        0        0 0
             77.2003 0.220772 -4.11264  -83.686  -17.703  -19.194 0.498194  0.0630695  0.0167792 0.00640518   0.00154076 -0.000515862 -0.000602701   0.0168255    0.050984 -0.00102889 0.684196        0        0 24003
             77.2003 0.365702 -4.29369 -83.6808 -17.7012 -19.1954 0.495041  0.0756454 0.00512634 -0.0176743   0.00149616 -0.000461329 -0.000604447    0.0166946    0.0508158 -0.000730391 0.684269        0        0 0
             77.3001 0.103467 -3.86109 -81.4041 -17.6935 -19.1932 0.497562  0.123454 0.0178836 0.0278244    0.0015425 -0.000509606 -0.000613593   0.0168729   0.0511008 -0.00104839 0.684278        0        0 24000
             77.3001  0.26928 -4.03931 -81.3846 -17.6935 -19.1953 0.495935    0.121976 -0.00223754   0.0158328   0.00149078 -0.000457442  -0.00061955     0.016632    0.0511089 -0.000887422 0.685938        0        0 0
                77.4 0.0571337  -4.07002  -78.6195 -17.6801 -19.1957 0.500009    0.188088 -0.00482903   0.0336164    0.0015292 -0.000499211 -0.000622163    0.016652    0.051415 -0.00111687 0.685935        0        0 23996
                77.4 0.238615 -4.22706 -78.5995 -17.6806 -19.1989 0.500581 0.182583 -0.03735 0.039506   0.00147275 -0.000454263 -0.000628154   0.0162584   0.0514897 -0.00115885 0.690002        0        0 0
             77.4998 0.476648 -3.90284 -76.0143 -17.6638 -19.1997 0.500519   0.199223 -0.0107661 0.00321258   0.00151784 -0.000506612  -0.00061562    0.0167117    0.0518572 -0.000829539 0.69002       0       0 23964
             77.4998 0.629375 -4.02993 -76.0324 -17.6627 -19.2031 0.502448   0.207122 -0.0462554  0.0200054   0.00147216 -0.000469461 -0.000610044    0.0162643    0.0518019 -0.000997798 0.690636        0        0 0
             77.6005 0.193432  -4.0283 -74.1458  -17.645 -19.2027 0.500757    0.197035   0.0253417 -0.00953876   0.00153287 -0.000493623 -0.000600423     0.016859    0.0521108 -0.000683823 0.690648        0        0 24039
             77.6005 0.400751 -4.22144 -74.1526 -17.6433 -19.2058 0.502449    0.209626 -0.00663162   0.0049621   0.00147012 -0.000436543 -0.000598907    0.0164349    0.0520097 -0.000828655 0.690737        0        0 0
             77.7004 0.540566  -4.5676 -72.0058 -17.6208 -19.2007  0.49949   0.242107  0.0554891 -0.0172009   0.00149758 -0.000480653 -0.000601037    0.0170103    0.0519607 -0.000451916 0.690738        0        0 23999
             77.7004 0.691442 -4.66312 -71.9914  -17.624 -19.2036 0.504324  0.216299 0.0243238 0.0213824   0.00144775 -0.000458221 -0.000605449    0.0166834    0.0523154 -0.000889099 0.692318        0        0 0
             77.8002 0.135427  -4.7838 -69.9863 -17.6006 -19.1997 0.498717   0.226322   0.056428 -0.0461645   0.00152159 -0.000477162 -0.000597358    0.0168305    0.0521817 -0.000192892 0.692312        0        0 24001
             77.8002 0.334054 -4.96442  -69.965 -17.5994 -19.2026 0.505356   0.236618  0.0234015 0.00707183   0.00146134 -0.000429187 -0.000604322    0.0163776    0.0521393 -0.000782146 0.689632        0        0 0
             77.9001 0.385969 -4.94339 -67.5069 -17.5788 -19.1962 0.500471   0.192751  0.0762159 -0.0280087   0.00148735 -0.000481774 -0.000605315    0.0167651    0.0522311 -0.000280359 0.689626        0        0 24000
             77.9001 0.566818 -5.03222  -67.484 -17.5803 -19.1992 0.507842  0.181816 0.0426064 0.0296625    0.0014296 -0.000460613  -0.00061223    0.0163738    0.0524431 -0.000925213 0.692408        0        0 0
             77.9999 0.732245 -5.99201  -65.162  -17.567 -19.1934 0.502298   0.105817  0.0637222 -0.0323162    0.0014775 -0.000465596 -0.000594268    0.0167167    0.0526171 -9.48579e-05 0.692436        0        0 23961
             77.9999 0.882161 -6.12667 -65.1582 -17.5639 -19.1954 0.510776  0.133713 0.0376691 0.0340935   0.00143516 -0.000429349 -0.000597026    0.0162554     0.052399 -0.000831628 0.692454        0        0 0
             78.1001 0.406176 -6.01591 -63.1172 -17.5579 -19.1905 0.502449  0.0326499  0.0429497 -0.0516391    0.0014955 -0.000471936 -0.000583086   0.0168647   0.0526874 0.000153016 0.692375        0        0 24041
             78.1001 0.567002  -6.1222  -63.121  -17.559  -19.196 0.510784  0.0272885 -0.0167874  0.0143668   0.00144578 -0.000447643  -0.00058305    0.016172   0.0529862 -0.00056138 0.694446        0        0 0
                78.2 -0.179949  -6.49338  -61.7588 -17.5629 -19.1923  0.50245 -0.0560958  0.0568593 -0.0596106   0.00149479 -0.000452194 -0.000569288   0.0171542   0.0530936 0.000291508 0.694404        0        0 23996
                78.2 0.0296104  -6.56384  -61.7285 -17.5592 -19.1886  0.51329 -0.0261958  0.0858323  0.0208568    0.0014362 -0.000427545  -0.00057935    0.0172139    0.0526092 -0.000672822 0.693027        0        0 0
             78.2998 -0.560735  -6.70323  -59.7823 -17.5618 -19.1784 0.503564 -0.0244014   0.115282 -0.0638936   0.00150258 -0.000445537 -0.000579516   0.0174581   0.0525628 0.000448613 0.692977        0        0 23963
             78.2998 -0.350019  -6.84066   -59.771 -17.5637 -19.1852 0.516828 -0.0343733  0.0406249  0.0409279   0.00143105 -0.000424297 -0.000582455    0.0166047    0.0530255 -0.000700073 0.695629        0        0 0
             78.4004 -1.41704 -6.89291 -57.9562 -17.5674 -19.1803 0.505568 -0.0328738  0.0625961 -0.0847623   0.00149867  -0.00045518 -0.000576211   0.0169338   0.0530907 0.000558303 0.695571        0        0 24038
             78.4004 -1.20525 -6.97442 -57.9591 -17.5627  -19.179 0.516382  0.00656852   0.0671076 -0.00282925   0.00144519 -0.000434329 -0.000575526    0.0166567    0.0526611 -0.000369826 0.695067        0        0 0
             78.5003 -2.43209 -6.94145 -55.9428 -17.5654 -19.1694 0.506719 -0.0244149   0.112855 -0.0836601   0.00150041 -0.000441243 -0.000580572   0.0171633    0.052807 0.000325364 0.695036        0        0 23999
             78.5003 -2.15179 -7.04765 -55.9528 -17.5629 -19.1712 0.518479 0.00114732  0.0869632 0.00611998   0.00142069 -0.000419017 -0.000576762   0.0166457   0.0527041 -0.00064851 0.694907        0        0 0
             78.6001 -1.82315 -6.81929  -53.408 -17.5645 -19.1588 0.511021  0.0149188   0.136068 -0.0462706   0.00144066 -0.000437723 -0.000585241   0.0173414   0.0528365 9.41269e-05 0.694867        0        0 23985
             78.6001 -1.59579 -6.90341 -53.4099 -17.5637 -19.1612 0.519748 0.0256193  0.106477 0.0231611   0.00137224 -0.000420919 -0.000583656    0.0168992    0.0529225 -0.000646739 0.700635        0        0 0
             78.7001 -1.02802 -6.06023 -50.6187 -17.5658 -19.1463 0.514892 0.00166072   0.191255 -0.0528738   0.00143595 -0.000443603 -0.000586749     0.017674      0.05327 -0.000179321 0.700593        0        0 24015
             78.7001 -0.823063  -6.17842  -50.6203 -17.5676 -19.1529 0.523993 -0.00529093     0.12211   0.0171255   0.00136654 -0.000421827  -0.00058411    0.0169843    0.0537935 -0.000885781 0.707647        0        0 0
             78.7999 -0.68198 -6.27833 -47.9551 -17.5693 -19.1383  0.51327  0.0139556   0.189876 -0.0777637   0.00141681 -0.000418156 -0.000580346    0.017334   0.0541199 0.000129241 0.707598        0        0 23963
             78.7999 -0.51318 -6.38864 -47.9594 -17.5662 -19.1399 0.521784 0.0457808  0.165938 -0.013215   0.00136784 -0.000397719 -0.000578558    0.0167964    0.0540125 -0.000578939 0.709034        0        0 0
             78.9001 -0.905183  -6.97545  -46.1734 -17.5609  -19.119 0.514385  0.0795029   0.228204 -0.0455627   0.00144529 -0.000394747 -0.000563371 0.0174737 0.0539416 4.623e-05 0.708985        0        0 24040
             78.9001  -0.7234 -7.09317 -46.1889 -17.5596  -19.121 0.523119 0.0957403  0.202554 0.0208139   0.00139075 -0.000373265 -0.000557955    0.0170552    0.0539915 -0.000678173 0.709929        0        0 0
                  79 -1.83476 -6.74705 -45.2847 -17.5502 -19.1013 0.512866   0.123509   0.241485 -0.0778439   0.00141579 -0.000414606  -0.00054226   0.0172041    0.054364 0.000227649 0.709907        0        0 23998
                  79 -1.71474  -6.7996 -45.2718 -17.5382 -19.0907 0.519718  0.221217  0.325189 -0.028364     0.001418 -0.000397643 -0.000549601   0.0170688   0.0529574 -0.00034031 0.712803        0        0 0
             79.0998 -2.12943 -7.13586 -43.6515 -17.5199 -19.0597 0.510669   0.221838   0.361253 -0.0731657   0.00143365 -0.000403039 -0.000558524   0.0172509    0.053687 0.000239105 0.712774        0        0 23962
             79.0998 -1.92482 -7.32388 -43.6572 -17.5178 -19.0625 0.518892   0.247185   0.326918 -0.0102885   0.00137134 -0.000359662 -0.000553885    0.0166942    0.0537534 -0.000400917 0.711216        0        0 0
             79.2005  -2.3497 -7.52712 -42.6105 -17.4932 -19.0244 0.512233   0.280982   0.406237 -0.0589225   0.00142276 -0.000387166  -0.00055019    0.0173963    0.0538055 -4.38156e-05 0.711188        0        0 24039
             79.2005 -2.21937 -7.60002 -42.6207 -17.4943 -19.0278 0.518955     0.27706    0.372592 -0.00856231   0.00137798 -0.000372572 -0.000545343    0.0170973    0.0541087 -0.000566316 0.718336        0        0 0
             79.3003 -2.59256 -7.20869 -41.2908 -17.4669 -18.9867 0.515113   0.299284   0.449396 -0.0326594   0.00140645 -0.000408161 -0.000558202    0.0175478    0.0542178 -0.000287032 0.718338        0        0 24001
             79.3003 -2.44871 -7.33361 -41.2822 -17.4599 -18.9828 0.518717    0.360345    0.474605 -0.00497421   0.00137347 -0.000373503  -0.00056094    0.0171957    0.0535688 -0.000580716 0.717177        0        0 0
             79.4001 -2.15914 -7.16731 -39.2422 -17.4223 -18.9263 0.516349   0.383879   0.593448 -0.0347808   0.00140888 -0.000401948 -0.000573773    0.0176509    0.0532031 -0.000552584 0.717196        0        0 23998
             79.4001 -1.97272 -7.29448 -39.2544 -17.4235 -18.9308 0.520533    0.380069    0.552135 -0.00335868   0.00135038 -0.000361635 -0.000568239    0.0173066    0.0535874 -0.000859752 0.721641        0        0 0
                79.5 -2.01484 -7.00389 -36.9137 -17.3761 -18.8659 0.516017   0.476924   0.630913 -0.0450767   0.00141575 -0.000387319 -0.000575942    0.0173618    0.0524303 -0.000620258 0.72167       0       0 24001
                79.5 -1.80072 -7.06876 -36.9385 -17.3808 -18.8735 0.517763   0.440978   0.564366 -0.0301061   0.00135523 -0.000372815 -0.000568438    0.0171722    0.0532893 -0.000739035 0.723502        0        0 0
             79.5998  -2.2954 -6.54479 -33.5843 -17.3335 -18.8135 0.512894   0.476617   0.575784 -0.0346899   0.00146264 -0.000382692 -0.000590242     0.017318    0.0528043 -0.000581704 0.723496        0        0 23961
             79.5998 -1.95741 -6.69537 -33.6065 -17.3347 -18.8189 0.508466   0.467925   0.530332 -0.0657947   0.00135859 -0.000350325 -0.000581023    0.0171379    0.0532208 -0.000183649 0.726109        0        0 0
             79.7001 -1.64628 -6.19542 -29.3039 -17.2918 -18.7694 0.499366   0.449207    0.48801 -0.0781538   0.00133923 -0.000355113 -0.000588135   0.0175333   0.0535986 5.76396e-05 0.726087        0        0 24040
             79.7001 -1.56363 -6.37654 -29.3052 -17.2905 -18.7735 0.498089   0.464577   0.451363 -0.0852889   0.00130925 -0.000317117 -0.000585825   0.0171812   0.0538313 0.000187293 0.727308        0        0 0
                79.8  -2.1727 -5.64845 -25.0208 -17.2413  -18.721 0.501307   0.489644   0.479751 -0.0138849   0.00141899 -0.000348476 -0.000585186   0.0173807   0.0530644 -0.00082155 0.72733       0       0 23998
                79.8 -1.92065 -5.80763  -25.055 -17.2449 -18.7283 0.500708   0.460306   0.420705 -0.0184447   0.00132629 -0.000311938 -0.000569981    0.0173463    0.0537398 -0.000747644 0.725581        0        0 0
             79.8998 -2.80453 -5.76498  -21.392 -17.2016 -18.6831  0.50506  0.415506  0.405619 0.0357151   0.00141251 -0.000325263 -0.000560128   0.0176595   0.0532293 -0.00129202 0.725565        0        0 23962
             79.8998 -2.50225 -6.00402 -21.4239 -17.2045 -18.6892 0.495841   0.383082   0.356451 -0.0342095   0.00130134 -0.000257874 -0.000544703    0.0178276    0.0537883 -0.000521059 0.723092        0        0 0
             80.0005 -2.68817 -7.03748 -18.0692 -17.1622 -18.6486  0.50247  0.395742  0.373965 0.0540534   0.00135949 -0.000288541  -0.00054563   0.0172451   0.0530619 -0.00125048 0.723049        0        0 24038
             80.0005 -2.42903  -7.2735 -18.1105 -17.1686 -18.6593 0.494465     0.33063    0.293338 -0.00543383   0.00127267 -0.000226239 -0.000530907    0.0177102    0.0541243 -0.000556579 0.72659       0       0 0
             80.1003 -2.27556 -8.64079 -15.6912 -17.1364 -18.6252 0.503287   0.31343  0.304232 0.0557173   0.00129974 -0.000297798 -0.000499717   0.0176624    0.053546 -0.00136841 0.726582        0        0 24005
             80.1003  -2.1177 -8.71132 -15.7239 -17.1419  -18.634 0.497336  0.256154  0.235025 0.0107374   0.00124912 -0.000278804 -0.000490462     0.018146    0.0544699 -0.000848516 0.726557        0        0 0
             80.2001 -1.29902  -9.1302 -15.1938 -17.1198 -18.6098 0.501989  0.169363  0.219685 0.0302618   0.00125772 -0.000321324 -0.000452558   0.0179254     0.05427 -0.00122029 0.726563        0        0 23996
             80.2001 -1.31469 -9.31184 -15.2045 -17.1139 -18.6108 0.500836   0.22939  0.210855 0.0262855   0.00126396 -0.000267188  -0.00044858   0.0172004   0.0542185 -0.00106033 0.736454        0        0 0
                80.3 -1.66436  -9.2752 -16.3807 -17.0934 -18.5882 0.505384  0.199756   0.18774 0.0662885   0.00129639 -0.000319854 -0.000414815   0.0173354   0.0538028 -0.00118095 0.736467        0        0 23999
                80.3 -1.67009 -9.30076 -16.4167 -17.0918 -18.5886  0.51119  0.22011 0.182601  0.10968   0.00130004 -0.000312896 -0.000403962 0.0170055 0.0538337 -0.001652 0.726499        0        0 0
             80.3998 -2.70253 -8.77422 -19.5956 -17.0693 -18.5636 0.516919  0.176995  0.216382 0.0893028   0.00137732 -0.000356407 -0.000388647   0.0170312   0.0528281 -0.00102416 0.72651       0       0 23962
             80.3998 -2.52348  -8.8847 -19.6491 -17.0805 -18.5794 0.512674 0.0539401 0.0851537 0.0495957   0.00132672 -0.000315376 -0.000370708    0.0181786    0.0546451 -0.000684492 0.726104        0        0 0
             80.5004  -2.8105  -9.4157 -24.5037 -17.0743  -18.559 0.520961 0.0207472  0.150027 0.0882674   0.00142493  -0.00035224 -0.000362843    0.0178292    0.0532526 -0.000862729 0.726111        0        0 24038
             80.5004 -2.56347 -9.49939 -24.5266  -17.073 -18.5624 0.516062 0.0303147  0.122822 0.0544234   0.00134793  -0.00032224 -0.000354753     0.017692    0.0534962 -0.000415102 0.715667        0        0 0
             80.6003 -2.71173 -8.92573 -29.7115 -17.0642 -18.5414 0.525165 0.0660775  0.177539 0.0845082    0.0014345 -0.000396154 -0.000380842     0.017054    0.0522274 -0.000701527 0.715681        0        0 23987
             80.6003 -2.48295 -9.10283 -29.7732 -17.0637 -18.5466 0.523212 0.0714506  0.134153 0.0714169   0.00136397 -0.000340392 -0.000359685    0.0168298    0.0526563 -0.000483077 0.718649        0        0 0
             80.7002 -2.50274  -9.3768 -34.1298 -17.0595 -18.5263 0.532741 0.0130278  0.177215 0.0420438   0.00147793 -0.000386685 -0.000412166    0.0170568    0.0521181 -0.000998369 0.718644        0        0 24011
             80.7002 -2.19534 -9.47309 -34.2177  -17.071 -18.5409 0.527277  -0.0935767    0.072303 -0.00149033   0.00137464  -0.00033817 -0.000381653    0.0177152    0.0537399 -0.000508201 0.723064        0        0 0
                80.8  -2.5015 -8.68137 -38.1306 -17.0782 -18.5256 0.532318 -0.110444   0.10337 0.0126936    0.0014897 -0.000410801 -0.000435319    0.017658   0.0527309 -0.00119174 0.723081        0        0 23999
                80.8 -2.27439  -8.7772 -38.1952  -17.086  -18.538 0.532876  -0.173076 0.00820147  0.0152888   0.00141199 -0.000372506 -0.000412172   0.0176979   0.0540372 -0.00117538 0.718834        0        0 0
             80.8999 -2.74258 -8.43464 -41.5873 -17.0989 -18.5258 0.535514 -0.165854  0.083892  0.029782   0.00149758 -0.000406755 -0.000457479   0.0179113   0.0528031 -0.00132455 0.718828        0        0 23965
             80.8999 -2.49619 -8.52635 -41.6306 -17.1074 -18.5376 0.536382  -0.231255 -0.0067392  0.0349791   0.00141409 -0.000371114 -0.000440713    0.017895   0.0540791 -0.00133424 0.716036        0        0 0
             81.0001 -2.62145 -8.61476 -44.6319  -17.126 -18.5323 0.536783 -0.205416 0.0253193 0.0283383   0.00148836 -0.000412363 -0.000467795   0.0180457   0.0532688 -0.00105061 0.716044        0        0 24040
             81.0001 -2.45291 -8.69916   -44.65 -17.1301 -18.5382 0.543823  -0.232181 -0.0247656  0.0772465   0.00143318 -0.000384132 -0.000460411   0.0178155   0.0539175 -0.00157797 0.716082        0        0 0
             81.0999  -2.6182 -9.00857 -47.1892 -17.1425 -18.5318 0.539938   -0.15169  0.0473272 0.00205104   0.00147449 -0.000424068 -0.000474927    0.0179221    0.0526021 -0.000629038 0.715992        0        0 23999
             81.0999 -2.54837  -9.1248  -47.186 -17.1445 -18.5388  0.54399  -0.159029 -0.0163061  0.0331233   0.00144668 -0.000391535 -0.000473839    0.0174126    0.0531939 -0.000897847 0.711316        0        0 0
             81.1998 -2.62968 -9.57763 -48.9694 -17.1604 -18.5384 0.540897    -0.161156 -0.000329726   -0.0191408   0.00149059 -0.000428034 -0.000487793    0.0178075    0.0530205 -0.000418025 0.711292        0        0 23961
             81.1998 -2.50521 -9.69216 -48.9829  -17.162 -18.5426 0.546699  -0.168304 -0.0419537  0.0241684   0.00144816 -0.000396789 -0.000481857   0.0174309   0.0534138 -0.00085649 0.705406        0        0 0
             81.3004 -2.68842 -9.77492 -50.0123 -17.1817 -18.5453 0.540805  -0.184491  -0.021953 -0.0404292   0.00149218 -0.000433106 -0.000505001     0.018107    0.0535314 -0.000260217 0.705404        0        0 24040
             81.3004 -2.54672 -9.88753 -50.0123 -17.1801 -18.5446 0.545525   -0.169524  -0.0212958 -0.00660005   0.00145228 -0.000401091 -0.000504044   0.0179242   0.0534022 -0.00063896 0.705682        0        0 0
             81.4003 -2.75539 -9.39052 -50.3537 -17.2001 -18.5504 0.539488  -0.183128 -0.0487499 -0.0522222   0.00148303 -0.000443344 -0.000516462    0.0181046     0.053811 -0.000259694 0.705684        0        0 24000
             81.4003 -2.59665 -9.46915 -50.3594    -17.2 -18.5503 0.547774  -0.180433 -0.0537982  0.0071933   0.00143604 -0.000420504 -0.000513565    0.0179138    0.0538425 -0.000929019 0.708675        0        0 0
             81.5001 -2.45812 -9.32722 -50.1294 -17.2192 -18.5564 0.540549  -0.166969 -0.0354274 -0.0530329   0.00148803 -0.000441041  -0.00053217    0.0180667    0.0541366 -0.000293165 0.708683        0        0 24000
             81.5001 -2.25383 -9.45837 -50.1358 -17.2166 -18.5565 0.549435  -0.141467 -0.0462272  0.0121532   0.00142961 -0.000406147  -0.00052941    0.0176495    0.0540072 -0.000997686 0.708643        0        0 0
             81.5999  -2.1649 -9.47117 -49.5227 -17.2309 -18.5614 0.542144  -0.102451 -0.0320931 -0.0463002    0.0014529  -0.00044271 -0.000532778    0.0180176    0.0542429 -0.000315285 0.708647        0        0 23981
             81.5999 -2.12525 -9.57717 -49.5189 -17.2272   -18.56 0.544836 -0.0711618   -0.02463 -0.0265486   0.00144587    -0.000413 -0.000533857    0.0178123    0.0539207 -0.000528741 0.708444        0        0 0
             81.6999 -2.43912 -9.11938 -48.0402 -17.2336 -18.5599 0.538418 -0.0126695  0.0411656 -0.0574048   0.00149477 -0.000441892 -0.000555829    0.0182311    0.0541737 -0.000223452 0.708436        0        0 23979
             81.6999 -2.21779 -9.24503 -48.0348 -17.2289 -18.5588 0.546601  0.0301242  0.0398423 0.00248967   0.00143291 -0.000411976 -0.000556879    0.0177622    0.0538105 -0.000887975 0.711596        0        0 0
             81.8001 -1.40314 -8.72521 -45.3263 -17.2255 -18.5463 0.540378  0.0750664   0.173741 -0.0643664   0.00145806 -0.000425308 -0.000578023    0.0185637    0.0538292 -0.000528825 0.711603        0        0 24037
             81.8001 -1.18873 -8.84393 -45.3323 -17.2236 -18.5477 0.545615   0.094828   0.153665 -0.0248557   0.00139496 -0.000401848  -0.00057416    0.0181662    0.0538101 -0.000932884 0.717578        0        0 0
             81.8999 -0.536998  -8.56966  -42.2989 -17.2104 -18.5237 0.536138   0.156267   0.263786 -0.0785712    0.0014612 -0.000401444 -0.000584393     0.018825    0.0534169 -0.000445834 0.717579        0        0 23999
             81.8999 -0.384507  -8.66393  -42.3295 -17.2204 -18.5367 0.540996 0.0856963  0.151736 -0.040983   0.00138211 -0.000387454 -0.000567784    0.0183973    0.0548576 -0.000764524 0.719313        0        0 0
             81.9998 -0.634645  -8.34406  -39.8867 -17.2071  -18.517  0.53311   0.153377   0.227596 -0.0604203    0.0014468 -0.000406219 -0.000565161     0.018467    0.0546372 -0.000419607 0.719312        0        0 23964
             81.9998 -0.495367  -8.47038  -39.8942 -17.2053 -18.5196 0.535491   0.173953    0.20009 -0.0412666   0.00140478 -0.000377743 -0.000561904    0.0180513    0.0547026 -0.000575403 0.719364        0        0 0
             82.1004 -1.24165 -8.32344 -37.6437 -17.1834 -18.4916 0.527706  0.241502  0.312389 -0.068113   0.00147353 -0.000393115 -0.000563202     0.018342    0.0543338 -0.000290787 0.719381        0        0 24039
             82.1004 -1.02619 -8.44501 -37.6707 -17.1803 -18.4915 0.532083   0.271208   0.307082 -0.0357173   0.00141515 -0.000364912 -0.000554712    0.0179867    0.0541562 -0.000613918 0.724161        0        0 0
             82.2003 -1.28856 -8.46008 -35.2821  -17.149 -18.4508 0.525073   0.344061     0.4481 -0.0591729   0.00143052 -0.000381343 -0.000562427    0.0183793     0.053767 -0.000371491 0.724177        0        0 24000
             82.2003 -1.17169 -8.60254 -35.3099 -17.1521 -18.4575 0.527524  0.324767  0.391248 -0.041018   0.00138349 -0.000340216  -0.00054986     0.018126    0.0543939 -0.000530221 0.724881        0        0 0
             82.3001 -1.64367 -8.46774 -33.7086 -17.1197 -18.4143 0.522724   0.354971   0.456842 -0.0471402   0.00140889 -0.000381164 -0.000533547   0.0186394   0.0544722 -0.00051692 0.724877        0        0 24000
             82.3001 -1.61515 -8.59037 -33.7274 -17.1173 -18.4181 0.522082 0.382163 0.421122 -0.04874   0.00140164 -0.000346214 -0.000527251   0.0181165   0.0546382 -0.00041619 0.727292        0        0 0
             82.3999  -2.1237  -8.0243 -32.4334 -17.0715 -18.3574 0.525143  0.453013  0.607589 0.0188931   0.00149451 -0.000380146 -0.000546568   0.0183483   0.0531319 -0.00108986 0.727341        0        0 24000
             82.3999 -1.78923 -8.21823 -32.4933 -17.0734 -18.3651 0.522105    0.438897    0.543319 -0.00146359   0.00138957 -0.000334025 -0.000524996   0.0181221   0.0537902 -0.00079149 0.728251        0        0 0
             82.4998 -1.68864 -8.11754 -31.4624 -17.0277 -18.2987 0.526867  0.445046  0.651796 0.0331379   0.00149182 -0.000367252 -0.000527428   0.0184423   0.0529722 -0.00122499 0.728248        0        0 23961
             82.4998 -1.41883 -8.34319 -31.5232 -17.0356 -18.3131 0.525429  0.382443  0.539779 0.0234987   0.00138046 -0.000308146 -0.000502721  0.0183944   0.054342 -0.0010582 0.722467        0        0 0
             82.6004 -1.57292 -8.41992 -30.7286 -16.9978 -18.2545 0.526952  0.369284  0.551578 0.0196272   0.00143183 -0.000348605 -0.000505782   0.0187859   0.0539068 -0.00101032 0.722461        0        0 24021
             82.6004  -1.4544 -8.56129 -30.7333 -16.9965 -18.2609 0.521964  0.384194  0.498713 -0.013034   0.00138698 -0.000321856 -0.000502679    0.0184048    0.0543019 -0.000570575 0.722845        0        0 0
             82.7003 -1.87658 -8.77826 -29.4078 -16.9557 -18.2067 0.528005  0.418982  0.484027 0.0316002    0.0014858 -0.000352643  -0.00051901   0.0184875    0.053679 -0.00120382 0.722834        0        0 24016
             82.7003 -1.59453 -8.93857 -29.4458 -16.9556 -18.2117 0.524368   0.420706   0.441436 0.00661457   0.00139551   -0.0003168 -0.000506251    0.0182816    0.0540397 -0.000882741 0.718103        0        0 0
             82.8002  -2.0907 -7.84828  -28.083 -16.9074  -18.166 0.529263   0.50514  0.398203 0.0257701   0.00149364 -0.000387578 -0.000533627    0.018139   0.0533866 -0.00130397 0.718102        0        0 24003
             82.8002 -1.83877 -8.01413 -28.1504 -16.9144 -18.1789 0.522702   0.443162     0.2994 -0.0206112   0.00138803 -0.000339978 -0.000502879    0.0182997    0.0546057 -0.000774421 0.722552        0        0 0
                82.9 -2.64131 -7.80347 -26.7223 -16.8693 -18.1441 0.526596  0.468031  0.305515 0.0112973   0.00143593 -0.000370892 -0.000511951 0.0186928 0.0540638 -0.001365 0.722546        0        0 24000
                82.9 -2.51838  -7.9781 -26.7274 -16.8701 -18.1494  0.52221   0.460836   0.265239 -0.0185598    0.0013945 -0.000318571 -0.000507313    0.0185967    0.0544952 -0.000982365 0.723995        0        0 0
             82.9998  -3.5138 -7.89168 -25.4469 -16.8208  -18.119 0.527619  0.504302  0.266993 0.0441972   0.00145581  -0.00037108 -0.000514565   0.0186509   0.0539031 -0.00163885 0.724007        0        0 23960
             82.9998 -3.24094 -8.09509 -25.4937 -16.8197 -18.1222 0.521954   0.512247    0.24049 0.00509388   0.00137225 -0.000309309 -0.000496616   0.0184823   0.0541018 -0.00112867 0.722201        0        0 0
             83.1005 -2.99126 -8.91161 -23.8123 -16.7715  -18.096 0.531604   0.46973  0.260101 0.0771889   0.00142762 -0.000358172 -0.000509324   0.0187121   0.0540272 -0.00182912 0.722205        0        0 24041
             83.1005 -2.73092 -9.13689 -23.8565 -16.7705 -18.0999 0.525079  0.477472  0.229101 0.0322347   0.00134878 -0.000290212 -0.000492733   0.0185389   0.0542737 -0.00123606 0.72931       0       0 0
             83.2003 -2.77449 -9.57855 -22.0303 -16.7239 -18.0744 0.529751  0.484677  0.275358 0.0463797   0.00143804 -0.000372616  -0.00050523   0.0187197   0.0542443 -0.00140551 0.729311        0        0 23998
             83.2003 -2.52343 -9.66695 -22.0503 -16.7287 -18.0815  0.51931   0.431127    0.22307 -0.0303378   0.00135947 -0.000346631 -0.000497977    0.0192112    0.0549761 -0.000496939 0.724905        0        0 0
             83.3002 -2.10313 -7.51021 -20.6023  -16.683 -18.0522 0.527007  0.447911  0.308751 0.0617864    0.0013914 -0.000410928 -0.000490634   0.0188427   0.0545229 -0.00131921 0.724882        0        0 24000
             83.3002 -1.94736 -7.70557 -20.6244 -16.6747 -18.0493 0.521778  0.526896  0.327399 0.0297066   0.00134491 -0.000351043 -0.000481202    0.0180848     0.053963 -0.000822745 0.731139        0        0 0
                83.4 -1.86094 -7.23694 -19.3324 -16.6272 -18.0115 0.528651  0.457579  0.398965 0.0423728    0.0014095 -0.000353492 -0.000483185   0.0184055   0.0538038 -0.00126432 0.731141        0        0 24001
                83.4 -1.76416 -7.36077 -19.3509 -16.6309 -18.0204 0.521119   0.418299   0.330337 -0.0122587   0.00137736 -0.000315508 -0.000474464  0.0186936  0.0546997 -0.0005836 0.735937        0        0 0
             83.4998 -2.28738 -6.39761 -19.0713 -16.5932 -17.9798 0.533072  0.368988  0.439916 0.0741339   0.00143887 -0.000379713 -0.000474785   0.0188676   0.0544215 -0.00183629 0.735935        0        0 23960
             83.4998 -2.07236 -6.66803 -19.1237 -16.5908 -17.9812 0.524925  0.387296  0.428345 0.0169307   0.00137416 -0.000297664 -0.000455423   0.0186833   0.0544491 -0.00109923 0.745127        0        0 0
             83.6005 -1.99124 -7.08548 -19.9805  -16.559 -17.9292 0.532623   0.29916  0.527849 0.0331071   0.00140848 -0.000346006 -0.000443472   0.0193369   0.0541446 -0.00181829 0.745133        0        0 24037
             83.6005 -1.85268 -7.19953 -20.0081 -16.5638  -17.939 0.527228    0.248347    0.450801 -0.00633981   0.00136084 -0.000308448 -0.000433862   0.0197111    0.055173 -0.00133946 0.735384        0        0 0
             83.7004 -0.845258  -6.55735  -22.3017 -16.5349 -17.8848 0.529035   0.263583   0.543879 0.00401526   0.00140816 -0.000382836 -0.000423337   0.0190052   0.0542771 -0.00171651 0.735332        0        0 24003
             83.7004 -0.706503  -6.75093  -22.3361 -16.5325 -17.8878 0.524086   0.285887   0.518886 -0.0297017   0.00136584 -0.000325222  -0.00041154   0.0186988   0.0544596 -0.00126232 0.738681        0        0 0
             83.8002 -0.00914295    -6.54008    -25.6787 -16.4989 -17.8265 0.524726  0.362462    0.6046 0.0314427   0.00144745 -0.000376086 -0.000396209   0.0185065   0.0536288 -0.00145546 0.738684        0        0 23998
             83.8002 0.209467 -6.49673 -25.6966 -16.4988 -17.8272 0.516573   0.358038   0.600019 -0.0270729   0.00138045  -0.00038681 -0.000390298    0.0186212    0.0536631 -0.000761138 0.730598        0        0 0
             83.9001 0.171435 -3.85449 -27.7715 -16.4583 -17.7591 0.522857 0.361519 0.657123 0.043932   0.00151717  -0.00044947 -0.000440346   0.0181931   0.0526533 -0.00136807 0.730612        0        0 24000
             83.9001  0.38751 -4.13503  -27.809  -16.458 -17.7656 0.519775  0.365034  0.605379 0.0230855   0.00144704 -0.000361965 -0.000427254   0.0179317   0.0531814 -0.00108844 0.733011        0        0 0
             83.9999 -0.200934  -3.92208   -28.197 -16.4285 -17.6947 0.524798  0.258476  0.690275 0.0252149   0.00151681 -0.000385338 -0.000483469   0.0185234   0.0524483 -0.00149592 0.732998        0        0 23962
             83.9999 0.0541852  -4.04613  -28.2468 -16.4398 -17.7089 0.518747   0.154342   0.589321 -0.0224969   0.00141895 -0.000332644 -0.000464884    0.0192022    0.0540681 -0.000976783 0.732603        0        0 0
             84.1001 -0.50972 -4.10035 -28.3774 -16.4204 -17.6438 0.519764    0.194104    0.624668 -0.00568594   0.00152932  -0.00036493 -0.000488652   0.0190581   0.0533266 -0.00130895 0.732582        0        0 24037
             84.1001 -0.259956  -4.30202  -28.4201  -16.427 -17.6557 0.514313   0.136374   0.536965 -0.0473531   0.00143361 -0.000298664 -0.000475563    0.0192286    0.0545482 -0.000823132 0.733418        0        0 0
                84.2 -0.572939  -4.37792   -28.276 -16.4058 -17.5968 0.514858   0.220692   0.556692 -0.0109442   0.00149224 -0.000363682 -0.000495525   0.0187994   0.0538056 -0.00137676 0.73338       0       0 24001
                84.2 -0.355803  -4.46862  -28.3032 -16.4092 -17.6058  0.50843   0.191113   0.488588 -0.0579378   0.00141277 -0.000336824 -0.000486643    0.0187798    0.0546535 -0.000814067 0.730358        0        0 0
             84.2998 -0.645041  -4.45941  -28.3965 -16.3836  -17.542 0.512451  0.238656  0.607543 0.0433144   0.00153011 -0.000372689 -0.000490397   0.0186577    0.053147 -0.00160211 0.730375        0        0 23962
             84.2998 -0.410354  -4.67694  -28.4353 -16.3909  -17.556 0.505702   0.172272   0.500518 -0.0096586    0.0014386 -0.000305151 -0.000476923    0.0188183    0.0545757 -0.000980076 0.729997        0        0 0
             84.4001 -1.00623 -4.73272 -28.9809 -16.3672 -17.4918  0.51373  0.231209  0.602101 0.0888097   0.00152842 -0.000371927 -0.000483926  0.0186467  0.0531208 -0.0015812 0.729996        0        0 24041
             84.4001 -0.799096  -4.82319  -29.0143 -16.3728 -17.5001 0.508861 0.178915 0.540146 0.051193   0.00145402 -0.000341033 -0.000473103   0.0188942   0.0540101 -0.00114748 0.73164       0       0 0
             84.4999  -1.8489 -4.55153 -29.3254 -16.3486 -17.4343 0.519928 0.259422 0.644264 0.109793   0.00155489 -0.000375464 -0.000487631   0.0188938   0.0529152 -0.00161077 0.731624        0        0 23996
             84.4999 -1.61904  -4.7564 -29.3591 -16.3528 -17.4435 0.514924 0.221161 0.573405 0.071563   0.00147253 -0.000312464 -0.000475139   0.0189364   0.0538206 -0.00114689 0.730239        0        0 0
             84.5998 -2.67993 -5.35599 -29.9004 -16.3176 -17.3732 0.526786 0.386069 0.672101 0.110419   0.00157124 -0.000370086 -0.000486805   0.0185099   0.0524464 -0.00157896 0.730197        0        0 23963
             84.5998 -2.41169 -5.42648 -29.9699 -16.3304  -17.388 0.520266  0.268237  0.564145 0.0581656   0.00146795 -0.000339315 -0.000464154    0.0191953    0.0541471 -0.000965708 0.728053        0        0 0
             84.7005 -3.13097 -4.74873 -31.2977  -16.293 -17.3238 0.535282 0.395917 0.621219 0.133771   0.00154692 -0.000399776 -0.000483547   0.0187956   0.0532639 -0.00170522 0.728043        0        0 24036
             84.7005 -2.91307 -4.98097 -31.3604 -16.2993 -17.3357 0.532671 0.341944 0.531593 0.114412   0.00146336 -0.000329719  -0.00045851   0.0188615   0.0544354 -0.00143371 0.729355        0        0 0
             84.8003 -3.59432 -6.84503 -32.8019 -16.2581 -17.2708 0.545123 0.423894 0.647673 0.108477   0.00155047 -0.000363051 -0.000491462   0.0188139   0.0535182 -0.00163038 0.729369        0        0 24006
             84.8003 -3.35208 -7.05451 -32.8677 -16.2692 -17.2871 0.539769  0.328933  0.527818 0.0692953   0.00144482 -0.000293401 -0.000465603   0.0191124   0.0551792 -0.00110955 0.725154        0        0 0
             84.9002 -2.88579 -8.17103  -35.754 -16.2202 -17.2145 0.546707 0.499783  0.67189 0.069043   0.00158328 -0.000381525 -0.000449249  0.0190125  0.0531494 -0.0013162 0.725173        0        0 23994
             84.9002 -2.59596  -8.2455 -35.8358 -16.2305 -17.2266 0.544052  0.410706  0.582767 0.0481822   0.00147203 -0.000348766 -0.000422225   0.0193789   0.0544865 -0.00103167 0.727482        0        0 0
                  85 -1.80588 -7.59864  -39.266  -16.177 -17.1582  0.54776  0.508888  0.645544 0.0617903    0.0015494 -0.000425442 -0.000452403     0.019037    0.0530864 -0.000889392 0.727448        0        0 24006
                  85 -1.60957 -7.66789 -39.3034 -16.1758 -17.1599 0.547629    0.5218   0.62857 0.0622093   0.00149076 -0.000408379 -0.000440505    0.0188032    0.0531428 -0.000857528 0.725377        0        0 0
             85.0998 -1.26006 -6.32441 -40.3791 -16.1293 -17.0985 0.555529  0.422552  0.611946 0.0677271   0.00156235 -0.000438446 -0.000500578   0.0189492   0.0532868 -0.00094572 0.725376        0        0 23958
             85.0998 -1.12719 -6.47183 -40.4203   -16.14 -17.1122 0.557789  0.338704  0.503733 0.0835245   0.00149365   -0.0003879 -0.000481212   0.0189319   0.0548338 -0.00107322 0.730051        0        0 0
             85.2005 -1.85694  -7.1647  -41.865 -16.1051 -17.0473 0.561388  0.29021 0.649871 0.018706   0.00160638 -0.000389524 -0.000495622    0.0194618    0.0537627 -0.000919111 0.730049        0        0 24033
             85.2005 -1.59881 -7.37083 -41.9157 -16.1067  -17.055 0.561992  0.284729  0.583286 0.0252385   0.00152131 -0.000338705 -0.000480467    0.0190029    0.0543648 -0.000929655 0.724187        0        0 0
             85.3003 -2.20913 -8.20429 -43.0324 -16.0777 -16.9844 0.559821   0.258028   0.668618 -0.0427709    0.0016296 -0.000378483 -0.000506347    0.0198046    0.0533692 -0.000832739 0.724172        0        0 24005
             85.3003 -1.95145 -8.27124 -43.1066 -16.0912 -16.9994 0.560184   0.151972   0.552927 -0.0393301   0.00151467 -0.000355541 -0.000484068    0.0198359    0.0550885 -0.000838468 0.728733        0        0 0
             85.4002 -2.59728 -7.72836 -44.7339 -16.0702 -16.9405 0.558579   0.182181    0.56204 -0.0177728   0.00158119 -0.000419279  -0.00049793   0.0196762    0.054362 -0.00105355 0.728729        0        0 24002
             85.4002 -2.43393  -7.8203 -44.7521  -16.069 -16.9428 0.561383   0.196211   0.538143 0.00377965   0.00153296 -0.000400346  -0.00049208   0.0193504   0.0544419 -0.00124834 0.725     0     0 0
                85.5 -2.92942 -7.89538 -45.7228 -16.0398 -16.8739 0.559049  0.256339  0.651151 -0.012529   0.00166745   -0.0004129 -0.000522266   0.0196979    0.052862 -0.00105903 0.724999        0        0 24000
                85.5 -2.62241 -8.03422 -45.7783 -16.0526 -16.8931 0.560353      0.16505     0.493414 -0.000223323   0.00152826 -0.000382854 -0.000498975   0.0191873   0.0547576 -0.00105223 0.725559        0        0 0
             85.5998  -3.1703 -6.69486 -48.0604 -16.0235 -16.8293  0.55514   0.264567   0.602108 -0.0272556   0.00166078 -0.000438658  -0.00050672    0.0197273    0.0531228 -0.000740965 0.725482        0        0 23960
             85.5998 -2.91139 -6.78544 -48.1284 -16.0349 -16.8429 0.560533  0.182115  0.490876 0.0130856   0.00154971 -0.000415009 -0.000478368   0.0194175   0.0546154 -0.00109069 0.723403        0        0 0
             85.7002  -3.2351 -6.43956 -50.6424 -16.0027 -16.7812 0.562251  0.312876  0.552668 0.0540514   0.00162902 -0.000433382  -0.00050418    0.0198066    0.0529661 -0.000941096 0.723411        0        0 24039
             85.7002 -3.10527 -6.54291 -50.6706 -16.0185 -16.8013 0.564562  0.200292   0.38821 0.0723611   0.00154712 -0.000399722 -0.000482805    0.0192595    0.0551124 -0.000974018 0.723339        0        0 0
                85.8 -3.30856 -6.21666 -54.3614 -15.9868 -16.7512 0.569023 0.306974 0.487829 0.026429   0.00158844 -0.000447886 -0.000474671    0.0198226     0.053695 -0.000905054 0.723296        0        0 24002
                85.8 -3.22607 -6.38407 -54.3892 -15.9955 -16.7651  0.57148  0.250338  0.368867 0.0471793   0.00155844  -0.00038683 -0.000460907   0.0190988   0.0550973 -0.00100226 0.722828        0        0 0
             85.8998 -3.37351 -7.44411 -58.5546 -15.9602 -16.7104 0.572043        0.36    0.546786 -0.00949202   0.00159478  -0.00044368 -0.000465271    0.0201921    0.0536334 -0.000979691 0.722715        0        0 23959
             85.8998 -3.32951  -7.5915 -58.5863 -15.9702 -16.7232 0.575961  0.289896  0.432492 0.0220541   0.00158702 -0.000388535 -0.000453238   0.0195166   0.0551228 -0.00120158 0.717069        0        0 0
             86.0005 -4.10094 -7.86982 -63.7056 -15.9265 -16.6667 0.572094   0.419202   0.557345 -0.0123979   0.00163211 -0.000473492 -0.000452861    0.0204537    0.0535704 -0.000722936 0.717114        0        0 24040
             86.0005 -4.01442 -7.98114  -63.735 -15.9318  -16.674 0.573694   0.381351   0.489442 0.00212758   0.00160948  -0.00043268 -0.000442179     0.019961    0.0543675 -0.000784436 0.71666       0       0 0
             86.1003 -3.68038 -7.53669 -67.8375 -15.8945 -16.6195 0.571195   0.363139   0.560129 -0.0186623   0.00162363 -0.000503368 -0.000493972    0.0204026    0.0541867 -0.000634618 0.716662        0        0 24002
             86.1003   -3.592 -7.66722 -67.8103 -15.9011 -16.6284 0.569725   0.310755   0.471173 -0.0263051   0.00159438 -0.000455012 -0.000499454    0.0197114    0.0551663 -0.000366379 0.714694        0        0 0
             86.2001 -3.54504   -6.036 -70.1258 -15.8718 -16.5788 0.570382   0.275387   0.527964 0.00300567   0.00166697 -0.000515847 -0.000541631    0.0197571    0.0551511 -0.000605614 0.714713        0        0 23995
             86.2001 -3.43444 -6.29082 -70.1183 -15.8726 -16.5834 0.573109 0.270256 0.479904 0.025535   0.00163175 -0.000433675 -0.000538907    0.0191757    0.0554015 -0.000787971 0.718045        0        0 0
                86.3  -3.7627 -7.30825 -71.1683 -15.8439  -16.526 0.577592  0.288015  0.604279 0.0348969   0.00167209 -0.000466005 -0.000566634   0.0196855   0.0550898 -0.00101177 0.71807       0       0 24004
                86.3 -3.59869 -7.51594 -71.1318 -15.8446 -16.5265 0.579498  0.281668  0.598491 0.0492041   0.00161982 -0.000399978 -0.000574428   0.0196003   0.0551779 -0.00117442 0.716139        0        0 0
             86.3998 -3.63801 -7.48593 -70.9929 -15.8193 -16.4671 0.581856  0.267851  0.583559 0.0206236   0.00167193 -0.000486881   -0.0005888    0.0198912    0.0554892 -0.000978271 0.716138        0        0 23959
             86.3998 -3.51898 -7.65952 -70.9705  -15.822 -16.4705 0.581385  0.245895  0.550438 0.0184352   0.00163278 -0.000433365  -0.00059252    0.0195661     0.055835 -0.000884174 0.717061        0        0 0
             86.5005 -3.55583 -7.51074 -69.8297 -15.7946 -16.4067 0.584706   0.269368   0.661659 0.00636937    0.0016634 -0.000489869 -0.000607966   0.0201631   0.0554377 -0.00125778 0.717096        0        0 24036
             86.5005 -3.39886 -7.73628 -69.8042 -15.7925 -16.4072 0.587838  0.285865  0.654955 0.0305496     0.001614 -0.000420906 -0.000611584   0.0199744   0.0552707 -0.00154229 0.718626        0        0 0
             86.6003 -3.08914 -7.15826 -67.5787 -15.7649 -16.3442 0.586397   0.300068   0.602205 0.00252348   0.00164315  -0.00049866 -0.000623775    0.020022   0.0554667 -0.00115644 0.718606        0        0 23984
             86.6003 -2.97362 -7.24073 -67.5731 -15.7661 -16.3461 0.588186  0.289914   0.58242 0.0170537   0.00160592 -0.000475451 -0.000624017   0.0198006   0.0556511 -0.00129141 0.721381        0        0 0
             86.7002 -2.10842  -5.7006 -65.3907 -15.7329 -16.2881 0.581559   0.37588  0.584414 -0.044719   0.00162977 -0.000502573 -0.000623067   0.0201642   0.0555073 -0.00051767 0.721362        0        0 24016
             86.7002 -1.91781 -5.92309  -65.406 -15.7356 -16.2976 0.586997    0.357361      0.4818 0.000521784   0.00156922 -0.000443463 -0.000614578    0.0189924    0.0561313 -0.000884648 0.725101        0        0 0
             86.8001 -1.09996 -5.36991 -62.8496 -15.6946 -16.2395 0.580025   0.440049   0.568132 -0.0557626   0.00162775  -0.00047451 -0.000625303    0.0203959     0.055587 -0.000333589 0.725008        0        0 24001
             86.8001 -0.934655  -5.48733  -62.8782 -15.6994 -16.2477  0.58529   0.404989   0.482887 -0.0143736  0.00157429 -0.00044588 -0.00061415    0.0195367    0.0563609 -0.000717546 0.723625        0        0 0
             86.8999 -1.06436 -4.59999 -60.6978 -15.6551 -16.1908 0.580504   0.464708   0.583921 -0.0580827   0.00162893 -0.000472433 -0.000612567    0.0205885    0.0558705 -0.000526359 0.723579        0        0 23963
             86.8999 -0.944883  -4.78827  -60.7065 -15.6607 -16.2009 0.581333  0.422691  0.482916 -0.047494   0.00158575  -0.00042476 -0.000606849    0.0196497    0.0568344 -0.000548654 0.724201        0        0 0
             87.0002 -1.65819  -4.7208 -58.8504 -15.6124 -16.1395 0.575778   0.500803   0.627754 -0.0569414   0.00164933 -0.000438742  -0.00060938    0.0206726    0.0560352 -0.000570443 0.724164        0        0 24038
             87.0002 -1.50383 -4.89949 -58.8584 -15.6153 -16.1485 0.577615  0.482507  0.537746 -0.039747   0.00159475 -0.000399091 -0.000603838    0.0197835      0.05671 -0.000694312 0.726636        0        0 0
                87.1 -1.73894 -5.16231 -57.5129  -15.555 -16.0825 0.576127   0.625061   0.673019 -0.0247245   0.00163211 -0.000429584 -0.000592039    0.0205236    0.0555083 -0.000910046 0.726598        0        0 24004
                87.1 -1.58282 -5.32688 -57.5303 -15.5609  -16.094  0.58029  0.583881  0.557883 0.0101286   0.00157136 -0.000394352 -0.000583093  0.0195332  0.0565877 -0.0012209 0.730433        0        0 0
             87.1998 -1.34954 -5.66145 -56.8098 -15.4898 -16.0219 0.580029   0.717981    0.70481 -0.0183781   0.00161099 -0.000438291 -0.000567974   0.0206619   0.0550989 -0.00124031 0.730394        0        0 23958
             87.1998 -1.31869 -5.73057 -56.8475 -15.4997 -16.0352 0.581582    0.647742    0.580886 -0.00153887   0.00158615 -0.000428598 -0.000554297   0.0198038   0.0565548 -0.00131898 0.7288      0      0 0
             87.3005 -0.864753  -4.37149  -56.2906 -15.4214 -15.9636 0.570966   0.768961   0.708333 -0.0831776   0.00161405 -0.000452436 -0.000568712    0.0208926    0.0549577 -0.000418577 0.728817        0        0 24036
             87.3005 -0.777319  -4.45399  -56.2764 -15.4271 -15.9724 0.571806   0.728604   0.625134 -0.0724144   0.00157683  -0.00043479 -0.000570859     0.020286    0.0558699 -0.000464311 0.727091        0        0 0
             87.4003 -0.545099  -3.96185  -54.1217 -15.3514 -15.9072 0.566324   0.742557   0.617072 -0.0397756   0.00160722 -0.000437862 -0.000592809    0.0205847    0.0553788 -0.000465078 0.727119        0        0 24002
             87.4003 -0.479945  -4.13676  -54.1436 -15.3627 -15.9268 0.564029   0.665382   0.432506 -0.0482049    0.0015624 -0.000407857 -0.000581863    0.0192484    0.0572809 -0.000224026 0.723376        0        0 0
             87.5002 -1.05834 -3.15231 -52.7233 -15.2938 -15.8706 0.566204    0.63792   0.513956 0.00988107    0.0016706 -0.000426133 -0.000577638   0.0206945   0.0560528 -0.00077333 0.723422        0        0 24002
             87.5002 -0.869921  -3.28286  -52.7499  -15.303  -15.881 0.575264  0.574233  0.418758 0.0782266   0.00158957 -0.000400729 -0.000565991    0.020104   0.0573102 -0.00156504 0.727604        0        0 0
                87.6 -1.34584 -3.90313 -52.0152 -15.2412 -15.8305 0.578206  0.566031  0.477588 0.0165755   0.00163043 -0.000389923 -0.000562181   0.0208038   0.0561735 -0.00121278 0.72758       0       0 23982
                87.6 -1.25409 -4.01444 -52.0313 -15.2531 -15.8442 0.580696  0.483079  0.358747 0.0365667   0.00156536 -0.000373629 -0.000554637   0.0202268   0.0577672 -0.00140835 0.724586        0        0 0
             87.6999 -1.34245 -4.97455 -51.4136 -15.1906 -15.7928 0.575523   0.572208   0.494486 -0.0530712   0.00162896 -0.000400529 -0.000557783    0.0207659    0.0558291 -0.000844202 0.724602        0        0 23978
             87.6999 -1.21272 -5.12952 -51.4436 -15.1975  -15.806 0.575448   0.530238   0.376954 -0.0509351   0.00156627 -0.000369037 -0.000548512   0.0199594   0.0570228 -0.00079903 0.728546        0        0 0
             87.8002 -1.44426 -6.28614  -50.743 -15.1363 -15.7556 0.565291   0.577634   0.508938 -0.0852058   0.00162227 -0.000397197 -0.000546607    0.0204715    0.0558296 -0.000418255 0.72851       0       0 24039
             87.8002  -1.3343 -6.43825 -50.7944   -15.15 -15.7781  0.56212  0.488569   0.31375 -0.102399   0.00155163  -0.00037342 -0.000532184    0.0193184    0.0580014 -6.52298e-05 0.727068        0        0 0
                87.9    -1.22 -6.88071  -51.213 -15.0952 -15.7247 0.558864    0.49954   0.545334 -0.0490127   0.00161018 -0.000412941 -0.000524042   0.0203965   0.0565481 -0.00064368 0.727018        0        0 23999
                87.9 -1.10707  -6.9326 -51.2227 -15.0959 -15.7261 0.557884   0.493674    0.53346 -0.0556001    0.0015741 -0.000398583 -0.000521002     0.020334    0.0566731 -0.000555523 0.723467        0        0 0
             87.9998 -1.54454 -5.06476 -51.4521 -15.0407 -15.6607 0.562426  0.535592  0.617232 0.0505314   0.00165769 -0.000455444 -0.000533001   0.0211563   0.0554545 -0.00130906 0.723446        0        0 23962
             87.9998 -1.40984 -5.21328 -51.5314 -15.0554 -15.6847  0.56175  0.436557  0.399064 0.0512311   0.00157117 -0.000436769 -0.000506389   0.0198869   0.0578751 -0.00110561 0.731722        0        0 0
             88.1005 -1.73097 -4.68432 -52.9372 -15.0047  -15.627 0.569743  0.465713   0.58731 0.0828129   0.00166052 -0.000426703 -0.000518301   0.0207952   0.0564703 -0.00125432 0.731714        0        0 24040
             88.1005 -1.52472 -4.84903 -53.0012 -15.0164 -15.6442 0.572929 0.385143 0.435936  0.10846   0.00155838 -0.000399011 -0.000493187   0.0199682   0.0582251 -0.00143988 0.728255        0        0 0
             88.2003 -1.14963 -5.76314 -55.6398 -14.9701  -15.581 0.581243  0.401425   0.64897 0.0755431   0.00163409 -0.000411257 -0.000488127   0.0208121   0.0566961 -0.00137222 0.728229        0        0 24001
             88.2003 -1.10689 -5.91539 -55.6802 -14.9808 -15.5977 0.581248  0.33014 0.502862 0.079113   0.00157766 -0.000386983 -0.000473931   0.0199776    0.058283 -0.00130078 0.723978        0        0 0
             88.3001 -0.507109  -5.89813  -58.3099 -14.9348 -15.5258 0.584203  0.422275  0.706874 0.0282152   0.00164095 -0.000436162 -0.000480607   0.0210554   0.0563913 -0.00109511 0.723938        0        0 23997
             88.3001 -0.43919 -5.85128 -58.3496 -14.9418 -15.5347 0.583563   0.37246  0.627396 0.0251367   0.00159569 -0.000456611 -0.000469877     0.020644    0.0573245 -0.000995295 0.728782        0        0 0
                88.4 0.0490416  -4.58443   -60.012 -14.8975 -15.4637 0.583457   0.388898   0.701317 0.00626553   0.00166757 -0.000466411 -0.000508155    0.0211097    0.0562736 -0.000729888 0.728747        0        0 24000
                88.4 0.121699 -4.73332 -60.0034 -14.9045 -15.4776 0.578972   0.341299   0.572259 -0.0216186   0.00161384 -0.000441379  -0.00050966     0.020167    0.0574394 -0.000297993 0.724907        0        0 0
             88.4998 -0.453201    -4.233  -60.1722 -14.8716 -15.4105 0.580554    0.293201    0.674745 -0.00686425   0.00168406 -0.000454067   -0.0005458    0.0209001    0.0567911 -0.000757553 0.724906        0        0 23962
             88.4998 -0.274149  -4.46434   -60.194  -14.881 -15.4294  0.58445  0.229034  0.489417 0.0278746   0.00159137 -0.000417599 -0.000539449    0.019364   0.0583907 -0.00104318 0.730494        0        0 0
             88.6005 -0.302641  -3.99781  -60.4275 -14.8553 -15.3627 0.586613  0.213729  0.641976 0.0140417   0.00165955  -0.00046826 -0.000547711   0.0211488   0.0572491 -0.00104739 0.730423        0        0 24038
             88.6005 -0.182781  -4.05818  -60.4443  -14.867 -15.3759 0.590831 0.128897 0.521526 0.048899   0.00159668 -0.000456791 -0.000539965   0.0203417    0.058738 -0.00140392 0.731866        0        0 0
             88.7004 -0.760406  -3.77588   -60.504 -14.8491 -15.3078 0.594367  0.126412   0.69326 0.0438603   0.00163989 -0.000493679 -0.000555725   0.0216751   0.0573033 -0.00127022 0.731802        0        0 24000
             88.7004 -0.701304   -3.9442  -60.5156 -14.8554 -15.3207 0.593275  0.084749  0.567591 0.0406708   0.00161953 -0.000436738   -0.0005519  0.0205164  0.0584512 -0.0011575 0.732218        0        0 0
             88.8002 -1.63521 -4.25823 -59.7653 -14.8417 -15.2525 0.595731  0.107389  0.696369 0.0257754   0.00165143 -0.000470226 -0.000572172    0.0212174    0.0574514 -0.000975172 0.732223        0        0 23997
             88.8002 -1.52477 -4.43698 -59.7753 -14.8474 -15.2653 0.594669 0.0699189  0.572814 0.0235411   0.00162056 -0.000410956 -0.000568091    0.0200842    0.0585407 -0.000864506 0.725945        0        0 0
             88.9001 -1.79394 -3.78526 -59.9225  -14.834 -15.1957 0.595416   0.107522   0.685146 0.00510041   0.00163596 -0.000487995  -0.00054998    0.0211988    0.0573173 -0.000776393 0.725907        0        0 23999
             88.9001 -1.58356 -3.86701 -59.9555 -14.8452 -15.2123 0.591335  0.0294513   0.531575 -0.0187204     0.001579 -0.000459038 -0.000538931    0.0200143    0.0590059 -0.000354899 0.729494        0        0 0
             88.9999 -0.722287  -3.25911  -60.7488 -14.8338 -15.1437 0.595748 0.107386  0.69487 0.017859   0.00159787 -0.000493964 -0.000539696    0.021042   0.0577039 -0.00111615 0.729391        0        0 23966
             88.9999 -0.695282  -3.52828  -60.7582 -14.8367  -15.154 0.592576   0.0906546    0.594732 -0.00329153   0.00159385 -0.000403905  -0.00053559    0.0200598    0.0584437 -0.000765089 0.731949        0        0 0
             89.1002 -0.685982  -3.69794  -61.3134 -14.8194 -15.0809 0.596978   0.19658  0.696556 0.0416088   0.00162903 -0.000474577 -0.000542033  0.0214438  0.0573966 -0.0011398 0.731887        0        0 24036
             89.1002 -0.588711  -3.74622  -61.3592 -14.8307 -15.0979 0.596141 0.117408 0.535372 0.041674   0.00160894 -0.000451506 -0.000528975   0.0201557   0.0591306 -0.00103058 0.728782        0        0 0
                89.2 -0.962545  -3.58408  -63.1512 -14.8089 -15.0329 0.607017 0.237095 0.660601 0.084447  0.00164067 -0.00048712 -0.00051695    0.021167   0.0580913 -0.00160609 0.728778        0        0 24003
                89.2 -0.935075    -3.829  -63.1727 -14.8148 -15.0451 0.601948 0.198939  0.54685 0.052664   0.00163693 -0.000404478 -0.000509273   0.0201327   0.0591172 -0.00113337 0.734197        0        0 0
             89.2999 -1.61746 -5.10391 -65.0358 -14.7818 -14.9729 0.609753  0.352509  0.733369 0.0491839    0.0016621 -0.000463961 -0.000515005   0.0213579   0.0577599 -0.00154437 0.734172        0        0 23961
             89.2999 -1.55971  -5.2572 -65.0645 -14.7912 -14.9868 0.606855  0.285982   0.60196 0.0328337   0.00164213 -0.000416682 -0.000504739     0.02025    0.059159 -0.00124273 0.729903        0        0 0
             89.4001   -1.464 -6.17972 -66.5718 -14.7513 -14.9117 0.611273  0.401395  0.740755 0.0322425   0.00166111 -0.000480426 -0.000523735   0.0217473   0.0578093 -0.00139423 0.729858        0        0 24041
             89.4001 -1.41108 -6.26051  -66.583  -14.753 -14.9175  0.60802  0.389692  0.683623 0.0106237   0.00164336 -0.000455476 -0.000519699   0.0211782   0.0581948 -0.00106248 0.725381        0        0 0
             89.4999 -1.09211 -5.01776 -66.9651 -14.7124 -14.8475 0.610829  0.413161  0.708298 0.0232594   0.00165994 -0.000538594 -0.000545022    0.021311   0.0581237 -0.00132422 0.725378        0        0 23995
             89.4999 -1.01828 -5.20982 -66.9752 -14.7215 -14.8631 0.608278  0.340624   0.54616 0.0128118    0.0016318 -0.000480198 -0.000540852    0.0197918    0.0596212 -0.000986401 0.72963       0       0 0
             89.5998 -0.530132  -4.97237  -66.8189 -14.6881 -14.7979 0.614566 0.304037 0.656209 0.076216   0.00164952 -0.000509796 -0.000561426   0.0209157   0.0591958 -0.00124636 0.729595        0        0 23964
             89.5998 -0.501789  -5.16467  -66.8236 -14.6895 -14.8041  0.60955  0.294464  0.596353 0.0417997   0.00163993 -0.000450501 -0.000559273    0.0203004    0.0595393 -0.000753922 0.735478        0        0 0
             89.7005 -1.00892 -5.19117 -65.8926 -14.6659 -14.7402 0.621935 0.202476 0.620422  0.11217    0.0016665 -0.000509481 -0.000574353   0.0208549   0.0595568 -0.00140793 0.735522        0        0 24043
             89.7005 -1.01212 -5.44483 -65.8834 -14.6666 -14.7453 0.617041  0.198001  0.571794 0.0778207   0.00166641 -0.000431624 -0.000576617    0.0203362    0.0598027 -0.000933802 0.732134        0        0 0
             89.8003 -1.64775 -5.87444 -63.7846 -14.6472 -14.6814 0.628137  0.192242  0.621057 0.0832917   0.00168298 -0.000489272 -0.000603999   0.0212634   0.0594505 -0.00137137 0.732112        0        0 23996
             89.8003 -1.55722 -5.98271 -63.7631 -14.6523 -14.6871 0.634904 0.151981 0.560477 0.137329   0.00164912 -0.000461887 -0.000609903   0.0206807   0.0601846 -0.00198589 0.732808        0        0 0
             89.9001 -2.24271 -5.42571 -61.5944 -14.6302 -14.6299 0.640269  0.233582  0.563196 0.0469602   0.00167531 -0.000514176 -0.000599067  0.0208535  0.0593112 -0.0012126 0.732762        0        0 24001
             89.9001 -2.27622 -5.54241 -61.5795 -14.6379 -14.6385  0.63868  0.155927  0.468591 0.0333667   0.00166752 -0.000491288 -0.000600419    0.0201953     0.060624 -0.000939183 0.731168        0        0 0
                  90 -3.25751 -4.51167 -60.6458 -14.6128 -14.5882 0.639773  0.264002  0.507579 0.0136555   0.00166874 -0.000526644 -0.000572264    0.0204117    0.0593786 -0.000698589 0.731186        0        0 23999
                  90 -3.23436 -4.65949 -60.6371 -14.6195 -14.5965 0.642955  0.193937  0.415106 0.0464531   0.00164943 -0.000489173 -0.000569525    0.0197439    0.0606288 -0.000982877 0.735114        0        0 0
             90.0998 -2.67768 -4.78981 -60.4732 -14.5935 -14.5432 0.643084     0.27944    0.551068 -0.00980711    0.0016409 -0.000496078 -0.000558883   0.0206739   0.0593427 -0.00065479 0.735127        0        0 23961
             90.0998 -2.71136 -4.98024 -60.4809 -14.5947 -14.5482 0.642348   0.265055   0.496275 -0.0170011   0.00164778 -0.000441901 -0.000552972    0.0201644     0.059791 -0.000497199 0.734036        0        0 0
             90.2004 -3.13166 -5.24288 -61.1312 -14.5635 -14.4926 0.640923   0.344759   0.532785 -0.0141394    0.0016396 -0.000492281 -0.000529721     0.020925    0.0591641 -0.000709234 0.734046        0        0 24040
             90.2004 -3.23332 -5.38433 -61.1631 -14.5689 -14.5028    0.636 0.294241 0.427542 -0.05745   0.00166169 -0.000457241 -0.000517378    0.0201194     0.060257 -4.45115e-05 0.735278        0        0 0
             90.3003 -3.07775 -5.71523  -62.619 -14.5351 -14.4478 0.635315   0.368682   0.558584 -0.0195062   0.00166506 -0.000478846 -0.000523427    0.0214692    0.0596142 -0.000539398 0.735278        0        0 24000
             90.3003 -3.04594 -5.98327 -62.6296 -14.5401 -14.4595 0.633606   0.328783   0.442866 -0.0307603   0.00164276 -0.000408144 -0.000513505    0.0204546    0.0606376 -0.000244218 0.730563        0        0 0
             90.4001 -2.51403 -7.21994 -64.7128 -14.5018 -14.4036 0.631045   0.412137   0.555948 -0.0612135   0.00167807 -0.000448152 -0.000508398    0.0216197    0.0598297 -0.000733896 0.730565        0        0 23997
             90.4001 -2.49171 -7.33661 -64.8001 -14.5083 -14.4186 0.629598    0.35478   0.404328 -0.0728133   0.00164599 -0.000436668 -0.000477001    0.0202554    0.0612277 -0.000358074 0.721054        0        0 0
                90.5 -1.67968 -7.42264 -68.5268 -14.4659 -14.3621 0.629037  0.434075  0.575168 0.0140004   0.00169751 -0.000479499 -0.000478624  0.0217852  0.0599438 -0.0012581 0.720954        0        0 24004
                90.5 -1.54635 -7.57731 -68.5832 -14.4673  -14.372 0.626503    0.418542    0.472485 -0.00881978   0.00164278 -0.000452976 -0.000458897    0.0207673    0.0605485 -0.000815827 0.719537        0        0 0
             90.5998 0.0933403  -6.93337  -70.8798 -14.4255 -14.3152 0.633813 0.425397 0.582813 0.102858   0.00168146 -0.000504807 -0.000511792    0.021727   0.0602778 -0.00142611 0.719541        0        0 23959
             90.5998 0.125817  -7.1346 -70.9174  -14.429 -14.3271 0.631422  0.386897   0.45684 0.0821014   0.00165272 -0.000461044 -0.000499291    0.0205012    0.0611595 -0.000981383 0.731008        0        0 0
             90.7001 0.372254 -6.93775  -72.684 -14.3915 -14.2732 0.640952  0.364902  0.572446 0.0943416   0.00171244  -0.00050676 -0.000519242   0.0211368   0.0609572 -0.00119217 0.730994        0        0 24036
             90.7001 0.448909 -7.16362 -72.7146 -14.3918  -14.281 0.636458  0.356436  0.491273 0.0487382   0.00168286 -0.000450945 -0.000511036    0.0202947    0.0613068 -0.000531482 0.739749        0        0 0
             90.7999 -0.167807  -7.82536  -73.3256 -14.3584 -14.2224 0.645766   0.33152  0.598916 0.0987671   0.00173885 -0.000495672 -0.000546509   0.0211588   0.0611601 -0.00114545 0.739743        0        0 24001
             90.7999 -0.0582845   -8.04531   -73.3286 -14.3576 -14.2255 0.642984  0.337621  0.567229 0.0707014   0.00170466 -0.000434621 -0.000546135    0.0208028    0.0611729 -0.000759635 0.737513        0        0 0
             90.8998 -0.993646  -8.48796  -72.7272 -14.3256  -14.164 0.655162 0.324948 0.623269 0.123237   0.00174103 -0.000498884 -0.000577537   0.0212659   0.0612519 -0.00135067 0.737515        0        0 23963
             90.8998 -0.853247  -8.73499  -72.7394 -14.3259 -14.1706 0.651204  0.318125  0.557577 0.0870992    0.0016931 -0.000430747 -0.000572553   0.0205621   0.0614977 -0.00080672 0.738767        0        0 0
             91.0004   -1.358 -9.57819 -71.1461 -14.2923 -14.1068 0.666619 0.339982 0.658598 0.135777   0.00171539 -0.000485613 -0.000592247   0.0209971   0.0612298 -0.00159848 0.738751        0        0 24039
             91.0004  -1.2575 -9.81182 -71.1413  -14.294 -14.1135 0.663073  0.32411 0.591511 0.107561   0.00167837 -0.000430994 -0.000591673   0.0202941    0.061593 -0.00113118 0.742396        0        0 0
             91.1003 -1.98005 -10.2001 -69.0109 -14.2603 -14.0511 0.677412 0.355718 0.605331 0.117973   0.00169584  -0.00050462 -0.000595143   0.0206174   0.0615308 -0.00167224 0.742385        0        0 24001
             91.1003 -1.93055 -10.3308  -69.024 -14.2665 -14.0554 0.673236  0.298651  0.562611 0.0845145   0.00166349 -0.000475342 -0.000588098   0.0203808   0.0622805 -0.00121083 0.741714        0        0 0
             91.2001 -1.63761 -9.27452 -67.9605 -14.2276 -13.9979 0.683238  0.413297  0.580719 0.0738436    0.0016658 -0.000537356 -0.000572607   0.0203181   0.0615875 -0.00156192 0.74169       0       0 24001
             91.2001 -1.58548 -9.47841 -67.9605 -14.2312 -14.0059  0.67765  0.381345  0.500401 0.0324227   0.00163709 -0.000496601 -0.000567138    0.0196391      0.06219 -0.000921675 0.743885        0        0 0
             91.2999 -0.745569  -8.64202  -66.7664 -14.1852 -13.9481 0.683478  0.507543   0.56483 0.0576247   0.00166586 -0.000531667 -0.000569058   0.0203509   0.0614488 -0.00141906 0.743911        0        0 23959
             91.2999 -0.711103  -8.86188  -66.7562  -14.186 -13.9515 0.678644   0.498904   0.529624 0.00974685   0.00165083 -0.000475304 -0.000569399    0.0200907     0.061653 -0.000797161 0.744344        0        0 0
             91.4002 -0.859116  -8.69545  -65.9869 -14.1294 -13.8905 0.685785  0.601275  0.597865 0.0397122   0.00168513 -0.000502189  -0.00055792   0.0209801   0.0610627 -0.00155063 0.744316        0        0 24040
             91.4002 -0.857915  -8.93109  -65.9605 -14.1426 -13.9039 0.675776   0.484318   0.468449 -0.0373296   0.00164672 -0.000457071 -0.000553143   0.0201951   0.0628258 -0.00047584 0.754005        0        0 0
                91.5 -1.78042 -9.16588 -65.8997 -14.0848 -13.8469 0.679798  0.622999  0.578367 0.0356675   0.00168859 -0.000484518 -0.000542815   0.0209349   0.0617824 -0.00156147 0.753979        0        0 23997
                91.5 -1.83438 -9.42806 -65.8928 -14.0869 -13.8537 0.672223   0.60205  0.507824 -0.033535   0.00169278 -0.000426848 -0.000538872    0.0203873    0.0622954 -0.000641186 0.749602        0        0 0
             91.5998 -1.96533 -10.6754 -66.5125 -14.0186 -13.7914  0.67285   0.691283   0.638893 -0.0348066   0.00170616 -0.000465119 -0.000529722   0.0211097   0.0614405 -0.00127105 0.749493        0        0 23963
             91.5998 -1.86476 -10.8172 -66.5545 -14.0225 -13.8007 0.669778   0.658851   0.547214 -0.0561012   0.00165931 -0.000448234 -0.000511496   0.0203334   0.0621382 -0.00086522 0.747934        0        0 0
             91.7002 -0.349789  -9.53202  -67.7287 -13.9535 -13.7346 0.668946    0.682288    0.653219 -0.00442635   0.00167577 -0.000536082 -0.000514955   0.0213611   0.0614782 -0.00151178 0.747895        0        0 24038
             91.7002 -0.242538  -9.66907   -67.742 -13.9538 -13.7394 0.668475    0.680945     0.60496 -0.00602808   0.00163869 -0.000500597 -0.000509342   0.0208597   0.0616703 -0.00138742 0.745879        0        0 0
                91.8 0.978689 -8.68607 -67.8197 -13.8913 -13.6787  0.66876  0.610657  0.616756 0.0251056   0.00166243  -0.00053519 -0.000529785   0.0210547   0.0621176 -0.00128914 0.745867        0        0 24001
                91.8 0.963779 -8.83871 -67.8325 -13.8967  -13.689 0.663371   0.565566   0.516584 -0.0112572   0.00166101 -0.000494376 -0.000526705    0.0201764    0.0630183 -0.000679032 0.745749        0        0 0
             91.8998 0.633208 -7.81732 -67.2776 -13.8457 -13.6312 0.665253   0.49176  0.609391 0.0215595   0.00169465 -0.000517801 -0.000545587    0.0207237    0.0630945 -0.000882378 0.745736        0        0 23961
             91.8998 0.630766  -8.1442 -67.2261  -13.852 -13.6369 0.664733  0.437541  0.554466 0.0190453   0.00167514 -0.000434219 -0.000559324    0.0203301    0.0638811 -0.000803949 0.750316        0        0 0
             92.0005 0.0946334  -8.70719  -65.8155 -13.7992 -13.5693 0.671039  0.529637  0.684197 0.0309897   0.00171899 -0.000488246 -0.000568505   0.0209287   0.0625148 -0.00137559 0.750338        0        0 24036
             92.0005 0.215347 -8.86327 -65.8333 -13.7982 -13.5753 0.663012   0.538022   0.625183 -0.0337882   0.00167825 -0.000451862 -0.000563031    0.0203804    0.0626546 -0.000540626 0.759825        0        0 0
             92.1003 0.100664 -8.52379 -63.8772 -13.7439 -13.5075 0.665989  0.557938  0.692808 0.0238062   0.00167839 -0.000519749  -0.00056861   0.0206983   0.0623406 -0.00131219 0.759785        0        0 24002
             92.1003 0.0921337  -8.67924  -63.8144 -13.7472 -13.5086 0.668978  0.521656  0.680979 0.0477824   0.00167878  -0.00047081 -0.000588929   0.0206649   0.0628125 -0.00160909 0.759607        0        0 0
             92.2002 -0.779884  -8.06011  -60.9469 -13.6915 -13.4453  0.68114 0.551473 0.595295 0.162398   0.00168177 -0.000522859 -0.000577674   0.0203426   0.0625529 -0.00174647 0.759637        0        0 24002
             92.2002 -0.745449  -8.14069  -60.9963 -13.6985 -13.4546 0.680225  0.47684 0.500689  0.15637   0.00167087 -0.000503724 -0.000560175   0.0196615   0.0638575 -0.00156668 0.756176        0        0 0
                92.3 -0.758955  -7.67904  -59.9755 -13.6485 -13.3978 0.687752  0.487252  0.598537 0.0654525   0.00167546 -0.000521068 -0.000536489   0.0203163   0.0633286 -0.00101496 0.756144        0        0 23997
                92.3 -0.705384  -7.84347  -59.9884 -13.6484 -13.3994 0.686774  0.489092  0.583099 0.0591464   0.00165912 -0.000469964 -0.000531603    0.0201375     0.063387 -0.000908303 0.754821        0        0 0
             92.3999 -0.107092  -7.77007  -59.3863 -13.5986 -13.3357 0.687255  0.531095  0.634723 0.0158992   0.00167978 -0.000513069 -0.000517578    0.0208355    0.0632461 -0.000538503 0.754807        0        0 23963
             92.3999 -0.0743648   -7.98233   -59.4081 -13.6002 -13.3421 0.689225  0.522226  0.570348 0.0339491    0.0016706 -0.000446775 -0.000510263    0.0201472    0.0637126 -0.000663071 0.760136        0        0 0
             92.5001 -0.841388  -8.41421  -59.7019 -13.5427 -13.2732 0.686325   0.593807   0.688593 -0.0604894  0.00171273 -0.00049204 -0.00050554    0.0215884    0.0630013 -0.000400325 0.760105        0        0 24036
             92.5001 -0.843998   -8.5538  -59.7401 -13.5524 -13.2865 0.681989   0.523575   0.567848 -0.0862299   0.00171661 -0.000448787  -0.00049314   0.0207499   0.0644624 5.34199e-05 0.762416        0        0 0
                92.6 -2.36254 -8.97628   -61.17 -13.4934 -13.2218 0.677234  0.602843  0.643521 -0.078182   0.00174006 -0.000501086 -0.000480972    0.0211871    0.0637332 -0.000566259 0.762387        0        0 23988
                92.6 -2.24573 -9.19925 -61.1943 -13.4919 -13.2253 0.681197  0.619313  0.604386 -0.046845   0.00170453 -0.000430098 -0.000470627    0.0205961     0.063776 -0.000869251 0.753969        0        0 0
             92.6999 -2.07478 -9.53176 -63.3261 -13.4259 -13.1581 0.678381   0.635299   0.650234 -0.0251424    0.0017103 -0.000516251  -0.00046931   0.0213623   0.0629694 -0.00110199 0.753937        0        0 23976
             92.6999 -1.96101 -9.62357 -63.3588   -13.43 -13.1653   0.6826   0.608293    0.58026 0.00754151   0.00167171 -0.000488608 -0.000456973    0.020668   0.0636624 -0.00138737 0.757851        0        0 0
             92.8001 -1.22746 -9.22475 -64.0739 -13.3681 -13.1039 0.680193  0.596232   0.60752 0.0273381   0.00169251 -0.000535453 -0.000497838     0.021166    0.0633264 -0.000843071 0.757823        0        0 24039
             92.8001  -1.2188 -9.38794 -64.0803 -13.3725 -13.1117 0.679548 0.565033 0.533174 0.026613   0.00168141 -0.000491446 -0.000494232    0.0205028    0.0640527 -0.000688446 0.759917        0        0 0
             92.8999 -0.999192  -8.73976  -64.3831 -13.3196 -13.0539 0.685238  0.478696  0.599128 0.0572918   0.00170021 -0.000541339  -0.00050603    0.0209636    0.0638534 -0.000839709 0.759909        0        0 23999
             92.8999 -0.996687   -8.9443  -64.3958 -13.3226 -13.0622 0.685078  0.458452  0.517887 0.0602571   0.00169339 -0.000484015 -0.000500976    0.0201546    0.0644647 -0.000721408 0.756986        0        0 0
             92.9998 -1.76899 -9.57634 -63.9706 -13.2845 -13.0014 0.690385  0.353337  0.637374 0.0347565   0.00171792 -0.000516123 -0.000523343     0.021048    0.0645468 -0.000801618 0.756989        0        0 23962
             92.9998 -1.72848 -9.77911 -63.9764  -13.284 -13.0049 0.687135  0.358439  0.604114 0.0133263   0.00170414 -0.000455441 -0.000520403    0.0206843    0.0646353 -0.000470496 0.762011        0        0 0
             93.1004 -1.92595 -9.55053 -63.3647 -13.2489 -12.9354 0.688182    0.318742    0.708951 -0.00517755   0.00173153  -0.00052775 -0.000526897   0.0214253   0.0642375 -0.00067133 0.761968        0        0 24037
             93.1004 -1.76337 -9.72654 -63.3688 -13.2495 -12.9421 0.692928  0.318519  0.639691 0.0324454    0.0016797 -0.000479141 -0.000524032    0.0205704    0.0645719 -0.000985624 0.760836        0        0 0
             93.2003 -1.57532  -10.042 -61.8979 -13.2218 -12.8708  0.69732  0.260597  0.729904 0.0303466   0.00168964 -0.000522086  -0.00054137  0.0213092  0.0645243 -0.0012097 0.760818        0        0 24003
             93.2003 -1.53466  -10.249  -61.895  -13.221 -12.8738 0.702511  0.270263  0.696349 0.0695152   0.00167625 -0.000462485 -0.000540844   0.0207977   0.0645955 -0.00160529 0.767857        0        0 0
             93.3001 -1.25841 -10.1171 -59.8272  -13.194 -12.8041 0.704932  0.274838  0.662785 0.0634491   0.00169608 -0.000531558 -0.000543045   0.0211273     0.06441 -0.00118077 0.767824        0        0 23998
             93.3001 -1.15441 -10.2509 -59.8595 -13.2031 -12.8173 0.703499   0.20691   0.53668 0.0591822    0.0016478 -0.000508806  -0.00053085   0.0201114   0.0658076 -0.00089853 0.773116        0        0 0
                93.4 0.0564885  -8.99877   -59.345 -13.1724 -12.7549 0.701572   0.294356   0.619104 -0.0231008    0.0016905 -0.000534179 -0.000519205   0.0210987   0.0645849 -0.00032445 0.773087        0        0 24002
                93.4 0.218732 -9.12653 -59.3534  -13.176 -12.7641 0.699756   0.270453     0.5316 -0.0310317   0.00162942   -0.0005117 -0.000513621    0.0203315    0.0653084 -6.45514e-05 0.776575        0        0 0
             93.4998  1.36971 -8.76143 -58.8573  -13.144 -12.6971 0.697829   0.335549   0.674651 -0.0502281   0.00167914 -0.000521493 -0.000509802    0.0214207    0.0644929 -0.000521601 0.776511        0        0 23960
             93.4998  1.33652 -9.03192 -58.8591  -13.145 -12.7041 0.696089   0.332973   0.606333 -0.0596965    0.0016832 -0.000448417 -0.000509381    0.0207319    0.0649152 -0.000286554 0.775429        0        0 0
             93.6004  1.17762 -8.55516 -58.2686 -13.1053 -12.6348  0.69647    0.418237     0.66885 -0.00475762   0.00170349 -0.000519113 -0.000509984    0.0216395    0.0641733 -0.000829399 0.775429        0        0 24023
             93.6004   1.2125 -8.68129 -58.2684 -13.1077 -12.6386 0.700669  0.402965  0.630897 0.0271993   0.00168726   -0.0004849 -0.000509067   0.0212631   0.0645446 -0.00117166 0.775664        0        0 0
             93.7003 0.743128 -9.12302 -57.5922 -13.0636 -12.5688 0.703112   0.479956    0.70434 0.00245676   0.00170332 -0.000491023 -0.000526373   0.0219321   0.0642283 -0.00122108 0.775618        0        0 24019
             93.7003 0.714808 -9.35852 -57.6668 -13.0751 -12.5912 0.698525   0.402988   0.496739 -0.0215548   0.00168447 -0.000449135 -0.000493718    0.0203257    0.0662608 -0.000723833 0.776896        0        0 0
             93.8001 -0.336492   -9.1982  -58.2423  -13.024   -12.53 0.693138   0.529546   0.627548 -0.0725387   0.00172627 -0.000525737 -0.000482323    0.0209393    0.0652922 -0.000660528 0.776876        0        0 23996
             93.8001 -0.227953  -9.29551  -58.2594 -13.0262 -12.5348 0.692277    0.51464   0.584555 -0.0764405   0.00168746 -0.000499564 -0.000474734    0.0205919    0.0656996 -0.000561988 0.77829       0       0 0
                93.9 0.0340543  -9.23537  -59.9416 -12.9642 -12.4588 0.687739   0.628348   0.788171 -0.0466418   0.00171441 -0.000512511 -0.000469108    0.0216488    0.0643661 -0.000951089 0.778231        0        0 24001
                93.9 0.108905 -9.46994 -59.9624 -12.9657 -12.4674 0.687538   0.623563   0.703063 -0.0437627    0.0016841 -0.000455698 -0.000459314    0.0207771    0.0649255 -0.000838238 0.77418       0       0 0
             93.9998  1.25068 -8.63677  -60.833 -12.9031 -12.3912 0.687196   0.621366   0.741496 0.00765305   0.00170525 -0.000539166 -0.000476461   0.0216028   0.0646849 -0.00104993 0.774171        0        0 23961
             93.9998  1.30499 -8.68353 -60.7999 -12.9095 -12.3967 0.689393  0.572943  0.692021 0.0254996   0.00167157 -0.000528598 -0.000483596   0.0213407   0.0654538 -0.00122442 0.780666        0        0 0
             94.1005  1.18908 -6.97289 -60.0201 -12.8478  -12.319 0.691483  0.575034  0.778028 0.0433538   0.00175027  -0.00053867 -0.000526467   0.0219358   0.0645682 -0.00110755 0.780612        0        0 24038
             94.1005  1.30283 -7.15465  -60.024 -12.8529  -12.331 0.693169  0.541671  0.658064 0.0608027   0.00169399 -0.000507587 -0.000523048   0.0208509   0.0655384 -0.00116727 0.780313        0        0 0
             94.2003  1.32727 -7.68813 -58.0487 -12.7999 -12.2543 0.697922  0.497179  0.774751 0.0340593   0.00173214 -0.000496927 -0.000549061   0.0217658   0.0650185 -0.00106813 0.780223        0        0 24003
             94.2003   1.4624 -7.94374 -58.1174 -12.8056 -12.2699 0.697455  0.462284   0.62373 0.0365161   0.00166648 -0.000455903  -0.00052733    0.0204188    0.0661788 -0.000956598 0.780545        0        0 0
             94.3001  0.68882 -8.91602 -57.1467 -12.7612 -12.1953 0.698643   0.399588   0.724948 -0.0254691    0.0017292 -0.000488759 -0.000516301   0.0217999   0.0654342 -0.00110701 0.780529        0        0 24001
             94.3001 0.773663 -9.01435  -57.161 -12.7692  -12.206 0.696361   0.343045   0.628208 -0.0392423   0.00167999 -0.000474989 -0.000511086    0.0211703    0.0665538 -0.000893243 0.792055        0        0 0
                94.4 0.496054 -8.78434 -55.7321 -12.7328 -12.1325 0.691935   0.333797   0.736392 -0.0549075   0.00171304 -0.000507405   -0.0005331    0.0220797    0.0656049 -0.000982702 0.792051        0        0 23996
                94.4 0.588683 -8.93743 -55.7226 -12.7356 -12.1393 0.693875   0.316042   0.668607 -0.0383443   0.00167256   -0.0004749 -0.000535669  0.0214733  0.0661851 -0.0010999 0.787184        0        0 0
             94.4998 0.541466 -8.04073 -54.1757 -12.6926 -12.0645 0.693255   0.423836    0.70767 0.00479906   0.00172886 -0.000520575 -0.000537072   0.0218974   0.0648481 -0.00126182 0.787183        0        0 23962
             94.4998 0.697567 -8.13211 -54.1981 -12.7028 -12.0813 0.692008   0.352731   0.553218 0.00362932   0.00164353 -0.000525739 -0.000524085   0.0208617   0.0664872 -0.00110707 0.794073        0        0 0
             94.6005   1.4718 -6.81152 -53.0155 -12.6582 -12.0161 0.689387   0.449212   0.658124 -0.0262492   0.00169502 -0.000539607 -0.000523637    0.0213298    0.0655492 -0.000888506 0.794018        0        0 24038
             94.6005  1.56956 -6.95582 -53.0202 -12.6623 -12.0245 0.691299    0.424097    0.579718 -0.00938631   0.00164996  -0.00050505 -0.000518744   0.0207254   0.0662787 -0.00101083 0.796598        0        0 0
             94.7004  1.37222 -6.55243 -52.1708 -12.6155 -11.9594 0.690686  0.493814  0.620992 0.0192828   0.00170277 -0.000520238 -0.000514194    0.0215966    0.0657671 -0.000877801 0.796577        0        0 24002
             94.7004  1.42555 -6.68874 -52.1871 -12.6219 -11.9729 0.688783  0.456057  0.499904 0.0112006   0.00167759 -0.000487002 -0.000506656    0.0206769    0.0669768 -0.000701432 0.786775        0        0 0
             94.8002 0.778996 -6.93637  -52.353 -12.5665 -11.9043 0.691937  0.559664  0.670014 0.0098963    0.0017218 -0.000469408 -0.000511624    0.0221597    0.0655073 -0.000851116 0.786754        0        0 23998
             94.8002 0.860576 -7.12326 -52.3939 -12.5744 -11.9195 0.692809  0.510219  0.534617 0.0214283    0.0016717 -0.000440974  -0.00049186    0.0212624    0.0668813 -0.000921017 0.78975       0       0 0
                94.9 0.184446 -8.61341 -53.1026 -12.5138 -11.8486 0.694165   0.615195    0.70273 -0.0150165   0.00173887 -0.000450949 -0.000494862   0.0222471   0.0656147 -0.00105201 0.789766        0        0 23997
                94.9  0.21715 -8.83089 -53.1314 -12.5163 -11.8573 0.692636   0.603469   0.625942 -0.0222619   0.00171477 -0.000404266 -0.000482671    0.0216421    0.0662391 -0.000903668 0.790305        0        0 0
             94.9999 -0.296545  -10.0292  -54.5702 -12.4456 -11.7865 0.688053    0.71833   0.674632 -0.0256938   0.00175258 -0.000477738  -0.00047697   0.0222315   0.0652975 -0.00071013 0.790302        0        0 23965
             94.9999 -0.183694  -10.1275   -54.641 -12.4583 -11.8052 0.688629   0.632135   0.511946 -0.0162202   0.00168105  -0.00045833 -0.000447344    0.021316   0.0671482 -0.00069601 0.796782        0        0 0
             95.1001 0.941216 -9.61375 -56.1589 -12.3821 -11.7373 0.691089  0.710699  0.654121 0.0135847   0.00168788 -0.000538317  -0.00046744    0.0221883     0.065294 -0.000988527 0.79673       0       0 24034
             95.1001  1.05582 -9.73912  -56.153 -12.3856 -11.7443 0.691068 0.688953 0.591038 0.016388   0.00164758 -0.000495824 -0.000469409     0.021695    0.0659222 -0.000937702 0.790871        0        0 0
                95.2  2.09798 -8.12499 -56.1464 -12.3112  -11.676 0.693578  0.686923  0.675825 0.0085688   0.00170371 -0.000567514 -0.000494474  0.0222008   0.064756 -0.0010954 0.790887        0        0 24004
                95.2  2.20691 -8.14091 -56.1835 -12.3234 -11.6924 0.695955  0.601274  0.522867 0.0306563   0.00167356 -0.000557274  -0.00048368   0.0211721   0.0666404 -0.00121984 0.792207        0        0 0
             95.2998   2.0401 -7.13916 -55.7665 -12.2659 -11.6317 0.696565   0.532147   0.640045 0.00536882   0.00174579  -0.00054173 -0.000510381  0.0217301  0.0662099 -0.0010757 0.792193        0        0 23962
             95.2998   2.1334 -7.45067 -55.7587  -12.273 -11.6457 0.698686   0.48816  0.509783 0.0265689   0.00171962 -0.000440636 -0.000516447   0.0206146   0.0675167 -0.00123089 0.794969        0        0 0
             95.4005  1.11755 -7.87166 -54.5581  -12.222 -11.5761 0.696606   0.470912   0.698759 -0.0378856   0.00174362 -0.000507463 -0.000526473  0.0221928   0.066326 -0.0010453 0.794988        0        0 24040
             95.4005  1.22422 -7.90554 -54.5704 -12.2281 -11.5815 0.694394   0.424623   0.653319 -0.0522968   0.00171276 -0.000497266 -0.000522729    0.0220557    0.0671071 -0.000879903 0.79449       0       0 0
             95.5003 0.384926 -7.46233 -52.9165 -12.1846 -11.5109 0.685509   0.411944   0.728061 -0.0680725   0.00176617 -0.000516299 -0.000543119     0.022381    0.0667141 -0.000526384 0.794484        0        0 23998
             95.5003 0.527204 -7.66253  -52.947 -12.1835 -11.5166 0.688864   0.428625    0.66692 -0.0399492   0.00172287  -0.00045456 -0.000533388    0.0215869    0.0669477 -0.000779337 0.799677        0        0 0
             95.6001 0.541302 -7.48707 -51.0722 -12.1363  -11.443 0.690441    0.46138   0.699889 0.00177717   0.00172695 -0.000508198 -0.000544267  0.0221271  0.0660871 -0.0011461 0.799655        0        0 23985
             95.6001  0.65618  -7.5228 -51.1224 -12.1479 -11.4597  0.69008   0.384744   0.555363 0.00432713   0.00168478 -0.000507185 -0.000526181   0.0212079   0.0679164 -0.00109327 0.802185        0        0 0
             95.7001 0.964063 -6.93322 -50.3738 -12.1034  -11.394 0.687174   0.452692   0.637516 -0.0298908   0.00173121 -0.000509504 -0.000518336    0.0220901    0.0670132 -0.000930716 0.802134        0        0 24017
             95.7001   1.0677 -7.06606 -50.4057 -12.1095 -11.4055 0.688097   0.416048   0.535703 -0.0189654   0.00169002  -0.00047828 -0.000507205    0.0213478    0.0681402 -0.000986631 0.814557        0        0 0
             95.7999 0.914188 -6.30552 -50.1402 -12.0589 -11.3448 0.684327    0.531259    0.558015 -0.00289228   0.00175132 -0.000506306 -0.000511606    0.0220963    0.0671671 -0.000592264 0.814535        0        0 23960
             95.7999  1.04642  -6.4155 -50.1516 -12.0636 -11.3533  0.68471   0.501884   0.484207 0.00272577   0.00170361 -0.000475415 -0.000506248    0.0216083    0.0680019 -0.000617954 0.817449        0        0 0
             95.9001 -0.256494   -6.3767  -50.8182 -12.0016 -11.2917 0.682414   0.613785   0.608199 -0.0572174   0.00177163 -0.000486561 -0.000500396    0.0223329    0.0666058 -0.000555162 0.817455        0        0 24044
             95.9001 -0.197305  -6.52613  -50.8712 -12.0102 -11.3068 0.683423   0.560652   0.476668 -0.0448928   0.00174632 -0.000443371 -0.000479797    0.0214836    0.0681145 -0.000647525 0.812602        0        0 0
             95.9999 -1.43952 -7.36475 -52.3224 -11.9433 -11.2428 0.679475   0.675567   0.633373 -0.0614262   0.00177504 -0.000475474 -0.000482048    0.0222255    0.0667238 -0.000910821 0.812647        0        0 23997
             95.9999 -1.31099 -7.51885 -52.3784 -11.9451 -11.2491 0.681301   0.668873   0.576841 -0.0458124   0.00173412 -0.000428772 -0.000462442 0.0217082 0.0672051 -0.001051 0.810596        0        0 0
             96.0998 -0.744634   -8.5235  -54.2625 -11.8746 -11.1832 0.674718   0.719142   0.634124 -0.0434523   0.00175597 -0.000478787 -0.000472923    0.0227509    0.0666498 -0.000862866 0.81058       0       0 23959
             96.0998 -0.506846  -8.55905  -54.3371 -11.8828  -11.196 0.674815   0.665897   0.523371 -0.0390569   0.00167698 -0.000467469 -0.000449175    0.0220754    0.0679569 -0.000809839 0.812324        0        0 0
             96.2004  0.73711 -7.32638 -55.1975 -11.8094 -11.1351 0.675591   0.69718  0.589597 0.0226772   0.00175147  -0.00053046 -0.000482635   0.0225142   0.0669696 -0.00107797 0.812304        0        0 24037
             96.2004 0.845655 -7.45507  -55.206  -11.808 -11.1375 0.678903  0.712112  0.563297 0.0484503    0.0017177 -0.000493841 -0.000480467   0.0220918   0.0669957 -0.00134167 0.801209        0        0 0
             96.3003 0.376904 -5.92128 -54.7824  -11.742 -11.0778 0.680424  0.616385  0.604379 0.0237357   0.00175666 -0.000538221 -0.000513965   0.0225645   0.0669304 -0.00111287 0.801197        0        0 24004
             96.3003 0.435687 -6.02712 -54.8219 -11.7508 -11.0924 0.680823  0.558725  0.472108 0.0325198   0.00171992 -0.000519565 -0.000499902   0.0216378   0.0683759 -0.00110267 0.812987        0        0 0
             96.4001 -0.24022 -5.61367 -54.2836 -11.6982 -11.0396 0.682341  0.487041  0.534112 0.0236049  0.00177413 -0.00050866 -0.00052132    0.0222454    0.0680751 -0.000857867 0.812983        0        0 23994
             96.4001 -0.0555516   -5.72941   -54.2978 -11.6999 -11.0455 0.683739 0.478973 0.477193 0.036049   0.00171081 -0.000481222 -0.000516255     0.021714    0.0685156 -0.000960886 0.816693        0        0 0
                96.5 -1.07725 -5.31686 -53.1317 -11.6526 -10.9889 0.681547   0.439248   0.577364 -0.0290475   0.00179877 -0.000494071 -0.000535657    0.0225281    0.0679279 -0.000610936 0.816695        0        0 24004
                96.5 -0.890918  -5.42856  -53.1553 -11.6595 -10.9996 0.685589  0.394615  0.478282 0.0029188   0.00172693 -0.000469876 -0.000526726    0.0218076    0.0690236 -0.000947079 0.823519        0        0 0
             96.5998 -1.23302 -5.63791 -52.2168  -11.617 -10.9358 0.683023  0.38355 0.648088   -0.038   0.00175178 -0.000482918 -0.000532486   0.0229249   0.0678839 -0.00088524 0.823571        0        0 23961
             96.5998 -1.04187 -5.77191 -52.2392  -11.619 -10.9421 0.685202  0.373698  0.588161 -0.020082   0.00168724 -0.000448564 -0.000524755   0.0223778   0.0683867 -0.00105289 0.811893        0        0 0
             96.7001 -0.689805  -6.07938  -51.2182 -11.5778 -10.8761 0.681958   0.399719   0.614197 -0.0162831   0.00173928 -0.000478285 -0.000531316    0.0229387    0.0676554 -0.000949773 0.811901        0        0 24038
             96.7001 -0.526751  -6.02446   -51.284  -11.589 -10.8896 0.683929    0.322829    0.498495 0.000690247   0.00167303 -0.000504803 -0.000511998   0.0223629   0.0692247 -0.00107941 0.831796        0        0 0
             96.7999 -0.322468  -4.08995  -51.8679 -11.5452 -10.8343 0.681245  0.420958  0.545103 0.0123544   0.00175217 -0.000528078 -0.000506112    0.0224195    0.0680528 -0.000620917 0.831785        0        0 24002
             96.7999 -0.248206  -4.36469  -51.9136 -11.5518 -10.8496 0.681738  0.384065  0.409409 0.0216626   0.00170875 -0.000465717 -0.000489811   0.0213951   0.0693825 -0.00061582 0.833636        0        0 0
             96.8998 -1.86851 -5.37869 -52.8691 -11.5051 -10.7909 0.685577  0.449476  0.554156 0.0453347   0.00181028 -0.000462445 -0.000507523    0.0225792    0.0678946 -0.000685835 0.833709        0        0 23960
             96.8998 -1.67357 -5.48176 -52.8894 -11.5076  -10.797 0.685418  0.434279  0.500125 0.0459524  0.00174118 -0.00043836 -0.00049956    0.0221811    0.0684043 -0.000658493 0.827047        0        0 0
             97.0004 -1.75128 -5.72571 -53.6444 -11.4565 -10.7383 0.692623   0.50898  0.540196 0.0605208   0.00180294 -0.000470981 -0.000512061    0.0229933    0.0673774 -0.000836027 0.827056        0        0 24040
             97.0004 -1.53876 -5.81071  -53.716 -11.4674 -10.7552 0.694913  0.438046  0.390342 0.0815817   0.00170645 -0.000461216  -0.00048535    0.0220602    0.0690756 -0.000978927 0.814265        0        0 0
             97.1002  -1.9875 -7.15755 -54.8911 -11.4129 -10.7024  0.69943  0.543456   0.52405 0.0143441   0.00179667 -0.000456461 -0.000493606    0.0228213    0.0677874 -0.000900486 0.814281        0        0 23997
             97.1002 -1.85565   -7.321 -54.9441 -11.4192 -10.7151 0.700989  0.506336  0.410644 0.0301633   0.00173502 -0.000422905  -0.00047423    0.0219778       0.0689 -0.000973427 0.823468        0        0 0
             97.2001 -1.93453 -9.02995 -56.7616 -11.3616  -10.658 0.699882  0.576127   0.56427 -0.032368   0.00179032 -0.000459702 -0.000478986    0.0231763    0.0678732 -0.000990769 0.823442        0        0 24003
             97.2001 -1.73211 -9.12622 -56.8376   -11.37 -10.6727 0.700912   0.522862   0.432747 -0.0196913   0.00170463 -0.000444968 -0.000453087    0.0222401    0.0692343 -0.000975946 0.804489        0        0 0
             97.2999 -0.47856 -8.69988  -58.766  -11.311 -10.6173 0.695955   0.551876   0.528719 -0.0384173   0.00178303  -0.00051944 -0.000470545   0.0233863   0.0679832 -0.00082968 0.80447       0       0 23960
             97.2999 -0.252428  -8.67286  -58.7535  -11.314 -10.6173 0.703717  0.52897 0.526279 0.016264   0.00170701 -0.000523199 -0.000473558   0.0234132   0.0682294 -0.00150113 0.81987       0       0 0
             97.4002  1.06442 -7.29697 -59.0181 -11.2574 -10.5642 0.700799    0.52656   0.536607 -0.0098377   0.00176012 -0.000552881 -0.000507942   0.0231835   0.0677689 -0.00104121 0.819852        0        0 24039
             97.4002  1.17233 -7.41665 -59.0899 -11.2708 -10.5868 0.700011    0.434272    0.318747 -0.00626461   0.00167303 -0.000559548 -0.000483965    0.0215248    0.0699879 -0.000789496 0.809608        0        0 0
                97.5 0.987234 -6.73392 -60.1395 -11.2248 -10.5398 0.700956   0.391543   0.480108 0.00920794   0.00178055 -0.000550827 -0.000497306    0.0226668    0.0688282 -0.000906792 0.809598        0        0 23997
                97.5  1.09013 -6.86071 -60.1601 -11.2292 -10.5484  0.70264  0.362794  0.398946 0.0242149   0.00173092 -0.000529748 -0.000490653   0.0219981    0.069561 -0.00100842 0.811686        0        0 0
             97.5999 0.331149 -7.08331 -59.9968 -11.1945 -10.4932 0.700531   0.317033   0.566263 -0.0255789   0.00180296 -0.000510598 -0.000526394    0.0233936    0.0688306 -0.000731604 0.811647        0        0 23983
             97.5999 0.498699 -7.19234 -60.0278 -11.1998  -10.504 0.703212    0.281969    0.460996 -0.00177987   0.00173015 -0.000499024 -0.000516756   0.0224939   0.0697312 -0.00093089 0.810061        0        0 0
             97.6998 0.221366 -6.68507 -59.7723 -11.1653 -10.4421 0.700577   0.316814     0.6199 -0.0359077   0.00178935 -0.000525431 -0.000529711    0.0238461     0.068457 -0.000940652 0.81002       0       0 23981
             97.6998 0.340629 -6.79409 -59.7902 -11.1715 -10.4526 0.705036    0.274472    0.516651 0.000430221   0.00173157 -0.000511746 -0.000522359   0.0229708   0.0694279 -0.00128458 0.810023        0        0 0
             97.8004 -0.0415926   -6.55923   -58.9764 -11.1397 -10.3941 0.703377    0.298828    0.576377 -0.00893836    0.0017729 -0.000532018 -0.000539919   0.0235038   0.0687525 -0.00107996 0.810009        0        0 24039
             97.8004 0.0731542  -6.57041  -59.0207 -11.1503 -10.4102 0.707603  0.225273  0.421599 0.0283788   0.00170218  -0.00055855 -0.000522609   0.0222907   0.0703384 -0.00139645 0.82422       0       0 0
             97.9003 0.765488 -5.04694 -58.8192 -11.1192 -10.3586 0.701903  0.283014  0.519203 -0.027953   0.00174684 -0.000573172 -0.000524942    0.0229945    0.0691868 -0.000626243 0.824145        0        0 23997
             97.9003 0.936297 -5.20882 -58.8516 -11.1276  -10.372 0.704194     0.22509    0.392692 -0.00671388   0.00166632 -0.000539091 -0.000510249    0.0220168    0.0704605 -0.000776468 0.815624        0        0 0
             98.0001  1.23572 -5.05878 -59.1538 -11.0958 -10.3183 0.698804   0.312627   0.502201 -0.0562178   0.00173542 -0.000561217 -0.000513032   0.0233933   0.0690385 -0.00050107 0.81556       0       0 24004
             98.0001  1.36465 -5.11059 -59.1861 -11.1022 -10.3265 0.701617   0.268039   0.424428 -0.0333749   0.00169054 -0.000542984 -0.000502138    0.0227888    0.0699618 -0.000747658 0.82419       0       0 0
                98.1  2.16762 -3.94679 -59.4321 -11.0659 -10.2798 0.698165    0.388731    0.430853 -0.00976086    0.0017176 -0.000581934 -0.000511511    0.0235625    0.0691117 -0.000496364 0.824189        0        0 23997
                98.1  2.29323  -4.0998 -59.4723 -11.0732 -10.2933 0.699776   0.340667   0.299836 0.00720196   0.00168207 -0.000527861 -0.000499765    0.0224065    0.0704099 -0.000655044 0.823964        0        0 0
             98.1998  1.59497 -4.83052 -59.9042 -11.0266 -10.2456 0.699782  0.462555  0.471712 -0.015974   0.00173746 -0.000542457 -0.000511693    0.0238203    0.0686863 -0.000589525 0.823888        0        0 23963
             98.1998  1.64742 -4.99556  -59.959 -11.0363 -10.2621 0.699655   0.396598   0.316909 -0.0111391   0.00173034 -0.000483517 -0.000496445     0.022526    0.0703278 -0.000627683 0.829342        0        0 0
             98.3004 0.748015 -5.62113 -60.5621  -10.983 -10.2155 0.699996     0.56419    0.458925 -0.00152066   0.00175964 -0.000541778 -0.000503832    0.0236871    0.0689662 -0.000758478 0.82931       0       0 24040
             98.3004 0.907311 -5.73557 -60.6256 -10.9891 -10.2292 0.698866     0.52549    0.328641 -0.00400223   0.00171686 -0.000499267 -0.000484816    0.0224903    0.0701471 -0.000673282 0.825092        0        0 0
             98.4003 0.543248 -6.13924   -61.48 -10.9326 -10.1815  0.70104    0.575289    0.485778 -0.00684528   0.00178033 -0.000547324 -0.000507095   0.0240191   0.0694059 -0.00103943 0.825039        0        0 23997
             98.4003 0.731474 -6.20388 -61.5255 -10.9389 -10.1929 0.704966   0.53377  0.374824 0.0259806   0.00172397 -0.000523855 -0.000493164   0.0230057   0.0704698 -0.00138261 0.819039        0        0 0
             98.5001 0.812308 -5.42478 -61.6623 -10.8784 -10.1406 0.702136   0.566552   0.514011 -0.0170242   0.00175203 -0.000578621 -0.000518381    0.0244099    0.0691669 -0.000999479 0.818962        0        0 24000
             98.5001 0.940739 -5.49666 -61.7141 -10.8882 -10.1571 0.703997   0.500903   0.355738 0.00142137   0.00171285 -0.000555164 -0.000502471   0.0229968   0.0707676 -0.00111267 0.826159        0        0 0
                98.6 0.762825 -4.47934 -61.5306 -10.8341 -10.1105 0.703946   0.484963   0.477326 0.00472299   0.00177194 -0.000577876 -0.000526142   0.0238432   0.0696288 -0.00105835 0.826158        0        0 23984
                98.6 0.868309  -4.5786 -61.5577 -10.8434 -10.1255 0.705403  0.420879  0.332085 0.0193444   0.00173415 -0.000552099  -0.00051737   0.0225706   0.0711259 -0.00115131 0.830442        0        0 0
             98.6999 0.0857352  -4.16458  -61.0698 -10.7992 -10.0722 0.706158   0.388203    0.55938 0.00214123   0.00178248  -0.00056471 -0.000544944   0.0243048   0.0698413 -0.00107815 0.830338        0        0 23979
             98.6999 0.193104 -4.33893 -61.1084 -10.8083 -10.0886  0.70498    0.324998    0.400189 -0.00135942   0.00174385 -0.000514603 -0.000532397    0.0228863    0.0714083 -0.000956281 0.82644       0       0 0
             98.8001 -0.583354  -3.99578  -60.0534 -10.7671 -10.0309 0.701229   0.363554   0.587776 -0.0388429   0.00176074 -0.000556077  -0.00055091    0.0241906    0.0697622 -0.000701094 0.826413        0        0 24037
             98.8001 -0.493168  -4.06694  -60.0636 -10.7747 -10.0407 0.702607   0.308948   0.495659 -0.0266143   0.00172953 -0.000536838 -0.000547183    0.0234648    0.0708711 -0.000817516 0.832784        0        0 0
                98.9 -0.819965  -3.66113  -58.4329 -10.7379 -9.97864 0.699541   0.332681   0.654678 -0.0441475    0.0017752 -0.000551917 -0.000567168   0.0240546   0.0697668 -0.00088199 0.832816        0        0 24000
                98.9 -0.634248  -3.81537   -58.463 -10.7457 -9.99326 0.702243   0.279213    0.50956 -0.0188364   0.00171363  -0.00051087 -0.000556992   0.0227503   0.0711804 -0.00110881 0.831973        0        0 0
             98.9998 -0.871918  -3.66838  -56.8804 -10.7142 -9.92946 0.700525   0.304707   0.623166 -0.0298194   0.00172719 -0.000551739 -0.000568329  0.0239998  0.0702172 -0.0012222 0.832069        0        0 23963
             98.9998 -0.827908  -3.71977  -56.9331 -10.7259 -9.94646 0.699226   0.222469   0.463263 -0.0350174   0.00171086 -0.000542628 -0.000552307   0.0227815   0.0720801 -0.00105892 0.843617        0        0 0
             99.1004 -0.36744 -1.87757 -55.8978 -10.6929 -9.88362 0.695129   0.296074   0.614209 -0.0389256   0.00174569 -0.000568116 -0.000562379   0.0240824   0.0702728 -0.00106803 0.843558        0        0 24041
             99.1004 -0.208974  -2.01723  -55.9993 -10.6983 -9.89833 0.695951   0.264543   0.471735 -0.0276679   0.00168547 -0.000543545 -0.000528306    0.022717   0.0715491 -0.00112377 0.851205        0        0 0
             99.2003 0.0736699  -1.85868  -55.8567  -10.668 -9.83877 0.693475    0.314025    0.582848 -0.00670057    0.0017585 -0.000524727 -0.000532779    0.023925   0.0705566 -0.00100082 0.851249        0        0 23996
             99.2003 0.193176 -1.96104 -55.9248 -10.6753 -9.85206 0.694345     0.2595   0.452457 0.00386612   0.00169683 -0.000514536 -0.000510222   0.0229464   0.0719731 -0.00109221 0.83958       0       0 0
             99.3001 -0.284742  -1.71233  -56.5048 -10.6404 -9.79597 0.695418  0.369843  0.534765 0.0237893   0.00177091 -0.000534965  -0.00052253    0.0241173      0.07078 -0.000935496 0.839549        0        0 24001
             99.3001 -0.222639  -1.85713  -56.5416 -10.6518 -9.81261 0.695436  0.286587  0.379652 0.0273521   0.00172266 -0.000503363 -0.000507669    0.0230908     0.072633 -0.000961011 0.841881        0        0 0
                99.4 -1.09861 -3.01297 -57.3082 -10.6074 -9.75999 0.698409  0.462585  0.509282 0.0303268   0.00175704 -0.000512513 -0.000521187    0.0239755    0.0708181 -0.000922588 0.841961        0        0 24003
                99.4 -1.04741 -3.19766 -57.3463 -10.6147 -9.77173 0.697651    0.4085  0.397652 0.0266935   0.00172525 -0.000462695 -0.000506374    0.0231749    0.0720823 -0.000857146 0.845755        0        0 0
             99.4998 -1.20337 -3.98706 -58.4663 -10.5609 -9.72048 0.700687  0.562095   0.50184 0.0149733   0.00178139 -0.000526217 -0.000515177   0.0241051   0.0707233 -0.00101607 0.845809        0        0 23959
             99.4998 -1.02584 -4.09444  -58.525 -10.5692 -9.73527 0.700459 0.504612  0.36059 0.015948   0.00171054 -0.000501525 -0.000494671    0.0229992    0.0721925 -0.000954979 0.846968        0        0 0
             99.6005 -0.963637   -5.0042   -60.238 -10.5044 -9.68362 0.701337   0.632314   0.493226 0.00824025    0.0017704 -0.000534607 -0.000498363 0.0241037 0.0705392 -0.001024 0.846913        0        0 24035
             99.6005 -0.859638  -5.03188  -60.2873 -10.5145 -9.69686 0.703629  0.562167  0.370848 0.0264582   0.00172437 -0.000529309 -0.000482312   0.0232244   0.0720296 -0.00116019 0.838376        0        0 0
             99.7004 0.104692  -4.6162 -60.9247 -10.4472 -9.64177 0.703847  0.607705  0.563112 0.0223716  0.00176347 -0.00055001 -0.00051134    0.0245459    0.0700691 -0.000914425 0.83836       0       0 24006
             99.7004 0.264684 -4.81438 -60.9537 -10.4515   -9.651 0.702445  0.578373  0.473924 0.0144383   0.00170313  -0.00050125 -0.000502878    0.0237493    0.0708859 -0.000734991 0.832504        0        0 0
             99.8002 0.708121 -5.47878 -60.8022 -10.3995 -9.59618 0.707203   0.48094  0.546519 0.0377584   0.00178732 -0.000529283 -0.000528297   0.0246098   0.0706889 -0.00100204 0.832523        0        0 23994
             99.8002 0.861192 -5.52769 -60.8889 -10.4182 -9.62208 0.710363  0.342365  0.294013 0.0703438   0.00168862 -0.000550448 -0.000507136   0.0227007   0.0735203 -0.00123738 0.829404        0        0 0
             99.9001 0.915866 -5.52443 -60.8085 -10.3792 -9.57765 0.716757 0.338482 0.438935 0.058368   0.00176834 -0.000553954 -0.000525652   0.023997  0.0721425 -0.0011578 0.829346        0        0 24005
             99.9001 0.996351 -5.64543 -60.8357 -10.3841 -9.58656 0.719345  0.304906  0.351698 0.0808771   0.00172894 -0.000530436 -0.000519429   0.0232286   0.0729605 -0.00137677 0.83956       0       0 0
             99.9999 0.062763 -5.78312 -60.1599  -10.347 -9.53604 0.719366    0.32745   0.510721 -0.0094477   0.00179553 -0.000542928 -0.000542464    0.0246618    0.0714424 -0.000775798 0.83958       0       0 23960
             99.9999  0.18541 -5.87734 -60.1919 -10.3525 -9.54581 0.721041   0.285814   0.412314 0.00729925   0.00174202 -0.000527869 -0.000532628    0.0238217    0.0724085 -0.000924743 0.846183        0        0 0
               100.1 -0.240495  -5.67562   -58.453 -10.3226 -9.49776 0.722041     0.27588    0.464522 -0.00159878   0.00176806 -0.000557882 -0.000567805    0.024505   0.0717822 -0.00101808 0.846169        0        0 24040
               100.1 -0.145742   -5.7878  -58.4814 -10.3322 -9.51342   0.7204    0.205566    0.311389 -0.00872409   0.00171411 -0.000545274 -0.000557631    0.0232808    0.0733868 -0.000828947 0.846563        0        0 0
               100.2 -0.281717  -5.44619  -56.8018 -10.3018 -9.47407 0.720279   0.273459   0.386273 -0.0116127   0.00174653 -0.000557405 -0.000559135    0.0236453    0.0720415 -0.000946285 0.846524        0        0 23997
               100.2 -0.133011  -5.60372  -56.8357 -10.3045 -9.48224  0.72097    0.257425    0.305349 -0.00340938   0.00169165 -0.000526215 -0.000548156    0.0228795    0.0726787 -0.000973318 0.847149        0        0 0
               100.3  1.13361 -5.01388 -55.4711 -10.2738 -9.44207 0.719256   0.306585   0.374347 -0.0418173   0.00171586 -0.000551991 -0.000541625   0.0237846   0.0717784 -0.00107672 0.847125        0        0 23963
               100.3  1.20729 -5.06382  -55.537 -10.2846 -9.45786 0.721285    0.22926   0.223612 -0.0223525   0.00166026 -0.000564056 -0.000518974   0.0227333   0.0734851 -0.00121238 0.857529        0        0 0
               100.4  1.88593 -4.26418 -55.4496 -10.2527 -9.42098 0.714631   0.342667   0.370314 -0.0595394   0.00173031  -0.00054791 -0.000513884    0.0240604    0.0722301 -0.000885683 0.857546        0        0 24037
               100.4  1.94746 -4.37764  -55.476 -10.2572 -9.42879 0.714379   0.310346   0.296713 -0.0590452   0.00169491 -0.000527486 -0.000504062    0.0235398     0.073012 -0.000858425 0.859002        0        0 0
               100.5  1.94096 -4.53592  -55.676 -10.2137 -9.38414 0.709223   0.459515    0.43767 -0.0536041   0.00175891 -0.000513538 -0.000512558    0.0246051    0.0716328 -0.000846082 0.859017        0        0 23999
               100.5   1.9965 -4.66166 -55.7659 -10.2269 -9.40349 0.708698   0.361246    0.25435 -0.0526486    0.0016894 -0.000506272 -0.000474794    0.0234842    0.0737265 -0.000845149 0.855086        0        0 0
               100.6 0.866726 -5.07319 -57.4629 -10.1819 -9.36791 0.704184   0.474713   0.356408 -0.0361525   0.00177317 -0.000522889 -0.000482196    0.0242047    0.0727809 -0.000856322 0.855188        0        0 23983
               100.6 0.936799 -5.21022 -57.5074  -10.184 -9.37392 0.701723   0.461039   0.300456 -0.0536955   0.00174175 -0.000493007 -0.000466928    0.0237616    0.0732653 -0.000633809 0.854023        0        0 0
               100.7 0.541524 -5.67958 -59.2261 -10.1249 -9.32975 0.702731  0.603378  0.442701 0.0230887   0.00178919 -0.000519722 -0.000490405   0.0245458   0.0719003 -0.00102661 0.854086        0        0 24018
               100.7 0.66696 -5.7802 -59.285 -10.1326 -9.34195 0.701789  0.547127  0.327685 0.0184338   0.00172145 -0.000505174 -0.000467456    0.0237625      0.07313 -0.000934595 0.862668        0        0 0
               100.8  1.22501 -5.64352  -59.776 -10.0714 -9.29839 0.708178  0.585894  0.442558 0.0583983   0.00176297 -0.000554209 -0.000509383  0.0242704   0.072176 -0.0012455 0.862667        0        0 23963
               100.8  1.35338 -5.74103 -59.8153 -10.0754 -9.30787 0.707495  0.558954   0.35119 0.0569655   0.00170664 -0.000531678  -0.00049454   0.0234956   0.0729603 -0.00116499 0.853992        0        0 0
               100.9  1.31936 -5.34658 -59.6502 -10.0209 -9.26269 0.714693  0.514259  0.478568 0.0548422   0.00174139 -0.000577022 -0.000520781   0.0243718   0.0724751 -0.00135611 0.853989        0        0 24037
               100.9  1.35996 -5.46968 -59.6879 -10.0291 -9.27561 0.711848 0.454046 0.354503 0.036833   0.00172924 -0.000530945 -0.000510842  0.0233722  0.0738664 -0.0010628 0.850499        0        0 0
                 101 0.739342  -5.1979 -59.0819 -9.98393 -9.22585  0.71545  0.413365  0.517665 0.0217849   0.00175522 -0.000570659 -0.000536502   0.0246114   0.0730456 -0.00114528 0.850487        0        0 24005
                 101 0.787073 -5.29434 -59.0977 -9.99458 -9.23888 0.714432  0.333211   0.39401 0.0183118   0.00175019 -0.000535079 -0.000532987    0.023729   0.0746727 -0.00106217 0.848652        0        0 0
               101.1 0.0979082  -5.07174  -57.8543 -9.95725 -9.19018 0.717297  0.343577  0.518236 0.0179051   0.00173915 -0.000559672 -0.000550165   0.0240774   0.0737504 -0.00122941 0.848647        0        0 23958
               101.1 0.126592 -5.28163 -57.8455 -9.95963 -9.19486 0.710947   0.324264   0.476207 -0.0292647   0.00172968 -0.000499507 -0.000553439    0.0237707    0.0742281 -0.000603156 0.862639        0        0 0
               101.2 -0.0885231   -5.19765   -56.2507 -9.92223 -9.13751 0.714032  0.355976  0.570803 0.0238748     0.001784 -0.000544584 -0.000557709   0.0241834   0.0733428 -0.00119962 0.862642        0        0 24039
               101.2 0.0873279  -5.31325  -56.3372 -9.92321 -9.14676 0.713859  0.352821  0.477795 0.0258414   0.00172319 -0.000526734 -0.000529648   0.0232856   0.0739099 -0.00114051 0.857736        0        0 0
               101.3 -0.25371 -5.05376 -54.9803 -9.88786 -9.09086 0.720862  0.360574  0.550352 0.0826951   0.00175139 -0.000564303 -0.000547493   0.0243074   0.0734339 -0.00138103 0.857706        0        0 24002
               101.3 -0.140598  -5.13539  -55.0053 -9.89328 -9.10061 0.717647   0.31833  0.456745 0.0611933    0.0017143 -0.000538539  -0.00053971   0.0236229    0.074465 -0.00105601 0.864786        0        0 0
               101.4 0.503801 -4.71366 -53.9931 -9.86151 -9.04839 0.728611 0.324566 0.535187 0.101926   0.00172173 -0.000566193 -0.000537225   0.0242839   0.0741531 -0.00144669 0.864738        0        0 23998
               101.4 0.588416 -4.90538 -54.0564 -9.86637  -9.0609 0.727178  0.288116  0.412189 0.0955957    0.0016974 -0.000504204 -0.000516663   0.0232243    0.075402 -0.00127774 0.868988        0        0 0
               101.5 0.908248    -5.87 -54.0975 -9.83518 -9.00936 0.735887   0.32458  0.508349 0.0707939   0.00172922 -0.000528449 -0.000511396   0.0242707   0.0746326 -0.00130002 0.869021        0        0 24002
               101.5 0.920643 -5.95252 -54.1146 -9.83663 -9.01012 0.732852   0.31076  0.503464 0.0463785   0.00172519  -0.00050179 -0.000506359    0.0243379    0.0748119 -0.000987279 0.873279        0        0 0
               101.6  1.14888 -5.84593 -55.2091 -9.79456 -8.95341 0.738847  0.407556  0.542562 0.0286956   0.00174182 -0.000555023 -0.000482035   0.0245618    0.073565 -0.00128939 0.873314        0        0 23959
               101.6  1.18776 -5.93124 -55.3169 -9.80107  -8.9677   0.7387  0.367024  0.405273 0.0334753   0.00172946 -0.000528202 -0.000448911   0.0234477   0.0749656 -0.00126183 0.86768       0       0 0
               101.7  0.98099 -6.50041 -58.5167  -9.7606 -8.91665 0.738626   0.368466    0.52067 0.00299402   0.00178899  -0.00055431 -0.000437253   0.0241202   0.0740404 -0.00107221 0.867665        0        0 24041
               101.7  1.08991 -6.61656 -58.5779 -9.76376 -8.92424 0.737718    0.348754    0.449333 -0.00112776   0.00175578 -0.000514877 -0.000419143    0.0235186     0.074731 -0.000972785 0.872665        0        0 0
               101.8  1.01608 -7.35766 -62.0663 -9.72859 -8.86662 0.736603   0.316359   0.570485 0.00827186   0.00183714 -0.000560176 -0.000438773    0.0248156    0.0738322 -0.000755543 0.872687        0        0 23998
               101.8  1.23793 -7.52267 -62.1334 -9.73294 -8.87713 0.732238   0.283797   0.469279 -0.0226276   0.00176621 -0.000502889 -0.000420117     0.023979    0.0748028 -0.000288644 0.855438        0        0 0
               101.9  1.01486 -6.72339 -65.4382 -9.70347 -8.82029 0.735524  0.245138  0.549416 0.0319969   0.00183348  -0.00059719 -0.000449548    0.0251524      0.07377 -0.000768773 0.85537       0       0 23961
               101.9  1.09932 -6.78822 -65.5109 -9.71367 -8.83591 0.734553  0.164643  0.394993 0.0287721   0.00180321 -0.000569011 -0.000427437    0.0239026    0.0755015 -0.000615073 0.85217       0       0 0
                 102 0.151808 -7.54159 -69.0172  -9.6932 -8.77954 0.741793   0.15934  0.590355 0.0361622   0.00185848 -0.000574237   -0.0004557    0.025204   0.0740352 -0.00121547 0.852143        0        0 24036
                 102 0.291597   -7.719 -69.0727 -9.69663  -8.7919 0.736714   0.131393   0.466795 0.00100661   0.00181016 -0.000518409 -0.000439371    0.0239529    0.0749443 -0.000629443 0.842404        0        0 0
               102.1 -0.519639  -8.02215  -71.1948 -9.68169 -8.73248 0.741589  0.133159  0.586687 0.0283602   0.00186724 -0.000586144 -0.000484866    0.025152   0.0741818 -0.00127473 0.842384        0        0 24002
               102.1 -0.423381  -8.16243   -71.241 -9.68926 -8.74618 0.738871 0.0732969  0.450704 0.0122838   0.00182295 -0.000552513  -0.00047004    0.0238317    0.0754081 -0.000908654 0.832491        0        0 0
               102.2 -0.968105  -8.15266  -73.2886 -9.68059 -8.69093 0.746366 0.0839981  0.571685 0.0549984   0.00184752 -0.000599664 -0.000500077   0.0249386   0.0749196 -0.00163824 0.832522        0        0 23998
               102.2 -0.848378  -8.36281  -73.3219 -9.68577 -8.70351 0.737609  0.0366471   0.446298 -0.0101146   0.00179748 -0.000544842 -0.000487229    0.0237142    0.0758815 -0.000629291 0.841424        0        0 0
               102.3 -1.31849 -9.03631 -74.2964 -9.68538 -8.64491 0.745177 0.0122634  0.596799 0.0278409    0.0018408 -0.000587039 -0.000533202   0.0250315   0.0758128 -0.00177933 0.841469        0        0 24004
               102.3 -1.27018 -9.25901 -74.3075 -9.69355 -8.65802 0.738848 -0.0595545   0.465708 -0.0173753   0.00181162 -0.000526782  -0.00052723    0.0237338    0.0770389 -0.000990063 0.846412        0        0 0
               102.4 -1.54332 -9.24901 -75.0706 -9.68593 -8.60048 0.744182 0.0846478  0.547514 0.0354733   0.00182061 -0.000615018 -0.000538518    0.024826    0.075528 -0.00187959 0.846298        0        0 23960
               102.4 -1.46452 -9.42412 -75.1101  -9.6931 -8.61366 0.734078  0.0223409   0.418954 -0.0342414   0.00178797 -0.000569991 -0.000523213   0.0235604   0.0765929 -0.00075496 0.848047        0        0 0
               102.5 -1.03365 -8.64648 -77.0316 -9.67879 -8.56755 0.744591  0.170078  0.408826 0.0995371   0.00181427 -0.000651013 -0.000516069   0.0242117   0.0755287 -0.00186906 0.848042        0        0 24037
               102.5 -0.985949  -8.83744   -77.056 -9.68077 -8.57502 0.739014  0.152797  0.337054 0.0620737    0.0017995 -0.000585311 -0.000505936   0.0234388   0.0758943 -0.00124167 0.858005        0        0 0
               102.6 -0.905816  -8.84839  -78.3776 -9.66081 -8.53378 0.755202 0.244449 0.397466 0.111428   0.00181048 -0.000645606 -0.000530551   0.0244779   0.0756771 -0.00231148 0.857938        0        0 23985
               102.6 -0.887259  -9.06237  -78.4161 -9.66407 -8.54449 0.746188 0.216723 0.295176  0.05155   0.00180945 -0.000571698 -0.000518188   0.0233193    0.076236 -0.00131315 0.849425        0        0 0
               102.7 -1.16823 -9.13627 -80.0776 -9.63352 -8.50263 0.755809 0.341738 0.393282 0.069913   0.00185025 -0.000615518 -0.000526969    0.024958   0.0755444 -0.00206899 0.849491        0        0 24019
               102.7  -1.0798  -9.3433 -80.1168 -9.64088  -8.5181 0.749293  0.279659  0.240337 0.0276156   0.00181288 -0.000576019 -0.000508525   0.0232872   0.0765446 -0.00122484 0.837203        0        0 0
               102.8 -1.15468 -9.23438   -81.96 -9.60759 -8.48008 0.755006 0.371016 0.372444 0.028264   0.00184673 -0.000622076 -0.000526139   0.0251144   0.0762191 -0.00180475 0.837092        0        0 24001
               102.8 -1.05103 -9.43196 -82.0053 -9.61307 -8.49396 0.747648  0.323771  0.236121 -0.020542   0.00180297 -0.000587494 -0.000505378    0.0236242    0.0769376 -0.000921488 0.839607        0        0 0
               102.9 -0.660081  -9.71034  -83.9598 -9.57591 -8.45611 0.749295    0.381912    0.373616 -0.00492933   0.00183689  -0.00062167 -0.000524825  0.0251485  0.0765975 -0.0015785 0.839569        0        0 23958
               102.9 -0.539636  -9.92296   -83.987  -9.5826 -8.46876 0.746638   0.324294   0.248522 -0.0212904   0.00178601 -0.000575771 -0.000511381   0.0236906   0.0773834 -0.00110756 0.844455        0        0 0
                 103 0.676027 -8.84922 -85.2248 -9.54757 -8.43635 0.751854  0.336771  0.301433 0.0323225    0.0018112 -0.000669903  -0.00053655   0.0247069   0.0770194 -0.00191316 0.844426        0        0 24040
                 103 0.662402 -8.92668 -85.2185 -9.55295  -8.4391 0.748196   0.290972   0.275564 0.00551148   0.00180626 -0.000649437 -0.000536795   0.0244594   0.0775926 -0.00152691 0.842824        0        0 0
               103.1 0.272122 -6.83057 -85.8539 -9.51846 -8.40723 0.749944   0.331054   0.374464 0.00691297    0.0018666 -0.000692203 -0.000560585    0.024631   0.0768309 -0.00169345 0.842795        0        0 23996
               103.1  0.37607 -7.09247 -85.8704 -9.52492 -8.41986 0.744715   0.270469   0.246409 -0.0310149   0.00182068 -0.000635509 -0.000554166    0.0231103    0.0775765 -0.000978851 0.848534        0        0 0
               103.2 0.125017 -6.61686 -86.1016   -9.491 -8.38043 0.746925  0.318166  0.434353 0.0180753   0.00185998 -0.000666542 -0.000571317   0.0240765   0.0768201 -0.00155391 0.848512        0        0 23964
               103.2 0.207289 -6.83387 -86.0932 -9.49477 -8.38572 0.742393   0.284933   0.384306 -0.0139067   0.00182608  -0.00061232 -0.000573074   0.0234952   0.0772173 -0.00108327 0.8451      0      0 0
               103.3 -0.171497  -6.42177   -85.341 -9.46529 -8.33759  0.74746  0.271541  0.490121 0.0570282   0.00185526 -0.000650695 -0.000590772   0.0244756    0.076903 -0.00150431 0.845096        0        0 24038
               103.3 -0.109461  -6.63492  -85.3728 -9.47005 -8.34822 0.742138 0.229247 0.387698 0.020755   0.00182463 -0.000614879 -0.000581252    0.0232667    0.0773926 -0.000914233 0.841578        0        0 0
               103.4 -0.541719  -6.74132  -84.4797 -9.44986 -8.29475 0.750738  0.201031  0.565161 0.0771806   0.00184074 -0.000636344 -0.000595204   0.0244881   0.0776025 -0.00153631 0.841613        0        0 24001
               103.4 -0.437783   -7.0094  -84.5034 -9.45555 -8.30619 0.743024  0.150361  0.455751 0.0214114   0.00179373 -0.000588942 -0.000587544    0.0232435    0.0781869 -0.000715207 0.841866        0        0 0
               103.5 -0.452165   -7.3691  -84.1391 -9.43587 -8.24806  0.75288 0.179669 0.575046 0.106266   0.00183208 -0.000625089 -0.000576627  0.0245901  0.0775596 -0.0013984 0.841863        0        0 24001
               103.5 -0.342042  -7.56288  -84.1876 -9.44132  -8.2616 0.749472  0.131053  0.441265 0.0852691   0.00178567 -0.000604859 -0.000562195     0.023023    0.0781417 -0.000948077 0.848856        0        0 0
               103.6 0.161408 -8.28388   -84.48 -9.42405 -8.20486   0.7636 0.180512 0.568674  0.13823   0.00182032 -0.000620493 -0.000558097   0.0243864   0.0776761 -0.00142185 0.84887       0       0 23983
               103.6 0.254015 -8.52634 -84.5118 -9.42951 -8.21691 0.760012 0.132322 0.450861  0.11533   0.00177825   -0.0005793 -0.000548709    0.0230113    0.0782668 -0.000958295 0.852235        0        0 0
               103.7 0.520638 -9.23212 -84.6939 -9.41006 -8.15667 0.773154 0.239647 0.583939 0.102819   0.00183187 -0.000610098 -0.000561935   0.0248477   0.0780066 -0.00138819 0.852232        0        0 23977
               103.7 0.619065 -9.42258   -84.73  -9.4142 -8.16758 0.770671  0.203557  0.477205 0.0879295   0.00179234 -0.000582184 -0.000549611  0.0235821  0.0784545 -0.0010175 0.846398        0        0 0
               103.8 0.579909  -9.8428 -84.9874 -9.38572 -8.11201 0.781157 0.311334 0.535614 0.051959    0.0018168  -0.00063911 -0.000557043   0.0245185   0.0780354 -0.00162528 0.846406        0        0 24036
               103.8 0.633051 -10.0335 -85.0276 -9.39229 -8.12619 0.775941  0.254146  0.397318 0.0169977   0.00178863 -0.000607586 -0.000539057    0.0229475    0.0787388 -0.000941647 0.845202        0        0 0
               103.9 0.113851 -10.2606 -86.2071 -9.35881 -8.07674 0.780607  0.365019  0.473111 0.0380708   0.00184841 -0.000681486 -0.000535558    0.024388   0.0781998 -0.00146774 0.845203        0        0 24001
               103.9 0.252968 -10.4556 -86.2398  -9.3624 -8.08693  0.77732 0.332497 0.374388 0.017098   0.00180679 -0.000615326 -0.000525061     0.023169    0.0786085 -0.000989754 0.844354        0        0 0
                 104 -0.115673  -11.0515  -87.0798 -9.32354 -8.04163 0.782667 0.432987 0.447958 0.058388   0.00183277 -0.000677474 -0.000542583   0.0241613   0.0784436 -0.00137612 0.844414        0        0 24003
                 104 0.0254721  -11.2924  -87.1068 -9.32936 -8.05339 0.776735 0.381851 0.335398 0.016832   0.00179339 -0.000590903 -0.000534585    0.0227952    0.0790762 -0.000581173 0.845895        0        0 0
               104.1 0.561829 -11.9261 -88.8757 -9.28317 -8.01117 0.779665    0.470432    0.429017 -0.00144111   0.00182348 -0.000657165 -0.000517062    0.0238484    0.0785162 -0.000998287 0.845918        0        0 23998
               104.1 0.676157   -12.05 -88.9304 -9.28642 -8.02171 0.780624   0.440871   0.325057 0.00892465   0.00179257 -0.000623321 -0.000501303    0.0224814    0.0788387 -0.000856796 0.82929       0       0 0
               104.2  1.08661 -11.0456 -90.3284 -9.24563 -7.97354  0.78348  0.418502  0.480566 0.0103572   0.00184153 -0.000671415 -0.000531285   0.0240873   0.0792306 -0.00148527 0.829312        0        0 23962
               104.2  1.24201  -11.297 -90.3558 -9.24756 -7.98261 0.774504   0.397489   0.395672 -0.0535359   0.00179125 -0.000620174 -0.000522932    0.0232286    0.0794092 -0.000495338 0.834249        0        0 0
               104.3  1.80275 -11.4025  -91.264 -9.20846  -7.9354 0.781851  0.399249   0.45639 0.0429638   0.00182744  -0.00066173 -0.000539915   0.0238498   0.0795242 -0.00171006 0.834312        0        0 24040
               104.3  1.93514 -11.6097 -91.2806 -9.21218 -7.94271 0.778988  0.364923  0.386447 0.0229929   0.00177566 -0.000611351 -0.000534543   0.0230196   0.0798491 -0.00129904 0.838519        0        0 0
               104.4  1.79036  -10.677 -90.9358 -9.17696 -7.90222 0.785097  0.335451  0.399385 0.0565006   0.00182779 -0.000696603 -0.000562267  0.0232646  0.0797811 -0.0016924 0.838526        0        0 23960
               104.4  1.84269 -10.8641 -90.9264 -9.17575 -7.90357 0.779316 0.343956 0.389691 0.013895   0.00181152 -0.000638698 -0.000567434   0.0232516    0.079671 -0.00113587 0.841418        0        0 0
               104.5 0.862214 -10.8047 -89.9981 -9.14432 -7.86969 0.786997  0.316494  0.334953 0.0729947   0.00185213 -0.000671435 -0.000577586   0.0225154   0.0798577 -0.00144387 0.84144       0       0 24040
               104.5  1.01573  -11.009 -90.0031  -9.1491 -7.87699  0.78091  0.273182  0.265484 0.0296349   0.00180408 -0.000607401 -0.000576656    0.0216639    0.0803273 -0.000726713 0.837701        0        0 0
               104.6 0.772578 -10.7986  -88.312  -9.1164 -7.83954 0.789789  0.321322  0.389942 0.0620698   0.00182214 -0.000681047 -0.000591729   0.0227527   0.0798281 -0.00158066 0.837782        0        0 23978
               104.6 0.876647 -11.0488   -88.29 -9.11452 -7.83877 0.783623  0.335194  0.401319 0.0151683   0.00178597 -0.000601663 -0.000599876   0.0230127   0.0796645 -0.00100861 0.841202        0        0 0
               104.7  0.65571 -10.8028 -85.8165 -9.08441 -7.79658 0.787433  0.295373  0.440692 0.0202994   0.00182195 -0.000667901 -0.000605445   0.0228292   0.0798966 -0.00131442 0.841215        0        0 24018
               104.7 0.796444 -10.9766 -85.8365 -9.08454 -7.80303 0.783367    0.290474    0.379974 -0.00735829   0.00177929 -0.000613091 -0.000599702    0.0221116    0.0799043 -0.000805483 0.841533        0        0 0
               104.8  1.10493 -10.7771 -83.7487 -9.06053 -7.75751 0.786185    0.245241     0.45461 0.000976157   0.00179338 -0.000663582 -0.000590432  0.0227562  0.0803045 -0.0013268 0.841549        0        0 23964
               104.8  1.21559 -10.9575 -83.7673 -9.06157  -7.7629 0.780288   0.232827   0.404458 -0.0409692   0.00176031 -0.000606299 -0.000585763      0.02221    0.0804505 -0.000667353 0.855863        0        0 0
               104.9  1.85471 -9.30236 -82.6428 -9.03744 -7.71766 0.782754   0.248647   0.415911 0.00366434   0.00179419 -0.000683812 -0.000561908  0.0229367  0.0803122 -0.0014635 0.855835        0        0 24039
               104.9  1.94722 -9.44162 -82.6756 -9.04094 -7.72713 0.774816   0.217589   0.327158 -0.0503816   0.00176719 -0.000645573 -0.000552091    0.0219292    0.0807558 -0.000558325 0.84857       0       0 0
                 105  2.35099 -8.00127 -82.0545 -9.01716 -7.68388 0.777874   0.291667   0.442408 0.00175933   0.00182588 -0.000660486 -0.000562748   0.0231307   0.0808103 -0.00146836 0.848531        0        0 24001
                 105  2.45091 -8.27645 -82.0755 -9.01868  -7.6917 0.772038    0.27612   0.367509 -0.0395535   0.00179332 -0.000586107 -0.000557789    0.0222779    0.0810672 -0.000789044 0.852303        0        0 0
               105.1  2.10427   -7.482 -81.5522 -8.98511 -7.64614 0.773735   0.375156   0.439937 -0.0101298   0.00183999 -0.000644985 -0.000557859   0.0232146   0.0807689 -0.00156962 0.852395        0        0 24002
               105.1  2.23559 -7.65652 -81.6104 -8.98579  -7.6563  0.76796   0.366795   0.343592 -0.0491435   0.00180108 -0.000601041 -0.000539282    0.0220868    0.0809675 -0.000908757 0.873557        0        0 0
               105.2  1.74387 -7.05387 -81.9223 -8.94456 -7.61189 0.770305   0.450755   0.450228 0.00394048   0.00183427 -0.000639042 -0.000546163   0.0232042    0.080725 -0.00161702 0.873529        0        0 23958
               105.2  1.80567 -7.23498 -81.9555 -8.94672 -7.61969 0.767631   0.432204   0.375503 -0.0126938    0.0018146 -0.000588241 -0.000535233  0.0222988  0.0810356 -0.0012967 0.868205        0        0 0
               105.3  1.45069 -6.99298 -82.7168 -8.89973 -7.57273 0.768598   0.516282   0.478021 0.00518018   0.00183899 -0.000643711 -0.000537304   0.0232201   0.0810225 -0.00158454 0.868203        0        0 24039
               105.3  1.58651 -7.19969  -82.753 -8.90362 -7.58315 0.763496   0.480932   0.378512 -0.0280465   0.00179488 -0.000586047 -0.000524977   0.0220361   0.0815646 -0.00102819 0.85926       0       0 0
               105.4   2.0842 -6.48154 -83.3826 -8.85193   -7.534 0.768451  0.517536  0.481616 0.0453222    0.0018219 -0.000653213 -0.000545318      0.0234   0.0812721 -0.00166554 0.85922       0       0 24001
               105.4  2.17343 -6.60863 -83.4076 -8.85255  -7.5419 0.769387   0.51157  0.404318 0.0553399  0.00179306 -0.00062171 -0.00053712   0.0224075   0.0813883 -0.00167522 0.854164        0        0 0
               105.5  2.63109  -5.9023 -83.2046 -8.80374  -7.4937 0.772242   0.47192  0.507186 0.0379512   0.00183169  -0.00065441 -0.000560582   0.0232441   0.0814634 -0.00138712 0.854143        0        0 23960
               105.5  2.64002  -6.0872 -83.2311 -8.81284 -7.50711 0.767775   0.392021   0.376214 0.00776981   0.00181617 -0.000615432 -0.000553144    0.0216824    0.0825495 -0.000865703 0.861904        0        0 0
             105.601   2.1637  -5.0573 -83.1024 -8.77332 -7.45606 0.770208  0.355877  0.534366 0.0431881    0.0018577 -0.000654278 -0.000563103    0.0229886     0.082181 -0.000921727 0.861858        0        0 24039
             105.601  2.23329 -5.27802 -83.1278 -8.77093 -7.46112 0.768666  0.374221  0.486914 0.0336798   0.00183951 -0.000595229 -0.000558695    0.0223818    0.0819748 -0.000729777 0.858882        0        0 0
               105.7  1.29616 -5.84334 -82.3128 -8.73426 -7.40131 0.777732    0.3495  0.618995 0.0880735   0.00185524 -0.000619645 -0.000577777   0.0233683    0.081702 -0.00113997 0.858955        0        0 23998
               105.7  1.35766 -6.07269 -82.3283 -8.73485   -7.407 0.773641  0.343253  0.565284 0.0583759   0.00183368 -0.000560566 -0.000575142    0.0227273    0.0818192 -0.000714365 0.859242        0        0 0
               105.8 0.845253 -6.34053 -80.7877 -8.70195 -7.34713 0.781953  0.33252 0.611097 0.060687   0.00185138 -0.000629602 -0.000592839   0.0229114   0.0819159 -0.00106399 0.859241        0        0 24002
               105.8  0.91375 -6.49233  -80.801 -8.70309 -7.35307 0.780206  0.322083  0.553733 0.0497053    0.0018275 -0.000594236 -0.000589096    0.0222135    0.0820849 -0.000862424 0.868432        0        0 0
               105.9 0.286896 -6.40921 -78.2206 -8.66908 -7.29197 0.790852 0.346929 0.619547  0.08672   0.00185162  -0.00064134 -0.000610486   0.0225982   0.0818635 -0.00146696 0.868399        0        0 24000
               105.9 0.403806 -6.66835  -78.219 -8.67041 -7.29866 0.785929 0.334379  0.55637 0.052196   0.00181161 -0.000573038 -0.000611203    0.0218547    0.0820842 -0.000955028 0.858937        0        0 0
                 106 0.318702 -6.34972 -75.4944 -8.63672 -7.23698 0.797524  0.364609  0.603474 0.0955245   0.00183859 -0.000641919 -0.000609273   0.0226463   0.0820968 -0.00159919 0.858919        0        0 23961
                 106 0.465368  -6.5637 -75.5179 -8.64371 -7.24918 0.793379  0.304805  0.485397 0.0678185   0.00178371 -0.000594496 -0.000599991   0.0213042   0.0830261 -0.00110329 0.865794        0        0 0
               106.1 0.570343 -6.81172 -73.3068 -8.60759 -7.18924 0.802126  0.392125  0.584072 0.0823332   0.00181997 -0.000608424 -0.000591622   0.0226059   0.0824775 -0.00140313 0.865729        0        0 24038
               106.1 0.637012 -6.97314 -73.3116 -8.60785 -7.19363 0.797319  0.388763  0.542878 0.0488839   0.00179844 -0.000568765 -0.000589892    0.0221461    0.0826109 -0.000923196 0.871239        0        0 0
               106.2 0.532624 -6.89041 -70.8761  -8.5583 -7.13353 0.806201  0.524377  0.582749 0.0791184   0.00182912 -0.000594736 -0.000586735  0.0229718  0.0816517 -0.0012159 0.871211        0        0 24004
               106.2 0.543929  -7.0905 -70.8898 -8.56435 -7.14554 0.797686  0.470035   0.46472 0.0190607   0.00180883 -0.000564012 -0.000577721    0.0218246    0.0826296 -0.000335849 0.873551        0        0 0
               106.3 -0.239478  -7.74035  -69.2405 -8.50922 -7.09358 0.807846   0.57481  0.524217 0.0554626   0.00182677 -0.000594159 -0.000551734   0.0221224   0.0819659 -0.00129676 0.873536        0        0 23958
               106.3 -0.247631  -7.98122   -69.254 -8.51389 -7.10507 0.800088    0.535776    0.410766 0.000615123    0.0018161 -0.000546975 -0.000542969    0.0210137    0.0828048 -0.000488997 0.87551       0       0 0
               106.4 -0.928055  -8.43363  -68.2882 -8.45877 -7.05516 0.810043  0.605165  0.491589 0.0640422   0.00178516 -0.000598311 -0.000526554   0.0219022   0.0828301 -0.00157302 0.87548       0       0 24039
               106.4 -0.948468  -8.59951  -68.3037 -8.45826 -7.05953 0.803431 0.609628 0.451843 0.016925   0.00179123 -0.000558581  -0.00052012    0.0214957    0.0829316 -0.000931089 0.886802        0        0 0
               106.5 -1.31275 -9.07033  -68.059 -8.39914 -7.00413 0.814931  0.623632  0.564729 0.0803576   0.00178805 -0.000585804 -0.000511417   0.0225733   0.0831437 -0.00199762 0.886796        0        0 24001
               106.5  -1.2763 -9.28376 -68.0894 -8.39629 -7.00893 0.806014  0.647914  0.520976 0.0162172   0.00178257 -0.000536164  -0.00050008   0.0220917   0.0830304 -0.00113245 0.8978      0      0 0
               106.6 -0.453926  -9.13716  -66.7323 -8.33588 -6.94864 0.811145  0.610596   0.60767 0.0383229    0.0017675  -0.00057864 -0.000531019  0.0231379  0.0832211 -0.0015334 0.897762        0        0 23984
               106.6 -0.394504  -9.21492  -66.7342 -8.33579 -6.95188 0.812952  0.612812  0.573962 0.0532927   0.00174699 -0.000564995 -0.000529652    0.022721    0.083328 -0.00164567 0.890242        0        0 0
               106.7 -0.633584   -9.0358  -65.1584 -8.28129 -6.89616 0.815557  0.535454  0.562491 0.0398027   0.00178004 -0.000593321 -0.000531569   0.0227319   0.0838508 -0.00143947 0.890246        0        0 24016
               106.7 -0.668853  -9.18626  -65.1816 -8.29035 -6.90964 0.811685   0.46493  0.431819 0.0166417   0.00175766 -0.000581215 -0.000521163    0.0216503    0.0851604 -0.000953171 0.900326        0        0 0
               106.8 -1.76162 -8.34704 -64.3868 -8.23966  -6.8579 0.817272  0.443395  0.529811 0.0785736   0.00177132 -0.000610465 -0.000517488   0.0222129   0.0841165 -0.00109469 0.900288        0        0 23960
               106.8 -1.76308 -8.45979 -64.3387 -8.24001 -6.85966 0.814598  0.440445  0.514308 0.0595067   0.00176634 -0.000581084 -0.000530564    0.0220897     0.084212 -0.000842548 0.905923        0        0 0
               106.9 -2.29756  -9.3069 -63.0101   -8.196 -6.80292 0.823211  0.419696  0.579627 0.0707799   0.00178209 -0.000570355 -0.000528354   0.0223089   0.0838242 -0.00105772 0.905928        0        0 24036
               106.9 -2.25699 -9.48396 -63.0259 -8.19384 -6.80638 0.820933  0.438719  0.545256 0.0560716   0.00177107 -0.000530774 -0.000523115    0.0218741     0.083773 -0.000810553 0.912007        0        0 0
                 107 -2.24641  -9.9123 -61.5872 -8.15181 -6.74482 0.822348   0.416875   0.630602 -0.0187975   0.00178854  -0.00055947 -0.000527993     0.022572    0.0836628 -0.000823628 0.912013        0        0 24002
                 107  -2.1657 -9.96962 -61.5987 -8.15193 -6.74767 0.822468   0.417555   0.602092 -0.0165431  0.00176191 -0.00055084 -0.00052421    0.0222643    0.0837894 -0.000793568 0.91406       0       0 0
               107.1 -2.37662 -10.1968 -59.9046 -8.11299 -6.68738 0.820636   0.402131    0.58854 -0.0336033   0.00175328 -0.000569435 -0.000522425    0.0224036     0.084039 -0.000941569 0.914064        0        0 23962
               107.1 -2.33294 -10.2837 -59.9104 -8.11692 -6.69591   0.8166   0.374037   0.507612 -0.0592632   0.00172402 -0.000561086 -0.000518436    0.0217606    0.0847348 -0.000479688 0.919028        0        0 0
               107.2   -1.552 -9.17261 -59.2792 -8.07852 -6.64202 0.818099     0.40854     0.52144 -0.00518539   0.00174048 -0.000607304 -0.000495483   0.0222312   0.0846084 -0.00119709 0.91903       0       0 24039
               107.2 -1.44499  -9.2591 -59.3181 -8.07983 -6.64665 0.817574    0.400681    0.476603 -0.00662297    0.0017016 -0.000586915 -0.000480551   0.0218053   0.0849323 -0.00108596 0.925234        0        0 0
               107.3 -0.960898  -9.38824  -59.4601 -8.03511 -6.59192 0.819223   0.483003   0.536964 0.00927563  0.00173184  -0.0005909 -0.00047785  0.0225796  0.0844614 -0.0014049 0.925205        0        0 23998
               107.3 -0.99477  -9.5232 -59.4635 -8.03581  -6.5961 0.815284   0.479829   0.498668 -0.0182412   0.00174134 -0.000549821  -0.00047556    0.0222292    0.0847218 -0.000978235 0.928792        0        0 0
               107.4 -1.42559  -9.6125 -60.3842 -7.98108   -6.547 0.816582   0.583014   0.452737 0.00482728     0.001738 -0.000594007 -0.000451743   0.0223429   0.0843511 -0.00125567 0.928782        0        0 24001
               107.4 -1.49252 -9.66595 -60.4065 -7.98749 -6.55729 0.812678   0.536476   0.357517 -0.0204529   0.00176044 -0.000576663 -0.000443265    0.0216496    0.0854551 -0.000777895 0.922777        0        0 0
               107.5 -2.33406 -10.2583 -63.2885 -7.92627 -6.51013 0.813586   0.621313   0.479156 -0.0122991   0.00177047 -0.000595453 -0.000422935   0.0226695   0.0844063 -0.00125273 0.922699        0        0 24003
               107.5 -2.34237 -10.4505 -63.3086 -7.93041 -6.51976 0.807206   0.591485   0.389222 -0.0577941    0.0017761 -0.000531665 -0.000413787    0.0219521    0.0852646 -0.000501086 0.926402        0        0 0
               107.6 -2.25483 -11.7923 -66.6112  -7.8646 -6.46609 0.806548     0.662604     0.527286 -0.000939391   0.00178105 -0.000592072 -0.000428919  0.0232685   0.084257 -0.0011159 0.926384        0        0 23959
               107.6 -2.18546 -11.8256 -66.6275 -7.86641 -6.46916 0.806602    0.649931     0.49776 0.000560212   0.00175999 -0.000579232 -0.000423567  0.0230013  0.0845523 -0.0010724 0.911799        0        0 0
               107.7 -1.01489 -11.4308 -67.8743 -7.79771 -6.41297  0.80994  0.658958   0.55994 0.0536334   0.00174972  -0.00064737 -0.000472819   0.0235159   0.0839465 -0.00121777 0.911783        0        0 24036
               107.7 -1.06313 -11.5846 -67.8854 -7.80188 -6.42289  0.80761  0.629391  0.463107 0.0405301   0.00176641 -0.000592108 -0.000469366   0.0225653   0.0847319 -0.00080189 0.912977        0        0 0
               107.8 -1.25581 -11.1158 -69.4982 -7.74181 -6.37651 0.819439  0.579651  0.465026 0.0845325    0.0017652 -0.000660887 -0.000461624    0.022399   0.0847206 -0.00152886 0.912994        0        0 24003
               107.8  -1.3571 -11.2666 -69.5155  -7.7501 -6.39048 0.812602  0.517387  0.332798 0.0423235   0.00179781 -0.000612586 -0.000455748   0.0211906   0.0860342 -0.00066267 0.913259        0        0 0
               107.9 -2.21142  -11.502 -70.3643 -7.69532 -6.34413 0.820225  0.531307  0.482706 0.0309395   0.00180857 -0.000636709 -0.000484648   0.0221051   0.0852781 -0.00132683 0.913287        0        0 23961
               107.9 -2.22375 -11.6879 -70.3265 -7.69088 -6.34401 0.813714   0.564385   0.486719 -0.0134654   0.00181223 -0.000578007 -0.000495164    0.0221256    0.0848414 -0.000741497 0.9194      0      0 0
                 108 -2.29304 -11.3041 -70.6296  -7.6373 -6.28734  0.81605  0.559246   0.56815 -0.027133   0.00178853 -0.000651225 -0.000500064   0.0230286   0.0850769 -0.00148237 0.919435        0        0 24037
                 108 -2.30618 -11.4523  -70.635 -7.64136 -6.29557 0.813962   0.527009   0.487774 -0.0378651   0.00178876 -0.000607912 -0.000495281   0.0222077   0.0857578 -0.00113691 0.906938        0        0 0
               108.1 -2.13529 -10.9215 -69.6845 -7.58975 -6.24199 0.811105   0.562648   0.562914 -0.0552271   0.00177994 -0.000648498 -0.000528209   0.0225227   0.0860955 -0.00148601 0.906948        0        0 24002
               108.1 -2.17724 -11.1059 -69.6411 -7.58345 -6.23848 0.807066   0.612741   0.599247 -0.0861927   0.00179449 -0.000588025 -0.000540807   0.0228392   0.0853472 -0.00117794 0.918686        0        0 0
               108.2 -2.84869 -10.0511  -67.673 -7.52099 -6.18192 0.804835    0.653655    0.537443 -0.00238779   0.00179247 -0.000665767 -0.000548783   0.0226373   0.0855957 -0.00155401 0.918705        0        0 23997
               108.2 -2.79045 -10.0201  -67.712 -7.52935 -6.19312 0.806123  0.588776  0.424052 0.0116214   0.00177068 -0.000685785 -0.000533543   0.0215125   0.0867977 -0.00145051 0.926151        0        0 0
               108.3 -1.98766 -8.11174 -67.0794 -7.46661 -6.14191 0.807893  0.609851  0.526148 0.0469617   0.00177231 -0.000661171 -0.000529566   0.0222869   0.0861412 -0.00141814 0.92618       0       0 24003
               108.3 -2.0054 -8.3241 -67.037 -7.46937 -6.14641 0.802722  0.587508  0.485264 0.0109751   0.00177351 -0.000596868   -0.0005388    0.0219698    0.0865501 -0.000868448 0.938733        0        0 0
               108.4 -1.24858 -7.32525 -65.4369 -7.40667 -6.09202 0.805238  0.615297  0.521163 0.0320893    0.0017915 -0.000622658 -0.000545721    0.0227518    0.0858687 -0.000877073 0.938668        0        0 23961
               108.4 -1.18321 -7.33294 -65.4854 -7.40649 -6.09539 0.805921 0.618465 0.486064 0.039413   0.00177276 -0.000624276 -0.000530812    0.0223155    0.0859838 -0.000902882 0.934815        0        0 0
               108.5  -1.1671 -6.79405 -65.1101 -7.34569 -6.04692 0.814145  0.601703  0.502168 0.0658232   0.00177484 -0.000633637 -0.000514192   0.0221613   0.0861285 -0.00134213 0.934833        0        0 24037
               108.5 -1.19644 -6.99063 -65.1093 -7.34838 -6.05347 0.809961  0.582321   0.44076 0.0367375   0.00177853 -0.000581093 -0.000512681    0.0215841     0.086629 -0.000876626 0.93601       0       0 0
               108.6 -1.39859 -8.30279 -64.5427 -7.29291 -6.00144 0.809158   0.573244   0.525385 -0.0231508   0.00179369 -0.000576319 -0.000518073    0.0224995    0.0866979 -0.000690035 0.936001        0        0 23985
               108.6 -1.29782 -8.33489 -64.5795 -7.29682 -6.00776 0.806882    0.54518    0.46553 -0.0371085   0.00175562 -0.000575058  -0.00050612   0.0219811   0.0872899 -0.00043284 0.928536        0        0 0
               108.7 -0.791294  -8.23934  -65.3588 -7.23982 -5.95214 0.803169   0.557428   0.551588 -0.0424908   0.00180488 -0.000600792 -0.000494713    0.0230841    0.0866486 -0.000544094 0.928538        0        0 24018
               108.7 -0.691525  -8.30325  -65.3563 -7.24174  -5.9559 0.807085    0.542849    0.511473 -0.00778857   0.00176877 -0.000585488 -0.000494904    0.0226397     0.087009 -0.000913482 0.938636        0        0 0
               108.8 0.180418 -7.09571 -65.0414 -7.18585 -5.90299 0.808742  0.548544  0.525859 0.0192668   0.00176618 -0.000642568 -0.000515268   0.0227883    0.086754 -0.00112543 0.938637        0        0 24000
               108.8 0.215622 -7.17912 -65.0063 -7.18976 -5.90597 0.805337   0.517649   0.500382 -0.0055035   0.00174727 -0.000618183 -0.000525036    0.0226873    0.0872178 -0.000787328 0.928967        0        0 0
               108.9 0.921004 -6.48521 -64.9016 -7.13225 -5.85214 0.809003  0.527803  0.540654 0.0256324   0.00178302 -0.000627568 -0.000511736    0.022629   0.0863807 -0.00116736 0.928929        0        0 23960
               108.9 0.928082 -6.48668 -64.9099 -7.13815 -5.85484 0.810677  0.483678  0.515741 0.0380905   0.00177376 -0.000627755 -0.000507709  0.0225379  0.0870044 -0.0013163 0.926179        0        0 0
                 109 0.194165 -5.50831 -64.3897 -7.08759 -5.80147 0.816734  0.456786  0.542466 0.0722213   0.00181256 -0.000644867    -0.000523   0.0222918   0.0864976 -0.00142671 0.926171        0        0 24033
                 109 0.106333 -5.68204 -64.3704 -7.09141 -5.80545 0.814029  0.429212  0.507064 0.0532394    0.0018313 -0.000595974 -0.000529048    0.022037    0.086995 -0.00116332 0.933247        0        0 0
               109.1 -0.995014  -6.36133  -63.4359 -7.04634 -5.74452 0.818351  0.424849   0.63541 0.0378011   0.00183457 -0.000595977 -0.000536648   0.0228376   0.0863281 -0.00105331 0.933231        0        0 24007
               109.1 -0.868093  -6.41844  -63.4436 -7.05173 -5.75115 0.822037  0.387106  0.570525 0.0676666   0.00178324 -0.000590578 -0.000533516   0.0222683   0.0870512 -0.00138129 0.933885        0        0 0
               109.2 -0.545498  -7.13563  -62.4172  -7.0127 -5.68873 0.819355   0.369041   0.654739 -0.0308315   0.00178654 -0.000596645 -0.000529704    0.0225784    0.0867606 -0.000707735 0.933849        0        0 23960
               109.2  -0.5163 -7.21675 -62.4443 -7.01212  -5.6907 0.817618   0.374391   0.635686 -0.0427644   0.00177773 -0.000576042 -0.000521197    0.0223508     0.086795 -0.000532872 0.933593        0        0 0
               109.3 -0.485992  -7.56088  -60.9742 -6.97913 -5.62769 0.813232   0.350051   0.621901 -0.0359199   0.00175339 -0.000607967 -0.000523908    0.0223916       0.0873 -0.000542584 0.933601        0        0 24036
               109.3 -0.457347  -7.57872   -61.002 -6.97664 -5.62572 0.813255   0.368505   0.640162 -0.0361851   0.00175113 -0.000600587 -0.000515466    0.0224924    0.0869985 -0.000555537 0.924099        0        0 0
               109.4 -0.00292741    -6.90868    -60.0021 -6.94606 -5.56803  0.80942 0.340159 0.576644 -0.03578   0.00174773 -0.000616826 -0.000512045    0.0223768    0.0878963 -0.000508792 0.924117        0        0 24000
               109.4 0.0711476  -6.98939  -60.0361 -6.95149 -5.57811 0.810037   0.302866   0.479201 -0.0272807   0.00170791 -0.000612141 -0.000499218    0.0215348    0.0888273 -0.000492599 0.928926        0        0 0
               109.5 0.670861 -6.96109 -60.1517 -6.92351 -5.52949 0.807321    0.31576   0.474557 -0.0106064   0.00170864  -0.00060958 -0.000480433  0.0219262  0.0891121 -0.0004721 0.928941        0        0 24000
               109.5 0.663904 -7.02733  -60.111  -6.9229 -5.53087 0.807934    0.321872    0.460478 -0.00540908   0.00170898 -0.000592996  -0.00049311    0.0217289    0.0891303 -0.000512708 0.928953        0        0 0
               109.6 -0.316744  -6.84477   -60.391 -6.88718 -5.48236 0.816493  0.401927  0.461756 0.0695737   0.00171037 -0.000610988 -0.000475162   0.0222497   0.0889149 -0.00117026 0.928947        0        0 23986
               109.6 -0.421208  -6.94748  -60.3474 -6.88168 -5.47926 0.814222  0.444305  0.490182 0.0528314   0.00175444  -0.00057975 -0.000491415    0.0223179    0.0883181 -0.000964034 0.928102        0        0 0
               109.7 -1.59779 -7.90958 -61.3711 -6.83344 -5.41904 0.816387    0.507795    0.633795 -0.00178528   0.00178621 -0.000559129 -0.000481483    0.0232596    0.0878842 -0.000885636 0.928127        0        0 23978
               109.7 -1.60563 -7.98786  -61.383 -6.83044 -5.41751 0.820441  0.531842  0.644657 0.0273389    0.0017961 -0.000536099 -0.000478682   0.0231856   0.0875725 -0.00123579 0.938406        0        0 0
               109.8 -0.954596  -9.62141  -63.0169 -6.77687 -5.35122 0.820128   0.560468   0.664628 -0.0031742   0.00175891 -0.000561599 -0.000468612 0.0233601 0.0877559 -0.001093 0.938395        0        0 24042
               109.8 -0.97144 -9.69724 -63.0092 -6.77753 -5.35495 0.815112   0.556781   0.631251 -0.0375511   0.00175895 -0.000546764 -0.000469212    0.0230829    0.0879719 -0.000626922 0.941283        0        0 0
               109.9  0.29493 -9.09855 -63.8408 -6.72186 -5.29572 0.815203   0.562042   0.572594 0.00971785    0.0017332 -0.000632952 -0.000477699   0.0228167   0.0881286 -0.00085328 0.941274        0        0 23996
               109.9 0.243398 -9.12068 -63.7975 -6.71676  -5.2907  0.81051   0.598608   0.621379 -0.0256242   0.00176276 -0.000619911 -0.000492128    0.0232006    0.0874937 -0.000501771 0.935993        0        0 0
                 110 0.804146 -8.62705  -63.775 -6.66062 -5.23829 0.821341  0.533258  0.510967 0.0806677   0.00171905 -0.000648623 -0.000489379   0.0220268   0.0879512 -0.00143163 0.935968        0        0 23962
                 110 0.703864 -8.78333 -63.7683 -6.66168 -5.24396 0.813965  0.526472  0.459407 0.0292358   0.00173983 -0.000614914 -0.000491173    0.0216086    0.0882778 -0.000727573 0.936937        0        0 0
               110.1 0.892546 -7.33162  -63.718 -6.61966  -5.1926 0.820175  0.378395  0.519769 0.0414057     0.001752 -0.000667767 -0.000494129   0.0222711   0.0885892 -0.00121714 0.936932        0        0 24040
               110.1 0.898963 -7.50698 -63.7059 -6.61764 -5.19438  0.81392    0.393865    0.505207 -0.00250743    0.0017501 -0.000616018 -0.000499574    0.0221095    0.0884953 -0.000648568 0.950394        0        0 0
               110.2 0.384015 -7.72848 -63.3256 -6.59136 -5.14135 0.820792 0.282108 0.548671 0.031663    0.0017551 -0.000641726 -0.000502306   0.0226468   0.0893806 -0.00141022 0.95038       0       0 24002
               110.2 0.316979 -7.81681  -63.302 -6.58772 -5.13778 0.821091  0.308851  0.582569 0.0331894   0.00177776 -0.000613539 -0.000510643   0.0228848   0.0889059 -0.00145146 0.934146        0        0 0
               110.3 0.0023772  -7.68854  -62.2822 -6.56354  -5.0805 0.826345  0.219115  0.572162 0.0455473   0.00174476  -0.00065402 -0.000515471   0.0228913   0.0894271 -0.00172464 0.934186        0        0 23996
               110.3 -0.0559867   -7.76933   -62.2515 -6.56187  -5.0813 0.825332  0.232843  0.564074 0.0391491   0.00176195  -0.00062732 -0.000525204   0.0227279   0.0893194 -0.00161592 0.933482        0        0 0
               110.4 -0.178565   -7.5044  -61.5268 -6.54115 -5.02128 0.818634   0.166052   0.609782 -0.0361079   0.00175884 -0.000641482 -0.000511575    0.0230804    0.0889318 -0.000742777 0.93346       0       0 24001
               110.4 -0.203012  -7.55073  -61.5131 -6.54038 -5.02222 0.821132   0.173729   0.598672 -0.0174789   0.00176624 -0.000625927 -0.000515897     0.022875    0.0889086 -0.000959818 0.935642        0        0 0
               110.5  -1.0789 -5.80489 -61.4973 -6.52269 -4.97019 0.829264 0.209027   0.5128 0.119228   0.00174632 -0.000686726 -0.000496705    0.022549   0.0893956 -0.00124517 0.935701        0        0 23961
               110.5 -1.15781 -5.90285  -61.494 -6.52139 -4.97138 0.826304   0.21996  0.502341 0.0988328   0.00177156  -0.00065432 -0.000497734     0.022393    0.0893397 -0.000954395 0.944203        0        0 0
             110.601 -0.980014  -6.30976  -61.5536 -6.49821 -4.91244 0.826453  0.232029  0.593121 0.0189523   0.00175737 -0.000616517 -0.000507375    0.0230672    0.0889649 -0.000138035 0.944126        0        0 24036
             110.601 -0.98233 -6.45033  -61.539 -6.49407  -4.9105 0.825421  0.263618  0.610474 0.0118607   0.00175543 -0.000571398 -0.000511293    0.0230751    0.0885073 -5.10743e-05 0.945127        0        0 0
               110.7 -0.779108  -6.27837  -61.7932 -6.46678 -4.85811 0.838455 0.336082 0.471996 0.116686   0.00172415 -0.000636425 -0.000490003   0.0227824   0.0889624 -0.00100088 0.945157        0        0 24006
               110.7 -0.929109  -6.34122  -61.8004 -6.46841 -4.86109 0.832201  0.323892  0.446653 0.0727398   0.00177279 -0.000616665 -0.000487485   0.0226226   0.0892515 -0.00039918 0.945877        0        0 0
               110.8 -2.59458 -7.14127  -62.416 -6.43709 -4.81524 0.841617   0.33551   0.48291 0.0521291   0.00177955  -0.00061742 -0.000485173    0.0227263    0.0895586 -0.000765005 0.945884        0        0 23996
               110.8 -2.69047 -7.31122 -62.3818 -6.43665 -4.81835 0.837614   0.34044  0.454307 0.0244787   0.00180855  -0.00056532 -0.000493617    0.0224013    0.0896677 -0.000365321 0.944053        0        0 0
               110.9 -3.11787  -8.7253 -62.3866  -6.4029 -4.76641 0.843428   0.390553   0.527369 0.00978537   0.00177097 -0.000594665 -0.000503027    0.0230409    0.0898014 -0.000982463 0.944043        0        0 24000
               110.9 -3.13072  -8.7873 -62.3735 -6.39818 -4.76225 0.843127   0.425859    0.56603 0.00672146   0.00177743 -0.000573975 -0.000506291     0.023277     0.089185 -0.000998364 0.93902       0       0 0
                 111 -2.46813 -9.41101 -62.9787 -6.35747 -4.71096 0.844016    0.46386   0.505252 -0.0295807   0.00174771 -0.000619501 -0.000481594   0.0229816   0.0899686 -0.00128068 0.939084        0        0 23962
                 111 -2.53843 -9.44457 -63.0023 -6.35816 -4.71505 0.841777  0.460897  0.466226 -0.044031   0.00177064 -0.000610413 -0.000473497   0.0225798   0.0902137 -0.00101322 0.946117        0        0 0
               111.1 -0.962287  -8.64356  -64.5462 -6.30783 -4.66525 0.836667   0.520174   0.476656 -0.0503296   0.00170984 -0.000670412 -0.000458292   0.0230185   0.0899298 -0.00114567 0.946107        0        0 24041
               111.1 -0.970428  -8.62952    -64.54 -6.30169 -4.65968 0.839779    0.56704   0.526209 -0.0295237   0.00171422  -0.00067452 -0.000460565   0.0232816   0.0891392 -0.00150984 0.954331        0        0 0
               111.2  1.09138 -6.96432 -65.4238 -6.25169 -4.61272 0.835814   0.496391   0.467797 -0.0175001   0.00171858 -0.000690402 -0.000475202  0.0232346  0.0898701 -0.0011945 0.954364        0        0 23995
               111.2  1.01412 -7.12828 -65.4052  -6.2496 -4.61529 0.831491   0.513905   0.444097 -0.0471171   0.00174345 -0.000636506 -0.000482524    0.0229194    0.0897823 -0.000756791 0.959399        0        0 0
               111.3  1.20045 -5.58389 -65.6669 -6.20941  -4.5697  0.82715   0.381487   0.476505 -0.0456247   0.00178365 -0.000683013  -0.00049703    0.0232749    0.0905015 -0.000864759 0.959423        0        0 23964
               111.3  1.12835 -5.51152 -65.6587 -6.20903 -4.56856 0.833039    0.386198    0.484073 -0.00449493    0.0018071 -0.000706875 -0.000499713   0.0232704   0.0904133 -0.00142327 0.966217        0        0 0
               111.4 0.838197 -4.18167 -65.6551 -6.17659 -4.52131 0.834562  0.297033   0.47801 0.0511507   0.00179029 -0.000683755 -0.000511251  0.0231741  0.0907825 -0.0013242 0.966237        0        0 24039
               111.4  0.76974 -4.36365 -65.6525 -6.17343 -4.52222 0.828716 0.321755 0.471234 0.010006   0.00181349 -0.000629064 -0.000513827   0.0230132   0.0905377 -0.00075102 0.956002        0        0 0
               111.5 0.674714 -4.75219 -64.8459 -6.14589 -4.47485 0.832124  0.280821   0.49446 0.0303795   0.00178203 -0.000647629  -0.00052981    0.0229403    0.0908568 -0.000904356 0.956029        0        0 24001
               111.5 0.609411 -4.85299 -64.8182 -6.14408 -4.47574 0.829785  0.295544  0.486223 0.0145725    0.0018031 -0.000618367 -0.000538962    0.0227834    0.0907367 -0.000684562 0.964336        0        0 0
               111.6 0.671039 -4.96966 -63.8134 -6.11677  -4.4242 0.832012    0.257706    0.523778 -0.00539937   0.00178059 -0.000641151  -0.00053096    0.0231246    0.0907459 -0.000920688 0.964314        0        0 23980
               111.6 0.697342 -5.04463 -63.8095 -6.11117 -4.42288 0.824145   0.300646    0.53787 -0.0609499   0.00177913 -0.000617724 -0.000532628    0.0231192     0.090197 -0.000200715 0.980133        0        0 0
               111.7 0.836116 -5.04226 -61.9501 -6.09086 -4.37153 0.823644   0.222263   0.499211 -0.0239585    0.0017506 -0.000639472 -0.000546939    0.0231542    0.0911634 -0.000761472 0.980173        0        0 24020
               111.7 0.910304 -5.07294 -61.9425 -6.08566 -4.36881 0.823732   0.263297   0.523359 -0.0236573    0.0017334 -0.000628875 -0.000549438    0.023216   0.0905662 -0.00076222 0.984936        0        0 0
               111.8  2.21352 -3.90138 -60.4903 -6.06495 -4.31922 0.827498   0.254582   0.494064 0.00519466   0.00172138 -0.000661692 -0.000533091   0.0234511   0.0912496 -0.00140121 0.984953        0        0 23960
               111.8  2.21395 -3.94123 -60.5068 -6.06304 -4.32012 0.825945    0.270382    0.484574 -0.00499451   0.00172271 -0.000649093 -0.000528253   0.0232645   0.0911275 -0.00125313 0.982388        0        0 0
               111.9  3.73624 -3.28431 -59.3456 -6.03519  -4.2697 0.829783  0.324678  0.509177 0.0309603   0.00170085 -0.000652272 -0.000523067   0.0233408   0.0913882 -0.00168407 0.982401        0        0 24039
               111.9  3.61046 -3.31346 -59.3362 -6.03636 -4.27283 0.830553  0.318681  0.479134 0.0374312    0.0017397 -0.000643246 -0.000526844   0.0230191   0.0916525 -0.00176087 0.983176        0        0 0
                 112  2.86524 -3.02214 -58.9781 -6.00045 -4.22659 0.835691  0.413134  0.440055 0.0941725   0.00174669 -0.000635788 -0.000507855  0.0232112  0.0916804 -0.0015221 0.983164        0        0 23998
                 112  2.88611 -3.04771 -58.9629  -5.9962 -4.22558 0.838197 0.448022 0.444935 0.112882   0.00174431 -0.000630481 -0.000513444   0.0230397   0.0912563 -0.00173151 0.96402       0       0 0
               112.1 0.813867 -3.70641 -59.0663 -5.94922 -4.18041 0.842069  0.509138  0.482641 0.0443589   0.00177423 -0.000621249 -0.000496967   0.0232006   0.0914703 -0.00107237 0.963996        0        0 23963
               112.1 0.880772 -3.80954 -59.0385 -5.94671 -4.18467 0.842371  0.533566  0.438417 0.0489432   0.00175279 -0.000600751 -0.000504023   0.0225773   0.0914762 -0.00110431 0.977445        0        0 0
               112.2 -0.227206  -5.20919  -59.4464  -5.8921 -4.12819 0.836022   0.575255    0.58503 -0.0592865   0.00179056  -0.00058426 -0.000499056     0.023937     0.091268 -0.000261476 0.977392        0        0 24036
               112.2 -0.228147  -5.21673  -59.4246 -5.88836  -4.1259 0.839462   0.604494   0.602256 -0.0342221   0.00179703 -0.000581981 -0.000505749    0.0239224    0.0908401 -0.000562698 0.964907        0        0 0
               112.3 0.316791 -6.84926  -60.318  -5.8279 -4.06489 0.831536   0.632923   0.606827 -0.0743035   0.00175001  -0.00058554 -0.000483207    0.0242063    0.0910537 -0.000245891 0.964901        0        0 24002
               112.3 0.288069 -6.86036 -60.2966  -5.8268  -4.0658 0.834142   0.643836   0.595584 -0.0545221   0.00175834 -0.000585701 -0.000489258   0.0240047   0.0910051 -0.00047555 0.96113       0       0 0
               112.4  1.50067 -6.28677  -60.523 -5.76016 -4.00881  0.83223   0.681333   0.567677 -0.0075426   0.00172925 -0.000657662 -0.000486282    0.0238591     0.091036 -0.000637984 0.961143        0        0 23999
               112.4  1.58595 -6.38684 -60.5317 -5.75654 -4.01145 0.831886    0.712648    0.538618 -0.00766273   0.00170611 -0.000636687 -0.000484319    0.0233576    0.0908649 -0.000578944 0.975833        0        0 0
               112.5   1.3556 -7.05228 -59.5539 -5.69394 -3.95794 0.832955  0.587168  0.543103 0.0149774   0.00175396 -0.000621015 -0.000517874    0.0235354    0.0913425 -0.000614765 0.975838        0        0 24004
               112.5  1.30057 -6.97141 -59.5413  -5.6987 -3.96168 0.838843  0.554155  0.507053 0.0574136   0.00175817 -0.000649421 -0.000520039   0.0232956   0.0918955 -0.00112747 0.965777        0        0 0
               112.6  1.69547 -6.13315 -59.3789 -5.65027 -3.91368 0.843496  0.447679  0.493992 0.0395095   0.00173663 -0.000667899 -0.000490673   0.0230544   0.0921794 -0.00112265 0.965789        0        0 23959
               112.6  1.63795 -6.28324 -59.3375 -5.64432 -3.91315 0.839622  0.494952  0.496894 0.0126866    0.0017634 -0.000628236 -0.000505753    0.0228387    0.0916842 -0.000747324 0.967015        0        0 0
               112.7 0.962595 -6.34894 -59.3057 -5.59896 -3.85305 0.835585   0.426899   0.629452 -0.0602587   0.00177761 -0.000628147 -0.000489009    0.0238948    0.0914591 -0.000544264 0.966995        0        0 24037
               112.7 0.972268 -6.31403 -59.2663 -5.60284 -3.85739 0.843685    0.402277    0.586062 -0.00159917   0.00176335 -0.000646592 -0.000500253   0.0235141   0.0919517 -0.00124654 0.985144        0        0 0
               112.8 0.487654 -6.27391 -59.2085 -5.56538 -3.79017 0.838675   0.364933    0.70955 -0.0493038   0.00176768 -0.000624642 -0.000496891    0.0242524    0.0917995 -0.000927564 0.985115        0        0 24000
               112.8 0.647606 -6.38115 -59.1795 -5.56693 -3.79696 0.838952  0.357725  0.643409 -0.044669   0.00170819 -0.000607027 -0.000505217     0.023601    0.0922519 -0.000923396 0.984778        0        0 0
               112.9 -0.593744  -6.30113   -59.623 -5.52363 -3.72366 0.831602  0.440974  0.696143 -0.064153   0.00177874 -0.000627501 -0.000487096    0.0244249    0.0913371 -0.000812433 0.98476       0       0 23963
               112.9 -0.26902 -6.37994 -59.7112 -5.53584 -3.74435 0.826708   0.356843   0.503485 -0.0948089   0.00163951 -0.000634326 -0.000455445    0.0229754    0.0933298 -0.000305318 0.984621        0        0 0
                 113 -0.21354 -3.96021  -60.509 -5.49094 -3.67868 0.824233   0.429028   0.635859 -0.0106337   0.00174306  -0.00068603 -0.000499009    0.0242364    0.0919232 -0.000772772 0.984503        0        0 24039
                 113 -0.262889  -4.06131  -60.4817 -5.48828 -3.67916 0.825317    0.451841    0.628681 -0.00176921   0.00176183 -0.000654784 -0.000508802    0.0240025    0.0917315 -0.000858925 0.986991        0        0 0
               113.1 -0.43985 -4.55664 -60.7749 -5.43362 -3.60684 0.832691 0.553666 0.681317 0.107928    0.0017782 -0.000633688  -0.00051875   0.0250061   0.0904948 -0.00111454 0.987067        0        0 23996
               113.1 -0.531451  -4.59164  -60.7512 -5.42729 -3.60204 0.830661  0.600451  0.724617 0.0934104   0.00180887 -0.000624463 -0.000527536   0.0252203   0.0897221 -0.00094069 0.982973        0        0 0
               113.2 -0.956511  -4.69602  -60.7006 -5.36749 -3.54507  0.84713 0.649697 0.538052 0.128608   0.00176816 -0.000647129 -0.000510613   0.0240042   0.0906352 -0.00157118 0.983054        0        0 24005
               113.2 -1.16073 -4.67991  -60.674 -5.37448 -3.55358 0.852012 0.603051 0.456934 0.165761   0.00183739  -0.00064888 -0.000518994   0.0233394   0.0916753 -0.00201164 0.984643        0        0 0
               113.3 -1.97766 -5.79897 -61.2435 -5.31388 -3.50795 0.858703 0.631328 0.458324 0.041847   0.00179507 -0.000632977 -0.000502403   0.0236292   0.0917698 -0.00144302 0.98462       0       0 23999
               113.3 -2.03295 -5.85117 -61.2046   -5.315 -3.50854 0.859295  0.623079  0.453605 0.0461625   0.00181255  -0.00061583 -0.000514348   0.0236163   0.0918984 -0.00149666 0.983904        0        0 0
               113.4 -1.00267 -6.84271 -61.8629 -5.25239 -3.46573 0.853005   0.671105   0.412623 -0.0328262   0.00176211 -0.000635893 -0.000495885    0.0237605    0.0922334 -0.000666081 0.983892        0        0 23961
               113.4 -0.941824  -6.80542  -61.8568 -5.25074 -3.46296 0.861851  0.684127  0.434086 0.0311734   0.00174406 -0.000646939 -0.000497848   0.0238564   0.0919769 -0.00152958 0.972305        0        0 0
               113.5  1.06307 -5.88455 -60.9167 -5.18089 -3.42097 0.858924  0.699729  0.420742 0.0266722   0.00173195  -0.00069018 -0.000521443    0.0241545    0.0920484 -0.000596186 0.972272        0        0 24037
               113.5  1.31893  -6.1384 -60.9389 -5.18708 -3.43603 0.854684    0.658022    0.278807 0.000558627   0.00163358 -0.000634079 -0.000512439    0.0229275    0.0932231 -8.84634e-05 0.987651        0        0 0
               113.6  1.22686 -6.91966 -57.9342 -5.12672 -3.39396 0.852164   0.574838   0.465914 -0.0515201    0.0017417 -0.000650218  -0.00056968    0.0242901    0.0929901 -7.97927e-05 0.987616        0        0 23986
               113.6  1.43453 -6.99175 -57.9046 -5.13467 -3.40815 0.854481   0.524671   0.331844 -0.0315025   0.00166675 -0.000629517 -0.000580849    0.0230236    0.0943122 -0.000212092 1.00239       0       0 0
               113.7  2.19264 -5.81581 -55.2032 -5.07628 -3.35056 0.854247   0.522494   0.590958 -0.0430979   0.00170814 -0.000667243 -0.000557895    0.0249979    0.0924614 -0.000721417 1.00238       0       0 24016
               113.7  2.41357 -6.00954 -55.2343 -5.07483 -3.35929 0.854135   0.542286   0.503325 -0.0385601   0.00163904 -0.000612975 -0.000550464    0.0238659    0.0928032 -0.000660222 1.01413       0       0 0
               113.8  1.61836 -5.06928 -51.7746 -5.01729   -3.286 0.853679   0.493536   0.728766 -0.0332163   0.00170887 -0.000649686 -0.000562386   0.0255631    0.090969 -0.00112625 1.01404       0       0 23999
               113.8  1.87883 -5.33709 -51.8253 -5.02234  -3.3001 0.850024   0.465739   0.598354 -0.0538048   0.00162481 -0.000572922 -0.000549018    0.0243805    0.0921973 -0.000781188 1.02115       0       0 0
               113.9  1.36754  -5.5345 -49.0594 -4.97476 -3.22893 0.847876    0.40365    0.68811 -0.0339981   0.00169024 -0.000609872  -0.00054434   0.0251764   0.0910034 -0.00102553 1.0212      0      0 23962
               113.9  1.56309 -5.70796 -49.0976 -4.98171  -3.2409 0.848131    0.36095   0.581221 -0.0288909    0.0016279 -0.000560946 -0.000533682   0.0243985   0.0922586 -0.00107995 1.03124       0       0 0
                 114  2.31669 -4.99074 -47.3963 -4.94433  -3.1786   0.8491    0.301578    0.540462 -0.00315112   0.00164323 -0.000636636 -0.000513743   0.0247019   0.0912742 -0.00145925 1.03125       0       0 24037
                 114  2.53354 -5.08596 -47.4837 -4.95677 -3.19631 0.848483    0.219165    0.389936 -0.00318833   0.00157615 -0.000612687 -0.000487781   0.0239148   0.0933161 -0.00147598 1.02659       0       0 0
               114.1  2.66523 -2.90421 -48.5334 -4.92725 -3.14658 0.848119   0.210881   0.422895 0.00727629   0.00167307 -0.000660405 -0.000454729   0.0244311   0.0913621 -0.00139668 1.02655       0       0 24003
               114.1  2.76831 -3.10616 -48.6201 -4.93717 -3.16212 0.844475   0.146357   0.295002 -0.0153403   0.00164005   -0.0005973 -0.000429421   0.0237988    0.093079 -0.00113618 1.03365       0       0 0
               114.2  1.96746 -2.78484 -50.5902 -4.90853  -3.1122 0.847595  0.232603  0.455823 0.0590474   0.00170945  -0.00062689 -0.000441078   0.0245229   0.0905931 -0.00110639 1.03354       0       0 23960
               114.2 2.09637  -3.032 -50.612   -4.913 -3.12406 0.843186  0.208525  0.355759 0.0318615   0.00166446 -0.000549441 -0.000436096    0.0237931    0.0916839 -0.000777708 1.04126       0       0 0
               114.3  2.07037 -3.67228 -52.1275 -4.88134 -3.07371  0.85585 0.306935 0.455028 0.127792   0.00172502 -0.000606286 -0.000451483    0.024746   0.0900409 -0.00121329 1.04128       0       0 24038
               114.3  2.27139 -3.81038 -52.1529 -4.88831 -3.08819 0.849563   0.26409  0.331029 0.0868282   0.00164973 -0.000567468 -0.000443826    0.0239371    0.0914653 -0.000719108 1.0278      0      0 0
               114.4  1.68125 -4.69456  -53.258 -4.85357 -3.03704 0.863628 0.342642 0.524318 0.120157   0.00175105 -0.000597488 -0.000467728   0.0250969   0.0899475 -0.00109952 1.02787       0       0 24001
               114.4  1.89231 -5.00523  -53.328 -4.86543 -3.05626 0.859455 0.264451 0.357665 0.094387   0.00166216 -0.000506859 -0.000448383    0.0240841    0.0919913 -0.000801939 1.03206       0       0 0
               114.5  1.23513 -7.27654 -54.0062 -4.82712 -3.00176 0.875672 0.398352 0.540573 0.136063   0.00176646 -0.000575371 -0.000469851   0.0250976   0.0904073 -0.00140819 1.03203       0       0 24000
               114.5  1.47144 -7.48051 -54.0417 -4.83728 -3.01971 0.870519 0.331799 0.381663 0.106195   0.00167176 -0.000518806 -0.000461224   0.0240221   0.0922538 -0.00100251 1.01932       0       0 0
               114.6  1.27807 -8.89455 -54.5704 -4.78903 -2.96578 0.884883 0.491989 0.513751 0.134382   0.00177053 -0.000603954 -0.000475572   0.024905  0.0905214 -0.0012913 1.01918       0       0 23985
               114.6  1.60639 -9.05661 -54.6382 -4.79287 -2.97578 0.883888 0.469741 0.422477 0.131431   0.00166031 -0.000557765 -0.000456209   0.0241342   0.0913884 -0.00117834 1.01701       0       0 0
               114.7  1.63232 -8.86284 -54.0085 -4.73082 -2.92006 0.896508 0.589534 0.528755 0.131313   0.00178424 -0.000647953 -0.000491208   0.0247776   0.0895932 -0.00113239 1.01697       0       0 23976
               114.7  2.02841 -9.00801 -54.1107 -4.73787 -2.93462 0.896586  0.54592 0.395859  0.13772   0.00165149 -0.000609179 -0.000458831   0.0237149   0.0909671 -0.00108436 1.01831       0       0 0
               114.8   1.9582 -10.2954 -53.1864 -4.68608 -2.88704 0.913395 0.476237  0.48934 0.153574   0.00175401 -0.000612034 -0.000487976   0.0244825   0.0905467 -0.00134592 1.01832       0       0 24037
               114.8  2.19554  -10.539 -53.2585 -4.68935 -2.89927 0.914439 0.462391   0.3749 0.166233   0.00166837 -0.000553452 -0.000468244  0.0233403  0.0915272 -0.0013627 1.02248       0       0 0
               114.9  1.42752 -11.5938 -50.7997  -4.6482  -2.8493 0.918682  0.372274  0.518026 0.0381684   0.00175153 -0.000598942 -0.000504225    0.0247956    0.0910888 -0.000606673 1.02247       0       0 24003
               114.9  1.70889 -11.7555 -50.8626 -4.64789 -2.85486 0.915995  0.378681  0.465438 0.0221795   0.00166156 -0.000562504 -0.000487074    0.0242555    0.0914066 -0.000304218 1.04031       0       0 0
                 115 0.216451  -11.902 -47.2381 -4.61564 -2.80147 0.917952   0.296325   0.532603 -0.0153804   0.00176283 -0.000602145 -0.000532339    0.0251028    0.0912206 -0.000635832 1.04031       0       0 23960
                 115 0.645721 -12.1927 -47.3352  -4.6134 -2.81102 0.916616  0.323208  0.439123 -0.017947   0.00162903 -0.000531802 -0.000503628     0.023997      0.09167 -0.000372842 1.05303       0       0 0
               115.1 -0.39119 -11.9558 -43.1404 -4.58764 -2.75915 0.920237   0.225206    0.49171 -0.0095568   0.00169741 -0.000607512 -0.000534959   0.0249966   0.0912706 -0.00115914 1.05306       0       0 24041
               115.1 -0.0408971   -12.1933   -43.2345 -4.58927 -2.77172 0.919089   0.225417   0.376931 -0.0103584   0.00158386  -0.00055639 -0.000504853    0.0239428    0.0922249 -0.000928747 1.06463       0       0 0
               115.2 -0.851884  -11.6772  -38.7519  -4.5681 -2.72156  0.92167    0.155222    0.485865 -0.00639679   0.00166258 -0.000594241 -0.000550115   0.0247974   0.0911252 -0.00145712 1.06462       0       0 23998
               115.2 -0.515583  -11.9682  -38.8365 -4.56834 -2.73301 0.916153   0.162946   0.385398 -0.0387915   0.00155126 -0.000528492 -0.000522134    0.0239716    0.0919534 -0.000850174 1.07245       0       0 0
               115.3 -0.988141  -11.5354  -34.0882 -4.55222  -2.6821 0.920197   0.126531   0.459647 0.00468991   0.00167885 -0.000597372 -0.000554404   0.0245164    0.090806 -0.00168359 1.07244       0       0 23998
               115.3 -0.56704 -11.8121 -34.2691 -4.55926 -2.69767 0.912249  0.0760887   0.337242 -0.0474694   0.00153272 -0.000531487  -0.00049249     0.024195    0.0923368 -0.000926802 1.07873       0       0 0
               115.4 -0.202788  -10.7497  -31.3006 -4.54252 -2.64656 0.912859   0.100546   0.444781 -0.0429347   0.00166581 -0.000604035 -0.000502022   0.0241303   0.0902688 -0.00160937 1.0787      0      0 24001
               115.4 0.254454  -11.045  -31.423 -4.54554 -2.65848 0.901267 0.0784495  0.354627 -0.120487   0.00151794 -0.000528878 -0.000461434    0.0239351    0.0913083 -0.000546065 1.07408       0       0 0
               115.5 0.535171 -9.64389  -28.053 -4.53222 -2.60688 0.897728   0.087515   0.470356 -0.0882399   0.00163766 -0.000603224  -0.00049765   0.0236915   0.0896158 -0.00151689 1.07405       0       0 23962
               115.5 0.778836 -9.95236 -28.1597 -4.53966 -2.62183 0.886267 0.0260702  0.361678 -0.170433   0.00153971 -0.000517313 -0.000459581    0.0238805    0.0911266 -0.000494635 1.07292       0       0 0
             115.601 -0.0124134   -8.92776   -25.4001 -4.52779 -2.56749  0.88242   0.11836  0.467752 -0.073141   0.00167891 -0.000582152 -0.000469588  0.0234914  0.0893246 -0.0016525 1.07287       0       0 24040
             115.601 0.231435 -9.20081 -25.5668 -4.54011 -2.58512 0.870797 0.0148489  0.347196 -0.156757   0.00157261  -0.00049863 -0.000411977    0.0241555    0.0911859 -0.000723662 1.0824      0      0 0
               115.7 0.244457 -6.65177 -24.6055 -4.53217 -2.54546 0.873175   0.107057   0.352181 -0.0144828   0.00161967 -0.000602598 -0.000427939   0.0236857   0.0904649 -0.00217404 1.08243       0       0 23999
               115.7 0.394823 -6.96821 -24.7248 -4.53742 -2.55604 0.860564 0.0582307  0.279559 -0.103892   0.00155389 -0.000508092 -0.000385374   0.0240464    0.091499 -0.00112103 1.08034       0       0 0
               115.8 0.433104 -5.24501 -24.9261 -4.50906 -2.50675 0.870016  0.280704  0.379949 0.0549787   0.00169585 -0.000613571 -0.000431846   0.0224955   0.0890031 -0.00258561 1.08021       0       0 24002
               115.8 0.630552 -5.53469 -25.1064 -4.52508 -2.52685 0.855526   0.141269   0.249368 -0.0506848   0.00159211 -0.000509897 -0.000361605   0.0236558   0.0910698 -0.00144206 1.08774       0       0 0
               115.9 -0.777274  -4.30761  -26.4076 -4.50091 -2.49142  0.86541  0.249335  0.308873 0.0739312  0.00171876 -0.00059052 -0.00040115     0.02304    0.089844 -0.00260446 1.08771       0       0 24000
               115.9 -0.50275 -4.57824 -26.5435 -4.51069  -2.5051 0.851695   0.160755   0.218859 -0.0262197   0.00160759 -0.000497321   -0.0003507  0.0237731  0.0912424 -0.0014465 1.07683       0       0 0
                 116 -1.68061 -4.22404 -29.3157 -4.48233 -2.46926  0.86497 0.290645 0.303129 0.126534   0.00169077 -0.000580133 -0.000382772   0.0231426   0.0898239 -0.00257107 1.07679       0       0 23959
                 116 -1.49729 -4.52457  -29.478  -4.4992 -2.49307  0.85262 0.152387 0.146682 0.033282  0.00158453 -0.00046913 -0.00032386   0.0240574   0.0921967 -0.00150153 1.07474       0       0 0
               116.1 -2.09422 -4.91617 -33.8045 -4.46603 -2.45457 0.861895  0.299664  0.303954 0.0990521   0.00171943 -0.000573667 -0.000368564   0.0234075   0.0897901 -0.00191882 1.07476       0       0 24041
               116.1 -1.82008 -5.15007 -33.9513 -4.47682 -2.47459 0.850199  0.215309   0.16541 0.0132991   0.00159466  -0.00049342 -0.000318026    0.0236944    0.0916735 -0.000868152 1.07902       0       0 0
               116.2  -1.8719 -5.19673 -39.2303 -4.43529 -2.42638 0.861425 0.375855 0.395505 0.108481   0.00176766 -0.000601331 -0.000368372  0.0234413  0.0886299 -0.0016838 1.07899       0       0 23997
               116.2  -1.5358  -5.2887 -39.3542 -4.44806   -2.446 0.858656  0.280864  0.256536 0.0862026   0.00161951 -0.000557269 -0.000326729   0.0236511    0.090561 -0.00137627 1.07618       0       0 0
               116.3 -1.24517 -4.50731 -43.7622 -4.41702 -2.40903 0.872096 0.273854 0.349671 0.119055   0.00178395 -0.000603689 -0.000381283   0.0240017   0.0896111 -0.00175585 1.07619       0       0 23962
               116.3 -0.920515  -4.78857  -43.8688 -4.42473 -2.42399 0.870316 0.221647 0.235458 0.106961   0.00165303 -0.000516809 -0.000345116    0.023738   0.0910106 -0.00154439 1.07299       0       0 0
               116.4 -1.14887 -5.50559 -47.1477  -4.3914 -2.37122 0.881427  0.270431  0.494605 0.0619839   0.00177814 -0.000600918 -0.000421844   0.0246828   0.0885481 -0.00191804 1.07307       0       0 24039
               116.4 -0.975482  -5.60346  -47.2155 -4.39689 -2.38157 0.880045  0.234998  0.413156 0.0534878   0.00170324 -0.000567562 -0.000398857    0.024381   0.0895191 -0.00176841 1.07999       0       0 0
               116.5 -1.10544 -4.67003  -48.576 -4.36671 -2.33134  0.88209  0.276023  0.490218 0.0155878   0.00176702 -0.000656883 -0.000467527   0.0244201   0.0885353 -0.00171789 1.07999       0       0 24001
               116.5 -0.994285  -4.79547  -48.6656 -4.38112 -2.35348 0.883122  0.182191  0.311995 0.0251153   0.00172299 -0.000598791 -0.000436492   0.0236074   0.0909437 -0.00172804 1.0632      0      0 0
               116.6 -2.02319 -3.96527 -49.2662 -4.35383 -2.31104 0.881083  0.232894  0.415644 0.0187958   0.00180265    -0.000645 -0.000491749   0.0238752   0.0895587 -0.00115066 1.06315       0       0 23979
               116.6 -1.86538 -4.17951  -49.324 -4.35859 -2.32395 0.878145  0.206878  0.304988 0.0025395   0.00175318  -0.00057437 -0.000471357     0.023021    0.0907652 -0.000843027 1.06615       0       0 0
               116.7 -2.90728  -4.3624 -49.8786  -4.3345 -2.27548 0.879437  0.171029  0.483137 0.0145088   0.00181503 -0.000616677 -0.000489976  0.0241775  0.0891552 -0.0009355 1.06625       0       0 24017
               116.7 -2.61117 -4.62862 -49.9251 -4.34132 -2.28963 0.875777    0.128399    0.362402 -0.00816801   0.00172168 -0.000530142 -0.000471666    0.0233701    0.0905643 -0.000538203 1.06758       0       0 0
               116.8 -2.75976  -5.6458 -50.1956 -4.32586 -2.23685 0.876229  0.109958   0.49346 0.0181795    0.0017985 -0.000594998 -0.000500664   0.0245773   0.0891359 -0.00070201 1.06757       0       0 23964
               116.8 -2.47416 -5.79388  -50.276 -4.33584 -2.25063 0.876928 0.0419726  0.377063 0.0251419   0.00171006 -0.000546736 -0.000475141    0.0239934    0.0907433 -0.000684705 1.06639       0       0 0
               116.9 -1.14199 -5.14951 -51.1672 -4.32223  -2.2001 0.888172 0.116445 0.466093 0.124247    0.0017667  -0.00064224 -0.000487208   0.0247296   0.0889939 -0.00125029 1.06637       0       0 24036
               116.9 -0.905013   -5.3734  -51.2219 -4.32663 -2.21321 0.888692 0.094564 0.348515 0.132797   0.00169326 -0.000568007  -0.00046972  0.0237298  0.0901491 -0.0012151 1.05615       0       0 0
                 117 -1.07357 -5.12567 -51.0763 -4.30174 -2.16231 0.899946 0.248262  0.51344 0.104743   0.00181294 -0.000628074 -0.000505271   0.0244055   0.0883778 -0.00107483 1.05617       0       0 24008
                 117 -0.970411  -5.42771  -51.1249 -4.30601 -2.17683  0.89511 0.227136  0.38524 0.076012   0.00178104 -0.000529374 -0.000489403    0.0233202     0.089592 -0.000555364 1.05079       0       0 0
               117.1 -1.79395 -8.02713 -51.2233 -4.27457 -2.11951 0.906059  0.331797  0.548225 0.0687876   0.00184973 -0.000565548 -0.000500802   0.0246068   0.0881837 -0.00115757 1.05073       0       0 23956
               117.1 -1.50154 -8.13759 -51.3602 -4.28722 -2.13816 0.905613  0.248369  0.387938 0.0685477   0.00176101 -0.000531047 -0.000458975   0.0236747    0.090284 -0.00101883 1.04186       0       0 0
               117.2 -1.26884 -7.15396 -52.1729 -4.24815 -2.08852 0.912643  0.407306  0.445507 0.0544116   0.00183184 -0.000641513 -0.000479775   0.0244801   0.0887059 -0.00121396 1.04186       0       0 24041
               117.2 -1.08563 -7.36942 -52.2541 -4.25727 -2.10577 0.911149  0.351223  0.297025 0.0487049   0.00177094 -0.000578919 -0.000451769    0.0234463    0.0904388 -0.000954048 1.04732       0       0 0
               117.3 -2.26227 -8.10721 -52.8584 -4.20797 -2.05696 0.915118     0.51393     0.49755 -0.00433328   0.00188515 -0.000602944 -0.000491197   0.0244374   0.0886997 -0.00124697 1.04728       0       0 23998
               117.3 -1.94815 -8.37191 -52.9496 -4.21606 -2.07341 0.912613  0.462792   0.35204 -0.016424   0.00177698 -0.000527494  -0.00045732    0.0233999    0.0903126 -0.000898799 1.04692       0       0 0
               117.4 -2.43974 -8.95399 -54.0381 -4.15977 -2.02164 0.914015   0.586419    0.51177 -0.0166247   0.00185065 -0.000618328 -0.000482354   0.0245618   0.0890318 -0.00151706 1.04689       0       0 23998
               117.4 -2.21193  -9.1557 -54.1285 -4.16448 -2.03475 0.911463   0.559883   0.393285 -0.0298425   0.00177341 -0.000561043 -0.000448326   0.0235865    0.090173 -0.00115716 1.03594       0       0 0
               117.5 -1.83378 -9.40726 -55.4674 -4.09522 -1.97586 0.908883   0.687952   0.573173 -0.0180602   0.00186838 -0.000627254 -0.000477852   0.0248972   0.0882337 -0.00136162 1.03592       0       0 24002
               117.5 -1.52192  -9.5626 -55.5758 -4.10323 -1.99178 0.909682     0.63661    0.427794 -0.00718395     0.001762 -0.000582843 -0.000440052  0.0237673  0.0898033 -0.0012463 1.03801       0       0 0
               117.6 -0.481817  -8.20293  -56.0845 -4.03072 -1.93643 0.908948  0.698047  0.547767 0.0247366   0.00184349 -0.000664163 -0.000495932   0.0247075   0.0884992 -0.00115725 1.03792       0       0 23961
               117.6 -0.215344  -8.34243  -56.1474 -4.03381  -1.9463 0.910671  0.681873  0.453084 0.0410843   0.00175511  -0.00062357 -0.000473794    0.023798   0.0893143 -0.00118639 1.02953       0       0 0
               117.7 0.575201 -8.02147 -55.5514 -3.96658 -1.89105 0.911487   0.624272   0.570005 -0.0176349   0.00186438  -0.00063558 -0.000516303 0.0245931  0.088698 -0.001016 1.02951       0       0 24038
               117.7 0.796908 -8.22316 -55.6434 -3.97911 -1.91136 0.909211   0.539515   0.386825 -0.0261566   0.00177134 -0.000589709 -0.000485862    0.0232191    0.0908971 -0.000662921 1.02845       0       0 0
               117.8 0.584243 -7.50221 -54.9265 -3.92167 -1.85188 0.905484   0.520404   0.595584 -0.0763398   0.00189016 -0.000624701 -0.000514511   0.0247107    0.089362 -0.00101679 1.02843       0       0 23997
               117.8 0.833309 -7.70361 -54.9725 -3.92394 -1.85963 0.906934   0.508608   0.522082 -0.0626144   0.00180337 -0.000577628  -0.00050121   0.0239899   0.0899814 -0.00109835 1.05007       0       0 0
               117.9 -0.422741  -6.69942    -53.76 -3.86741 -1.79521 0.903069   0.533116   0.616663 -0.0365793   0.00189407 -0.000626566 -0.000530595   0.0249911    0.088625 -0.00127447 1.05007       0       0 24009
               117.9 -0.163961  -6.81717  -53.8479 -3.87713 -1.81278  0.90378   0.470616   0.455708 -0.0257359   0.00178786 -0.000610311 -0.000499604  0.0237652   0.090384 -0.0012781 1.05783       0       0 0
                 118 -0.909226  -6.35684  -52.8421 -3.82362 -1.75176 0.901021      0.496   0.627114 -0.0197259   0.00186723 -0.000622586 -0.000527666   0.0245863   0.0890417 -0.00116692 1.05774       0       0 23993
                 118 -0.65324 -6.69544 -52.8941 -3.82871 -1.76564 0.901113   0.467912    0.50032 -0.0141904   0.00177129 -0.000534325 -0.000507512    0.023477   0.0902218 -0.00111541 1.06305       0       0 0
               118.1 -1.53516 -6.61958 -51.5717  -3.7781 -1.70168 0.899997    0.500894    0.603277 -0.00809636     0.001887 -0.000603442 -0.000546069 0.0247883 0.0891075 -0.001141 1.06301       0       0 23963
               118.1 -1.15869 -6.61274 -51.6535 -3.78551 -1.71548 0.903626  0.455476  0.477014 0.0220713    0.0017547 -0.000621106 -0.000517866    0.023828     0.09047 -0.00141253 1.07127       0       0 0
               118.2 -0.113693  -5.27693  -50.4938 -3.72658 -1.65119 0.902595    0.563215    0.622761 -0.00646273   0.00181512 -0.000640101 -0.000530749     0.02477   0.0886915 -0.00110804 1.07119       0       0 24038
               118.2 0.147183  -5.5728 -50.5435 -3.72987 -1.66309 0.901207  0.547755  0.516178 -0.012051   0.00172252 -0.000550641 -0.000511429    0.0238205     0.089642 -0.000911337 1.06964       0       0 0
               118.3 -0.31589  -4.6772 -49.1203 -3.66785 -1.59951 0.898596   0.627983   0.590838 -0.0242508   0.00184986 -0.000621487 -0.000536696    0.0248277    0.0884345 -0.000967937 1.06966       0       0 24003
               118.3 -0.0977295   -4.73598   -49.1996 -3.67812 -1.61665 0.907883  0.569024  0.440399 0.0432495   0.00177742 -0.000609714 -0.000510034   0.0236775   0.0902695 -0.00175738 1.07408       0       0 0
               118.4 -0.773845  -3.56199  -49.0087 -3.61147 -1.56177 0.906337   0.655579   0.529696 0.00140428   0.00185802 -0.000614644 -0.000518669   0.0245614   0.0889689 -0.00108307 1.07403       0       0 24000
               118.4 -0.529448  -3.91949  -49.0916 -3.61938 -1.58116 0.901745   0.611614   0.363365 -0.0275938    0.0017589  -0.00053727 -0.000484904    0.0233847    0.0907306 -0.000608777 1.06749       0       0 0
               118.5 -1.94134 -5.20671 -50.1345 -3.54851 -1.51999 0.895473   0.666424   0.596471 -0.0756058   0.00190032 -0.000556151 -0.000497311    0.0248598    0.0886346 -0.000596188 1.06746       0       0 24000
               118.5 -1.57699  -5.4272 -50.2137 -3.55215 -1.53681 0.894669   0.657462   0.446219 -0.0775421   0.00176578 -0.000516125 -0.000468257    0.0235566    0.0899004 -0.000482569 1.06754       0       0 0
               118.6 -1.67302 -6.58157 -52.0648 -3.48077  -1.4713 0.891134   0.699638   0.639296 -0.0197973   0.00188494 -0.000563105 -0.000475331    0.0251837    0.0884149 -0.000793662 1.06757       0       0 23959
               118.6 -1.35117 -6.73911 -52.1448 -3.49063 -1.48806  0.89283    0.637698     0.49603 -0.00595125   0.00175363 -0.000527942 -0.000448538    0.0243306    0.0900813 -0.000857867 1.06542       0       0 0
               118.7 -0.123966  -5.54218  -53.0203 -3.41718 -1.42131 0.895111  0.674499  0.644878 0.0314775   0.00187684 -0.000615788 -0.000491185   0.0251623   0.0883676 -0.00104072 1.06545       0       0 24040
               118.7 0.149761 -5.67062 -53.0493 -3.42067 -1.42979 0.897582   0.65566   0.56803 0.0513281   0.00177792 -0.000586525 -0.000481245    0.024544   0.0891026 -0.00120288 1.06818       0       0 0
               118.8 -0.116598  -5.79842  -53.0462 -3.35239 -1.36677 0.903135  0.618885  0.628994 0.0401224   0.00190909 -0.000602328 -0.000507758   0.0245787   0.0882848 -0.00122034 1.0682      0      0 23998
               118.8 0.138579 -5.98949 -53.1314 -3.36366 -1.38711 0.905705  0.548082  0.445663 0.0634512   0.00179147 -0.000567619 -0.000483257   0.0232895    0.090292 -0.00136527 1.06609       0       0 0
               118.9 -0.523902  -5.37687  -53.1767 -3.30471 -1.32297 0.904421   0.507733   0.637711 -0.0202167   0.00190959 -0.000609923 -0.000511534    0.0245953    0.0886342 -0.000995492 1.06611       0       0 23962
               118.9 -0.220427   -5.5611  -53.2184 -3.30963 -1.33488 0.908265   0.481917   0.528852 0.00969136   0.00179907 -0.000574126 -0.000500077     0.02368   0.0896507 -0.00128713 1.07597       0       0 0
                 119 -0.0813864   -5.21761   -52.4931 -3.26174 -1.27109 0.901873   0.431372   0.622804 -0.0625907   0.00187329 -0.000610196 -0.000517597    0.0246121    0.0888498 -0.000821947 1.07601       0       0 24042
                 119  0.17192  -5.3408 -52.5385 -3.26593 -1.28262 0.905984   0.410502   0.515029 -0.0294347   0.00177679 -0.000584258 -0.000503435   0.0236827   0.0898032 -0.00114797 1.07612       0       0 0
               119.1 -0.198475  -4.43844  -51.9323 -3.22411 -1.21511 0.896748    0.36008   0.685334 -0.0834716    0.0018888 -0.000626114 -0.000519709    0.0251738    0.0886211 -0.000673441 1.07616       0       0 23996
               119.1 0.126702 -4.68172 -51.9902 -3.22962 -1.22986 0.900142   0.333874   0.549566 -0.0546167   0.00178515 -0.000559555 -0.000503682   0.0239313   0.0898885 -0.00094893 1.07786       0       0 0
               119.2 0.719208 -4.45476 -51.6085 -3.19384 -1.15998  0.89333   0.304363   0.654836 -0.0677374   0.00186049 -0.000585199 -0.000511612    0.0250907    0.0886289 -0.000865997 1.07781       0       0 24001
               119.2  1.10797 -4.48011 -51.6998 -3.20105 -1.17494 0.896576   0.263488   0.518896 -0.0400301   0.00172389 -0.000604725 -0.000485704   0.0241024   0.0899954 -0.00114229 1.07398       0       0 0
               119.3  3.09567 -2.67391 -52.7017  -3.1659 -1.11299 0.890338  0.321015  0.579786 -0.052501   0.00182501 -0.000627431  -0.00047993    0.0249406    0.0886154 -0.000952782 1.07391       0       0 24000
               119.3  3.28781 -2.97484 -52.7454 -3.17664 -1.13329 0.888641    0.25806   0.405497 -0.0621245   0.00172449 -0.000567965 -0.000469661    0.0237812    0.0904644 -0.000789639 1.07061       0       0 0
               119.4  3.33213 -2.78778  -53.185 -3.13677 -1.07298  0.88573    0.402252    0.556887 -0.00813807   0.00191036 -0.000614122 -0.000504401    0.0248569     0.088618 -0.000791061 1.0706      0      0 23961
               119.4  3.57784 -2.89528 -53.2339 -3.13996 -1.08226 0.886501     0.386871     0.473648 -9.32633e-05   0.00181439 -0.000584792 -0.000488596    0.0241663    0.0893337 -0.000895773 1.07446       0       0 0
               119.5  2.31613 -2.23362 -54.1564 -3.08442 -1.02222 0.893707  0.556428  0.567856 0.0800699   0.00190006 -0.000639265 -0.000491774   0.0248711   0.0876165 -0.00112777 1.07447       0       0 24041
               119.5  2.56411 -2.50721 -54.2032 -3.09282 -1.04192 0.890498   0.51108  0.394175 0.0626803   0.00181657 -0.000539432 -0.000479408     0.023379    0.0893802 -0.000975378 1.07999       0       0 0
               119.6  1.36183 -3.76003 -55.4055  -3.03642 -0.984364  0.896439  0.585256  0.581121 0.0361432   0.00193525 -0.000593254 -0.000499043    0.0250821    0.0883215 -0.000941098 1.07997       0       0 23981
               119.6   1.6772 -3.96705 -55.4616 -3.04512 -1.00042 0.896842  0.534818  0.440535 0.0429655   0.00183635 -0.000521509 -0.000482912   0.0239764   0.0898712 -0.00108805 1.077     0     0 0
               119.7 0.880319 -5.08843 -56.9379  -2.97835 -0.938204  0.900193  0.674342  0.614708 0.0134879   0.00191839 -0.000606666 -0.000487879   0.0252451   0.0882678 -0.00118057 1.07697       0       0 24020
               119.7  1.12282 -5.25643 -57.0236  -2.98298 -0.948824  0.901508  0.649367  0.518343 0.0247092   0.00184372 -0.000548521 -0.000462401   0.0243838    0.089207 -0.00131689 1.07544       0       0 0
               119.8  1.68077 -4.65497 -57.7968  -2.90563 -0.881046  0.901683  0.729226  0.653237 0.0205311   0.00187924 -0.000653754 -0.000501015   0.0254626   0.0873935 -0.00105384 1.07553       0       0 24000
               119.8  1.94824 -4.79881 -57.8151 -2.90786 -0.88986 0.901567  0.719403  0.569784 0.0229195   0.00179368 -0.000604048  -0.00049628   0.0246113   0.0880525 -0.00103177 1.07544       0       0 0
               119.9  2.32894  -3.6504 -56.8554  -2.83689 -0.830695  0.902471    0.671186    0.594451 -0.00406045   0.00190535 -0.000668637 -0.000529278    0.0249303    0.0877351 -0.000874683 1.07542       0       0 23958
               119.9  2.54905 -3.71919 -56.9012  -2.84644 -0.845711  0.906433  0.611056  0.455419 0.0277765   0.00183909 -0.000641936 -0.000516374   0.0237799   0.0892991 -0.00125661 1.07622       0       0 0
                 120  1.62097 -2.48791 -55.6873  -2.78974 -0.790057  0.908334    0.516502    0.576927 9.39169e-05   0.00195152 -0.000667892 -0.000544882   0.0245767    0.088964 -0.00133407 1.07623       0       0 24042
                 120  1.95746 -2.77305 -55.7239  -2.79587 -0.803646  0.910209  0.481783  0.452225 0.0167456   0.00184792 -0.000576818  -0.00053629   0.0234038   0.0901654 -0.00154772 1.07492       0       0 0
               120.1 0.779054  -2.1551 -54.7482  -2.74514 -0.743942  0.906334   0.457321   0.580592 -0.0304316   0.00193586 -0.000638591 -0.000544461   0.0247872   0.0889608 -0.00104341 1.07493       0       0 23997
               120.1 0.980749 -2.30872 -54.7735  -2.74976 -0.753235  0.908721   0.430966   0.494515 -0.0104583   0.00186935 -0.000596303 -0.000536519    0.024026   0.0898263 -0.00132075 1.08647       0       0 0
               120.2 -0.148271  -1.93651  -54.0752  -2.70371 -0.690859  0.902426   0.391409   0.637145 -0.0289568   0.00194456 -0.000623476 -0.000544221    0.0249746    0.0886524 -0.000641816 1.08643       0       0 24001
               120.2 0.140535  -2.1599 -54.0791  -2.7046 -0.69937 0.902888   0.392541   0.555386 -0.0222213   0.00184914 -0.000559479 -0.000542782     0.024083    0.0892063 -0.000723707 1.09329       0       0 0
               120.3 -0.68751 -2.64667 -53.2726  -2.66464 -0.631299  0.901277    0.359725    0.674771 -0.00838304   0.00193525 -0.000599839 -0.000547279    0.0251277    0.0882381 -0.000603029 1.09332       0       0 24000
               120.3 -0.441491  -2.90682  -53.3073   -2.6732 -0.648441  0.902902   0.311014   0.517927 0.00779684   0.00184709 -0.000526125 -0.000537313    0.0238295    0.0898843 -0.000804765 1.08518       0       0 0
               120.4 -0.778051  -3.44993  -52.6801  -2.63547 -0.584752  0.904086   0.369043   0.595626 0.00380943   0.00193336 -0.000596132 -0.000545574     0.024932    0.0885824 -0.000824366 1.08516       0       0 23960
               120.4 -0.459316  -3.50603  -52.6839  -2.64432 -0.600705  0.913719  0.319591  0.448323 0.0778831   0.00182453 -0.000584672 -0.000546306   0.0237561   0.0901878 -0.00175337 1.08024       0       0 0
               120.5 -0.444385  -3.12966  -52.5461  -2.60051 -0.541473  0.913939  0.413533  0.541794 0.0249489   0.00191933 -0.000631214 -0.000530985    0.0249329    0.0884539 -0.000998133 1.0802      0      0 24039
               120.5 -0.171112  -3.36779  -52.5634  -2.60158 -0.550032   0.91289  0.414109  0.461776 0.0213719   0.00183062 -0.000559325 -0.000525449     0.024086    0.0890404 -0.000903442 1.08699       0       0 0
               120.6 -1.32125 -3.02137 -53.3806  -2.54846 -0.495216  0.914376  0.547357  0.494696 0.0284849    0.0019599 -0.000620311 -0.000512512    0.0249776    0.0876719 -0.000729433 1.087     0     0 23984
               120.6  -1.1081 -3.21428 -53.4243    -2.553 -0.509043   0.91629  0.528467  0.368902 0.0467432   0.00188011 -0.000572057 -0.000495103    0.0237907    0.0888396 -0.000912307 1.08538       0       0 0
               120.7 -3.04427 -3.63783 -54.5423   -2.4933 -0.460192   0.91896   0.598692   0.484909 0.00538111   0.00198699 -0.000598582 -0.000511935    0.0249124    0.0878433 -0.000839466 1.08539       0       0 24018
               120.7 -2.78811 -3.86962 -54.5932  -2.50248 -0.476322  0.922045  0.544819  0.341485 0.0318442   0.00188089 -0.000544344 -0.000487554 0.0238328 0.0894734 -0.001114 1.08948       0       0 0
               120.8 -2.93976 -5.16041 -56.7466  -2.44031 -0.425351  0.922296  0.588911  0.499699 0.0314777   0.00196152 -0.000596833 -0.000489087    0.0250971    0.0879992 -0.000907038 1.08944       0       0 23995
               120.8 -2.64005 -5.41401 -56.8025  -2.44853 -0.439416  0.928391  0.539014  0.371055 0.0791103   0.00184728 -0.000524385 -0.000466256   0.0240943   0.0894375 -0.00141125 1.08732       0       0 0
               120.9 -1.69433 -6.15859  -58.485  -2.38044 -0.385998  0.926442   0.647334   0.507526 0.00398971   0.00196829 -0.000620624 -0.000487155    0.0251989    0.0873927 -0.000576239 1.0873      0      0 23964
               120.9 -1.40497 -6.21238 -58.4858  -2.38303 -0.391297  0.928522  0.631422  0.456841 0.0206446   0.00186979 -0.000605968 -0.000487492    0.0247582    0.0878845 -0.000726515 1.07329       0       0 0
                 121 -0.547889  -4.91953   -58.941  -2.31573 -0.343285  0.929727     0.63397    0.477584 -0.00248826   0.00196288 -0.000666442 -0.000515312    0.0248713     0.087376 -0.000741035 1.07329       0       0 24039
                 121 -0.194567  -5.19097   -58.988  -2.32435 -0.364578  0.929083   0.580282   0.272685 0.00152187   0.00183027 -0.000598953 -0.000500937    0.0229813    0.0892326 -0.000521579 1.07349       0       0 0
               121.1 0.338406 -4.98107  -58.936  -2.26963 -0.320934  0.929901   0.486581   0.451168 -0.0308283   0.00194247 -0.000651802 -0.000527289    0.0245299    0.0883492 -0.000873523 1.07351       0       0 23997
               121.1 0.553038  -5.0666 -58.9417 -2.27294  -0.3269 0.934414   0.465543   0.391656 0.00389852   0.00186626 -0.000626585 -0.000525849   0.0239695   0.0889386 -0.00126744 1.07864       0       0 0
               121.2 0.295855 -4.00581  -58.076  -2.22971 -0.276153  0.933051   0.389672   0.513486 -0.0175088   0.00198112 -0.000670448 -0.000549754   0.0254224   0.0882521 -0.00120654 1.07862       0       0 24003
               121.2 0.573226 -4.23742 -58.1185 -2.24072 -0.29346  0.93488    0.314811    0.347362 0.000926447   0.00188548 -0.000603498 -0.000537828   0.0239236   0.0901947 -0.00136203 1.08007       0       0 0
               121.3 0.315722 -3.82894 -57.6075  -2.20556 -0.244883  0.931977   0.301678   0.481124 -0.0241252   0.00197765 -0.000631279 -0.000546725   0.0250651    0.088988 -0.00103697 1.08    0    0 23999
               121.3 0.578156 -4.00423   -57.62  -2.20784 -0.255324  0.932462   0.292514   0.378256 -0.0166026   0.00188473 -0.000602386  -0.00054417   0.0240098   0.0897336 -0.00107183 1.08438       0       0 0
               121.4 -0.264779  -3.97295   -58.036  -2.16965 -0.201952   0.93057   0.311434   0.491745 -0.0377129   0.00202053 -0.000632047 -0.000526202   0.0251915   0.0878639 -0.00111657 1.08444       0       0 23962
               121.4 0.0596366  -4.22907  -58.0971  -2.18215 -0.225435  0.930213  0.233533  0.270042 -0.033134   0.00187998 -0.000587315 -0.000508251   0.0233457   0.0900966 -0.00109407 1.087     0     0 0
               121.5 0.743677 -3.94149 -59.1182 -2.15358 -0.17958 0.925819  0.225565  0.440115 -0.053781   0.00197921 -0.000636046 -0.000522587   0.0253012   0.0884432 -0.00101129 1.08696       0       0 24038
               121.5  1.01706 -3.87187 -59.1607  -2.15671 -0.182479  0.937139  0.205765  0.408439 0.0293505   0.00189032 -0.000660033  -0.00050906   0.0250353   0.0888231 -0.00205939 1.08139       0       0 0
               121.6  1.31667 -2.68214 -60.6626  -2.12106 -0.132414  0.934065  0.349006  0.497564 0.0407556   0.00200855 -0.000671696 -0.000505816   0.0253512   0.0872653 -0.00113572 1.08131       0       0 23986
               121.6  1.49918 -3.02468 -60.6699  -2.12852 -0.149032  0.929818  0.301836  0.339045 0.0141185    0.0019232 -0.000589315 -0.000505393    0.0239502    0.0887186 -0.000734247 1.07943       0       0 0
               121.7 -0.189164  -3.81545  -60.3976  -2.08714 -0.106744  0.934634  0.438556  0.377851 0.0995516   0.00206703 -0.000639282 -0.000555723    0.0248222    0.0876277 -0.000519772 1.07947       0       0 23976
               121.7 0.106579 -3.95184 -60.4245  -2.09785 -0.124626  0.937882 0.367582 0.205992 0.128635    0.0019433 -0.000607188 -0.000542804    0.0233619    0.0893533 -0.000872115 1.07469       0       0 0
               121.8 -0.502819  -4.34249  -60.3782   -2.05133 -0.0871169    0.95326 0.451376 0.377951 0.177669   0.00200588 -0.000653964 -0.000549541    0.0250722    0.0878832 -0.000786797 1.07468       0       0 24038
               121.8 -0.249193  -4.66715  -60.3778   -2.05514 -0.0975903   0.953677 0.429316 0.276779 0.184984   0.00192559 -0.000560221 -0.000548973    0.0240005    0.0887185 -0.000838077 1.08125       0       0 0
               121.9 -0.730485  -6.87047  -59.4944   -2.00495 -0.0557344   0.973162 0.521978 0.395351 0.224565   0.00203215 -0.000581625 -0.000560828    0.0252994    0.0876173 -0.000854052 1.08126       0       0 24000
               121.9 -0.517454  -7.04931  -59.5687   -2.01281 -0.0728512   0.972663 0.472061 0.229143 0.226087   0.00194124 -0.000570917  -0.00053774    0.0238483    0.0890913 -0.000745712 1.07017       0       0 0
                 122 -0.611295  -10.0615  -58.4046    -1.9645 -0.0386713   0.992841 0.465067 0.357594 0.161599   0.00200326 -0.000577319 -0.000552359    0.0248282    0.0884916 -0.000648654 1.07019       0       0 24004
                 122 -0.295026  -10.2651  -58.4677  -1.96711 -0.049364  0.993343 0.452749 0.252564 0.169184   0.00189341 -0.000546282 -0.000534258    0.0237982    0.0892038 -0.000606062 1.05929       0       0 0
               122.1 0.405596 -11.5964 -57.1551    -1.91809 -0.00875754     1.00594  0.473453  0.400469 0.0835211   0.00199655  -0.00061472 -0.000544054    0.0251996    0.0881572 -0.000843022 1.05927       0       0 23997
               122.1 0.802733 -11.8154 -57.1922   -1.91365 -0.0123268    1.01023 0.510763 0.358161 0.118161   0.00188353 -0.000564238 -0.000535554   0.0244608   0.0880016 -0.00113901 1.0625      0      0 0
               122.2  2.09792  -12.762 -54.4371  -1.86561 0.0253872   1.01625   0.47841  0.367756 0.0389092   0.00195412  -0.00062315 -0.000556102    0.0250429     0.088074 -0.000940871 1.06249       0       0 23961
               122.2  2.27707 -13.0241 -54.4749  -1.86481 0.0160261   1.01585 0.492262 0.275186 0.042631   0.00189336 -0.000567658 -0.000547997     0.023992    0.0885117 -0.000759647 1.0445      0      0 0
               122.3  1.97917 -13.8318 -51.6072  -1.82126 0.0449783   1.01869    0.404935     0.25825 -0.00470907   0.00200702 -0.000655221   -0.0005417     0.024646    0.0885458 -0.000914937 1.0445      0      0 24036
               122.3  2.21021  -14.014 -51.6761  -1.82492 0.0319235   1.02297 0.390268 0.136562 0.031839    0.0019244 -0.000608774 -0.000521002   0.0234188   0.0895203 -0.00111955 1.05154       0       0 0
               122.4  1.29629 -13.6743 -48.6544  -1.79424 0.0530705   1.02108   0.263138   0.184594 -0.0417301   0.00199397 -0.000698439 -0.000535917 0.0249179 0.0891679  -0.00107 1.05154       0       0 24007
               122.4  1.62559 -13.8693 -48.7682  -1.78452 0.0526783   1.02816  0.341469  0.163347 0.0120177   0.00189929 -0.000628411  -0.00050211   0.0238875   0.0885015 -0.00150731 1.06362       0       0 0
               122.5 1.35848 -13.488 -45.869  -1.76135 0.0743029   1.02268  0.190721  0.202723 -0.056845   0.00197853 -0.000688945 -0.000519459   0.0252736   0.0884011 -0.00112892 1.06369       0       0 23997
               122.5  1.68352 -13.6657 -46.0061  -1.74896 0.0751971   1.02544   0.305163     0.2088 -0.0329921   0.00187938 -0.000625104 -0.000477284   0.0242713   0.0871829 -0.00113849 1.07203       0       0 0
               122.6  1.14775 -12.7897 -43.0141  -1.73245 0.0932227   1.01594   0.140853   0.164604 -0.0945158   0.00193266  -0.00068609 -0.000489906    0.0252469    0.0881179 -0.000739298 1.07202       0       0 23980
               122.6  1.23363 -13.0147 -43.0906  -1.72985 0.0845061   1.02032   0.166054  0.0710146 -0.0543298   0.00191452 -0.000610978  -0.00046782    0.0240352    0.0887337 -0.000997029 1.07867       0       0 0
               122.7 -0.442659  -12.0001  -41.3243  -1.72688 0.0897896   1.01145 0.00121746  0.0329346 -0.0972044   0.00196071 -0.000680493 -0.000462775    0.0251348    0.0895681 -0.000968913 1.07863       0       0 23980
               122.7 -0.354412  -12.1433  -41.4013  -1.71921 0.0868197   1.01571   0.0756163 -0.00111919  -0.0581658   0.00193782 -0.000628005 -0.000438119  0.0240071  0.0892409 -0.0012151 1.08598       0       0 0
               122.8  -1.3661 -11.0946 -39.8813   -1.7252 0.0895101   1.00554 -0.0960623  0.0163392 -0.0980766   0.00195685 -0.000674404 -0.000464142   0.0254145   0.0894865 -0.00107757 1.08608       0       0 24041
               122.8  -1.2231 -11.3391 -39.9625  -1.71727 0.0896105   1.00754  -0.019556  0.0153371 -0.0796209    0.0019126 -0.000591258 -0.000436135   0.0245735   0.0888487 -0.00113603 1.10342       0       0 0
               122.9 -1.73995 -10.7708 -39.0058  -1.72656 0.0914225  0.995937   -0.100548 -0.00599293   -0.120441   0.00196587 -0.000666675 -0.000462488    0.0254932    0.0890632 -0.000870357 1.10349       0       0 23996
               122.9 -1.52874 -10.9401 -39.1313  -1.72179 0.0883859  0.995704 -0.0548411 -0.0383918  -0.121884   0.00190461 -0.000609947 -0.000420163    0.0247585     0.089005 -0.000694731 1.09647       0       0 0
                 123  -1.9711  -8.9027 -38.9486   -1.7323 0.0813972  0.984477  -0.132727 -0.0804367  -0.128777   0.00194991 -0.000678818 -0.000445207   0.0249444   0.0894055 -0.00104298 1.09644       0       0 23963
                 123 -1.80146 -9.16314 -39.0228  -1.72793 0.0744568  0.981961 -0.0905886  -0.153818  -0.151873   0.00189851 -0.000597928 -0.000417809   0.0239774   0.0898113 -0.00051982 1.11574       0       0 0
               123.1 -1.60409 -7.59443 -39.2247  -1.74694 0.0644248  0.973701  -0.200561  -0.117161 -0.0892599   0.00195723 -0.000673937  -0.00044641   0.0250374   0.0897409 -0.00130314 1.11592       0       0 24044
               123.1 -1.41331 -7.82869 -39.2911   -1.7402 0.0602585  0.970605 -0.138891 -0.160894 -0.107368   0.00189915 -0.000602287 -0.000423433     0.024087    0.0896829 -0.000895012 1.11332       0       0 0
               123.2 -1.37788 -6.57458 -40.2729  -1.76279 0.0506851  0.970532  -0.266245   -0.11048 -0.0215122    0.0019579 -0.000652668  -0.00043726   0.0251103   0.0893922 -0.00178333 1.11346       0       0 23993
               123.2 -1.26393 -6.86988 -40.2805  -1.75627 0.0451005   0.96365  -0.206752  -0.164059 -0.0623617   0.00192068 -0.000563139 -0.000433498   0.0241461   0.0894463 -0.00109756 1.11608       0       0 0
               123.3 -0.914037  -7.21789   -41.206  -1.78843 0.0353447  0.966028 -0.345456 -0.121229 0.0215127   0.00197471 -0.000619051 -0.000438093   0.0253806    0.089232 -0.00191089 1.1163      0      0 24002
               123.3 -0.613714  -7.44605  -41.3181  -1.78095 0.0310163  0.961162  -0.276739   -0.16799 -0.0117688    0.0018819 -0.000550743 -0.000403133  0.0243489  0.0891139 -0.0013457 1.09131       0       0 0
               123.4 -0.0214829   -7.82342   -43.5133   -1.8144 0.0242162  0.965289  -0.344643 -0.0638408  0.0248662   0.00198545 -0.000630156 -0.000406308  0.0255803  0.0885119 -0.0019211 1.09151       0       0 23997
               123.4 0.231795 -8.05985 -43.5777  -1.80801 0.0192017  0.966328 -0.283084 -0.118089 0.0356477   0.00190619 -0.000556402 -0.000387405   0.0244863    0.088524 -0.00192403 1.0787      0      0 0
               123.5 0.230349 -7.88437 -46.0235  -1.83865 0.0145504  0.967475  -0.299884 -0.0416457  0.0128106   0.00203207 -0.000658082 -0.000409561   0.0254877   0.0881005 -0.00184088 1.07876       0       0 23964
               123.5 0.514798  -8.0451 -46.0534   -1.83577 0.00799209   0.964102  -0.272568  -0.106902 -0.0103037   0.00193692 -0.000604825 -0.000400307   0.0246745   0.0884712 -0.00141146 1.07527       0       0 0
               123.6 0.444397 -7.86773 -48.2542    -1.8624 0.00285028   0.963587   -0.249707  -0.0482444 -0.00504374   0.00202598 -0.000662451 -0.000426093   0.0252538   0.0880108 -0.00144483 1.07531       0       0 24024
               123.6 0.698336  -8.0823 -48.3025    -1.86008 -0.00430214    0.963759    -0.226464    -0.122092 -5.80829e-05   0.00194205 -0.000602557 -0.000410811   0.0243376   0.0884553 -0.00138105 1.06634       0       0 0
               123.7 0.188117 -7.35107 -50.4426   -1.88104 -0.0122674   0.961826  -0.184149 -0.0722125 -0.0223686   0.00205472 -0.000682985 -0.000440703   0.0248556   0.0881266 -0.00131732 1.06638       0       0 24017
               123.7 0.490753 -7.55519 -50.4838   -1.87961 -0.0200256   0.964859 -0.169087  -0.15344 0.0045535   0.00195323 -0.000626543  -0.00042568   0.0239098   0.0886463 -0.00154315 1.06693       0       0 0
               123.8 0.600438 -8.13257 -51.8555   -1.89464 -0.0247873   0.961141  -0.118596 -0.0440098 -0.0201791   0.00204687 -0.000661784 -0.000464787   0.0251316   0.0882453 -0.00113065 1.06692       0       0 24002
               123.8 0.892099  -8.2524 -51.8719   -1.89755 -0.0335739   0.973764 -0.126625 -0.129692 0.0725803   0.00194446 -0.000628852 -0.000457617   0.0242077   0.0889665 -0.00223103 1.06491       0       0 0
               123.9  2.27793 -10.3442 -53.2349   -1.90066 -0.0343472    0.96697   -0.0177164 -0.000783435   -0.0432579   0.00202161 -0.000642261 -0.000453327    0.0252998    0.0879125 -0.000877437 1.06496       0       0 23996
               123.9  2.52282 -10.5811 -53.2849   -1.90066 -0.0444051   0.966822 -0.00681525  -0.0962353  -0.0393087   0.00193894  -0.00057577 -0.000440397     0.024249    0.0885293 -0.000781014 1.07569       0       0 0
                 124  2.09315 -10.4393 -54.9827   -1.89268 -0.0381669   0.951712  0.113939 0.0831044 -0.153011   0.00206406 -0.000695419 -0.000455668    0.0256175    0.0875799 -0.000141352 1.07573       0       0 23961
                 124  2.33618 -10.5371 -55.0311   -1.89423 -0.0447868   0.955835  0.109257 0.0190573 -0.119804   0.00198386 -0.000666387 -0.000440329     0.024925    0.0880769 -0.000465957 1.06711       0       0 0
               124.1 2.04396 -8.6778 -56.763   -1.87365 -0.0332955   0.942462  0.202428  0.120148 -0.160996   0.00207646 -0.000738036 -0.000457423    0.0252441    0.0871223 -0.000511631 1.06707       0       0 24041
               124.1  2.29857 -8.77595 -56.7992   -1.87682 -0.0430927   0.953316  0.190166 0.0224818  -0.07797     0.001984 -0.000715859 -0.000440479   0.0240825   0.0879005 -0.00144446 1.06703       0       0 0
               124.2  3.07889 -6.49971 -58.4068   -1.84841 -0.0257657    0.93857  0.268645  0.170369 -0.142005   0.00206817 -0.000738654 -0.000464456     0.025201    0.0865608 -0.000936581 1.06701       0       0 23998
               124.2  3.29862  -6.6655 -58.4679   -1.8529 -0.038455  0.942326  0.246725 0.0483597 -0.109129    0.0019807  -0.00071028 -0.000439743   0.0240043   0.0875939 -0.00122494 1.08273       0       0 0
               124.3  3.24401 -5.18953 -59.9944   -1.82594 -0.0217751   0.931101   0.28234  0.168238 -0.098451   0.00206396  -0.00072728 -0.000466461   0.0253067   0.0869598 -0.00114167 1.08275       0       0 24003
               124.3  3.41115 -5.40696 -60.0261   -1.83361 -0.0376015   0.929586  0.235815 0.0196104 -0.104052    0.0019844 -0.000678865  -0.00045144   0.0240434   0.0883933 -0.00100519 1.08379       0       0 0
               124.4  2.70214 -4.09732 -61.6039   -1.80385 -0.0206072   0.922432   0.300134   0.172779 -0.0763248    0.0020873 -0.000723382  -0.00047124   0.0255538   0.0873768 -0.00116401 1.08388       0       0 23997
               124.4  2.91192 -4.25557 -61.6136  -1.80646 -0.025537  0.926255   0.283806   0.124547 -0.0470629   0.00201361 -0.000679261 -0.000467199  0.0250811   0.087795 -0.0015277 1.08733       0       0 0
               124.5  2.27539 -3.57519  -62.578    -1.77287 -0.00398813    0.917888  0.324769  0.209354 -0.082378   0.00210258 -0.000710826  -0.00049824   0.0259194   0.0870155 -0.00114669 1.0873      0      0 23961
               124.5  2.50405 -3.71228 -62.6021   -1.78374 -0.0212944    0.91922   0.252449  0.0414215 -0.0672847   0.00200114 -0.000685847 -0.000484523   0.0244531   0.0887309 -0.00135176 1.08334       0       0 0
               124.6  1.71409 -3.11462 -63.0831    -1.74886 -0.00509508    0.911846   0.329769   0.133465 -0.0646509   0.00209718 -0.000717045 -0.000510989   0.0254934   0.0874352 -0.00118334 1.08336       0       0 24042
               124.6  1.94173 -3.29523 -63.0792   -1.75394 -0.0153688   0.913753    0.29653  0.0326907 -0.0468983   0.00201154 -0.000675417 -0.000511185  0.0245118  0.0883253 -0.0014087 1.08389       0       0 0
               124.7  1.05842 -2.39196 -63.3338   -1.71501 -0.0059966    0.90628    0.37493  0.0626586 -0.0571836   0.00211847 -0.000713971 -0.000521785    0.0253443    0.0871516 -0.000987143 1.0839      0      0 23998
               124.7  1.35896 -2.59396 -63.3365   -1.72015 -0.0178361   0.908881   0.340221 -0.0566155 -0.0335281   0.00200521  -0.00067898 -0.000517909   0.0241595   0.0881345 -0.00128242 1.08622       0       0 0
               124.8 0.790728 -2.82452 -63.5494   -1.68007 -0.0129486   0.901734   0.391949  0.0221298 -0.0856826   0.00211047  -0.00069028 -0.000526553    0.0253728    0.0871447 -0.000957532 1.08621       0       0 24001
               124.8  1.00622  -2.9982 -63.5741   -1.69093 -0.0283442   0.904717   0.315713  -0.128686 -0.0594465   0.00200527 -0.000669181 -0.000514596  0.0240924  0.0887306 -0.0012941 1.08767       0       0 0
               124.9 0.0499267  -2.42422  -63.8496   -1.65068 -0.0273143   0.892056    0.387046 -0.00966518   -0.118275   0.00211925 -0.000702979 -0.000531359    0.0257046    0.0873845 -0.000779152 1.08765       0       0 23997
               124.9 0.346419 -2.58525 -63.8548   -1.64942 -0.0321576   0.897445   0.399272 -0.0627644 -0.0765632   0.00202703 -0.000667383 -0.000529336   0.0250251   0.0874798 -0.00127717 1.09326       0       0 0
                 125 0.751221 -2.68936 -63.0443   -1.60658 -0.0330531   0.887471    0.432438 0.000381279  -0.0907942   0.00208958 -0.000697228 -0.000543612    0.0255947    0.0870649 -0.000968607 1.09325       0       0 23962
                 125  1.04418 -2.86383 -63.0411   -1.61546 -0.0475605   0.890723   0.370108  -0.145101 -0.0615147   0.00196921 -0.000671918 -0.000542202   0.0242718   0.0884519 -0.00130415 1.08507       0       0 0
               125.1  1.54403 -2.81632 -62.3245  -1.57011 -0.046395  0.880282   0.452695  0.0327698 -0.0932228   0.00207492 -0.000693169 -0.000537663    0.0256213    0.0873007 -0.000864602 1.08505       0       0 24038
               125.1  1.71511 -2.87069 -62.3434   -1.57485 -0.0544675   0.884554   0.420493 -0.0488569 -0.0593041   0.00200695 -0.000694041  -0.00053184   0.0248657    0.088058 -0.00127161 1.08365       0       0 0
               125.2  1.95882 -1.81581 -61.4487   -1.52454 -0.0460736   0.873765   0.490932   0.133474 -0.0722155   0.00208093 -0.000726956  -0.00053675    0.0254829    0.0871491 -0.000701215 1.08364       0       0 24001
               125.2  2.15528 -2.19024 -61.4828   -1.53196 -0.0607642    0.87523   0.440832 -0.0121043 -0.0569649   0.00199553 -0.000617456 -0.000526709    0.0241247    0.0884432 -0.000874962 1.08763       0       0 0
               125.3  1.07778 -2.49166 -61.8214   -1.48208 -0.0435873   0.867952   0.460237   0.181297 -0.0574742   0.00209587 -0.000710211 -0.000508938    0.0258575    0.0870731 -0.000533888 1.0877      0      0 24002
               125.3  1.26733 -2.56598 -61.8597   -1.49071 -0.0577754   0.874282     0.40678   0.0407769 -0.00616115   0.00203883 -0.000670397 -0.000497577 0.0244247 0.0884971 -0.001246 1.08739       0       0 0
               125.4 0.393942  -2.1923 -62.7626   -1.44286 -0.0347414   0.874429  0.464528  0.255692 0.0169915   0.00208819 -0.000719365 -0.000501863    0.0261169    0.0870854 -0.000930538 1.08744       0       0 24000
               125.4 0.593972 -2.35964 -62.7879   -1.45361 -0.0502982    0.87937  0.393656  0.104758 0.0606786   0.00203091 -0.000660055 -0.000494355   0.0247357   0.0887801 -0.00152879 1.07896       0       0 0
               125.5 -0.0571929   -2.22979   -64.7133  -1.40142 -0.020585  0.879874  0.507633   0.34669 0.0210869   0.00209639 -0.000702793 -0.000484936    0.0260809    0.0872097 -0.000946544 1.07894       0       0 23959
               125.5 0.186854 -2.45484 -64.7236   -1.40864 -0.0327091   0.884526  0.460805  0.227171 0.0591812     0.002023 -0.000640335 -0.000482051   0.0249256   0.0884024 -0.00144222 1.08407       0       0 0
             125.601 -0.121833  -2.94268  -67.1253   -1.35147 0.00837819   0.888184  0.549189  0.432789 0.0326153   0.00212219  -0.00069787 -0.000476694   0.0260787   0.0869286 -0.00125948 1.08408       0       0 24038
             125.601 -0.00654378     -3.0334    -67.1379    -1.35802 -0.00226695    0.896166   0.50539  0.326335 0.0939747   0.00206868 -0.000684469 -0.000472063   0.0251201    0.087915 -0.00200278 1.08034       0       0 0
               125.7 0.744748 -2.83073 -69.4961  -1.30085 0.0410714  0.893653  0.578302  0.444154 0.0040398   0.00211067 -0.000743819  -0.00048436    0.0262263    0.0870928 -0.000876032 1.08028       0       0 23998
               125.7 0.996691 -2.98105 -69.5322  -1.31369 0.0243666  0.897547  0.481934  0.277345 0.0372905   0.00202098  -0.00068211 -0.000476028   0.0246301   0.0889511 -0.00123651 1.07725       0       0 0
               125.8  1.60899  -2.4817 -70.9844  -1.25549 0.0660771  0.891729   0.552601    0.44373 -0.0437987    0.0021141 -0.000748016 -0.000505244  0.0259413  0.0875332 -0.0003516 1.07717       0       0 24005
               125.8  1.77466 -2.66355 -70.9648  -1.25291 0.0667488   0.89226   0.571756   0.450239 -0.0399378   0.00205925 -0.000688738 -0.000512768    0.0259201    0.0872503 -0.000400948 1.07953       0       0 0
               125.9 0.562093 -2.43353 -70.7082  -1.1949 0.115984 0.887091   0.563652   0.506811 -0.0575133   0.00216562 -0.000735876 -0.000546817    0.0261415    0.0869382 -0.000363151 1.07952       0       0 23998
               125.9  0.84332 -2.65789   -70.72  -1.20916 0.0973908  0.893241    0.451637    0.315952 -0.00528311   0.00207548 -0.000664734 -0.000545871   0.024095  0.0890205 -0.0010526 1.07549       0       0 0
                 126 -0.382923  -3.49062  -69.7987 -1.15939 0.138946 0.889319   0.478452   0.412382 -0.0349884   0.00215969 -0.000707418 -0.000567621    0.0252315    0.0880555 -0.000699421 1.07549       0       0 23961
                 126 -0.0756023   -3.68675   -69.7938 -1.16142 0.134585 0.893365    0.460954    0.365998 -0.00384306   0.00206002 -0.000646285 -0.000569913   0.0246819    0.088405 -0.00110628 1.07201       0       0 0
               126.1 -1.04526 -4.05894 -68.0264 -1.10888 0.180224  0.89204    0.52481   0.443625 -0.0292387   0.00214929 -0.000716047 -0.000583551   0.0258271   0.0874352 -0.00108028 1.07197       0       0 24039
               126.1 -0.768206  -4.20049  -68.0353 -1.11478 0.171734 0.897067  0.477588  0.355657 0.0110907   0.00206076 -0.000673926 -0.000580744   0.0248742   0.0883407 -0.00157116 1.09509       0       0 0
               126.2 -1.24036 -4.66544 -65.7094 -1.06093  0.21409  0.89257   0.530532    0.42625 -0.0746382   0.00211253 -0.000717597 -0.000590187   0.0255884   0.0875682 -0.00131995 1.09503       0       0 23999
               126.2 -0.96618 -4.93838 -65.7084  -1.0687 0.200135 0.886473  0.471149  0.291615 -0.113892   0.00202429 -0.000635432 -0.000590062     0.024182    0.0888563 -0.000684271 1.08417       0       0 0
               126.3 -1.92895 -4.63385 -63.2664   -1.016 0.237655 0.876208  0.539695  0.355317 -0.101943   0.00212397 -0.000719028 -0.000590447  0.0252674  0.0878996 -0.0010081 1.08415       0       0 23962
               126.3 -1.65923 -4.81117 -63.2744 -1.01383 0.232394 0.885039   0.557569   0.297099 -0.0224201    0.0020382 -0.000664023 -0.000586055   0.024379  0.0879632 -0.0019997 1.09667       0       0 0
               126.4 -1.79699 -5.18939 -60.3724 -0.956036  0.269869  0.879554   0.579457   0.331124 -0.0419702   0.00208302  -0.00069719 -0.000586322   0.0256376   0.0873902 -0.00156825 1.09676       0       0 24042
               126.4  -1.6977 -5.26686 -60.3837 -0.962612   0.25776  0.892076  0.526822  0.204855 0.0669341   0.00205304 -0.000678937 -0.000582134   0.0242953   0.0887533 -0.00289123 1.10293       0       0 0
               126.5 -1.93605 -4.55446 -57.5071 -0.913144  0.281198  0.881708   0.500285   0.192238 -0.0434021   0.00207899 -0.000710428  -0.00058468   0.0258134   0.0885437 -0.00110996 1.10287       0       0 23997
               126.5 -1.70917 -4.61579 -57.5205 -0.909002  0.276059  0.888535   0.537983   0.133376 0.00943642   0.00201073 -0.000701801 -0.000580871   0.0248608   0.0884756 -0.00174116 1.10628       0       0 0
               126.6 -1.95614 -3.75713 -54.2103 -0.857665  0.292897  0.875869  0.507569  0.142561 -0.137001    0.0020646 -0.000695677 -0.000583874    0.0259763    0.0881906 -6.99889e-05 1.10634       0       0 23983
               126.6 -1.70231  -4.0684 -54.3025 -0.848292  0.287801  0.879678   0.599257  0.0873423 -0.0970571   0.00199537 -0.000609518 -0.000555431    0.0246997    0.0875594 -0.000524149 1.11019       0       0 0
               126.7 -2.32334 -5.35872 -51.6625 -0.794654  0.300444  0.862013  0.546914 0.0968293 -0.200672    0.0020701 -0.000648808 -0.000555606   0.0261561   0.0877346 0.000260138 1.11008       0       0 24018
               126.7 -2.02304 -5.48555 -51.7154 -0.79155 0.289836  0.86639  0.575932 -0.013689 -0.154802   0.00197628  -0.00062338 -0.000539724    0.0247375    0.0882432 -0.000239153 1.1011      0      0 0
               126.8 -1.03843 -4.93636 -48.9587 -0.74223 0.294042 0.848596  0.491755 0.0308147 -0.194447   0.00202489 -0.000677855 -0.000547076   0.0263207   0.0885277 -0.00013595 1.10102       0       0 23960
               126.8 -0.767058  -5.09345  -48.9966 -0.743202  0.285947  0.854265   0.480533 -0.0544572  -0.134701    0.0019353 -0.000637237 -0.000534104    0.0254711     0.089327 -0.000827165 1.09795       0       0 0
               126.9 -0.0255176    -5.0682   -45.6082 -0.70099 0.285145 0.838731    0.38755 -0.0227543  -0.167598   0.00201835 -0.000665614 -0.000551553   0.0263077   0.0892067 -0.00081924 1.09796       0       0 24039
               126.9 0.138764 -5.28801 -45.6413 -0.696168  0.279713   0.83977   0.436045 -0.0766995  -0.155191   0.00196841 -0.000603611 -0.000543002    0.0253398     0.089186 -0.000902131 1.11121       0       0 0
                 127 0.00454718   -3.86829   -41.8063 -0.655351  0.273127  0.827747   0.390737 -0.0942086   -0.08502   0.00200765 -0.000687471  -0.00054573  0.0256786  0.0888245 -0.0010969 1.11127       0       0 24002
                 127 0.0950499   -4.0416  -41.7947 -0.649233   0.26664  0.828168   0.455015  -0.158298 -0.0788217    0.0019813 -0.000644827 -0.000552079  0.0244673  0.0888228 -0.0010764 1.11447       0       0 0
               127.1 -0.146979  -3.37037   -37.975 -0.60664 0.259503 0.829558   0.406049 -0.0878125  0.0303174   0.00202271 -0.000655914 -0.000547505   0.0254713    0.088187 -0.00152045 1.11463       0       0 23959
               127.1 -0.0467426   -3.60576   -37.9597 -0.605325  0.253068   0.82961  0.425495 -0.146242 0.0336521   0.00198568  -0.00059849 -0.000552756    0.024765   0.0885908 -0.00151859 1.12923       0       0 0
               127.2 -0.151225  -4.12575  -33.5621 -0.566358  0.247647  0.836134  0.361344 -0.070517  0.070291   0.00198769 -0.000619997   -0.0005484   0.0256979   0.0880679 -0.00157163 1.12929       0       0 24037
               127.2 -0.114343  -4.40248  -33.5243 -0.567808  0.238213  0.837848  0.365496 -0.140816 0.0839952   0.00196466 -0.000548464 -0.000559918  0.0250712  0.0887619 -0.0017211 1.13998       0       0 0
               127.3 -0.411762  -6.22709  -28.6922 -0.529338  0.234741   0.84268   0.356158 -0.0632921  0.0398964   0.00198705  -0.00057589 -0.000540518   0.0255244   0.0879255 -0.00147768 1.13997       0       0 24002
               127.3 -0.390556  -6.32696  -28.6622 -0.528859  0.227678  0.844458  0.373502 -0.119296 0.0540373   0.00197374 -0.000557918 -0.000550203    0.024939   0.0884227 -0.00162049 1.1533      0      0 0
               127.4 -1.01159 -6.85298 -23.4624 -0.490719  0.220449   0.84208   0.381129  -0.108469 -0.0144342   0.00196335 -0.000593611 -0.000526433   0.0254381   0.0878628 -0.00110225 1.15333       0       0 23998
               127.4 -1.05335 -6.92454 -23.4136 -0.488235  0.214899  0.843617     0.413432    -0.155308 -0.000174162   0.00197213 -0.000582539 -0.000541726   0.0247786   0.0882359 -0.00121478 1.15126       0       0 0
               127.5 -1.19189 -5.66628 -18.7632 -0.446529  0.204226   0.83713   0.385853  -0.106405 -0.0573866   0.00193678 -0.000610995 -0.000510324    0.0251805    0.0876918 -0.000765685 1.15129       0       0 24004
               127.5 -1.29616 -5.81791 -18.7652 -0.445452  0.200419  0.843353   0.405444  -0.138225 -0.0136518   0.00196631 -0.000569644 -0.000509006   0.0247228   0.0880207 -0.00127368 1.15647       0       0 0
               127.6 -1.63544 -5.59701 -14.7879 -0.408909  0.190103  0.834364   0.345774  -0.096157 -0.0768872   0.00195463 -0.000568488 -0.000492185    0.0250261    0.0878304 -0.000725554 1.15647       0       0 23959
               127.6 -1.69989 -5.60234 -14.7859 -0.41367 0.186147 0.842085   0.303833  -0.128486 -0.0243912   0.00196406  -0.00056281 -0.000491742   0.0253751   0.0884015 -0.00143849 1.15441       0       0 0
               127.7 -2.01534 -5.17847 -11.2049 -0.386341  0.174144  0.832939   0.258427  -0.095836 -0.0930194   0.00192773 -0.000549307 -0.000469327    0.0257565    0.0885072 -0.000893011 1.15441       0       0 24037
               127.7 -2.06368 -5.22512 -11.2044 -0.38334 0.178438 0.838463   0.293556 -0.0582676 -0.0486587   0.00195584 -0.000540756 -0.000469812   0.0253313    0.087977 -0.00144713 1.15939       0       0 0
               127.8 -1.53178 -4.62155 -9.01851 -0.352772  0.173273  0.822797   0.303243 -0.0334896  -0.148227   0.00190238 -0.000550536 -0.000435014     0.025315    0.0880821 -0.000612271 1.15936       0       0 24003
               127.8 -1.54626 -4.54896 -9.05831 -0.351983  0.173934  0.833943   0.318273  -0.027872 -0.0644562   0.00191047 -0.000577324 -0.000423768    0.025046   0.0880363 -0.00166366 1.15726       0       0 0
               127.9 -0.567794  -3.00616  -8.01445 -0.317248   0.16973  0.815601  0.348784 -0.046785 -0.167308   0.00190733  -0.00056687 -0.000407588    0.0249553    0.0880999 -0.000628421 1.15724       0       0 23960
               127.9 -0.661688  -2.95122  -8.04542 -0.312562   0.17278  0.822534   0.404417 -0.0174024  -0.111537    0.0019462 -0.000595059 -0.000400815   0.0242085     0.08772 -0.00129436 1.15752       0       0 0
                 128 -0.600864  -2.62755  -7.87451 -0.275571  0.169526  0.801019   0.345926 -0.0140274  -0.189298    0.0019424 -0.000537345 -0.000391517    0.0246907    0.0879408 -0.000344871 1.15742       0       0 24038
                 128 -0.62157 -2.63229 -7.92539 -0.275833  0.171284  0.810502    0.348001 -0.00121788   -0.119915   0.00195253 -0.000536658 -0.000376431  0.024624 0.0877948 -0.001228 1.16665       0       0 0
               128.1 -0.418291  -2.53554  -8.55265 -0.24456 0.170538 0.788074    0.29775 -0.0185067  -0.213487   0.00192515 -0.000526883 -0.000374306    0.0250493    0.0879101 -0.000277611 1.16657       0       0 24002
               128.1 -0.531833  -2.47662  -8.60634 -0.246438  0.171392  0.797491   0.282302 -0.0132096  -0.142812    0.0019647  -0.00054426 -0.000356734    0.025229   0.0878675 -0.00117684 1.1673      0      0 0
               128.2 -0.942214  -4.98267  -8.83991 -0.221241  0.166159  0.769201   0.208159 -0.0658167  -0.302564   0.00194473 -0.000471307  -0.00037971    0.0251892    0.0881072 -9.88329e-05 1.16726       0       0 24001
               128.2 -0.986921   -5.0546  -8.82008 -0.215468   0.17048  0.776565   0.274689 -0.0281943  -0.245792   0.00195994 -0.000453299  -0.00038392    0.0242027    0.0875435 -0.000830358 1.15901       0       0 0
               128.3 -1.32136 -6.46808 -7.65784 -0.192675  0.167344  0.742304   0.230012 -0.0649325  -0.415841   0.00194931 -0.000490725   -0.0003877    0.0246722    0.0874279 -0.000639229 1.15901       0       0 23998
               128.3 -1.38235 -6.26904 -7.65548 -0.193408  0.171166  0.753865   0.230562 -0.0344574  -0.333588   0.00197712 -0.000552535 -0.000388468   0.0246541   0.0870439 -0.00170353 1.14658       0       0 0
               128.4 -1.11738 -6.08944 -6.86628 -0.170134  0.165982  0.702705  0.211448 -0.055844 -0.521797   0.00193603 -0.000524289 -0.000379436    0.0245995    0.0870082 -0.000466158 1.14651       0       0 23961
               128.4 -1.11563 -5.97531 -6.84915 -0.169399  0.164852  0.707608   0.220853 -0.0656395  -0.484612   0.00193395 -0.000561532 -0.000385712    0.0244475    0.0871393 -0.000910361 1.14874       0       0 0
               128.5 -0.303348  -4.66779  -5.88423 -0.150165  0.158865  0.645707   0.165528 -0.0498384   -0.67643   0.00191136 -0.000548452 -0.000384361     0.024691    0.0871182 -0.000365093 1.14867       0       0 24041
               128.5 -0.386703  -4.68554   -5.8355 -0.15066 0.155248 0.657081   0.165195 -0.0781836  -0.592198   0.00193251 -0.000542909 -0.000399859   0.0245849   0.0875115 -0.00138958 1.15579       0       0 0
               128.6 0.351963 -4.64167 -5.11281 -0.136887   0.15052  0.583208   0.138571 -0.0605535  -0.759147  0.00192135 -0.00051932 -0.00037332    0.0250273    0.0871546 -0.000483678 1.15577       0       0 23978
               128.6 0.328709 -4.57693 -5.09224 -0.135473    0.1481  0.589096   0.153824 -0.0792648  -0.714442    0.0019282 -0.000539613 -0.000380053   0.0247734   0.0874188 -0.00104254 1.14905       0       0 0
               128.7 0.801142 -5.56128 -4.45051 -0.120777  0.143783  0.510893   0.141827 -0.0417752  -0.768057   0.00192326 -0.000487089  -0.00037435    0.0248866    0.0869902 -0.000428835 1.14903       0       0 24019
               128.7 0.734556 -5.55773 -4.40683 -0.117986  0.146176  0.520656    0.17568 -0.0213581  -0.692994   0.00194153 -0.000483299 -0.000388552   0.0243249   0.0867233 -0.00139618 1.1458      0      0 0
               128.8  1.04928 -5.91409  -4.1805 -0.0996002   0.146337   0.445612    0.185846 5.38051e-05   -0.711897   0.00192056 -0.000504477 -0.000354912    0.0246114    0.0864329 -0.000636229 1.14576       0       0 24002
               128.8  1.02651 -5.81126 -4.13948 -0.0958469   0.146166   0.454432   0.228202 0.00100695  -0.642508   0.00192599 -0.000534137 -0.000367456  0.0239394  0.0864316 -0.0015352 1.14387       0       0 0
               128.9 0.643457 -3.90763 -4.51037 -0.0734869   0.147994   0.379534    0.217316 -0.00796526   -0.714169   0.00194349 -0.000538001 -0.000341644    0.0243682    0.0861483 -0.000433227 1.14381       0       0 23960
               128.9  0.56176 -3.75213  -4.4815 -0.0754174   0.147817   0.387213     0.20446 -0.00936253   -0.657744   0.00196888 -0.000589439 -0.000350587    0.024499   0.0861508 -0.00121843 1.1562      0      0 0
                 129 -0.0474313   -2.55544   -4.32711 -0.0559663   0.145097   0.313886   0.156049 -0.0566013  -0.649938   0.00195979 -0.000512985 -0.000366265   0.0243043   0.0860744 -0.00013544 1.15606       0       0 24045
                 129 -0.0278608   -2.49988   -4.29981 -0.0584645   0.144682   0.320773  0.137272 -0.060538 -0.603374    0.0019532 -0.000531406 -0.000374825    0.0245268    0.0861016 -0.000784167 1.1468      0      0 0
               129.1  0.23473 -2.16517 -3.86835 -0.0430015   0.137192    0.26197   0.140096 -0.0719259  -0.514463   0.00194269 -0.000492416 -0.000372876    0.0242055    0.0861754 -0.000360406 1.14674       0       0 23955
               129.1 0.169413 -2.12027 -3.83285 -0.042862   0.14154  0.270112   0.150269 -0.0344064  -0.452645   0.00196368 -0.000507561 -0.000384748   0.0240216   0.0856685 -0.00117933 1.15924       0       0 0
               129.2 -0.0617841   -1.15953   -2.60652 -0.0276552   0.133667   0.227404   0.117999 -0.0661344   -0.35699   0.00194661 -0.000503843 -0.000394545    0.0239136    0.0861393 -0.000853981 1.15922       0       0 24039
               129.2 -0.134091  -1.07375  -2.58467 -0.0273676   0.135069   0.236245   0.126288 -0.0548101  -0.293657   0.00197033 -0.000531684 -0.000401818    0.023788   0.0859935 -0.00169825 1.15603       0       0 0
               129.3 -1.18455 -1.52578  -1.5286 -0.0220769   0.126623   0.203053 -0.0141534 -0.0789482    -0.2754   0.00195765  -0.00047006 -0.000395401    0.0239978    0.0863354 -0.000903096 1.15604       0       0 24004
               129.3 -1.24814 -1.56442 -1.45289 -0.0239622   0.121619   0.210989 -0.0339396  -0.121653  -0.219116   0.00197682 -0.000458249 -0.000419887   0.0243015    0.086905 -0.00167094 1.15783       0       0 0
               129.4 -1.81706 -3.82953 -0.89825 -0.0303127   0.112044   0.179875 -0.0851233  -0.117593  -0.263776   0.00195524 -0.000423018 -0.000381598    0.0243161    0.0865462 -0.000653336 1.1578      0      0 23957
               129.4   -1.8365  -3.72989 -0.913747 -0.0272273   0.120659   0.187129 -0.0482111 -0.0484485   -0.21095   0.00196623 -0.000458508  -0.00037478   0.0237385   0.0856564 -0.00134962 1.15082       0       0 0
               129.5 -2.69207 -4.99517 -1.08545 -0.0325892   0.113872   0.158677 -0.0514629 -0.0871175  -0.265132   0.00196792 -0.000460263 -0.000352128    0.0238624    0.0855884 -0.000638845 1.15082       0       0 24037
               129.5 -2.75016 -4.89924 -1.03627 -0.0328168   0.116646   0.168088 -0.0474581 -0.0646976  -0.196281  0.00198736 -0.00049168 -0.00036796   0.0237636   0.0853198 -0.00155656 1.14298       0       0 0
               129.6  -3.61363  -6.17947 -0.488316 -0.0364251   0.108245   0.141546 -0.0367673 -0.0666448  -0.212821   0.00196394 -0.000462039 -0.000364706    0.0238023    0.0855347 -0.000550213 1.14293       0       0 23984
               129.6  -3.59957  -6.11258 -0.408565 -0.0339573   0.112783   0.147415 -0.00812085  -0.0287023   -0.169065   0.00196186 -0.000485908 -0.000390611   0.0233324   0.0850826 -0.00111205 1.14295       0       0 0
               129.7 -3.92388 -6.11827 0.233935 -0.0322007   0.105214   0.121297  0.0329914 -0.0744844  -0.259622  0.00196024 -0.00048922 -0.00036315    0.0235318    0.0855565 -0.000323671 1.14283       0       0 24019
               129.7 -3.95119 -6.00668 0.277145 -0.0334401   0.102213   0.129342   0.025124 -0.0983288   -0.20273   0.00196525 -0.000522806 -0.000379254    0.023619   0.0859176 -0.00106693 1.13854       0       0 0
               129.8 -4.08847 -5.49401 0.657493 -0.0323393    0.09462   0.102234 0.00628108 -0.0918913  -0.261127     0.001943  -0.00050142 -0.000360833   0.0238867   0.0855552 -0.00046977 1.13853       0       0 23996
               129.8 -4.13513 -5.38325 0.769371 -0.0290638  0.0945864   0.110592  0.0430637 -0.0904269  -0.195022   0.00195495 -0.000537152 -0.000399381   0.0233028   0.0856656 -0.00128664 1.14668       0       0 0
               129.9 -4.96081 -4.27874  1.11459 -0.0265203  0.0869135  0.0844409  0.0185749 -0.0953816  -0.237466   0.00198147 -0.000513821 -0.000368408    0.0235308    0.0853493 -0.000703156 1.14666       0       0 23964
               129.9 -5.03233 -4.26288  1.17643 -0.0253272  0.0857076  0.0818792 0.0271055 -0.103717 -0.255012   0.00200231 -0.000518003 -0.000389144    0.0234541    0.0854672 -0.000450309 1.14925       0       0 0
                 130 -4.73204 -3.69432 0.983639 -0.0263942  0.0774561   0.058668 -0.0226217   -0.10756  -0.220078   0.00195739 -0.000493607 -0.000363723    0.0236118    0.0850102 -0.000599376 1.14929       0       0 24039
                 130 -4.73231 -3.67322  1.02479 -0.0277143  0.0764142  0.0631284 -0.0333413  -0.116358   -0.18845   0.00195574  -0.00049782 -0.000376842   0.0237472   0.0851507 -0.00102559 1.15175       0       0 0
               130.1 -3.60103  -3.5547  0.17141 -0.0317465  0.0671586  0.0471024 -0.0562979 -0.0949181  -0.146998   0.00194967 -0.000489661 -0.000351593   0.0234643   0.0848556 -0.00114267 1.15174       0       0 23997
               130.1 -3.63831 -3.51753  0.20969 -0.0293304  0.0719286  0.0534685 -0.0272115 -0.0510503 -0.0983069   0.00196866 -0.000507604 -0.000366075   0.0229629   0.0843851 -0.00180231 1.14921       0       0 0
               130.2   -2.7076  -4.47606 -0.392077 -0.0325152  0.0656646  0.0405595  -0.015334 -0.0763674 -0.0886247   0.00195641 -0.000483221 -0.000353306   0.0230619   0.0844407 -0.00136958 1.1492      0      0 23964
               130.2  -2.71219  -4.46892 -0.373913 -0.0341819  0.0643075  0.0457456 -0.0290633  -0.088173 -0.0514174   0.00195602 -0.000482985 -0.000358833   0.0232438    0.084617 -0.00185678 1.14433       0       0 0
               130.3  -1.84164  -3.82988 -0.881693 -0.0347375  0.0523949  0.0352179 -0.00204059   -0.120669  -0.0997402   0.00194993  -0.00052844 -0.000360239   0.0231427   0.0847642 -0.00132976 1.14428       0       0 24038
               130.3  -1.90899  -3.61354 -0.836919 -0.0350601  0.0552061   0.046046 0.00212278 -0.0970616 -0.0188361   0.00197452 -0.000596413 -0.000377378   0.0230107   0.0845242 -0.00239554 1.15689       0       0 0
               130.4  -2.2615   -1.834 -1.33467 -0.033165 0.0462435 0.0287405 0.00363336 -0.0693119  -0.115753   0.00198954 -0.000555268 -0.000367453   0.0230457   0.0845332 -0.00109813 1.15686       0       0 24005
               130.4 -2.30999  -1.8249 -1.29565 -0.0305813  0.0467277  0.0263979  0.0250502 -0.0645473  -0.130522   0.00200457 -0.000561804 -0.000380502    0.0227657     0.084495 -0.000889313 1.15374       0       0 0
               130.5  -1.5882 -1.08852 -1.49002 -0.0294662  0.0406154 0.00903267 -0.00174935  -0.0538757   -0.113423   0.00196735 -0.000520401 -0.000380225    0.0228775    0.0844762 -0.000300245 1.15373       0       0 23995
               130.5 -1.58813 -1.09214 -1.43938 -0.0302098  0.0409143  0.0168684 -0.00546079  -0.0522004  -0.0599461   0.00196753  -0.00051828 -0.000396186  0.0229017  0.0844754 -0.0010069 1.16781       0       0 0
               130.6 -0.622533  -1.85722  -1.11926 -0.0314699  0.0365905 0.00829976 -0.0198895 -0.0301902  -0.075038   0.00197024 -0.000490385 -0.000390096    0.0229239     0.084338 -0.000658655 1.16781       0       0 23983
               130.6 -0.626953  -1.75433   -1.0838 -0.0320075  0.0410836   0.015549 -0.0182882  0.0047428  -0.024018    0.0019821   -0.0005237 -0.000401731   0.0228652   0.0838956 -0.00133709 1.16161       0       0 0
               130.7 -0.0221736  -0.515901  -0.812596 -0.0300427  0.0409078 0.00252332   0.0365783 -0.00135532   -0.115281   0.00198477  -0.00052425 -0.000381581    0.0227516    0.0839593 -0.000512491 1.16154       0       0 23979
               130.7 -0.0377114  -0.355753  -0.774444 -0.0332452  0.0398128 0.00832514   0.010087 -0.0133361 -0.0748155   0.00198633 -0.000567031 -0.000393492    0.023129   0.0840923 -0.00104196 1.16024       0       0 0
               130.8  0.377593   1.09003 -0.833393 -0.0302178  0.0352503 -0.0019312 -0.0122073 -0.0541242 -0.0544667   0.00198647 -0.000517696 -0.000384346    0.0229422    0.0842587 -0.000686217 1.1602      0      0 24039
               130.8  0.324996   1.06415 -0.811734 -0.030037 0.0383803 0.0034403 -0.00697946  -0.0302509   -0.018011   0.00200853 -0.000511177 -0.000391548   0.0228433    0.083961 -0.00115251 1.17219       0       0 0
               130.9  0.373854  0.739676 -0.650896  -0.0280281   0.0330239 -0.00391454 0.00958075 -0.0653565 -0.0783629   0.00199102 -0.000485225 -0.000396869     0.022448    0.0842228 -0.000723211 1.17216       0       0 24003
               130.9  0.421565  0.875333 -0.609701 -0.0307331  0.0329684 0.00939865 -0.00528918  -0.0676402   0.0136804   0.00197696 -0.000524894 -0.000409251    0.022696   0.0842177 -0.00189998 1.17958       0       0 0
                 131  0.609557  0.174617 -0.442763 -0.0295435  0.0281159 0.00200917 -0.00727854  -0.0554471  -0.0278447   0.00199467 -0.000484737 -0.000398692    0.0224186    0.0839593 -0.000957878 1.1795      0      0 23958
                 131 0.579563 0.219051 -0.40491 -0.0283266  0.0299983 0.00372585  0.0060905 -0.0395252 -0.0153084   0.00200782 -0.000501815 -0.000410037   0.0222326   0.0837701 -0.00111813 1.17053       0       0 0
               131.1  0.830673 -0.500333 -0.306521 -0.0277991  0.0279358 -0.0026344  0.0079751 -0.0204743 -0.0518754   0.00200865 -0.000484656 -0.000392491     0.022162    0.0835851 -0.000741087 1.17056       0       0 24036
               131.1  0.784335 -0.400362 -0.291579  -0.0290054   0.0315463 0.000833879  0.0015669 0.00751918 -0.0282907   0.00202947 -0.000516522  -0.00039623   0.0222288   0.0832044 -0.00103305 1.16793       0       0 0
               131.2  0.594627 -0.254419  -0.46925  -0.0275592    0.031707 -0.00378675   0.00598559 -1.47157e-05   -0.0377216   0.00201664 -0.000503474 -0.000384856    0.0222555     0.083204 -0.000864544 1.16794       0       0 23994
               131.2  0.550653 -0.201236  -0.42162  -0.0288082   0.0298563 0.000712749 -0.00281458  -0.0136726 -0.00795774   0.00202797 -0.000518944  -0.00039916   0.0224134   0.0833732 -0.00126228 1.16672       0       0 0
               131.3  0.434965 -0.163097 -0.537015  -0.0286517    0.028799 -0.00199522 -0.000150642   -0.0163697   -0.0207091    0.0020226 -0.000503582 -0.000389974   0.0223383   0.0832931 -0.00111336 1.16673       0       0 24009
               131.3  0.397429 -0.105498 -0.494828   -0.0262342    0.0268922 -0.000480858    0.020619  -0.0293162 -0.00967528   0.00203076 -0.000525952 -0.000402532   0.0220976   0.0834939 -0.00125954 1.16446       0       0 0
               131.4  0.392698 -0.169663 -0.556795  -0.0247287   0.0270097 -0.00472688   0.0130583 -0.00971455  -0.0324073   0.00202806 -0.000500303 -0.000393358    0.0220054     0.083135 -0.000963289 1.16447       0       0 23999
               131.4   0.350068 -0.0960971   -0.51636  -0.0244575   0.0273073 -0.00257006   0.0171399 -0.00701047   -0.016874   0.00204158 -0.000523764 -0.000405152   0.0219623    0.083107 -0.00115626 1.16801       0       0 0
               131.5  0.359585 -0.160824 -0.575989  -0.0253788   0.0292486 -0.00534803 -0.0040984 0.00450495 -0.0247635   0.00204021 -0.000496794 -0.000390422   0.0221362   0.0827758 -0.00104885 1.16803       0       0 23962
               131.5   0.347068 -0.0493058  -0.511317 -0.0251815  0.0251726  0.0045186 0.00128636 -0.0254088  0.0422507   0.00203511 -0.000532426 -0.000409936   0.0221386   0.0831509 -0.00188824 1.17029       0       0 0
               131.6  0.300679 -0.064884 -0.620552 -0.0266667  0.0278624 0.00140164  -0.0237245  0.00871066 -0.00870669   0.00203764 -0.000504365 -0.000390523   0.0222333    0.082577 -0.00123128 1.1703      0      0 24022
               131.6   0.301907 0.00219662  -0.558996 -0.0273253  0.0259717 0.00527693 -0.0276027  -0.006158  0.0179319   0.00203438 -0.000525596 -0.000410834    0.022318   0.0827567 -0.00156631 1.16878       0       0 0
               131.7  0.277792 -0.080709 -0.633919  -0.0284706   0.0275514 0.000299262 -0.0224128 0.00482099 -0.0282043   0.00204011 -0.000503737 -0.000393018    0.0221182    0.0824907 -0.000939374 1.16881       0       0 24018
               131.7   0.257954 -0.0172667  -0.604327 -0.0290545   0.029125 0.00352952 -0.0246031  0.0170667 -0.0059354   0.00204759  -0.00052481 -0.000402796   0.0221413   0.0823147 -0.00123461 1.16855       0       0 0
               131.8   0.250887 -0.0680688  -0.645286  -0.0292663   0.0326294 0.000203552 -0.00903829   0.0249109  -0.0230902   0.00204577  -0.00051034 -0.000387931    0.0218437    0.0820983 -0.000995855 1.16857       0       0 23960
               131.8    0.23518 -0.0256838  -0.602251 -0.0292647  0.0310431 0.00147185 -0.0087922  0.0133754 -0.0149202   0.00205058  -0.00052416 -0.000402014   0.0218656    0.082262 -0.00111081 1.16807       0       0 0
               131.9   0.199992 -0.0920347  -0.645226  -0.0282826   0.0312953 -0.00267174 -0.000365401 -0.000536904   -0.0327055   0.00205404 -0.000501184 -0.000387116    0.0216323    0.0823412 -0.000869161 1.16809       0       0 24038
               131.9   0.185503 -0.0340102   -0.58455 -0.0290631  0.0280654 0.00109241 -0.00640415  -0.0245678 -0.00763903   0.00205935 -0.000520319 -0.000406952   0.0217677   0.0826662 -0.00121737 1.16738       0       0 0
                 132  0.227751 -0.103336 -0.598521  -0.0286545   0.0259753 -0.00255324 -0.00215537  -0.0293297  -0.0264794   0.00204781 -0.000502971 -0.000398855    0.0216373    0.0825682 -0.000944857 1.16739       0       0 23962
                 132   0.176577 -0.0489925  -0.557748 -0.0269348   0.025215 0.00112831   0.0148289  -0.0340526 0.000376233   0.00206447 -0.000520215 -0.000412037   0.0214252   0.0826611 -0.00131175 1.17018       0       0 0
               132.1  0.231197 -0.125004 -0.607732  -0.0264533   0.0266335 -0.00299998  0.00200972 -0.00481189  -0.0291556   0.00204616 -0.000499509 -0.000394991     0.021461    0.0820915 -0.000902072 1.17022       0       0 24037
               132.1   0.192499 -0.0622658  -0.577164  -0.0266658   0.0293866 -0.00115822 0.00250295  0.0164797 -0.0160909   0.00205779 -0.000520153 -0.000404591  0.0214347  0.0817998 -0.0010731 1.16843       0       0 0
               132.2  0.241472 -0.121883 -0.614261   -0.026833   0.0321455 -0.00415304 -0.00409815   0.0178683  -0.0256788   0.00204178 -0.000501365 -0.000393409    0.0214322     0.081629 -0.000939865 1.16844       0       0 24001
               132.2   0.186984 -0.0624716  -0.552806   -0.0251496    0.0253486 -0.000810459  0.00967974  -0.0333704 -0.00317672   0.00206319 -0.000520201 -0.000414284   0.0213314   0.0823631 -0.00125812 1.16937       0       0 0
               132.3  0.209249 -0.123172 -0.603651  -0.0260203   0.0261343 -0.00314376 -0.00790288 -0.00923059  -0.0180484   0.00205584 -0.000503154 -0.000396699   0.0214425   0.0818406 -0.00104342 1.16938       0       0 23962
               132.3   0.172509 -0.0548679  -0.557861  -0.0256229   0.0247227 0.000970704 -0.00262582  -0.0198523   0.0109084   0.00206832 -0.000525079 -0.000411504   0.0214002   0.0819993 -0.00144564 1.16886       0       0 0
               132.4  0.213574 -0.127733  -0.61231   -0.026981   0.0265666 -0.00233897 -0.0160705 0.00320833 -0.0205337   0.00205776  -0.00050124 -0.000394211   0.0214517   0.0815371 -0.00100864 1.16891       0       0 24042
               132.4    0.17217 -0.0699432  -0.574694  -0.0259239   0.0280913 -0.00206066 -0.00604686   0.0154996  -0.0178486   0.00207106 -0.000520202 -0.000406069   0.0213022   0.0813844 -0.00104292 1.17115       0       0 0
               132.5   0.22571  -0.12904 -0.615621  -0.0279646   0.0307327 -0.00512644 -0.0217703  0.0171057 -0.0264741   0.00205703 -0.000501563 -0.000393507    0.0214003    0.0812177 -0.000919378 1.17116       0       0 23995
               132.5  0.183265  -0.08965 -0.570117  -0.0278072   0.0287806 -0.00599896 -0.0214927 0.00257001 -0.0325704   0.00206981 -0.000513998 -0.000408257    0.0214204    0.0814228 -0.000840786 1.16948       0       0 0
               132.6  0.205607 -0.136494 -0.620338 -0.0283139  0.0299646 -0.0072872 -0.00808345  0.00460022  -0.0179779   0.00206476 -0.000500369 -0.000391957    0.021154   0.0812689 -0.00103475 1.16946       0       0 23963
               132.6    0.16708 -0.0898383  -0.572893  -0.0277032   0.0280296 -0.00629341 -0.00294321  -0.0097628  -0.0113123   0.00207624 -0.000515703 -0.000407367   0.0211122    0.081476 -0.00112788 1.16839       0       0 0
               132.7  0.221978  -0.14632 -0.602957  -0.0281141    0.027733 -0.00659359 -0.00626955  -0.0110203 -0.00499045   0.00205999 -0.000498617  -0.00039737   0.0210591   0.0813445 -0.00120305 1.16839       0       0 24038
               132.7   0.179518 -0.0940532  -0.567556  -0.0272349   0.0272336 -0.00627518  0.00144791  -0.0140605 -0.00256128   0.00207325 -0.000515683  -0.00040863 0.0209646 0.0814012 -0.001237 1.16841       0       0 0
               132.8  0.206122 -0.147826 -0.616166  -0.0267462   0.0274772 -0.00598372  0.00222334 -0.00769313  0.00212774    0.0020676 -0.000500761 -0.000393578   0.0208469   0.0811831 -0.00129021 1.1684      0      0 23996
               132.8     0.1827 -0.0651496   -0.55785   -0.0247657    0.0252675 -0.000333333  0.0209051 -0.0226119  0.0411349   0.00207373 -0.000529056 -0.000412167   0.0206341   0.0814116 -0.00181684 1.16849       0       0 0
               132.9  0.212861 -0.121502 -0.591833  -0.0245696    0.025879 -0.00059495 0.000374844 -0.00655529  0.00988621   0.00206804 -0.000509889 -0.000401939   0.0207921   0.0810315 -0.00139046 1.16853       0       0 24007
               132.9   0.186098 -0.0741288  -0.546143   -0.023034   0.0246487 -0.00175421  0.0131773 -0.0157328 0.00234637   0.00207507 -0.000526515 -0.000416439   0.0206351   0.0811771 -0.00129366 1.16844       0       0 0
                 133  0.220723 -0.136088 -0.601533   -0.024696    0.028151 -0.00410917 -0.0136335  0.0149441 -0.0144822   0.00207116 -0.000504547 -0.000397997   0.0208544   0.0806101 -0.00104539 1.16848       0       0 23998
                 133    0.19117 -0.0798234  -0.559495  -0.0239644    0.027207 -0.00304477 -0.0071312 0.00855444 -0.0070593   0.00207945 -0.000523418 -0.000411331   0.0207846   0.0807071 -0.00114532 1.1695      0      0 0
               133.1  0.208121 -0.136659 -0.615521  -0.0263896   0.0298932 -0.00480339 -0.0246841  0.0156175 -0.0145164   0.00207934 -0.000504855 -0.000394769   0.0209199   0.0804581 -0.00103861 1.1695      0      0 23961
               133.1   0.176914 -0.0761486  -0.547427  -0.0248182   0.0242309 -0.00216179 -0.0122784 -0.0271731 0.00352909   0.00208259 -0.000525893 -0.000416857   0.0208257   0.0810525 -0.00128764 1.16927       0       0 0
               133.2  0.225094 -0.120248 -0.593769  -0.0272506    0.026347 -0.00282707 -0.0246936 0.00456062 -0.0034719   0.00207652 -0.000510486 -0.000400961   0.0208484   0.0804785 -0.00117694 1.16928       0       0 24037
               133.2   0.190762 -0.0587383  -0.546206 -0.0231978  0.0237613 0.00146288  0.0118918 -0.0138575  0.0284754    0.0020845 -0.000535343  -0.00041615   0.0203959   0.0807789 -0.00160721 1.17    0    0 0
               133.3  0.208287 -0.119648 -0.602024   -0.0259242    0.0254378 -4.30544e-05  -0.0265681  0.00255724 -0.00410345   0.00208448 -0.000511374 -0.000398939   0.0207998   0.0803755 -0.00115935 1.17003       0       0 24003
               133.3   0.190202 -0.0635468  -0.563019   -0.0251436    0.0262852 -0.000156203  -0.0190076  0.00972479 -0.00444955   0.00209117  -0.00053027 -0.000411194   0.0206938   0.0802909 -0.00115374 1.1692      0      0 0
               133.4  0.233075 -0.126719 -0.595912   -0.027891   0.0287416 -0.00317571 -0.0294552  0.0137418 -0.0213837    0.0020791 -0.000510448 -0.000400454     0.020741    0.0800835 -0.000915602 1.16922       0       0 23960
               133.4   0.174586 -0.0673588  -0.552014   -0.0258211     0.025316 -0.000275934  -0.0118756  -0.0105696 -0.00146935   0.00209459 -0.000532126 -0.000414903   0.0205494   0.0804424 -0.00118813 1.17183       0       0 0
               133.5  0.211854  -0.13602 -0.616365  -0.0280036   0.0282576 -0.00385511 -0.0239937   0.013741 -0.0261216    0.0020923 -0.000509616 -0.000396533    0.0205749    0.0799617 -0.000861263 1.17185       0       0 24040
               133.5   0.172217 -0.0712782  -0.586071  -0.0254304   0.0308249 -0.00115481 0.000760833   0.0348927 -0.00580398   0.00210843 -0.000535007 -0.000405503   0.0202213   0.0797107 -0.00112999 1.17068       0       0 0
               133.6  0.200247  -0.12509 -0.622762   -0.026716   0.0343969 -0.00315167 -0.0145181  0.0284148 -0.0154598   0.00209945 -0.000516053 -0.000393112    0.0203402    0.0796447 -0.000992201 1.17069       0       0 23983
               133.6    0.17112 -0.0812951  -0.573072  -0.0271428   0.0296581 -0.00377274   -0.020234 -0.00753142  -0.0208852   0.00209962 -0.000527607  -0.00040881     0.020467    0.0801149 -0.000929652 1.17253       0       0 0
               133.7  0.209075 -0.135612 -0.611708   -0.028021   0.0300503 -0.00624923  -0.0130607 -0.00400151  -0.0230178   0.00209329 -0.000514293 -0.000397883   0.0202762   0.0799574 -0.00090513 1.17252       0       0 24015
               133.7  0.165959 -0.095609 -0.564637  -0.0275013   0.0273175 -0.00662152 -0.00993067  -0.0245602  -0.0258687   0.00210135 -0.000527234 -0.000412636    0.0202667    0.0802344 -0.000873291 1.17064       0       0 0
               133.8  0.206795 -0.143805 -0.620742  -0.0278456   0.0281621 -0.00753568 -0.00477014  -0.0040259  -0.0130111   0.00209684 -0.000514643   -0.0003953   0.0200881   0.0798533 -0.00102951 1.17062       0       0 24003
               133.8   0.166922 -0.0969291  -0.571098  -0.0264163   0.0279167 -0.00658161  0.00819554 -0.00478463 -0.00587661   0.00210887 -0.000532211 -0.000410691   0.0199267   0.0798836 -0.00112245 1.16886       0       0 0
               133.9  0.221026 -0.138557 -0.600947  -0.0260527   0.0289508 -0.00586719 0.00248272 0.00166724 0.00334462   0.00209699  -0.00051939 -0.000401243   0.0199025   0.0796777 -0.00124044 1.16885       0       0 23959
               133.9   0.167656 -0.0968344  -0.569375  -0.0256081   0.0284771 -0.00598935   0.0062518 -0.00146096   0.0025971   0.00211277 -0.000533134 -0.000411079   0.0198619   0.0797289 -0.00123177 1.1715      0      0 0
                 134  0.211404 -0.147125 -0.601963  -0.0250658   0.0285897 -0.00564878  0.00227531 -0.00632833  0.00255486   0.00210265 -0.000519808 -0.000400862   0.0198199   0.0796492 -0.00124216 1.1715      0      0 24034
                 134   0.176057 -0.0917838  -0.568397  -0.0254111   0.0287705 -0.00543398 -0.000165659  -0.00489999   0.00392347   0.00211404 -0.000536585 -0.000411331    0.019857   0.0796295 -0.00125933 1.16849       0       0 0
               134.1  0.220486 -0.130413 -0.599484  -0.0255733    0.029796 -0.00469522 -0.00434955  0.00106812  0.00691276   0.00210634 -0.000527166 -0.000402125   0.0198033   0.0794301 -0.00129078 1.16848       0       0 24003
               134.1   0.175477 -0.0863726  -0.568221  -0.0220524   0.0292439 -0.00385107  0.0273559 -0.0015633  0.0143865   0.00211913 -0.000550562 -0.000411711  0.0193982  0.0795118 -0.0013907 1.16909       0       0 0
               134.2  0.205993   -0.1343 -0.610981  -0.0235941   0.0307648 -0.00304069 -0.0138868 0.00175416 0.00958568   0.00211634 -0.000526893 -0.000398699   0.0198237   0.0792846 -0.00131736 1.16908       0       0 23963
               134.2   0.183464 -0.0827748  -0.559173  -0.0230787   0.0275242 -0.00309374 -0.0116325 -0.0235218 0.00888211   0.00211561 -0.000543041 -0.000414717   0.0198327   0.0796156 -0.00131419 1.16965       0       0 0
               134.3  0.217255 -0.138217 -0.605932   -0.026405    0.028143 -0.00398729  -0.0322134 -0.00836083 -0.00368143   0.00211324 -0.000522041  -0.00039982   0.0199957   0.0792655 -0.00114501 1.16967       0       0 24040
               134.3   0.175858 -0.0620216  -0.554246   -0.0258532    0.0248314 -0.000248281 -0.0269013 -0.0325973  0.0220231   0.00211854 -0.000546469 -0.000415551  0.0199745  0.0795846 -0.0014763 1.16892       0       0 0
               134.4  0.217136 -0.123147 -0.603452  -0.0290507   0.0271069 -0.00180328  -0.0343554  0.00585537 -0.00399498   0.00212132 -0.000528237 -0.000400799   0.0199229   0.0789734 -0.00113222 1.16894       0       0 24002
               134.4   0.182568 -0.0544539  -0.565873 -0.0235535  0.0272216  0.0023784  0.0164204 0.00864788  0.0277387   0.00213252 -0.000564916 -0.000412159   0.0192931   0.0790044 -0.00153255 1.17094       0       0 0
               134.5   0.21839 -0.122679 -0.610936   -0.0242003    0.0312888 -0.000275086 -0.00906687    0.026822   -0.012593   0.00213164 -0.000538558 -0.000398045   0.0194912   0.0786227 -0.00102555 1.17099       0       0 23996
               134.5   0.186553 -0.0732735  -0.567318  -0.0259822   0.0290518 -0.00160373 -0.0262766 0.00831093 -0.0232439   0.00213552 -0.000547943 -0.000411256   0.0197353   0.0788374 -0.00089498 1.17118       0       0 0
               134.6  0.223169 -0.122364 -0.604021  -0.0289581   0.0296724 -0.00425943  -0.0325286 0.000373907  -0.0256751  0.00212497 -0.00053183 -0.00039744    0.0197403    0.0788103 -0.000863247 1.17118       0       0 23985
               134.6   0.173625 -0.0869112  -0.562313  -0.0280309   0.0275622 -0.00509814 -0.0252823 -0.0156335 -0.0316438   0.00213721 -0.000545059 -0.000411246    0.0196715    0.0790295 -0.000792458 1.17017       0       0 0
               134.7  0.199743 -0.131034 -0.613847  -0.0286935   0.0284251 -0.00604792  -0.0103503 -0.00216891  -0.0155701   0.00213044  -0.00053053 -0.000394739   0.0193631   0.0787351 -0.00100723 1.17015       0       0 23977
               134.7   0.161268 -0.0674994   -0.56338  -0.0246884   0.0267266 -0.00041889  0.0255348 -0.0117785  0.0238901   0.00214137  -0.00055157 -0.000411157  0.0189053  0.0789109 -0.0015317 1.17021       0       0 0
               134.8  0.212433 -0.136589 -0.601051   -0.024643   0.0282973 -0.00237948 -4.35362e-05   0.00282266  -0.00817508   0.00212434 -0.000532483 -0.000399474   0.019151  0.0785431 -0.0010943 1.17026       0       0 24039
               134.8    0.17178 -0.0787016  -0.563842  -0.0246109   0.0276662 -0.00227656 0.000354959 -0.00187055 -0.00741852   0.00213773 -0.000551171 -0.000411455   0.0191596   0.0786124 -0.00110549 1.17095       0       0 0
               134.9  0.235712  -0.14557 -0.601758  -0.0264671   0.0291873 -0.00520997 -0.0187465 0.00286416  -0.022277   0.00211941 -0.000531138 -0.000399025    0.0193152     0.078378 -0.000890296 1.17097       0       0 24002
               134.9   0.173768 -0.0772335  -0.544587  -0.0246531   0.0240336 -0.00215358 -0.00457201  -0.0341007 -0.00149385   0.00214161 -0.000552418 -0.000417804   0.0191856   0.0789146 -0.00118236 1.17066       0       0 0
                 135  0.202082 -0.132565 -0.609137  -0.0266261   0.0261796 -0.00433184 -0.0193954 0.00341263 -0.0164092   0.00213267 -0.000535496 -0.000395387     0.019241    0.0782447 -0.000968504 1.17066       0       0 23999
                 135   0.173763 -0.0797133  -0.560224  -0.0265836   0.0258729 -0.00328033  -0.0182444  0.00116846 -0.00897266   0.00214194 -0.000552753 -0.000411243   0.0192369    0.078279 -0.00107002 1.1684      0      0 0
               135.1  0.207703 -0.141402 -0.603522  -0.0285051   0.0283381 -0.00505068 -0.0213791  0.0123916 -0.0139478   0.00213098 -0.000534364 -0.000397309     0.019177    0.0779859 -0.000988606 1.16841       0       0 24000
               135.1    0.17487 -0.0921482  -0.569215   -0.028105   0.0290109 -0.00543459 -0.0175433  0.0177785 -0.0162649   0.00214139  -0.00055027 -0.000408357    0.0191218    0.0779202 -0.000956175 1.17171       0       0 0
               135.2  0.202243 -0.139444 -0.610956 -0.0291668  0.0294557 -0.0056403  -0.0152511  0.00250651 -0.00693819   0.00213312 -0.000535636 -0.000394936   0.0190032   0.0780165 -0.00109764 1.1717      0      0 23960
               135.2  0.184216 -0.086818 -0.566628  -0.0295223    0.027882 -0.00487075   -0.018293 -0.00945317 -0.00211625   0.00213889 -0.000553072 -0.000409806   0.0190715    0.078182 -0.00116645 1.16957       0       0 0
               135.3  0.204923 -0.142856 -0.594704  -0.0289391    0.027644 -0.00546165 -0.000833596  -0.00950069  -0.00237448   0.00213578 -0.000538351 -0.000400938   0.0187266   0.0780767 -0.00114918 1.16956       0       0 24041
               135.3   0.166028 -0.0944562  -0.563207  -0.0276574   0.0277894 -0.00598838   0.0103652 -0.00794076  -0.0054075   0.00214827 -0.000554824 -0.000410961   0.0185731   0.0780751 -0.00110805 1.17037       0       0 0
               135.4  0.217461  -0.13542 -0.611189  -0.0269347   0.0284381 -0.00488511 0.00651438 0.00124038 0.00960315   0.00214275 -0.000551312 -0.000406177   0.0185491   0.0779062 -0.00123108 1.17037       0       0 23998
